-- phpMyAdmin SQL Dump
-- version 5.0.3
-- https://www.phpmyadmin.net/
--
-- Host: 208.91.199.11:3306
-- Generation Time: Mar 30, 2024 at 12:07 PM
-- Server version: 5.6.39
-- PHP Version: 7.4.32

SET SQL_MODE = "NO_AUTO_VALUE_ON_ZERO";
START TRANSACTION;
SET time_zone = "+00:00";


/*!40101 SET @OLD_CHARACTER_SET_CLIENT=@@CHARACTER_SET_CLIENT */;
/*!40101 SET @OLD_CHARACTER_SET_RESULTS=@@CHARACTER_SET_RESULTS */;
/*!40101 SET @OLD_COLLATION_CONNECTION=@@COLLATION_CONNECTION */;
/*!40101 SET NAMES utf8mb4 */;

--
-- Database: `amlak_realestate`
--

DELIMITER $$
--
-- Procedures
--
CREATE DEFINER=`AmlakREUser`@`%` PROCEDURE `All_Avilabel_Cheuqe` (IN `Type_e` VARCHAR(200), IN `Datee` VARCHAR(200), IN `Datee2` VARCHAR(200))  NO SQL
BEGIN
Select (SELECT CAST(CONCAT('A/' ,Cq.Cheques_Id)as char) )Cheques_Id , Cq.Cheques_No , 
Cq.Cheques_Date ,Cq.Cheques_Amount ,Cq.Cheque_Owner ,Cq.Cheques_Status ,Cq.Collect_Type ,Cq.Collection_Date ,Cq.beneficiary_person , B.Bank_Arabic_Name , T.Tenants_Arabic_Name ,
(select units_Unit_ID from contract where Contract_Id = Cq.contract_Contract_Id )U_ID , 
(SELECT CAST(CONCAT('وحدة رقم : ' ,(select Unit_Number from units where Unit_ID=U_ID))as char) )U_NO ,
(select owner_ship_Owner_Ship_Id from building where Building_Id=(select building_Building_Id from units where Unit_ID=U_ID ) ) O_ID , 
(select owner_ship_Code from owner_ship where Owner_Ship_Id=O_ID)O_Code , 
(select Owner_Ship_AR_Name from owner_ship where Owner_Ship_Id=O_ID)O_Name
from cheques Cq 
left join bank B on (Cq.bank_Bank_Id = B.Bank_Id) 
left join tenants T on (Cq.tenants_Tenants_ID = T.Tenants_ID)
where (SELECT CAST(CONCAT('A')as char) ) like CONCAT('%', Type_e, '%')
and str_to_date(Cq.Cheques_Date,'%d/%m/%Y') between str_to_date(Datee,'%d/%m/%Y') and str_to_date(Datee2,'%d/%m/%Y')
Union All
Select (SELECT CAST(CONCAT('B/' ,Cq.Cheques_Id)as char) )Cheques_Id , Cq.Cheques_No ,
 Cq.Cheques_Date ,Cq.Cheques_Amount , Cq.Cheque_Owner ,Cq.Cheques_Status , Cq.Collect_Type ,Cq.Collection_Date , Cq.beneficiary_person , B.Bank_Arabic_Name , T.Tenants_Arabic_Name , 
(select building_Building_Id from building_contract where Contract_Id = Cq.building_contract_Contract_Id )B_ID , 
(select Building_Arabic_Name from building where Building_Id=B_ID)B_Name , 
(select owner_ship_Owner_Ship_Id from building where Building_Id=B_ID ) O_ID , 
(select owner_ship_Code from owner_ship where Owner_Ship_Id=O_ID)O_Code , 
(select Owner_Ship_AR_Name from owner_ship where Owner_Ship_Id=O_ID)O_N 
from building_cheques Cq 
left join bank B on (Cq.bank_Bank_Id = B.Bank_Id)
left join tenants T on (Cq.tenants_Tenants_ID = T.Tenants_ID)
where (SELECT CAST(CONCAT('B')as char) ) like CONCAT('%', Type_e, '%') 
and str_to_date(Cq.Cheques_Date,'%d/%m/%Y') between str_to_date(Datee,'%d/%m/%Y') and str_to_date(Datee2,'%d/%m/%Y') ;
END$$

CREATE DEFINER=`AmlakREUser`@`%` PROCEDURE `All_Cash` (IN `Type_e` VARCHAR(200), IN `Datee` VARCHAR(200), IN `Datee2` VARCHAR(200))  BEGIN
Select (SELECT CAST(CONCAT('A/' ,CA.Cash_Amount_ID)as char) )Cash_Amount_ID  , CA.Cash_Amount , CA.Cash_Date , CA.Satuts , CA.Collection_Date , 
T.Tenants_Arabic_Name  , 
(select units_Unit_ID from contract where Contract_Id = CA.Contract_Id )U_ID , 
(select Unit_Number from units where Unit_ID=U_ID)U_NO ,
(select owner_ship_Owner_Ship_Id from building where Building_Id=(select building_Building_Id from units where Unit_ID=U_ID ) ) O_ID , 
(select Owner_Ship_AR_Name  from owner_ship where Owner_Ship_Id=O_ID)O_Name ,
(select  owner_ship_Code from owner_ship where Owner_Ship_Id=O_ID)O_Code 
from cash_amount CA
left join tenants T on (CA.tenant_Id = T.Tenants_ID)
where (SELECT CAST(CONCAT('A')as char) ) like CONCAT('%', Type_e, '%')

and str_to_date(CA.Cash_Date,'%d/%m/%Y') between str_to_date(datee,'%d/%m/%Y') and str_to_date(datee2,'%d/%m/%Y')
Union All
Select (SELECT CAST(CONCAT('B/' ,CA.Cash_Amount_ID)as char) )Cash_Amount_ID , CA.Cash_Amount , CA.Cash_Date , CA.Satuts , CA.Collection_Date , 
T.Tenants_Arabic_Name  , 
(select building_Building_Id from building_contract where Contract_Id = CA.Contract_Id )B_ID , 
(select Building_Arabic_Name from building where Building_Id=B_ID)B_Name , 
(select owner_ship_Owner_Ship_Id from building where Building_Id=B_ID ) O_ID , 
(select Owner_Ship_AR_Name  from owner_ship where Owner_Ship_Id=O_ID)O_Name ,
(select  owner_ship_Code from owner_ship where Owner_Ship_Id=O_ID)O_Code
from building_cash_amount CA
left join tenants T on (CA.tenant_Id = T.Tenants_ID) 
where (SELECT CAST(CONCAT('B')as char) ) like CONCAT('%', Type_e, '%')
and str_to_date(CA.Cash_Date,'%d/%m/%Y') between str_to_date(datee,'%d/%m/%Y') and str_to_date(datee2,'%d/%m/%Y') ;
END$$

CREATE DEFINER=`AmlakREUser`@`%` PROCEDURE `All_Contract_List` ()  BEGIN
select 
C.Contract_Id    as Contract_Id , 
(SELECT CAST(CONCAT('U/' ,Contract_Id)as char) )ID,
C.Number_Of_Years    as Number_Of_Years ,
C.Payment_Amount    as Payment_Amount, 
C.Start_Date    as Start_Date, 
C.End_Date    as End_Date , 
C.New_ReNewed_Expaired    as New_ReNewed_Expaired ,
   
(SELECT CAST(CONCAT('وحدة رقم : ' ,U.Unit_Number    , 'في البناء : ', Building_Arabic_Name)as char) )Unit_Number ,
O.Owner_Ship_AR_Name    as Owner_Ship_AR_Name , 
O.owner_ship_Code    as owner_ship_Code , 
Z.zone_arabic_name   as zone_arabic_name , 
T.Tenants_Arabic_Name   as Tenants_Arabic_Name , 
TN.Arabic_nationality    as Arabic_nationality , 
CT.Contract_Arabic_Type   as Contract_Arabic_Type , 
SUBSTRING(Start_Date   ,7,4)yearr ,
(SELECT CAST(CONCAT(Unit_Number , '/' , Building_NO , '/' , owner_ship_Code , '/' ,yearr)as char) )CON_NO
from  contract C
left join units U on (C.units_Unit_ID = U.Unit_ID)
left join building B on (U.building_Building_Id = B.building_Id)
left join owner_ship O on (B.owner_ship_Owner_Ship_Id = O.Owner_Ship_Id)
left join zone Z on (O.zone_zone_Id = Z.zone_Id)
left join tenants T on (C.tenants_Tenants_ID = T.Tenants_Id)
left join nationality TN on (T.nationality_nationality_ID = TN.nationality_ID)
left join contract_type CT on (C.contract_type_Contract_Type_Id = CT.Contract_Type_Id)
 
union All 
 
select 
C.Contract_Id , 
(SELECT CAST(CONCAT('B/' ,Contract_Id)as char) )CON_NO ,
C.Number_Of_Years , 
C.Payment_Amount , 
C.Start_Date , 
C.End_Date , 
C.New_ReNewed_Expaired , 
 
B.Building_Arabic_Name , 
O.Owner_Ship_AR_Name , 
O.owner_ship_Code , 
Z.zone_arabic_name , 
T.Tenants_Arabic_Name , 
Arabic_nationality , 
CT.Contract_Arabic_Type , 
SUBSTRING(Start_Date,7,4)yearr , 
 (SELECT CAST(CONCAT(Building_NO , '/' , owner_ship_Code , '/' ,yearr)as char) )CON_NO
from  building_contract C
left join building B on (C.building_Building_Id = B.Building_Id)
left join owner_ship O on (B.owner_ship_Owner_Ship_Id = O.Owner_Ship_Id)
left join zone Z on (O.zone_zone_Id = Z.zone_Id)
left join tenants T on (C.tenants_Tenants_ID = T.Tenants_Id)
left join nationality TN on (T.nationality_nationality_ID = TN.nationality_ID)
left join contract_type CT on (C.contract_type_Contract_Type_Id = CT.Contract_Type_Id);
END$$

CREATE DEFINER=`AmlakREUser`@`%` PROCEDURE `All_Rental_Disclosure` (IN `B_Id` VARCHAR(200) CHARSET utf8mb3, IN `Type_e` VARCHAR(200) CHARSET utf8mb3)  BEGIN
select * from (
SELECT  (SELECT CAST(CONCAT('A')as char) )Typee ,
C.*,
T.Tenants_Arabic_Name , T.tenant_type_Tenant_Type_Id ,   T.ID_NO , T.Tenants_Mobile , T.business_records , T.P_O_Box  , TN.Arabic_nationality , 
U.Unit_Number , U.Electricityt_Number , U.Water_Number ,  UT.Unit_Arabic_Type , UD.Unit_Arabic_Detail, U.furniture_case_Furniture_case_Id, UC.Unit_Arabic_Condition , 
B.Building_NO, B.Building_Arabic_Name, B.Building_Id , 
O.Street_NO , O.Street_Name , Z.zone_number , O.Owner_Ship_AR_Name , O.owner_ship_Code, O.Owner_Ship_Id , ONR.Owner_Arabic_name, 
CT.Contract_Arabic_Type, 
FC.Furniture_Ar_case, 
PT.payment_Arabic_type 
FROM contract C 
left join tenants T on(C.tenants_Tenants_ID = T.Tenants_Id) 
left join nationality TN on(T.nationality_nationality_ID = TN.nationality_ID) 
left join units U on(C.units_Unit_ID = U.Unit_Id) 
left join unit_type UT on(U.unit_type_Unit_Type_Id = UT.Unit_Type_Id) 
left join unit_detail UD on(U.unit_detail_Unit_Detail_Id = UD.Unit_Detail_Id) 
left join unit_condition UC on(U.unit_condition_Unit_Condition_Id = UC.Unit_Condition_Id) 
left join building B on(U.building_Building_Id = B.building_Id) 
left join owner_ship O on(B.owner_ship_Owner_Ship_Id = O.Owner_Ship_Id) 
left join zone Z on(O.zone_zone_Id = Z.zone_Id) 
left join owner ONR on(O.owner_Owner_Id = ONR.Owner_Id) 
left join contract_type CT on(C.contract_type_Contract_Type_Id = CT.Contract_Type_Id) 
left join furniture_case FC on(U.furniture_case_Furniture_case_Id = FC.Furniture_case_Id) 
left join payment_type PT on(C.payment_type_payment_type_Id = PT.payment_type_Id) 
where B.Half_Building_ID = B_Id and (SELECT CAST(CONCAT('A')as char) ) like CONCAT('%', Type_e, '%')
union  
SELECT (SELECT CAST(CONCAT('B')as char) )Typee , C.* ,   
T.Tenants_Arabic_Name , T.tenant_type_Tenant_Type_Id ,   T.ID_NO , T.Tenants_Mobile ,  T.business_records , T.P_O_Box  , TN.Arabic_nationality ,         
U.Unit_Number , U.Electricityt_Number , U.Water_Number ,  UT.Unit_Arabic_Type ,UD.Unit_Arabic_Detail, U.furniture_case_Furniture_case_Id, UC.Unit_Arabic_Condition ,         
B.Building_NO, B.Building_Arabic_Name, B.Building_Id ,         
O.Street_NO , O.Street_Name , Z.zone_number , O.Owner_Ship_AR_Name , O.owner_ship_Code, O.Owner_Ship_Id , ONR.Owner_Arabic_name,       
CT.Contract_Arabic_Type,         
FC.Furniture_Ar_case,         
PT.payment_Arabic_type         
FROM building_contract C        
left join tenants T on(C.tenants_Tenants_ID = T.Tenants_Id)        
left join nationality TN on(T.nationality_nationality_ID = TN.nationality_ID)          
left join building B on(C.building_Building_Id = B.building_Id)       
left join units U on(U.building_Building_Id = B.Building_Id)       
left join unit_type UT on(U.unit_type_Unit_Type_Id = UT.Unit_Type_Id)        
left join unit_detail UD on(U.unit_detail_Unit_Detail_Id = UD.Unit_Detail_Id)       
left join unit_condition UC on(U.unit_condition_Unit_Condition_Id = UC.Unit_Condition_Id)       
left join owner_ship O on(B.owner_ship_Owner_Ship_Id = O.Owner_Ship_Id)       
left join zone Z on(O.zone_zone_Id = Z.zone_Id)       
left join owner ONR on(O.owner_Owner_Id = ONR.Owner_Id)       
left join contract_type CT on(C.contract_type_Contract_Type_Id = CT.Contract_Type_Id)       
left join furniture_case FC on(U.furniture_case_Furniture_case_Id = FC.Furniture_case_Id)       
left join payment_type PT on(C.payment_type_payment_type_Id = PT.payment_type_Id)       
where B.Half_Building_ID = B_Id and (SELECT CAST(CONCAT('B')as char) ) like CONCAT('%', Type_e, '%') )a  order by Unit_Number;
END$$

CREATE DEFINER=`AmlakREUser`@`%` PROCEDURE `All_Tenant_Disclosure` (IN `T_Id` INT, IN `Type_e` VARCHAR(200) CHARSET utf8mb3)  select * from
(select (SELECT CAST(CONCAT('A')as char))Typee ,  U.Unit_ID , U.Unit_Number , U.Water_Number , U.Electricityt_Number ,  
UD.Unit_Arabic_Detail ,  UC.Unit_Arabic_Condition ,  
B.Building_Id , B.Building_Arabic_Name , B.Building_NO ,  
O.Owner_Ship_Id , O.Owner_Ship_AR_Name , O.owner_ship_Code , 
 C.tenants_Tenants_ID , C.Number_Of_Years , C.Start_Date , C.End_Date , C.Payment_Amount , C.Paymen_Method , C.Contract_Details  
from units U
left join unit_detail UD on(U.unit_detail_Unit_Detail_Id = UD.Unit_Detail_Id)  
left join unit_condition UC on(U.unit_condition_Unit_Condition_Id = UC.Unit_Condition_Id)  
left join building B on(U.building_Building_Id = B.Building_Id)  
left join owner_ship O on(B.owner_ship_Owner_Ship_Id = O.Owner_Ship_Id)
left join contract C on(C.units_Unit_ID = U.Unit_ID)
where (SELECT CAST(CONCAT('A')as char) ) like CONCAT('%', Type_e, '%')
union all
select (SELECT CAST(CONCAT('B')as char))Typee ,  U.Unit_ID , U.Unit_Number , U.Water_Number , U.Electricityt_Number ,  
 UD.Unit_Arabic_Detail ,  UC.Unit_Arabic_Condition ,  
 B.Building_Id , B.Building_Arabic_Name , B.Building_NO ,  
 O.Owner_Ship_Id , O.Owner_Ship_AR_Name , O.owner_ship_Code ,  
 C.tenants_Tenants_ID , C.Number_Of_Years , C.Start_Date , C.End_Date , C.Payment_Amount , C.Paymen_Method , C.Contract_Details   
 from units U  
 left join unit_detail UD on(U.unit_detail_Unit_Detail_Id = UD.Unit_Detail_Id)  
 left join unit_condition UC on(U.unit_condition_Unit_Condition_Id = UC.Unit_Condition_Id)  
 left join building B on(U.building_Building_Id = B.Building_Id)  
 left join owner_ship O on(B.owner_ship_Owner_Ship_Id = O.Owner_Ship_Id)  
 left join building_contract C on(C.building_Building_Id = B.Building_Id)
 where (SELECT CAST(CONCAT('B')as char) ) like CONCAT('%', Type_e, '%')) a 
 where tenants_Tenants_ID = T_Id$$

CREATE DEFINER=`AmlakREUser`@`%` PROCEDURE `All_Trasformatios` (IN `Type_e` VARCHAR(200), IN `Datee` VARCHAR(200), IN `Datee2` VARCHAR(200))  BEGIN
select  (SELECT CAST(CONCAT('A/' ,T.transformation_Table_ID)as char) )transformation_Id ,  T.transformation_No , T.transformation_Date , T.Amount , T.Status , T.Collection_Date  , 
TB.Bank_Name , TB.Account_No_En , TB.Soaft_Code_No_En , TB.Beneficiary_Name , 
TT.Tenants_Arabic_Name  , 
(select units_Unit_ID from contract where Contract_Id = T.Contract_Id )U_ID ,
(select Unit_Number from units where Unit_ID=U_ID)U_NO,
(select owner_ship_Owner_Ship_Id from building where Building_Id=(select building_Building_Id from units where Unit_ID=U_ID ) ) O_ID , 
(select Owner_Ship_AR_Name  from owner_ship where Owner_Ship_Id=O_ID)O_Name ,
(select owner_ship_Code from owner_ship where Owner_Ship_Id=O_ID)O_Code
from transformation_table T 
left join transformation_bank TB on (T.transformation_Bank_ID = TB.transformation_Bank_ID)
left join tenants TT on (T.tenant_Id = TT.Tenants_ID)
where (SELECT CAST(CONCAT('A')as char) ) like CONCAT('%', Type_e, '%')


and str_to_date(T.transformation_Date,'%d/%m/%Y') between str_to_date(Datee,'%d/%m/%Y') and str_to_date(Datee2,'%d/%m/%Y')
Union All
select (SELECT CAST(CONCAT('B/' ,T.transformation_Table_ID)as char) )transformation_Id , T.transformation_No , T.transformation_Date , T.Amount , T.Status , T.Collection_Date , 
TB.Bank_Name , TB.Account_No_En , TB.Soaft_Code_No_En , TB.Beneficiary_Name , 
TT.Tenants_Arabic_Name , 
(select building_Building_Id from building_contract where Contract_Id = T.Contract_Id )B_ID , 
(select Building_Arabic_Name from building where Building_Id=B_ID)B_Name,
(select owner_ship_Owner_Ship_Id from building where Building_Id=B_ID ) O_ID , 
(select Owner_Ship_AR_Name  from owner_ship where Owner_Ship_Id=O_ID)O_Name ,
(select owner_ship_Code from owner_ship where Owner_Ship_Id=O_ID)O_Code
from building_transformation_table T
left join transformation_bank TB on (T.transformation_Bank_ID = TB.transformation_Bank_ID)
left join tenants TT on (T.tenant_Id = TT.Tenants_ID) 
where (SELECT CAST(CONCAT('B')as char) ) like CONCAT('%', Type_e, '%')
and str_to_date(T.transformation_Date,'%d/%m/%Y') between str_to_date(Datee,'%d/%m/%Y') and str_to_date(Datee2,'%d/%m/%Y');
END$$

CREATE DEFINER=`AmlakREUser`@`%` PROCEDURE `Asset_Detail` (IN `Id` INT)  BEGIN
select
 A.* ,
AL.Asset_Arabic_Location,
AC.Asset_Arabic_Condition,
V.Vendor_Arabic_Type,
MC.Categoty_AR,
E.Employee_Arabic_name,
I.Inventory_arabic_name, I.Inventory_Location ,
O.Owner_Ship_AR_Name,
B.Building_Arabic_Name,
U.Unit_Number,
C.Contractor_Ar_Name

FROM amlak_realestate.assets A

left join amlak_realestate.asset_location AL on (A.asset_location_Asset_Location_Id = AL.Asset_Location_Id)
left join amlak_realestate.asset_condition AC on (A.asset_condition_Asset_Condition_Id = AC.Asset_Condition_Id)
left join amlak_realestate.vendor_typ V on (A.vendor_type_Vendor_Type_Id = V.Vendor_Type_Id)
left join amlak_realestate.maintenance_categoty MC on (A.maintenance_categoty_Categoty_Id = MC.Categoty_Id)
left join amlak_realestate.employee E on (A.Buyer = E.Employee_Id)
left join amlak_realestate.inventory I on (A.Inventory_Id = I.Inventory_Id)
left join amlak_realestate.owner_ship O on (A.OwnerShip_Id = O.Owner_Ship_Id)
left join amlak_realestate.building B on (A.Building_ID = B.Building_Id)
left join amlak_realestate.units U on (A.Unit_Id = U.Unit_ID)
left join amlak_realestate.contractor C on (A.contractor = C.Contractor_ID)

where Assets_Id = ID;
END$$

CREATE DEFINER=`AmlakREUser`@`%` PROCEDURE `Asset_Details` (IN `Id` INT)  BEGIN
SELECT  A.Assets_English_Name   , A.Assets_Arabic_Name , A.Assets_Value , A.Purchase_Date ,
A.Description , A.Quantitiy ,


ATY.Asset_Arabic_Type ,
AC.Asset_Arabic_Condition ,
Al.Asset_Arabic_Location ,
Vn.Vendor_Arabic_Type , 
Inv.Inventory_Arabic_name , 
W.Aseet_Arabic_warranty , 
B.Building_Arabic_Name , 
U.Unit_Number

FROM amlak_realestate.assets A

left join amlak_realestate.asset_type ATY on (A.asset_type_Asset_Type_Id = ATY.Asset_Type_Id)
left join amlak_realestate.asset_condition AC on (A.asset_condition_Asset_Condition_Id = AC.Asset_Condition_Id) 
left join amlak_realestate.asset_location Al on (A.asset_location_Asset_Location_Id = Al.Asset_Location_Id) 
left join amlak_realestate.vendor_type Vn on (A.vendor_type_Vendor_Type_Id = Vn.Vendor_Type_Id)
left join amlak_realestate.inventory Inv on (A.inventory_Inventory_Id = Inv.Inventory_Id)
left join amlak_realestate.aseet_warranty W on (A.aseet_warranty_Aseet_warranty_Id = W.Aseet_warranty_Id)
left join amlak_realestate.building B on (A.building_Building_Id = B.Building_Id)
left join amlak_realestate.units U on (A.units_Unit_ID = U.Unit_ID)


where Assets_Id = ID;
END$$

CREATE DEFINER=`AmlakREUser`@`%` PROCEDURE `Asset_List` ()  BEGIN
select
 A.* ,
AL.Asset_Arabic_Location,
AC.Asset_Arabic_Condition,
V.Vendor_Arabic_Type,
MC.Categoty_AR,
E.Employee_Arabic_name,
I.Inventory_arabic_name,
O.Owner_Ship_AR_Name,
B.Building_Arabic_Name,
U.Unit_Number

FROM amlak_realestate.assets A

left join amlak_realestate.asset_location AL on (A.asset_location_Asset_Location_Id = AL.Asset_Location_Id)
left join amlak_realestate.asset_condition AC on (A.asset_condition_Asset_Condition_Id = AC.Asset_Condition_Id)
left join amlak_realestate.vendor_typ V on (A.vendor_type_Vendor_Type_Id = V.Vendor_Type_Id)
left join amlak_realestate.maintenance_categoty MC on (A.maintenance_categoty_Categoty_Id = MC.Categoty_Id)
left join amlak_realestate.employee E on (A.Buyer = E.Employee_Id)
left join amlak_realestate.inventory I on (A.Inventory_Id = I.Inventory_Id)
left join amlak_realestate.owner_ship O on (A.OwnerShip_Id = O.Owner_Ship_Id)
left join amlak_realestate.building B on (A.Building_ID = B.Building_Id)
left join amlak_realestate.units U on (A.Unit_Id = U.Unit_ID);
END$$

CREATE DEFINER=`AmlakREUser`@`%` PROCEDURE `Avilabel_Cash_Amount` ()  BEGIN
select Ch_tb.*,  
T.Tenants_Arabic_Name ,
T.Tenants_ID,
(select units_Unit_ID from contract where Contract_Id = Ch_tb.Contract_Id )U_ID ,
(select building_Building_Id from units where Unit_ID=U_ID ) B_ID,
(select owner_ship_Owner_Ship_Id from building where Building_Id=B_ID ) O_ID,
(select Unit_Number from units where Unit_ID=U_ID)U_NO,
(select Building_Arabic_Name from building where Building_Id=B_ID)B_Name,
(select Owner_Ship_AR_Name from owner_ship where Owner_Ship_Id=O_ID)O_Name , 
(select  owner_ship_Code from owner_ship where Owner_Ship_Id=O_ID)O_Code
FROM  cash_amount Ch_tb
left join  tenants T on (Ch_tb.tenant_Id = T.Tenants_ID);
END$$

CREATE DEFINER=`AmlakREUser`@`%` PROCEDURE `Avilabel_Cheuqes` (IN `Cheq_No` VARCHAR(200), IN `Cheq_Date` VARCHAR(200), IN `Cheq_Owner` VARCHAR(200), IN `Bank_ArabicName` VARCHAR(200), IN `Tenants_ArabicName` VARCHAR(200), IN `Cheq_Status` VARCHAR(200))  BEGIN
SELECT 
Cq.*,  
Cq_T.Cheque_arabic_Type  , 
B.Bank_Arabic_Name ,
T.Tenants_Arabic_Name ,
T.Tenants_ID,


(select units_Unit_ID from contract where Contract_Id = Cq.contract_Contract_Id )U_ID ,
(select building_Building_Id from units where Unit_ID=U_ID ) B_ID,
(select owner_ship_Owner_Ship_Id from building where Building_Id=B_ID ) O_ID,

(select Unit_Number from units where Unit_ID=U_ID)U_NO,
(select Building_Arabic_Name from building where Building_Id=B_ID)B_Name,
(select Owner_Ship_AR_Name from owner_ship where Owner_Ship_Id=O_ID)O_Name,
(select owner_ship_Code from owner_ship where Owner_Ship_Id=O_ID)O_Code






FROM amlak_realestate.cheques Cq
left join amlak_realestate.cheque_type Cq_T on (Cq.cheque_type_Cheque_Type_id = Cq_T.Cheque_Type_id)
left join amlak_realestate.bank B on (Cq.bank_Bank_Id = B.Bank_Id)
left join amlak_realestate.tenants T on (Cq.tenants_Tenants_ID = T.Tenants_ID)


where Cheques_No like CONCAT('%', Cheq_No, '%')
or Cheques_Date like CONCAT('%', Cheq_Date, '%') 
or Cheque_Owner like CONCAT('%', Cheq_Owner, '%')  
or Bank_Arabic_Name like CONCAT('%', Bank_ArabicName, '%')
or Tenants_Arabic_Name like CONCAT('%', Tenants_ArabicName, '%')
or Cheques_Status like CONCAT('%', Cheq_Status, '%');

END$$

CREATE DEFINER=`AmlakREUser`@`%` PROCEDURE `Avilable_transformation` ()  SELECT 
tr_tb.*,  
B.* ,
T.Tenants_Arabic_Name ,
T.Tenants_ID,


(select units_Unit_ID from contract where Contract_Id = tr_tb.Contract_Id )U_ID ,
(select building_Building_Id from units where Unit_ID=U_ID ) B_ID,
(select owner_ship_Owner_Ship_Id from building where Building_Id=B_ID ) O_ID,

(select Unit_Number from units where Unit_ID=U_ID)U_NO,
(select Building_Arabic_Name from building where Building_Id=B_ID)B_Name,
(select Owner_Ship_AR_Name from owner_ship where Owner_Ship_Id=O_ID)O_Name ,

(select owner_ship_Code from owner_ship where Owner_Ship_Id=O_ID)O_Code






FROM  .transformation_table tr_tb

left join  .transformation_bank B on (tr_tb.transformation_Bank_ID = B.transformation_Bank_ID)
left join  .tenants T on (tr_tb.tenant_Id = T.Tenants_ID)$$

CREATE DEFINER=`AmlakREUser`@`%` PROCEDURE `Buildings_Avilabel_Cheuqes` (IN `Cheq_No` VARCHAR(200), IN `Cheq_Date` VARCHAR(200), IN `Cheq_Owner` VARCHAR(200), IN `Bank_ArabicName` VARCHAR(200), IN `Tenants_ArabicName` VARCHAR(200), IN `Cheq_Status` VARCHAR(200))  BEGIN
SELECT 
Cq.*,  
Cq_T.Cheque_arabic_Type  , 
B.Bank_Arabic_Name ,
T.Tenants_Arabic_Name ,
T.Tenants_ID,



(select building_Building_Id from building_contract where Contract_Id = Cq.building_contract_Contract_Id )B_ID,
(select owner_ship_Owner_Ship_Id from building where Building_Id=B_ID ) O_ID,


(select Building_Arabic_Name from building where Building_Id=B_ID)B_Name,
(select Owner_Ship_AR_Name from owner_ship where Owner_Ship_Id=O_ID)O_Name,
(select owner_ship_Code from owner_ship where Owner_Ship_Id=O_ID)O_Code






FROM amlak_realestate.building_cheques Cq
left join amlak_realestate.cheque_type Cq_T on (Cq.cheque_type_Cheque_Type_id = Cq_T.Cheque_Type_id)
left join amlak_realestate.bank B on (Cq.bank_Bank_Id = B.Bank_Id)
left join amlak_realestate.tenants T on (Cq.tenants_Tenants_ID = T.Tenants_ID)


where Cheques_No like CONCAT('%', Cheq_No, '%')
or Cheques_Date like CONCAT('%', Cheq_Date, '%') 
or Cheque_Owner like CONCAT('%', Cheq_Owner, '%')  
or Bank_Arabic_Name like CONCAT('%', Bank_ArabicName, '%')
or Tenants_Arabic_Name like CONCAT('%', Tenants_ArabicName, '%')
or Cheques_Status like CONCAT('%', Cheq_Status, '%');

END$$

CREATE DEFINER=`AmlakREUser`@`%` PROCEDURE `Building_Avilable_Cash` ()  BEGIN
SELECT 
Cq.*,T.Tenants_Arabic_Name , T.Tenants_ID,
(select building_Building_Id from building_contract where Contract_Id = Cq.Contract_Id )B_ID,
(select owner_ship_Owner_Ship_Id from building where Building_Id=B_ID ) O_ID,
(select Building_Arabic_Name from building where Building_Id=B_ID)B_Name,
(select Owner_Ship_AR_Name from owner_ship where Owner_Ship_Id=O_ID)O_Name , 
(select  owner_ship_Code from owner_ship where Owner_Ship_Id=O_ID)O_Code
FROM  building_cash_amount Cq
left join  tenants T on (Cq.tenant_Id = T.Tenants_ID);
END$$

CREATE DEFINER=`AmlakREUser`@`%` PROCEDURE `Building_Avilable_transformation` ()  BEGIN
SELECT 
Cq.*, B.* , T.Tenants_Arabic_Name , T.Tenants_ID,
(select building_Building_Id from building_contract where Contract_Id = Cq.Contract_Id )B_ID,
(select owner_ship_Owner_Ship_Id from building where Building_Id=B_ID ) O_ID,
(select Building_Arabic_Name from building where Building_Id=B_ID)B_Name,
(select Owner_Ship_AR_Name from owner_ship where Owner_Ship_Id=O_ID)O_Name , 
(select owner_ship_Code from owner_ship where Owner_Ship_Id=O_ID)O_Code 
FROM  building_transformation_table Cq
left join  transformation_bank B on (Cq.transformation_Bank_ID = B.transformation_Bank_ID)
left join  tenants T on (Cq.tenant_Id = T.Tenants_ID);
END$$

CREATE DEFINER=`AmlakREUser`@`%` PROCEDURE `Building_cheques_Amount` ()  BEGIN
SELECT 
Cq.*,  
Cq_T.Cheque_arabic_Type  , 
B.Bank_Arabic_Name ,
T.Tenants_Arabic_Name ,
T.Tenants_ID,


(select building_Building_Id from building_contract where Contract_Id = Cq.building_contract_Contract_Id )B_ID ,
(select owner_ship_Owner_Ship_Id from building where Building_Id=B_ID ) O_ID,


(select Building_Arabic_Name from building where Building_Id=B_ID)B_Name,
(select Owner_Ship_AR_Name from owner_ship where Owner_Ship_Id=O_ID)O_Name






FROM amlak_realestate.building_cheques Cq
left join amlak_realestate.cheque_type Cq_T on (Cq.cheque_type_Cheque_Type_id = Cq_T.Cheque_Type_id)
left join amlak_realestate.bank B on (Cq.bank_Bank_Id = B.Bank_Id)
left join amlak_realestate.tenants T on (Cq.tenants_Tenants_ID = T.Tenants_ID);
END$$

CREATE DEFINER=`AmlakREUser`@`%` PROCEDURE `Building_Contarct_list` ()  BEGIN
SELECT 
C.* ,  
T.Tenants_Arabic_Name , T.tenant_type_Tenant_Type_Id ,   T.ID_NO , T.Tenants_Mobile , T.tenant_type_Tenant_Type_Id , T.business_records , T.P_O_Box  , TN.Arabic_nationality ,
B.Building_Arabic_Name, B.Building_Id,B.Building_NO , 
 O.Street_NO , O.Street_Name , O.Owner_Ship_AR_Name, O.owner_ship_Code, Z.zone_number , Z.zone_arabic_name ,
 CT.Contract_Arabic_Type ,
 (Select count(*) from units where building_Building_Id = B.Building_Id)buildingCount,
 SUBSTRING(Start_Date,7,4)yearr,
 (SELECT CAST(CONCAT(Building_NO , '/' , owner_ship_Code , '/' ,yearr)as char) )CON_NO
FROM  building_contract C
left join  tenants T on (C.tenants_Tenants_ID = T.Tenants_Id)
left join  nationality TN on (T.nationality_nationality_ID = TN.nationality_ID)
left join  building B on (C.building_Building_Id = B.Building_Id)
left join  owner_ship O on (B.owner_ship_Owner_Ship_Id = O.Owner_Ship_Id)
left join  zone Z on (O.zone_zone_Id = Z.zone_Id)
left join  contract_type CT on (C.contract_type_Contract_Type_Id = CT.Contract_Type_Id);
END$$

CREATE DEFINER=`AmlakREUser`@`%` PROCEDURE `Building_Contract_Detalis` (IN `Id` INT)  BEGIN
SELECT 
C.* ,  
T.Tenants_Arabic_Name , T.tenant_type_Tenant_Type_Id ,   T.ID_NO , T.Tenants_Mobile , T.tenant_type_Tenant_Type_Id , T.business_records , T.P_O_Box  , TN.Arabic_nationality ,
B.Building_Arabic_Name, B.Building_Id, BT.Building_Arabic_Type ,
 O.Street_NO , O.Street_Name , Z.zone_number ,
 CT.Contract_Arabic_Type ,
 (Select count(*) from units where building_Building_Id = B.Building_Id)buildingCount
FROM amlak_realestate.building_contract C
left join amlak_realestate.tenants T on (C.tenants_Tenants_ID = T.Tenants_Id)
left join amlak_realestate.nationality TN on (T.nationality_nationality_ID = TN.nationality_ID)
left join amlak_realestate.building B on (C.building_Building_Id = B.Building_Id)
left join amlak_realestate.building_type BT on (B.building_type_Building_Type_Id = BT.Building_Type_Id)
left join amlak_realestate.owner_ship O on (B.owner_ship_Owner_Ship_Id = O.Owner_Ship_Id)
left join amlak_realestate.zone Z on (O.zone_zone_Id = Z.zone_Id)
left join amlak_realestate.contract_type CT on (C.contract_type_Contract_Type_Id = CT.Contract_Type_Id)
where Contract_Id = ID;
END$$

CREATE DEFINER=`AmlakREUser`@`%` PROCEDURE `Building_Contract_List_In_Edit_page` (IN `Id` INT)  BEGIN
SELECT 
Cq.*,  


Cq_T.Cheque_arabic_Type  , 
B.Bank_Arabic_Name ,
T.Tenants_Arabic_Name



FROM amlak_realestate.building_cheques Cq

left join amlak_realestate.cheque_type Cq_T on (Cq.cheque_type_Cheque_Type_id = Cq_T.Cheque_Type_id)
left join amlak_realestate.bank B on (Cq.bank_Bank_Id = B.Bank_Id)
left join amlak_realestate.tenants T on (Cq.tenants_Tenants_ID = T.Tenants_ID)

where building_contract_Contract_Id = ID;
END$$

CREATE DEFINER=`AmlakREUser`@`%` PROCEDURE `Building_Details` (IN `Id` INT)  BEGIN
SELECT 

B.*  , 
 





BC.Building_Arabic_Condition  , 
BT.Building_Arabic_Type ,
O.Owner_Ship_Ar_Name , O.Street_NO ,
Z.zone_number , 
(select count(*) from units where building_Building_Id = B.Building_Id)Unit_Connt


FROM  building B

left join  owner_ship O on (B.owner_ship_owner_ship_Id = O.owner_ship_Id)
left join  building_condition BC on (B.building_condition_Building_Condition_Id = BC.building_condition_Id)
left join  building_type BT on (B.building_type_Building_Type_Id = BT.building_type_Id)

left join  zone Z on (O.zone_zone_Id = Z.zone_Id)

where Building_Id = ID;
END$$

CREATE DEFINER=`AmlakREUser`@`%` PROCEDURE `Building_List_In_Ownership_Details` (IN `Id` INT)  BEGIN
SELECT 
B.*,  


O.Owner_Ship_AR_Name  , 
BC.Building_Arabic_Condition ,
BT.Building_Arabic_Type ,
(YEAR(CURDATE()) - B.Construction_Completion_Date )Building_Age,
(B.Building_Value / 30)Annual_Waste,
((YEAR(CURDATE()) - B.Construction_Completion_Date)*(B.Building_Value / 30))Cumulative_Waste,
(30-(YEAR(CURDATE()) - B.Construction_Completion_Date ))Still_Age,
(select Sum(virtual_Value) from units where building_Building_Id = B.Building_Id)Sum_virtual_Value ,
(select Sum(unit_type_Unit_Type_Id) from units where building_Building_Id = B.Building_Id  and unit_type_Unit_Type_Id = '1' )Sum_apartment ,
((select Sum(unit_type_Unit_Type_Id) from units where building_Building_Id = B.Building_Id  and unit_type_Unit_Type_Id = '3')/3 )Sum_Office ,
((select Sum(unit_type_Unit_Type_Id) from units where building_Building_Id = B.Building_Id  and unit_type_Unit_Type_Id = '2')/2 )Sum_Stor , 



(SELECT IF((select Sum(Collection) from collection_table where Building_Id = B.Building_Id)  != 0, (select Sum(Collection) from collection_table where Building_Id = B.Building_Id) , 0)) Dakhel_FUly , 
(SELECT IF((select Sum(Payment_Amount) from building_contract where building_Building_Id = B.Building_Id)  != 0, (select Sum(Collection) from collection_table where Building_Id = B.Building_Id) , 0)) Ijar_Taakudy_B , 
(SELECT IF((Select Sum(Payment_Amount) from contract  join  units U on (U.Unit_ID = contract.units_Unit_ID) where U. building_Building_Id = B.Building_Id  ) != 0, (Select Sum(Payment_Amount) from contract  join  units U on (U.Unit_ID = contract.units_Unit_ID) where U. building_Building_Id = B.Building_Id  ), 0))Ijar_Taakudy_U , 

(select (Ijar_Taakudy_B)+(Ijar_Taakudy_U))Ijar_Taakudy ,

(select (B.Building_Value)*(0.05)*(Building_Age)) NotBook_Still ,

(SELECT IF(NotBook_Still != 0, NotBook_Still, 0)) R_NotBook_Still ,


(SELECT IF(( select  B.Building_Value - Cumulative_Waste)!=0, ( select  B.Building_Value - Cumulative_Waste), 0)) Still_Building_Value ,

(select Sum(unit_condition_Unit_Condition_Id) from units where building_Building_Id = B.Building_Id  and unit_condition_Unit_Condition_Id = '1' )Moajar ,
((select Sum(unit_condition_Unit_Condition_Id) from units where building_Building_Id = B.Building_Id  and unit_condition_Unit_Condition_Id = '2'))Shagher ,
((select Sum(unit_condition_Unit_Condition_Id) from units where building_Building_Id = B.Building_Id  and unit_condition_Unit_Condition_Id = '3'))Insha_Siana , 
(select Sum(unit_condition_Unit_Condition_Id) from units where building_Building_Id = B.Building_Id  and unit_condition_Unit_Condition_Id = '4' )NeZaa  ,

(SELECT IF(Moajar != 0, Moajar, 0)) R_Moajar ,
(SELECT IF(Shagher != 0, Shagher, 0)) R_Shagher ,
(SELECT IF(Insha_Siana != 0, Insha_Siana, 0)) R_Insha_Siana ,
(SELECT IF(NeZaa != 0, NeZaa, 0)) R_NeZaa 

FROM  building B

left join  owner_ship O on (B.owner_ship_Owner_Ship_Id = O.Owner_Ship_Id)
left join  building_condition BC on (B.building_condition_Building_Condition_Id = BC.Building_Condition_Id)
left join  building_type BT on (B.building_type_Building_Type_Id = BT.Building_Type_Id)



where owner_ship_Owner_Ship_Id = ID and  B.Active ='1' ;
END$$

CREATE DEFINER=`AmlakREUser`@`%` PROCEDURE `Building_Zone_Id` (IN `Id` INT)  BEGIN
SELECT   Z.zone_Id   
FROM amlak_realestate.building B
left join amlak_realestate.owner_ship O on (B.owner_ship_Owner_Ship_Id = O.owner_Ship_Id)
left join amlak_realestate.zone Z on (O.zone_zone_Id = Z.zone_Id) 
where Building_Id = Id;
END$$

CREATE DEFINER=`AmlakREUser`@`%` PROCEDURE `Buliding_list` ()  BEGIN
SELECT 
B.*,  


O.Owner_Ship_AR_Name  , 
BC.Building_Arabic_Condition ,
BT.Building_Arabic_Type 




FROM  building B

left join  owner_ship O on (B.owner_ship_Owner_Ship_Id = O.Owner_Ship_Id)
left join  building_condition BC on (B.building_condition_Building_Condition_Id = BC.Building_Condition_Id)
left join  building_type BT on (B.building_type_Building_Type_Id = BT.Building_Type_Id)

where B.Active ='1' order by O.owner_ship_Code ASC;
END$$

CREATE DEFINER=`AmlakREUser`@`%` PROCEDURE `cheques_Amount` ()  BEGIN
SELECT 
Cq.*,  
Cq_T.Cheque_arabic_Type  , 
B.Bank_Arabic_Name ,
T.Tenants_Arabic_Name ,
T.Tenants_ID,


(select units_Unit_ID from contract where Contract_Id = Cq.contract_Contract_Id )U_ID ,
(select building_Building_Id from units where Unit_ID=U_ID ) B_ID,
(select owner_ship_Owner_Ship_Id from building where Building_Id=B_ID ) O_ID,

(select Unit_Number from units where Unit_ID=U_ID)U_NO,
(select Building_Arabic_Name from building where Building_Id=B_ID)B_Name,
(select Owner_Ship_AR_Name from owner_ship where Owner_Ship_Id=O_ID)O_Name,
(select virtual_Value from units where Unit_ID=U_ID)virtual_Value






FROM amlak_realestate.cheques Cq
left join amlak_realestate.cheque_type Cq_T on (Cq.cheque_type_Cheque_Type_id = Cq_T.Cheque_Type_id)
left join amlak_realestate.bank B on (Cq.bank_Bank_Id = B.Bank_Id)
left join amlak_realestate.tenants T on (Cq.tenants_Tenants_ID = T.Tenants_ID);
END$$

CREATE DEFINER=`AmlakREUser`@`%` PROCEDURE `Company_Rep_List` ()  BEGIN
select
CR.* , N.Arabic_nationality
from company_representative CR
left join amlak_realestate.nationality N on (CR.nationality_nationality_ID = N.nationality_ID)
where Company_representative_Id >1;
END$$

CREATE DEFINER=`AmlakREUser`@`%` PROCEDURE `complaint_report_request` ()  BEGIN
SELECT 
CRR.*,  


T.Tenants_Arabic_Name  , 
E.Employee_Arabic_name ,
B.Building_Arabic_Name,
U.Unit_Number ,
(SELECT CAST(CONCAT(CRR.source , '/' , CRR.Order_Classification , '/' , CRR.Report_Type , '/' ,CRR.Complaint_Report_Request_Id)as char) )adad


FROM  complaint_report_request CRR


left join  tenants T on (CRR.Tenant_ID = T.Tenants_ID)
left join  employee E on (CRR.Employee_ID = E.Employee_Id)
left join  building B on (CRR.building_Building_Id = B.Building_Id)
left join  units U on (CRR.Unit_Id = U.Unit_ID)
order by CRR.priority_Danger;
END$$

CREATE DEFINER=`AmlakREUser`@`%` PROCEDURE `complaint_report_request_Details` (IN `Id` INT)  BEGIN
Select 
CRR.*,  
T.Tenants_Arabic_Name  , 
E.Employee_Arabic_name ,
B.Building_Arabic_Name,
U.Unit_Number
FROM amlak_realestate.complaint_report_request CRR 
left join amlak_realestate.tenants T on (CRR.Tenant_ID = T.Tenants_ID)
left join amlak_realestate.employee E on (CRR.Employee_ID = E.Employee_Id)
left join amlak_realestate.building B on (CRR.building_Building_Id = B.Building_Id)
left join amlak_realestate.units U on (CRR.Unit_Id = U.Unit_ID)
where Complaint_Report_Request_Id =ID;
END$$

CREATE DEFINER=`AmlakREUser`@`%` PROCEDURE `Com_Rep_Detail` (IN `Id` INT)  BEGIN
select
CR.* ,  CRN.Arabic_nationality
FROM amlak_realestate.company_representative CR
left join amlak_realestate.nationality CRN on (CR.nationality_nationality_ID = CRN.nationality_ID)
where Company_representative_Id = ID;
END$$

CREATE DEFINER=`AmlakREUser`@`%` PROCEDURE `Com_Rep_Details` (IN `Id` INT)  BEGIN
select
CR.* , 
N.Arabic_nationality , 
CN.Tenants_Arabic_Name
from company_representative CR
left join amlak_realestate.nationality N on (CR.nationality_nationality_ID = N.nationality_ID)
left join amlak_realestate.tenants CN on (CR.tenants_Tenants_ID = CN.Tenants_ID)
where Company_representative_Id = ID;
END$$

CREATE DEFINER=`AmlakREUser`@`%` PROCEDURE `Contarct_list` ()  BEGIN
SELECT 
C.* ,  

T.Tenants_Arabic_Name , T.tenant_type_Tenant_Type_Id ,   T.ID_NO , T.Tenants_Mobile , T.tenant_type_Tenant_Type_Id , T.business_records , T.P_O_Box  , TN.Arabic_nationality ,
U.Unit_Number , U.Electricityt_Number , U.Water_Number ,  UT.Unit_Arabic_Type ,UD.Unit_Arabic_Detail, U.furniture_case_Furniture_case_Id, UC.Unit_Arabic_Condition ,
B.Building_NO, B.Building_Arabic_Name, B.Building_Id ,
 O.Street_NO , O.Street_Name , Z.zone_number , Z.zone_arabic_name , O.Owner_Ship_AR_Name , O.owner_ship_Code, ONR.Owner_Arabic_name,
 CT.Contract_Arabic_Type,
 FC.Furniture_Ar_case,
 PT.payment_Arabic_type,
 SUBSTRING(Start_Date,7,4)yearr,
 (SELECT CAST(CONCAT(Unit_Number , '/' , Building_NO , '/' , owner_ship_Code , '/' ,yearr)as char) )CON_NO

FROM  contract C


left join  tenants T on (C.tenants_Tenants_ID = T.Tenants_Id)
left join  nationality TN on (T.nationality_nationality_ID = TN.nationality_ID)

left join  units U on (C.units_Unit_ID = U.Unit_Id)
left join  unit_type UT on (U.unit_type_Unit_Type_Id = UT.Unit_Type_Id)
left join  unit_detail UD on (U.unit_detail_Unit_Detail_Id = UD.Unit_Detail_Id)
left join  unit_condition UC on (U.unit_condition_Unit_Condition_Id = UC.Unit_Condition_Id)

left join  building B on (U.building_Building_Id = B.building_Id)
left join  owner_ship O on (B.owner_ship_Owner_Ship_Id = O.Owner_Ship_Id)
left join  zone Z on (O.zone_zone_Id = Z.zone_Id)
left join  owner ONR on (O.owner_Owner_Id = ONR.Owner_Id)

left join  contract_type CT on (C.contract_type_Contract_Type_Id = CT.Contract_Type_Id)
left join  furniture_case FC on (U.furniture_case_Furniture_case_Id = FC.Furniture_case_Id)

left join  payment_type PT on (C.payment_type_payment_type_Id = PT.payment_type_Id);
END$$

CREATE DEFINER=`AmlakREUser`@`%` PROCEDURE `Contract_Detalis` (IN `Id` INT)  BEGIN
SELECT 
C.* ,  

T.Tenants_Arabic_Name , T.tenant_type_Tenant_Type_Id ,   T.ID_NO , T.Tenants_Mobile , T.tenant_type_Tenant_Type_Id , T.business_records , T.P_O_Box  , TN.Arabic_nationality ,
U.Unit_Number , U.Electricityt_Number , U.Water_Number ,  UT.Unit_Arabic_Type ,UD.Unit_Arabic_Detail, U.furniture_case_Furniture_case_Id,
B.Building_NO,
 O.Street_NO , O.Street_Name , Z.zone_number ,
 CT.Contract_Arabic_Type,
 FC.Furniture_Ar_case,
  PT.payment_Arabic_type

FROM amlak_realestate.contract C


left join amlak_realestate.tenants T on (C.tenants_Tenants_ID = T.Tenants_Id)
left join amlak_realestate.nationality TN on (T.nationality_nationality_ID = TN.nationality_ID)

left join amlak_realestate.units U on (C.units_Unit_ID = U.Unit_Id)
left join amlak_realestate.unit_type UT on (U.unit_type_Unit_Type_Id = UT.Unit_Type_Id)
left join amlak_realestate.unit_detail UD on (U.unit_detail_Unit_Detail_Id = UD.Unit_Detail_Id)

left join amlak_realestate.building B on (U.building_Building_Id = B.building_Id)
left join amlak_realestate.owner_ship O on (B.owner_ship_Owner_Ship_Id = O.Owner_Ship_Id)
left join amlak_realestate.zone Z on (O.zone_zone_Id = Z.zone_Id)

left join amlak_realestate.contract_type CT on (C.contract_type_Contract_Type_Id = CT.Contract_Type_Id)
left join amlak_realestate.furniture_case FC on (U.furniture_case_Furniture_case_Id = FC.Furniture_case_Id)
left join amlak_realestate.payment_type PT on (C.payment_type_payment_type_Id = PT.payment_type_Id)

where Contract_Id = ID;
END$$

CREATE DEFINER=`AmlakREUser`@`%` PROCEDURE `Contract_GridView` ()  BEGIN
SELECT 
C.Contract_Id , C.Payment_Amount , C.Date_Of_Sgin , C.Start_Date , C.End_Date ,  T.Tenants_Arabic_Name   
FROM amlak_realestate.contract C
left join amlak_realestate.tenants T on (C.tenants_Tenants_ID = T.Tenants_ID);
END$$

CREATE DEFINER=`AmlakREUser`@`%` PROCEDURE `Contract_List_In_Edit_page` (IN `Id` INT)  BEGIN
SELECT 
Cq.*,  


Cq_T.Cheque_arabic_Type  , 
B.Bank_Arabic_Name ,
T.Tenants_Arabic_Name



FROM amlak_realestate.cheques Cq

left join amlak_realestate.cheque_type Cq_T on (Cq.cheque_type_Cheque_Type_id = Cq_T.Cheque_Type_id)
left join amlak_realestate.bank B on (Cq.bank_Bank_Id = B.Bank_Id)
left join amlak_realestate.tenants T on (Cq.tenants_Tenants_ID = T.Tenants_ID)

where contract_Contract_Id = ID;
END$$

CREATE DEFINER=`AmlakREUser`@`%` PROCEDURE `Dashboard_Test` ()  BEGIN
Select (SELECT CAST(CONCAT('U_Cq/' ,Cq.Cheques_Id)as char))Id  , Cq.Cheques_Date as Datee  ,Cq.Cheques_Amount as  Amount,
(select units_Unit_ID from contract where Contract_Id = Cq.contract_Contract_Id )U_ID , 
(select building_Building_Id from units where Unit_ID=U_ID ) B_ID,
(select owner_ship_Owner_Ship_Id from building where Building_Id= B_ID) O_ID , 
(select Owner_Ship_AR_Name from owner_ship where Owner_Ship_Id=O_ID)O_Name from cheques Cq 
Union All
Select (SELECT CAST(CONCAT('B_Cq/' ,Cq.Cheques_Id)as char) )Id , Cq.Cheques_Date as Datee  ,Cq.Cheques_Amount as  Amount ,
(select building_Building_Id from building_contract where Contract_Id = Cq.building_contract_Contract_Id )B_ID , 
(select building_Building_Id from building_contract where Contract_Id = Cq.building_contract_Contract_Id )B_ID ,
(select owner_ship_Owner_Ship_Id from building where Building_Id=B_ID ) O_ID , 
(select Owner_Ship_AR_Name from owner_ship where Owner_Ship_Id=O_ID)O_Name from building_cheques Cq 
Union All
select  (SELECT CAST(CONCAT('U_Tr/' ,T.transformation_Table_ID)as char))Id , T.transformation_Date as Datee , T.Amount as  Amount ,
(select units_Unit_ID from contract where Contract_Id = T.Contract_Id )U_ID ,
(select building_Building_Id from units where Unit_ID=U_ID ) B_ID,
(select owner_ship_Owner_Ship_Id from building where Building_Id= B_ID) O_ID , 
(select Owner_Ship_AR_Name  from owner_ship where Owner_Ship_Id=O_ID)O_Name from transformation_table T 
Union All
select (SELECT CAST(CONCAT('B_Tr/' ,T.transformation_Table_ID)as char) )Id  , T.transformation_Date as Datee , T.Amount as  Amount ,
(select building_Building_Id from building_contract where Contract_Id = T.Contract_Id )B_ID , 
(select building_Building_Id from building_contract where Contract_Id = T.Contract_Id )B_ID ,
(select owner_ship_Owner_Ship_Id from building where Building_Id=B_ID ) O_ID , 
(select Owner_Ship_AR_Name  from owner_ship where Owner_Ship_Id=O_ID)O_Name from building_transformation_table T
Union All
Select (SELECT CAST(CONCAT('U_Ca/' ,CA.Cash_Amount_ID)as char) )Id  ,  CA.Cash_Date as Datee , CA.Cash_Amount as  Amount ,  
(select units_Unit_ID from contract where Contract_Id = CA.Contract_Id )U_ID ,
(select building_Building_Id from units where Unit_ID=U_ID ) B_ID,
(select owner_ship_Owner_Ship_Id from building where Building_Id= B_ID) O_ID , 
(select Owner_Ship_AR_Name  from owner_ship where Owner_Ship_Id=O_ID)O_Name from cash_amount CA
Union All
Select (SELECT CAST(CONCAT('B_Ca/' ,CA.Cash_Amount_ID)as char) )Id ,   CA.Cash_Date as Datee , CA.Cash_Amount as  Amount ,  
(select building_Building_Id from building_contract where Contract_Id = CA.Contract_Id )B_ID , 
(select building_Building_Id from building_contract where Contract_Id = CA.Contract_Id )B_ID ,
(select owner_ship_Owner_Ship_Id from building where Building_Id=B_ID ) O_ID , 
(select Owner_Ship_AR_Name  from owner_ship where Owner_Ship_Id=O_ID)O_Name from building_cash_amount CA ;
END$$

CREATE DEFINER=`AmlakREUser`@`%` PROCEDURE `Details_All_ownership` ()  BEGIN
select Z.zone_number ,  Z.zone_arabic_name , onr.Owner_Arabic_name ,
 O.* , 
(Select count(*) from building where owner_ship_Owner_Ship_Id = O.Owner_Ship_Id and Active ='1'  )buildingCount,

(Select CAST( CONCAT
(
'شقة : ', (Select count(*) from units join  unit_type ut on ut.Unit_Type_Id = units.unit_type_Unit_Type_Id where Half ='0' and building_Building_Id in ( Select Building_Id from  building where Active ='1'  and  owner_ship_Owner_Ship_Id = O.Owner_Ship_Id and  Unit_English_Type = 'apartment')), 
 '  /  ', 
'مكتب : ', (Select count(*) from units join  unit_type ut on ut.Unit_Type_Id = units.unit_type_Unit_Type_Id where Half ='0' and building_Building_Id in (Select Building_Id from  building where Active ='1'  and owner_ship_Owner_Ship_Id = O.Owner_Ship_Id and Unit_English_Type = 'Office' )),
'  /  ', 
'محل : ', (Select count(*) from units join  unit_type ut on ut.Unit_Type_Id = units.unit_type_Unit_Type_Id where Half ='0' and building_Building_Id in (Select Building_Id from  building where Active ='1'  and owner_ship_Owner_Ship_Id = O.Owner_Ship_Id and Unit_English_Type = 'store' )) ,
    '  /  ',
'فيلا : ', (Select count(*) from units join  unit_type ut on ut.Unit_Type_Id = units.unit_type_Unit_Type_Id where Half ='0' and building_Building_Id in (Select Building_Id from  building where Active ='1'  and owner_ship_Owner_Ship_Id = O.Owner_Ship_Id and Unit_English_Type = 'Villa' ))

)as char)
 from  units LIMIT 1 )Unit_Type  ,
 
 
(Select Sum(virtual_Value) from units  where Half ='0' and building_Building_Id in ( Select Building_Id from  building where Active ='1' and  owner_ship_Owner_Ship_Id = O.Owner_Ship_Id )) Sum_Ownership_Virtual_Value ,
((Select Sum(virtual_Value) from units  where Half ='0' and building_Building_Id in ( Select Building_Id from  building where Active ='1' and  owner_ship_Owner_Ship_Id = O.Owner_Ship_Id ))*12/14)AedIftirady_ON_BuildingValue , 

 
  


(SELECT IF((Select Sum(Payment_Amount) from contract  join units U on U.Unit_ID = contract.units_Unit_ID where  building_Building_Id in (Select Building_Id from  building where Active ='1' and owner_ship_Owner_Ship_Id = O.Owner_Ship_Id )) > 0, (Select Sum(Payment_Amount) from contract  join units U on U.Unit_ID = contract.units_Unit_ID where  building_Building_Id in (Select Building_Id from  building where Active ='1' and owner_ship_Owner_Ship_Id = O.Owner_Ship_Id )), 0)) Ejar_Taakudy_U ,
(SELECT IF((Select Sum(Payment_Amount) from building_contract  join building B on B.Building_Id = building_contract.building_Building_Id where  building_Building_Id in (Select Building_Id from  building where Active ='1' and owner_ship_Owner_Ship_Id = O.Owner_Ship_Id )) > 0, (Select Sum(Payment_Amount) from building_contract  join building B on B.Building_Id = building_contract.building_Building_Id where  building_Building_Id in (Select Building_Id from  building where Active ='1' and owner_ship_Owner_Ship_Id = O.Owner_Ship_Id )), 0)) Ejar_Taakudy_B ,




( select  Ejar_Taakudy_U + Ejar_Taakudy_B) Ejar_Taakudy_OS ,

((Select Sum(Building_Value) from building where owner_ship_Owner_Ship_Id = O.Owner_Ship_Id and Active ='1'  )+(O.Land_Value))KemtArd_KemtBena ,

( select (Ejar_Taakudy_OS*12)/(KemtArd_KemtBena)) Aed_ON_KemtAkar , 

(select (Sum_Ownership_Virtual_Value - Ejar_Taakudy_OS)*12) Farek_Sanawy



from owner_ship O 
left join  owner onr on (O.owner_Owner_Id = onr.owner_Id)


left join  zone Z on (O.zone_zone_Id = Z.zone_Id) ;
END$$

CREATE DEFINER=`AmlakREUser`@`%` PROCEDURE `Edit_B_Contract_Ownership_Unit_dropdownlist` (IN `Id` INT)  BEGIN
SELECT  B.*,
O.Owner_Ship_Id 
FROM amlak_realestate.building B
left join amlak_realestate.owner_ship O on (B.owner_ship_Owner_Ship_Id = O.Owner_Ship_Id)

where Building_Id = ID;
END$$

CREATE DEFINER=`AmlakREUser`@`%` PROCEDURE `Edit_Contract_Ownership_Unit_dropdownlist` (IN `Id` INT)  BEGIN
SELECT  U.*,
B.Building_Id ,
O.Owner_Ship_Id 


FROM amlak_realestate.units U

left join amlak_realestate.building B on (U.building_Building_Id = B.building_Id)
left join amlak_realestate.owner_ship O on (B.owner_ship_Owner_Ship_Id = O.Owner_Ship_Id)

where Unit_ID = ID;
END$$

CREATE DEFINER=`AmlakREUser`@`%` PROCEDURE `Employee_GridView` ()  BEGIN
SELECT 
E.Employee_Id , E.Employee_Arabic_name , E.Employee_Mobile , E.Employee_Photo_Path , E.Employee_Designation , 


ED.Department_Arabic_Name  , 
EL.Employee_Arabic_Level 


FROM amlak_realestate.employee E

left join amlak_realestate.department ED on (E.department_Department_Id = ED.Department_Id)
left join amlak_realestate.employee_level EL on (E.employee_level_Employee_Level_Id = EL.Employee_Level_Id);


END$$

CREATE DEFINER=`AmlakREUser`@`%` PROCEDURE `Evaluation_Chart` ()  BEGIN
 select 
( select Count(a.Persenteg) from 
 
( SELECT T.* ,  
(select Sum(Weight)  FROM  tenant_evaluation where Tenant_Id =  T.Tenants_ID )Points ,  
(SELECT IF(Points !=0, Points, 0))R_Points ,  
(SELECT IF((100 - R_Points) !=0, (100 - R_Points), 0)) Persenteg  
FROM  tenants T) a

where a.Persenteg BETWEEN 80 and 100) A ,


( select Count(a.Persenteg) from 
 
( SELECT T.* ,  
(select Sum(Weight)  FROM  tenant_evaluation where Tenant_Id =  T.Tenants_ID )Points ,  
(SELECT IF(Points !=0, Points, 0))R_Points ,  
(SELECT IF((100 - R_Points) !=0, (100 - R_Points), 0)) Persenteg  
FROM  tenants T) a

where a.Persenteg BETWEEN 60 and 79) B ,

( select Count(a.Persenteg) from 
 
( SELECT T.* ,  
(select Sum(Weight)  FROM  tenant_evaluation where Tenant_Id =  T.Tenants_ID )Points ,  
(SELECT IF(Points !=0, Points, 0))R_Points ,  
(SELECT IF((100 - R_Points) !=0, (100 - R_Points), 0)) Persenteg  
FROM  tenants T) a

where a.Persenteg BETWEEN 40 and 59) C ,


( select Count(a.Persenteg) from 
 
( SELECT T.* ,  
(select Sum(Weight)  FROM  tenant_evaluation where Tenant_Id =  T.Tenants_ID )Points ,  
(SELECT IF(Points !=0, Points, 0))R_Points ,  
(SELECT IF((100 - R_Points) !=0, (100 - R_Points), 0)) Persenteg  
FROM  tenants T) a

where a.Persenteg BETWEEN 20 and 39) D ,

( select Count(a.Persenteg) from 
 
( SELECT T.* ,  
(select Sum(Weight)  FROM  tenant_evaluation where Tenant_Id =  T.Tenants_ID )Points ,  
(SELECT IF(Points !=0, Points, 0))R_Points ,  
(SELECT IF((100 - R_Points) !=0, (100 - R_Points), 0)) Persenteg  
FROM  tenants T) a

where a.Persenteg BETWEEN 0 and 19) E,

(SELECT IF(((A/(select count(*) from tenants))*100)!= 0 , ((A/(select count(*) from tenants))*100), 0)) R_A ,
(SELECT IF(((B/(select count(*) from tenants))*100)!= 0 , ((B/(select count(*) from tenants))*100), 0)) R_B ,
(SELECT IF(((C/(select count(*) from tenants))*100)!= 0 , ((C/(select count(*) from tenants))*100), 0)) R_C ,
(SELECT IF(((D/(select count(*) from tenants))*100)!= 0 , ((D/(select count(*) from tenants))*100), 0)) R_D ,
(SELECT IF(((E/(select count(*) from tenants))*100)!= 0 , ((E/(select count(*) from tenants))*100), 0)) R_E ;
END$$

CREATE DEFINER=`AmlakREUser`@`%` PROCEDURE `Maintenance_List` (IN `Id` INT)  BEGIN
SELECT 
M.*,
U.Unit_Number ,B.Building_Arabic_Name ,O.Owner_Ship_AR_Name , 
CONCAT (Users_Ar_First_Name ,' ' ,Users_Ar_Last_Name) as User_Name,
MT.Maintenance_Arabic_Type , 
A.Assets_Arabic_Name

FROM amlak_realestate.maintenance M
left join amlak_realestate.users USR on (M.users_user_ID = USR.user_ID )

left join amlak_realestate.units U on (M.units_Unit_ID = U.Unit_ID)
left join amlak_realestate.building B on (U.building_Building_Id = B.building_Id)
left join amlak_realestate.owner_ship O on (B.owner_ship_Owner_Ship_Id = O.Owner_Ship_Id)

left join amlak_realestate.maintenance_type MT on (M.maintenance_type_Maintenance_Type_Id = MT.Maintenance_Type_Id )
left join amlak_realestate.assets A on (M.assets_Assets_Id = A.Assets_Id )
where M.units_Unit_ID = ID; 
END$$

CREATE DEFINER=`AmlakREUser`@`%` PROCEDURE `Maintenance_O_B_U` (IN `Id` INT)  BEGIN
SELECT U.* ,  O.Owner_Ship_AR_Name   , B.Building_Arabic_Name 
FROM amlak_realestate.units U

left join amlak_realestate.building B on (U.building_Building_Id = B.building_Id)
left join amlak_realestate.owner_ship O on (B.owner_ship_Owner_Ship_Id = O.Owner_Ship_Id)

where Unit_ID = ID;
END$$

CREATE DEFINER=`AmlakREUser`@`%` PROCEDURE `maintenance_request_Details` (IN `Id` INT)  BEGIN
SELECT 
MR.* ,
MG.Categoty_AR,
(E.Employee_Arabic_name)T_echnical,
(EM.Employee_Arabic_name)W_atcher,

A.Contractor_Waranty_Period,
A.Purchase_Date,
A.Waranty_Period,
A.Waranty_End_Date,
A.Waranty_Start_Date,
A.Assets_Arabic_Name

FROM amlak_realestate.maintenance_request MR
left join amlak_realestate.maintenance_categoty MG on (MR.maintenance_categoty_Categoty_Id = MG.Categoty_Id)
left join amlak_realestate.employee E on (MR.Technical = E.Employee_Id)
left join amlak_realestate.employee EM on (MR.Watcher = EM.Employee_Id)
left join amlak_realestate.assets A on (MR.assets_Assets_Id = A.Assets_Id)
where Maintenance_Request_ID = ID;
END$$

CREATE DEFINER=`AmlakREUser`@`%` PROCEDURE `maintenance_request_List` (IN `Id` INT)  BEGIN
SELECT 
MR.* ,
MG.Categoty_AR,
(E.Employee_Arabic_name)T_echnical,
(EM.Employee_Arabic_name)W_atcher,
A.Assets_Arabic_Name

FROM amlak_realestate.maintenance_request MR
left join amlak_realestate.maintenance_categoty MG on (MR.maintenance_categoty_Categoty_Id = MG.Categoty_Id)
left join amlak_realestate.employee E on (MR.Technical = E.Employee_Id)
left join amlak_realestate.employee EM on (MR.Watcher = EM.Employee_Id)
left join amlak_realestate.assets A on (MR.assets_Assets_Id = A.Assets_Id)
where complaint_report_request_Complaint_Report_Request_Id = ID;

END$$

CREATE DEFINER=`AmlakREUser`@`%` PROCEDURE `maintenance_request_site` (IN `Id` INT)  BEGIN
SELECT 
 C.tenants_Tenants_ID , C.units_Unit_ID,
U.Unit_Number ,B.Building_Arabic_Name , B.Building_Id


FROM amlak_realestate.contract C

left join amlak_realestate.units U on (C.units_Unit_ID = U.Unit_ID)
left join amlak_realestate.building B on (U.building_Building_Id = B.building_Id)

where tenants_Tenants_ID = ID;
END$$

CREATE DEFINER=`AmlakREUser`@`%` PROCEDURE `Maintenance_SubTypes_List` ()  BEGIN
select MC.* 
from amlak_realestate.maintenance_categoty MC 
where Main_Categoty !=0;
END$$

CREATE DEFINER=`AmlakREUser`@`%` PROCEDURE `M_OwnerShip` ()  select  M.*, O.Owner_Ship_AR_Name  , B.Bank_Arabic_Name , 
IF((Mortgage_Value - (TIMESTAMPDIFF(MONTH, Start_Date , Now()) *  Installment_Value )) > 0,
 (Mortgage_Value - (TIMESTAMPDIFF(MONTH, Start_Date , Now()) *  Installment_Value )), "0") Remaining_Amount,
(TIMESTAMPDIFF(MONTH, Start_Date , Now()) *  Installment_Value )Amount_Paid,
IF((Mortgage_Value - (TIMESTAMPDIFF(MONTH, Start_Date , Now()) *  Installment_Value )/Installment_Value)>0, 
cast(((Mortgage_Value - (TIMESTAMPDIFF(MONTH, Start_Date , Now()) *  Installment_Value ))/Installment_Value) as decimal(10,0)), "0")Remaining_Installments
from mortgaged_wonership M
left join owner_ship O on (M.Ownership_Id = O.Owner_Ship_Id)
left join bank B on (M.Bank_Id = B.Bank_Id)$$

CREATE DEFINER=`AmlakREUser`@`%` PROCEDURE `New_OWnership_Excel_report` ()  select Z.zone_number ,  Z.zone_arabic_name , onr.Owner_Arabic_name , 
 O.* ,  
(Select count(*) from building where owner_ship_Owner_Ship_Id = O.Owner_Ship_Id and Active ='1'  )buildingCount, 
(Select CAST( CONCAT 
( 
'شقة : ', (Select count(*) from units join  unit_type ut on ut.Unit_Type_Id = units.unit_type_Unit_Type_Id where Half ='0' and building_Building_Id in ( Select Building_Id from  building where Active ='1'  and  owner_ship_Owner_Ship_Id = O.Owner_Ship_Id and  Unit_English_Type = 'apartment')),  
 '  /  ',  
'مكتب : ', (Select count(*) from units join  unit_type ut on ut.Unit_Type_Id = units.unit_type_Unit_Type_Id where Half ='0' and building_Building_Id in (Select Building_Id from  building where Active ='1'  and owner_ship_Owner_Ship_Id = O.Owner_Ship_Id and Unit_English_Type = 'Office' )), 
'  /  ',  
'محل : ', (Select count(*) from units join  unit_type ut on ut.Unit_Type_Id = units.unit_type_Unit_Type_Id where Half ='0' and building_Building_Id in (Select Building_Id from  building where Active ='1'  and owner_ship_Owner_Ship_Id = O.Owner_Ship_Id and Unit_English_Type = 'store' ))  
)as char) 
 from  units LIMIT 1 )Unit_Type  , 
 
(SELECT IF((Select Sum(Payment_Amount) from contract  join units U on U.Unit_ID = contract.units_Unit_ID where  building_Building_Id in (Select Building_Id from  building where Active ='1' and owner_ship_Owner_Ship_Id = O.Owner_Ship_Id )) != 0, (Select Sum(Payment_Amount) from contract  join units U on U.Unit_ID = contract.units_Unit_ID where  building_Building_Id in (Select Building_Id from  building where Active ='1' and owner_ship_Owner_Ship_Id = O.Owner_Ship_Id )), 0)) Ejar_Taakudy_U , 
(SELECT IF((Select Sum(Payment_Amount) from building_contract  join building B on B.Building_Id = building_contract.building_Building_Id where  building_Building_Id in (Select Building_Id from  building where Active ='1' and owner_ship_Owner_Ship_Id = O.Owner_Ship_Id )) != 0, (Select Sum(Payment_Amount) from building_contract  join building B on B.Building_Id = building_contract.building_Building_Id where  building_Building_Id in (Select Building_Id from  building where Active ='1' and owner_ship_Owner_Ship_Id = O.Owner_Ship_Id )), 0)) Ejar_Taakudy_B ,

  
(Select Sum(virtual_Value) from units  where Half ='0' and building_Building_Id in ( Select Building_Id from  building where Active ='1' and  owner_ship_Owner_Ship_Id = O.Owner_Ship_Id )) Dakhel_Shahry_Ifterady , 
(SELECT IF((select Sum(Building_Value) from building where owner_ship_Owner_Ship_Id = O.Owner_Ship_Id) !=0, (select Sum(Building_Value) from building where owner_ship_Owner_Ship_Id = O.Owner_Ship_Id), 0)) Kemet_Mabany,
(select Sum(Collection) from collection_table where Ownersip_Id = O.Owner_Ship_Id) Muhasal_Sanawy ,
(select (Dakhel_Shahry_Ifterady *12)/Kemet_Mabany) AedIftirady_ON_Kemet_Mabany ,
(select (Ejar_Taakudy_U  + Ejar_Taakudy_B)/12) Ejar_Shary_taakudy ,
(select (Ejar_Shary_taakudy - Dakhel_Shahry_Ifterady )*12) Farek_Sanawy ,
( select  Kemet_Mabany + O.Land_Value) Kema_Kulia ,
( select  (Ejar_Shary_taakudy *12) / (Kema_Kulia)) Aed_ON_KemtAkar ,
( select  (Muhasal_Sanawy - Dakhel_Shahry_Ifterady) * 12) Farek_Tahseel ,

( select  (Kemet_Mabany / Muhasal_Sanawy) ) Esterdad ,

(SELECT IF(Dakhel_Shahry_Ifterady != 0 , Dakhel_Shahry_Ifterady, 0)) Onee , 
(SELECT IF(Kemet_Mabany != 0 , Kemet_Mabany, 0)) Two , 
(SELECT IF(Muhasal_Sanawy != 0 , Muhasal_Sanawy, 0)) Three , 
(SELECT IF(AedIftirady_ON_Kemet_Mabany != 0 , AedIftirady_ON_Kemet_Mabany, 0)) Four , 
(SELECT IF(Ejar_Shary_taakudy != 0 , Ejar_Shary_taakudy, 0)) Five  ,
(SELECT IF(Farek_Sanawy != 0 , Farek_Sanawy, 0)) Six ,
(SELECT IF(Kema_Kulia != 0 , Kema_Kulia, 0)) Seven ,
(SELECT IF(Aed_ON_KemtAkar != 0 , Aed_ON_KemtAkar, 0)) Eghit ,
(SELECT IF(Farek_Tahseel != 0 , Farek_Tahseel, 0)) Nine ,
(SELECT IF(Esterdad != 0 , Esterdad, 0)) Ten ,


M.* , Bnk.Bank_Arabic_Name ,
(TIMESTAMPDIFF(MONTH, M.Start_Date , Now()) *  M.Installment_Value )Amount_Paid , 
(select IF((Mortgage_Value - (TIMESTAMPDIFF(MONTH, M.Start_Date , Now()) *  M.Installment_Value )) != 0,
 (M.Mortgage_Value - (TIMESTAMPDIFF(MONTH, M.Start_Date , Now()) *  M.Installment_Value )), 0)) Remaining_Amount ,
 
 (SELECT IF((Remaining_Amount/Installment_Value) != 0 , (Remaining_Amount/Installment_Value), 0)) Remaining_Time ,
 ( SELECT Statment_Path from ownership_statment where  Statment_Id = (SELECT MAX(Statment_Id) AS LastInsertedID from ownership_statment where Ownership_Id = O.Owner_Ship_Id ))Statment_Id ,

(Select count(*) from units join  unit_condition uc on uc.Unit_Condition_Id = units.unit_condition_Unit_Condition_Id where Half ='0' and building_Building_Id in ( Select Building_Id from  building where Active ='1' and   owner_ship_Owner_Ship_Id = O.Owner_Ship_Id and  Unit_Condition_Id = '1'))Muajar ,
(Select count(*) from units join  unit_condition uc on uc.Unit_Condition_Id = units.unit_condition_Unit_Condition_Id where Half ='0' and building_Building_Id in ( Select Building_Id from  building where Active ='1' and   owner_ship_Owner_Ship_Id = O.Owner_Ship_Id and  Unit_Condition_Id = '2'))Shager ,
(Select count(*) from units join  unit_condition uc on uc.Unit_Condition_Id = units.unit_condition_Unit_Condition_Id where Half ='0' and building_Building_Id in ( Select Building_Id from  building where Active ='1' and   owner_ship_Owner_Ship_Id = O.Owner_Ship_Id and  Unit_Condition_Id = '3'))Inshaa , 
(Select count(*) from units join  unit_condition uc on uc.Unit_Condition_Id = units.unit_condition_Unit_Condition_Id where Half ='0' and building_Building_Id in ( Select Building_Id from  building where Active ='1' and   owner_ship_Owner_Ship_Id = O.Owner_Ship_Id and  Unit_Condition_Id = '4'))Nizza ,

(SELECT IF(Muajar!=0 , Muajar, 0)) R_Muajar,
(SELECT IF(Shager!=0, Shager, 0)) R_Shager,
(SELECT IF(Inshaa!=0, Inshaa, 0)) R_Inshaa ,
(SELECT IF(Nizza!=0, Nizza, 0)) R_Inshaa 

from owner_ship O  
left join  owner onr on (O.owner_Owner_Id = onr.owner_Id) 
left join  zone Z on (O.zone_zone_Id = Z.zone_Id)  

left join  mortgaged_wonership M on (M.Ownership_Id = O.Owner_Ship_Id) 
left join  bank Bnk on (Bnk.Bank_Id = M.Bank_Id)

ORDER BY O.zone_zone_Id$$

CREATE DEFINER=`AmlakREUser`@`%` PROCEDURE `new_procedure` (IN `Id` INT)  BEGIN
SELECT  B.Building_Arabic_Name   , Z.zone_arabic_name , S.Street_arabic_name , onr.Owner_English_name ,
OS.ownership_english_status

FROM amlak_realestate.building B
left join amlak_realestate.owner_ship O on (B.owner_ship_Owner_Ship_Id = O.owner_Ship_Id)
left join amlak_realestate.zone Z on (O.zone_zone_Id = Z.zone_Id) 
left join amlak_realestate.Street S on (O.Street_Street_Id = S.Street_Id) 

left join amlak_realestate.Owner onr on (O.owner_Owner_Id = onr.Owner_Id)

left join amlak_realestate.ownership_status OS on (O.ownership_status_ownership_status_id = OS.ownership_status_id)
where Building_Id = ID;
END$$

CREATE DEFINER=`AmlakREUser`@`%` PROCEDURE `Onership_Excel_report` (IN `Id` INT)  BEGIN
select Z.zone_number ,  Z.zone_arabic_name , onr.Owner_Arabic_name , 
 O.* ,  
(Select count(*) from building where owner_ship_Owner_Ship_Id = O.Owner_Ship_Id and Active ='1'  )buildingCount, 
(Select CAST( CONCAT 
( 
'شقة : ', (Select count(*) from units join  unit_type ut on ut.Unit_Type_Id = units.unit_type_Unit_Type_Id where Half ='0' and building_Building_Id in ( Select Building_Id from  building where Active ='1'  and  owner_ship_Owner_Ship_Id = O.Owner_Ship_Id and  Unit_English_Type = 'apartment')),  
 '  /  ',  
'مكتب : ', (Select count(*) from units join  unit_type ut on ut.Unit_Type_Id = units.unit_type_Unit_Type_Id where Half ='0' and building_Building_Id in (Select Building_Id from  building where Active ='1'  and owner_ship_Owner_Ship_Id = O.Owner_Ship_Id and Unit_English_Type = 'Office' )), 
'  /  ',  
'محل : ', (Select count(*) from units join  unit_type ut on ut.Unit_Type_Id = units.unit_type_Unit_Type_Id where Half ='0' and building_Building_Id in (Select Building_Id from  building where Active ='1'  and owner_ship_Owner_Ship_Id = O.Owner_Ship_Id and Unit_English_Type = 'store' ))  
)as char) 
 from  units LIMIT 1 )Unit_Type  , 
 
(SELECT IF((Select Sum(Payment_Amount) from contract  join units U on U.Unit_ID = contract.units_Unit_ID where  building_Building_Id in (Select Building_Id from  building where Active ='1' and owner_ship_Owner_Ship_Id = O.Owner_Ship_Id )) != 0, (Select Sum(Payment_Amount) from contract  join units U on U.Unit_ID = contract.units_Unit_ID where  building_Building_Id in (Select Building_Id from  building where Active ='1' and owner_ship_Owner_Ship_Id = O.Owner_Ship_Id )), 0)) Ejar_Taakudy_U , 
(SELECT IF((Select Sum(Payment_Amount) from building_contract  join building B on B.Building_Id = building_contract.building_Building_Id where  building_Building_Id in (Select Building_Id from  building where Active ='1' and owner_ship_Owner_Ship_Id = O.Owner_Ship_Id )) != 0, (Select Sum(Payment_Amount) from building_contract  join building B on B.Building_Id = building_contract.building_Building_Id where  building_Building_Id in (Select Building_Id from  building where Active ='1' and owner_ship_Owner_Ship_Id = O.Owner_Ship_Id )), 0)) Ejar_Taakudy_B ,

  
(Select Sum(virtual_Value) from units  where Half ='0' and building_Building_Id in ( Select Building_Id from  building where Active ='1' and  owner_ship_Owner_Ship_Id = O.Owner_Ship_Id )) Dakhel_Shahry_Ifterady , 
(SELECT IF((select Sum(Building_Value) from building where owner_ship_Owner_Ship_Id = O.Owner_Ship_Id) !=0, (select Sum(Building_Value) from building where owner_ship_Owner_Ship_Id = O.Owner_Ship_Id), 0)) Kemet_Mabany,
(select Sum(Collection) from collection_table where Ownersip_Id = O.Owner_Ship_Id) Muhasal_Sanawy ,
(select (Dakhel_Shahry_Ifterady *12)/Kemet_Mabany) AedIftirady_ON_Kemet_Mabany ,
(select (Ejar_Taakudy_U  + Ejar_Taakudy_B)/12) Ejar_Shary_taakudy ,
(select (Ejar_Shary_taakudy - Dakhel_Shahry_Ifterady )*12) Farek_Sanawy ,
( select  Kemet_Mabany + O.Land_Value) Kema_Kulia ,
( select  (Ejar_Shary_taakudy *12) / (Kema_Kulia)) Aed_ON_KemtAkar ,
( select  (Muhasal_Sanawy - Dakhel_Shahry_Ifterady) * 12) Farek_Tahseel ,

( select  (Kemet_Mabany / Muhasal_Sanawy) ) Esterdad ,

(SELECT IF(Dakhel_Shahry_Ifterady != 0 , Dakhel_Shahry_Ifterady, 0)) Onee , 
(SELECT IF(Kemet_Mabany != 0 , Kemet_Mabany, 0)) Two , 
(SELECT IF(Muhasal_Sanawy != 0 , Muhasal_Sanawy, 0)) Three , 
(SELECT IF(AedIftirady_ON_Kemet_Mabany != 0 , AedIftirady_ON_Kemet_Mabany, 0)) Four , 
(SELECT IF(Ejar_Shary_taakudy != 0 , Ejar_Shary_taakudy, 0)) Five  ,
(SELECT IF(Farek_Sanawy != 0 , Farek_Sanawy, 0)) Six ,
(SELECT IF(Kema_Kulia != 0 , Kema_Kulia, 0)) Seven ,
(SELECT IF(Aed_ON_KemtAkar != 0 , Aed_ON_KemtAkar, 0)) Eghit ,
(SELECT IF(Farek_Tahseel != 0 , Farek_Tahseel, 0)) Nine ,
(SELECT IF(Esterdad != 0 , Esterdad, 0)) Ten ,




M.* , Bnk.Bank_Arabic_Name ,
(TIMESTAMPDIFF(MONTH, M.Start_Date , Now()) *  M.Installment_Value )Amount_Paid , 
(select IF((Mortgage_Value - (TIMESTAMPDIFF(MONTH, M.Start_Date , Now()) *  M.Installment_Value )) > 0,
 (M.Mortgage_Value - (TIMESTAMPDIFF(MONTH, M.Start_Date , Now()) *  M.Installment_Value )), "0")) Remaining_Amount ,
 
 (SELECT IF((Remaining_Amount/Installment_Value) != 0 , (Remaining_Amount/Installment_Value), 0)) Remaining_Time ,
 ( SELECT Statment_Path from ownership_statment where  Statment_Id = (SELECT MAX(Statment_Id) AS LastInsertedID from ownership_statment where Ownership_Id = O.Owner_Ship_Id ))Statment_Id ,

(Select count(*) from units join  unit_condition uc on uc.Unit_Condition_Id = units.unit_condition_Unit_Condition_Id where Half ='0' and building_Building_Id in ( Select Building_Id from  building where Active ='1' and   owner_ship_Owner_Ship_Id = O.Owner_Ship_Id and  Unit_Condition_Id = '1'))Muajar ,
(Select count(*) from units join  unit_condition uc on uc.Unit_Condition_Id = units.unit_condition_Unit_Condition_Id where Half ='0' and building_Building_Id in ( Select Building_Id from  building where Active ='1' and   owner_ship_Owner_Ship_Id = O.Owner_Ship_Id and  Unit_Condition_Id = '2'))Shager ,
(Select count(*) from units join  unit_condition uc on uc.Unit_Condition_Id = units.unit_condition_Unit_Condition_Id where Half ='0' and building_Building_Id in ( Select Building_Id from  building where Active ='1' and   owner_ship_Owner_Ship_Id = O.Owner_Ship_Id and  Unit_Condition_Id = '3'))Inshaa , 
(Select count(*) from units join  unit_condition uc on uc.Unit_Condition_Id = units.unit_condition_Unit_Condition_Id where Half ='0' and building_Building_Id in ( Select Building_Id from  building where Active ='1' and   owner_ship_Owner_Ship_Id = O.Owner_Ship_Id and  Unit_Condition_Id = '4'))Nizza ,



(SELECT IF(Muajar != 0 , Muajar , 0)) R_Muajar  , 
(SELECT IF(Shager != 0 , Shager , 0)) R_Shager , 
(SELECT IF(Inshaa != 0 , Inshaa , 0)) R_Inshaa , 
(SELECT IF(Nizza != 0 , Nizza , 0)) R_Nizza 




from owner_ship O 
left join  owner onr on (O.owner_Owner_Id = onr.owner_Id) 
left join  zone Z on (O.zone_zone_Id = Z.zone_Id)  

left join  mortgaged_wonership M on (M.Ownership_Id = O.Owner_Ship_Id) 
left join  bank Bnk on (Bnk.Bank_Id = M.Bank_Id) 



Where O.Owner_Ship_Id = ID;
END$$

CREATE DEFINER=`AmlakREUser`@`%` PROCEDURE `Ownership_Details` (IN `Id` INT)  BEGIN
SELECT 
 O.* ,
onr.Owner_Arabic_name  , 
Z.zone_number ,  Z.zone_arabic_name ,
( SELECT Statment_Path from ownership_statment where  Statment_Id = (SELECT MAX(Statment_Id) AS LastInsertedID from ownership_statment where Ownership_Id = O.Owner_Ship_Id ))Statment_Id




FROM amlak_realestate.owner_ship O

left join amlak_realestate.owner onr on (O.owner_Owner_Id = onr.owner_Id)
left join amlak_realestate.zone Z on (O.zone_zone_Id = Z.zone_Id)




where Owner_Ship_Id = ID;
END$$

CREATE DEFINER=`AmlakREUser`@`%` PROCEDURE `OwnerShip_Test_4` (IN `OS_N` VARCHAR(200), IN `OS_Code` VARCHAR(200), IN `Z_N` VARCHAR(200))  BEGIN
select Z.zone_number ,  Z.zone_arabic_name , onr.Owner_Arabic_name , 
 O.* ,  
(Select count(*) from building where owner_ship_Owner_Ship_Id = O.Owner_Ship_Id and Active ='1'  )buildingCount, 
(Select CAST( CONCAT 
( 
'شقة : ', (Select count(*) from units join  unit_type ut on ut.Unit_Type_Id = units.unit_type_Unit_Type_Id where Half ='0' and building_Building_Id in ( Select Building_Id from  building where Active ='1'  and  owner_ship_Owner_Ship_Id = O.Owner_Ship_Id and  Unit_English_Type = 'apartment')),  
 '  /  ',  
'مكتب : ', (Select count(*) from units join  unit_type ut on ut.Unit_Type_Id = units.unit_type_Unit_Type_Id where Half ='0' and building_Building_Id in (Select Building_Id from  building where Active ='1'  and owner_ship_Owner_Ship_Id = O.Owner_Ship_Id and Unit_English_Type = 'Office' )), 
'  /  ',  
'محل : ', (Select count(*) from units join  unit_type ut on ut.Unit_Type_Id = units.unit_type_Unit_Type_Id where Half ='0' and building_Building_Id in (Select Building_Id from  building where Active ='1'  and owner_ship_Owner_Ship_Id = O.Owner_Ship_Id and Unit_English_Type = 'store' ))  
)as char) 
 from  units LIMIT 1 )Unit_Type  , 
 
(SELECT IF((Select Sum(Payment_Amount) from contract  join units U on U.Unit_ID = contract.units_Unit_ID where  building_Building_Id in (Select Building_Id from  building where Active ='1' and owner_ship_Owner_Ship_Id = O.Owner_Ship_Id )) != 0, (Select Sum(Payment_Amount) from contract  join units U on U.Unit_ID = contract.units_Unit_ID where  building_Building_Id in (Select Building_Id from  building where Active ='1' and owner_ship_Owner_Ship_Id = O.Owner_Ship_Id )), 0)) Ejar_Taakudy_U , 
(SELECT IF((Select Sum(Payment_Amount) from building_contract  join building B on B.Building_Id = building_contract.building_Building_Id where  building_Building_Id in (Select Building_Id from  building where Active ='1' and owner_ship_Owner_Ship_Id = O.Owner_Ship_Id )) != 0, (Select Sum(Payment_Amount) from building_contract  join building B on B.Building_Id = building_contract.building_Building_Id where  building_Building_Id in (Select Building_Id from  building where Active ='1' and owner_ship_Owner_Ship_Id = O.Owner_Ship_Id )), 0)) Ejar_Taakudy_B ,

  
(Select Sum(virtual_Value) from units  where Half ='0' and building_Building_Id in ( Select Building_Id from  building where Active ='1' and  owner_ship_Owner_Ship_Id = O.Owner_Ship_Id )) Dakhel_Shahry_Ifterady , 
(SELECT IF((select Sum(Building_Value) from building where owner_ship_Owner_Ship_Id = O.Owner_Ship_Id) !=0, (select Sum(Building_Value) from building where owner_ship_Owner_Ship_Id = O.Owner_Ship_Id), 0)) Kemet_Mabany,
(select Sum(Collection) from collection_table where Ownersip_Id = O.Owner_Ship_Id) Muhasal_Sanawy ,
(select (Dakhel_Shahry_Ifterady *12)/Kemet_Mabany) AedIftirady_ON_Kemet_Mabany ,
(select (Ejar_Taakudy_U  + Ejar_Taakudy_B)/12) Ejar_Shary_taakudy ,
(select (Ejar_Shary_taakudy - Dakhel_Shahry_Ifterady )*12) Farek_Sanawy ,
( select  Kemet_Mabany + O.Land_Value) Kema_Kulia ,
( select  (Ejar_Shary_taakudy *12) / (Kema_Kulia)) Aed_ON_KemtAkar ,
( select  (Muhasal_Sanawy - Dakhel_Shahry_Ifterady) * 12) Farek_Tahseel ,

(SELECT IF(Dakhel_Shahry_Ifterady != 0 , Dakhel_Shahry_Ifterady, 0)) Onee , 
(SELECT IF(Kemet_Mabany != 0 , Kemet_Mabany, 0)) Two , 
(SELECT IF(Muhasal_Sanawy != 0 , Muhasal_Sanawy, 0)) Three , 
(SELECT IF(AedIftirady_ON_Kemet_Mabany != 0 , AedIftirady_ON_Kemet_Mabany, 0)) Four , 
(SELECT IF(Ejar_Shary_taakudy != 0 , Ejar_Shary_taakudy, 0)) Five  ,
(SELECT IF(Farek_Sanawy != 0 , Farek_Sanawy, 0)) Six ,
(SELECT IF(Kema_Kulia != 0 , Kema_Kulia, 0)) Seven ,
(SELECT IF(Aed_ON_KemtAkar != 0 , Aed_ON_KemtAkar, 0)) Eghit ,
(SELECT IF(Farek_Tahseel != 0 , Farek_Tahseel, 0)) Nine


from owner_ship O 
left join  owner onr on (O.owner_Owner_Id = onr.owner_Id) 
left join  zone Z on (O.zone_zone_Id = Z.zone_Id)  
Where   
O.Owner_Ship_AR_Name like CONCAT('%', OS_N, '%') 
or O.owner_ship_Code like CONCAT('%', OS_Code, '%')
or Z.zone_arabic_name like CONCAT('%', Z_N, '%');
END$$

CREATE DEFINER=`AmlakREUser`@`%` PROCEDURE `Periodec_Maintenance` (IN `Id` INT, IN `O_Id` INT(200), IN `B_Id` INT(200))  BEGIN
SELECT PM.*,
A.Assets_Arabic_Name ,
O.Owner_Ship_AR_Name,
B.Building_Arabic_Name ,
U.Unit_Number,
(EM1.Employee_Arabic_name)Em1 , 
(EM2.Employee_Arabic_name)Em2 ,
(EM3.Employee_Arabic_name)Em3,
(EM4.Employee_Arabic_name)Em4,
(EM5.Employee_Arabic_name)Em5 , 
(EM6.Employee_Arabic_name)Em6 ,
(EM7.Employee_Arabic_name)Em7,
(EM8.Employee_Arabic_name)Em8,
(EM9.Employee_Arabic_name)Em9 , 
(EM10.Employee_Arabic_name)Em10 ,
(EM11.Employee_Arabic_name)Em11,
(EM12.Employee_Arabic_name)Em12



FROM periodic_maintenence PM

left join amlak_realestate.assets A on (PM.Asset_ID = A.Assets_Id)
left join amlak_realestate.owner_ship O on (A.OwnerShip_Id = O.Owner_Ship_Id)
left join amlak_realestate.building B on (A.Building_ID = B.Building_Id)
left join amlak_realestate.units U on (A.Unit_Id = U.Unit_ID)

left join amlak_realestate.employee EM1 on (PM.E_M_1 = EM1.Employee_Id)
left join amlak_realestate.employee EM2 on (PM.E_M_2 = EM2.Employee_Id)
left join amlak_realestate.employee EM3 on (PM.E_M_3 = EM3.Employee_Id)
left join amlak_realestate.employee EM4 on (PM.E_M_4 = EM4.Employee_Id)
left join amlak_realestate.employee EM5 on (PM.E_M_5 = EM5.Employee_Id)
left join amlak_realestate.employee EM6 on (PM.E_M_6 = EM6.Employee_Id)
left join amlak_realestate.employee EM7 on (PM.E_M_7 = EM7.Employee_Id)
left join amlak_realestate.employee EM8 on (PM.E_M_8 = EM8.Employee_Id)
left join amlak_realestate.employee EM9 on (PM.E_M_9 = EM9.Employee_Id)
left join amlak_realestate.employee EM10 on (PM.E_M_10 = EM10.Employee_Id)
left join amlak_realestate.employee EM11 on (PM.E_M_11 = EM11.Employee_Id)
left join amlak_realestate.employee EM12 on (PM.E_M_12 = EM12.Employee_Id)

where Year = ID and (Owner_Ship_AR_Name like CONCAT('%', O_Id, '%') or Building_Arabic_Name like CONCAT('%', B_Id, '%'));


END$$

CREATE DEFINER=`AmlakREUser`@`%` PROCEDURE `Periodec_Maintenance_New` ()  BEGIN
select
 A.* ,
AL.Asset_Arabic_Location,
AC.Asset_Arabic_Condition,
V.Vendor_Arabic_Type,
MC.Categoty_AR, MC.Categoty_Id ,
E.Employee_Arabic_name,
I.Inventory_arabic_name,
O.Owner_Ship_AR_Name,
B.Building_Arabic_Name,
U.Unit_Number

FROM  assets A

left join  asset_location AL on (A.asset_location_Asset_Location_Id = AL.Asset_Location_Id)
left join  asset_condition AC on (A.asset_condition_Asset_Condition_Id = AC.Asset_Condition_Id)
left join  vendor_typ V on (A.vendor_type_Vendor_Type_Id = V.Vendor_Type_Id)
left join  maintenance_categoty MC on (A.maintenance_categoty_Categoty_Id = MC.Categoty_Id)
left join  employee E on (A.Buyer = E.Employee_Id)
left join  inventory I on (A.Inventory_Id = I.Inventory_Id)
left join  owner_ship O on (A.OwnerShip_Id = O.Owner_Ship_Id)
left join  building B on (A.Building_ID = B.Building_Id)
left join  units U on (A.Unit_Id = U.Unit_ID)
where MC.Categoty_Id = 13 or MC.Categoty_Id = 15 or MC.Categoty_Id = 36 ;
END$$

CREATE DEFINER=`AmlakREUser`@`%` PROCEDURE `Tenant_Details` (IN `Id` INT)  BEGIN
Select T.*,
TY.Tenant_Arabic_Type , Crep.Com_rep_Ar_Name ,
N.Arabic_nationality
 
FROM  tenants T
left join  tenant_type TY on (T.tenant_type_Tenant_Type_Id = TY.Tenant_Type_Id)
left join  nationality N on (T.nationality_nationality_ID = N.nationality_ID)
left join  company_representative Crep on (Crep.tenants_Tenants_ID = T.Tenants_ID)
where Tenants_ID = ID;
END$$

CREATE DEFINER=`AmlakREUser`@`%` PROCEDURE `Unit_Details` (IN `Id` INT)  BEGIN
SELECT 
U.*, 


UT.Unit_Arabic_Type  , 
UC.Unit_Arabic_Condition ,
UD.Unit_Arabic_Detail , 
B.Building_Arabic_Name ,
FC.Furniture_Ar_case


FROM amlak_realestate.units U

left join amlak_realestate.unit_type UT on (U.unit_type_Unit_Type_Id = UT.Unit_Type_Id)
left join amlak_realestate.unit_condition UC on (U.unit_condition_Unit_Condition_Id = UC.Unit_Condition_Id)
left join amlak_realestate.unit_detail UD on (U.unit_detail_Unit_Detail_Id = UD.Unit_Detail_Id)
left join amlak_realestate.building B on (U.building_Building_Id = B.Building_Id)
left join amlak_realestate.furniture_case FC on (U.furniture_case_Furniture_case_Id = FC.Furniture_case_Id)

where Unit_ID = ID;
END$$

CREATE DEFINER=`AmlakREUser`@`%` PROCEDURE `Unit_List` ()  BEGIN
SELECT 
U.* , 

U.Image_One_Path , 
U.Image_Two_Path , 
U.Image_Three_Path ,
U.Image_Four_Path ,  


UT.Unit_Arabic_Type  , 
UC.Unit_Arabic_Condition ,
UD.Unit_Arabic_Detail , 
B.Building_Arabic_Name ,
B.Building_NO ,
O.Owner_Ship_AR_Name,
O.Street_NO,
O.Street_Name ,  
O.owner_ship_Code


FROM  units U

left join  unit_type UT on (U.unit_type_Unit_Type_Id = UT.Unit_Type_Id)
left join  unit_condition UC on (U.unit_condition_Unit_Condition_Id = UC.Unit_Condition_Id)
left join  unit_detail UD on (U.unit_detail_Unit_Detail_Id = UD.Unit_Detail_Id)
left join  building B on (U.building_Building_Id = B.Building_Id)
left join  owner_ship O on (B.owner_ship_Owner_Ship_Id = O.Owner_Ship_Id)
where U.Half = '0'
order by O.owner_ship_Code ASC;
END$$

CREATE DEFINER=`AmlakREUser`@`%` PROCEDURE `Unit_List_In_Building_Details` (IN `Id` INT)  BEGIN
SELECT 
U.* ,
UT.Unit_Arabic_Type  , 
UC.Unit_Arabic_Condition ,
UD.Unit_Arabic_Detail , 
B.Building_Arabic_Name ,

 

(Select Sum(Collection) from collection_table where Unit_Id = U.Unit_ID ) Muhasal_Fulyy ,


(SELECT IF((select count(units_Unit_ID) from contract where units_Unit_ID = U.Unit_ID) > 0,  
(Select Sum(Collection) from collection_table where Unit_Id = U.Unit_ID ),
 (Select Sum(Collection) from collection_table where Building_Id = U.building_Building_Id )/  (SELECT COUNT(`Unit_ID`) from units WHERE `building_Building_Id` = U.building_Building_Id)))Muhasal_Fuly ,



(SELECT IF((select count(units_Unit_ID) from contract where units_Unit_ID = U.Unit_ID) > 0,  
((select Payment_Amount from contract where units_Unit_ID = U.Unit_ID AND SUBSTRING(End_Date,7,4)>= YEAR(CURDATE())  GROUP BY units_Unit_ID)/  (SELECT COUNT(`Unit_ID`) from units WHERE `building_Building_Id` = U.building_Building_Id)   ),
((Select  Payment_Amount from building_contract BC where building_Building_Id = U.building_Building_Id AND SUBSTRING(End_Date,7,4)>= YEAR(CURDATE()) GROUP BY building_Building_Id)/(SELECT COUNT(`Unit_ID`) from units WHERE `building_Building_Id` = U.building_Building_Id))))Payment_Amount ,
 
 (SELECT IF((select count(units_Unit_ID) from contract where units_Unit_ID = U.Unit_ID) > 0,  
(select tenants_Tenants_ID from contract where units_Unit_ID = U.Unit_ID AND SUBSTRING(End_Date,7,4)>= YEAR(CURDATE())  GROUP BY units_Unit_ID),
 (Select  tenants_Tenants_ID from building_contract BC where building_Building_Id = U.building_Building_Id AND SUBSTRING(End_Date,7,4)>= YEAR(CURDATE()) GROUP BY building_Building_Id)))tenants_Tenants_ID ,
 
 (SELECT IF((select count(units_Unit_ID) from contract where units_Unit_ID = U.Unit_ID) > 0,  
(select Paymen_Method from contract where units_Unit_ID = U.Unit_ID AND SUBSTRING(End_Date,7,4)>= YEAR(CURDATE())  GROUP BY units_Unit_ID),
 (Select  Paymen_Method from building_contract BC where building_Building_Id = U.building_Building_Id AND SUBSTRING(End_Date,7,4)>= YEAR(CURDATE()) GROUP BY building_Building_Id)))Paymen_Method ,
 
 (SELECT IF((select count(units_Unit_ID) from contract where units_Unit_ID = U.Unit_ID) > 0,  
(select Start_Date from contract where units_Unit_ID = U.Unit_ID AND SUBSTRING(End_Date,7,4)>= YEAR(CURDATE())  GROUP BY units_Unit_ID),
 (Select  Start_Date from building_contract BC where building_Building_Id = U.building_Building_Id AND SUBSTRING(End_Date,7,4)>= YEAR(CURDATE()) GROUP BY building_Building_Id)))Start_Date , 
 
 (SELECT IF((select count(units_Unit_ID) from contract where units_Unit_ID = U.Unit_ID) > 0,  
(select End_Date from contract where units_Unit_ID = U.Unit_ID AND SUBSTRING(End_Date,7,4)>= YEAR(CURDATE())  GROUP BY units_Unit_ID),
 (Select  End_Date from building_contract BC where building_Building_Id = U.building_Building_Id AND SUBSTRING(End_Date,7,4)>= YEAR(CURDATE()) GROUP BY building_Building_Id)))End_Date , 
 
 (SELECT IF((select count(units_Unit_ID) from contract where units_Unit_ID = U.Unit_ID) > 0,  
(select Contract_Id from contract where units_Unit_ID = U.Unit_ID AND SUBSTRING(End_Date,7,4)>= YEAR(CURDATE())  GROUP BY units_Unit_ID),
 (Select  Contract_Id from building_contract BC where building_Building_Id = U.building_Building_Id AND SUBSTRING(End_Date,7,4)>= YEAR(CURDATE()) GROUP BY building_Building_Id)))Contract_Id , 
 
 
 (SELECT Tenants_Arabic_Name from tenants WHERE Tenants_ID = tenants_Tenants_ID) Tenants_Arabic_Name,
 
 (select Sum(Weight)  FROM  tenant_evaluation where Tenant_Id =  tenants_Tenants_ID )Points ,
(SELECT IF(Points !=0, Points, 0))R_Points ,
(SELECT IF((100 - R_Points) !=0, (100 - R_Points), 0)) Persenteg ,
(SELECT IF(Persenteg >0, Persenteg , 0)) R_Persenteg ,

((SELECT IF((select count(units_Unit_ID) from contract where units_Unit_ID = U.Unit_ID) > 0,  
((select Payment_Amount from contract where units_Unit_ID = U.Unit_ID AND SUBSTRING(End_Date,7,4)>= YEAR(CURDATE())  GROUP BY units_Unit_ID)/  (SELECT COUNT(`Unit_ID`) from units WHERE `building_Building_Id` = U.building_Building_Id)   ),
((Select  Payment_Amount from building_contract BC where building_Building_Id = U.building_Building_Id AND SUBSTRING(End_Date,7,4)>= YEAR(CURDATE()) GROUP BY building_Building_Id)/(SELECT COUNT(`Unit_ID`) from units WHERE `building_Building_Id` = U.building_Building_Id)))) * 12) Muhasal_Muftarad



FROM  units U

left join  unit_type UT on (U.unit_type_Unit_Type_Id = UT.Unit_Type_Id)
left join  unit_condition UC on (U.unit_condition_Unit_Condition_Id = UC.Unit_Condition_Id)
left join  unit_detail UD on (U.unit_detail_Unit_Detail_Id = UD.Unit_Detail_Id)
left join  building B on (U.building_Building_Id = B.Building_Id)


where U.building_Building_Id = ID and  U.Half = '0';
END$$

DELIMITER ;

-- --------------------------------------------------------

--
-- Table structure for table `arcive_building`
--

CREATE TABLE `arcive_building` (
  `Building_Id` int(11) NOT NULL,
  `Half_Building_ID` varchar(50) DEFAULT NULL,
  `owner_ship_Owner_Ship_Id` int(11) NOT NULL,
  `building_condition_Building_Condition_Id` int(11) NOT NULL,
  `building_type_Building_Type_Id` int(11) NOT NULL,
  `Building_English_Name` varchar(200) NOT NULL,
  `Building_Arabic_Name` varchar(200) NOT NULL,
  `electricity_meter` varchar(200) DEFAULT NULL,
  `Water_meter` varchar(200) DEFAULT NULL,
  `Building_NO` varchar(200) DEFAULT NULL,
  `Construction_Area` varchar(200) DEFAULT NULL,
  `Maintenance_status` varchar(200) DEFAULT NULL,
  `Building_Value` varchar(200) DEFAULT NULL,
  `Construction_Completion_Date` varchar(200) DEFAULT NULL,
  `Building_Photo` varchar(200) DEFAULT NULL,
  `Building_Photo_Path` varchar(200) DEFAULT NULL,
  `Entrance_Photo` varchar(200) DEFAULT NULL,
  `Entrance_Photo_Path` varchar(200) DEFAULT NULL,
  `Statement` varchar(200) DEFAULT NULL,
  `Statement_Path` varchar(200) DEFAULT NULL,
  `Building_Permit` varchar(200) DEFAULT NULL,
  `Building_Permit_Path` varchar(200) DEFAULT NULL,
  `certificate_of_completion` varchar(200) DEFAULT NULL,
  `certificate_of_completion_Path` varchar(200) DEFAULT NULL,
  `Image` varchar(200) DEFAULT NULL,
  `Image_Path` varchar(200) DEFAULT NULL,
  `Map` varchar(200) DEFAULT NULL,
  `Map_path` varchar(200) DEFAULT NULL,
  `Plan` varchar(200) DEFAULT NULL,
  `Plano_Path` varchar(200) DEFAULT NULL,
  `Active` varchar(45) DEFAULT NULL,
  `IsRealEsataeInvesment` varchar(50) DEFAULT NULL
) ENGINE=InnoDB DEFAULT CHARSET=utf8;

--
-- Dumping data for table `arcive_building`
--

INSERT INTO `arcive_building` (`Building_Id`, `Half_Building_ID`, `owner_ship_Owner_Ship_Id`, `building_condition_Building_Condition_Id`, `building_type_Building_Type_Id`, `Building_English_Name`, `Building_Arabic_Name`, `electricity_meter`, `Water_meter`, `Building_NO`, `Construction_Area`, `Maintenance_status`, `Building_Value`, `Construction_Completion_Date`, `Building_Photo`, `Building_Photo_Path`, `Entrance_Photo`, `Entrance_Photo_Path`, `Statement`, `Statement_Path`, `Building_Permit`, `Building_Permit_Path`, `certificate_of_completion`, `certificate_of_completion_Path`, `Image`, `Image_Path`, `Map`, `Map_path`, `Plan`, `Plano_Path`, `Active`, `IsRealEsataeInvesment`) VALUES
(8, '8', 4, 1, 15, 'Building apartments and shops Fareej Al Ghanem', 'شقق فندقية فريج الغانم', '1261848', '1217626', '8-15', '6092.14', 'مصان', '20284774', '2018', 'No File', 'No File', 'DSC_4150.JPG', '/English/Main_Application/Building_File/Entrace_Photo/DSC_4150.JPG', 'No File', 'No File', 'رخصة بناء الغانم.pdf', '/English/Main_Application/Building_File/Building_Permit/رخصة بناء الغانم.pdf', 'اتمام بناءالغانم القديم الشيخ  فهد.pdf', '/English/Main_Application/Building_File/certificate_completion/اتمام بناءالغانم القديم الشيخ  فهد.pdf', 'DSC_4155.JPG', '/English/Main_Application/Building_File/Image/DSC_4155.JPG', 'typical floor.pdf', '/English/Main_Application/Building_File/Map/typical floor.pdf', 'No File', 'No File', '1', '0'),
(11, '11', 6, 6, 7, 'Fereej Abdulaziz Twin Buildings', 'عمارة عبد العزيز القديمة ', '125146', '91760', '82', '466.8', ' قيد الدراسة ', '1265396', '2002', 'No File', 'No File', '٢٠٢٢٠٣٢١_١١٣٤٠٤.jpg', '/English/Main_Application/Building_File/Entrace_Photo/٢٠٢٢٠٣٢١_١١٣٤٠٤.jpg', 'No File', 'No File', 'رخصة بناء فريج عبدالعزيز.pdf', '/English/Main_Application/Building_File/Building_Permit/رخصة بناء فريج عبدالعزيز.pdf', 'اتمام بناء عمارة فريج عبدالعزيز.pdf', '/English/Main_Application/Building_File/certificate_completion/اتمام بناء عمارة فريج عبدالعزيز.pdf', 'DSC_4158.JPG', '/English/Main_Application/Building_File/Image/DSC_4158.JPG', 'SITE PLAN.pdf', '/English/Main_Application/Building_File/Map/SITE PLAN.pdf', 'No File', 'No File', '1', '0'),
(18, '18', 6, 6, 7, 'Fereej Abdulaziz Twin Buildings', 'عمارة عبد العزبز الجديدة ', '127153', '97763', '80', '', 'دراسة صيانة ', '1701000', '2018', 'No File', 'No File', '٢٠٢٢٠٣٢١_١١٣٤٠٤.jpg', '/English/Main_Application/Building_File/Entrace_Photo/٢٠٢٢٠٣٢١_١١٣٤٠٤.jpg', 'No File', 'No File', 'رخصة بناء فريج عبدالعزيز.pdf', '/English/Main_Application/Building_File/Building_Permit/رخصة بناء فريج عبدالعزيز.pdf', 'اتمام بناء عمارة فريج عبدالعزيز.pdf', '/English/Main_Application/Building_File/certificate_completion/اتمام بناء عمارة فريج عبدالعزيز.pdf', 'DSC_4159.JPG', '/English/Main_Application/Building_File/Image/DSC_4159.JPG', 'GroundFloor.pdf', '/English/Main_Application/Building_File/Map/GroundFloor.pdf', 'No File', 'No File', '1', '0'),
(19, '19', 8, 1, 7, 'Bin Dirham Al Kubraa', 'بن درهم الكبرى', '1181995', '', '14', '1944.55', 'مصان ', '6287000', '2015', 'No File', 'No File', '٢٠٢٢٠٣١٤_١١٤٩٢٧.jpg', '/English/Main_Application/Building_File/Entrace_Photo/٢٠٢٢٠٣١٤_١١٤٩٢٧.jpg', 'No File', 'No File', 'رخصة بناء بن درهم.pdf', '/English/Main_Application/Building_File/Building_Permit/رخصة بناء بن درهم.pdf', 'اتمام بناء عمارة فريج بن درهم الكبرى ارضي+6مكرر.pdf', '/English/Main_Application/Building_File/certificate_completion/اتمام بناء عمارة فريج بن درهم الكبرى ارضي+6مكرر.pdf', '٢٠٢٢٠٣١٤_١١٤٩٥٥.jpg', '/English/Main_Application/Building_File/Image/٢٠٢٢٠٣١٤_١١٤٩٥٥.jpg', 'Site plan1.pdf', '/English/Main_Application/Building_File/Map/Site plan1.pdf', 'No File', 'No File', '1', '0'),
(20, '20', 9, 5, 16, 'Al Najma Building  AL Makhbez', 'عمارة النجمة  المخبز', '', '25188', '19', '352', 'قيد متابعة ', '1710755', '2015', '20220320_082151.jpg', '/English/Main_Application/Building_File/Building_Photo/20220320_082151.jpg', '20220320_082306.jpg', '/English/Main_Application/Building_File/Entrace_Photo/20220320_082306.jpg', 'No File', 'No File', 'رخصة بناء نجمة المخبز.pdf', '/English/Main_Application/Building_File/Building_Permit/رخصة بناء نجمة المخبز.pdf', 'اتمام النجمة المخبز.pdf', '/English/Main_Application/Building_File/certificate_completion/اتمام النجمة المخبز.pdf', '20220320_082402.jpg', '/English/Main_Application/Building_File/Image/20220320_082402.jpg', 'No File', 'No File', 'No File', 'No File', '1', '0'),
(22, '22', 10, 8, 15, 'Al Najma Two Stores and Shop', 'عمارة دورين ومحل', '90580', '', '51', '432', 'مشروع صيانة', '0', '1990', 'No File', 'No File', 'DSC_4176.JPG', '/English/Main_Application/Building_File/Entrace_Photo/DSC_4176.JPG', 'No File', 'No File', 'رخصة بناء النجمة دورين ومحل.pdf', '/English/Main_Application/Building_File/Building_Permit/رخصة بناء النجمة دورين ومحل.pdf', 'شهادة اتمام النجمة دورين ومحل.pdf', '/English/Main_Application/Building_File/certificate_completion/شهادة اتمام النجمة دورين ومحل.pdf', 'DSC_4174.JPG', '/English/Main_Application/Building_File/Image/DSC_4174.JPG', 'خرائط النجمة دورين ومحل.pdf', '/English/Main_Application/Building_File/Map/خرائط النجمة دورين ومحل.pdf', 'No File', 'No File', '1', '0'),
(23, '23', 11, 1, 2, ' Al Najma Shops  ', 'محلات النجمة', '1183416', '1146796', '23', '120', '', '858000', '2019', 'No File', 'No File', 'DSC_4177.JPG', '/English/Main_Application/Building_File/Entrace_Photo/DSC_4177.JPG', 'No File', 'No File', 'رخصة بناء محلات النجمة.pdf', '/English/Main_Application/Building_File/Building_Permit/رخصة بناء محلات النجمة.pdf', 'شهادة اتمام بناء.pdf', '/English/Main_Application/Building_File/certificate_completion/شهادة اتمام بناء.pdf', 'DSC_4179.JPG', '/English/Main_Application/Building_File/Image/DSC_4179.JPG', 'No File', 'No File', 'No File', 'No File', '1', '0'),
(25, '25', 12, 1, 7, 'Sanyo', 'سانيو', '18915', '8175', '8', '645', 'مصان', '3249178', '2019', 'WhatsApp Image 2023-02-26 at 10.21.07 AM (3).jpeg', '/English/Main_Application/Building_File/Building_Photo/WhatsApp Image 2023-02-26 at 10.21.07 AM (3).jpeg', 'WhatsApp Image 2023-02-26 at 10.21.07 AM (4).jpeg', '/English/Main_Application/Building_File/Entrace_Photo/WhatsApp Image 2023-02-26 at 10.21.07 AM (4).jpeg', 'No File', 'No File', 'رخصة بناء سانيو.pdf', '/English/Main_Application/Building_File/Building_Permit/رخصة بناء سانيو.pdf', 'شهادة اتمام بناء سانيو..pdf', '/English/Main_Application/Building_File/certificate_completion/شهادة اتمام بناء سانيو..pdf', 'No File', 'No File', 'No File', 'No File', 'No File', 'No File', '1', '0'),
(26, '26', 14, 5, 7, 'Um Ghuwailina Hospital', 'أم غويلينة المستشفى', '18996', '8890', '107', '1800', 'قيد متابعة ', '4357500', '2014', 'No File', 'No File', 'DSC_4195.JPG', '/English/Main_Application/Building_File/Entrace_Photo/DSC_4195.JPG', 'No File', 'No File', 'رخصة بناء المستشفى.pdf', '/English/Main_Application/Building_File/Building_Permit/رخصة بناء المستشفى.pdf', 'اتمام بناء المستشفى.pdf', '/English/Main_Application/Building_File/certificate_completion/اتمام بناء المستشفى.pdf', 'DSC_4193.JPG', '/English/Main_Application/Building_File/Image/DSC_4193.JPG', 'No File', 'No File', 'No File', 'No File', '1', '0'),
(27, '27', 15, 6, 16, 'Um Ghuwailina Al Sughra', 'أم غويلينة الصغرى', '183302', '152797', '111', '403', 'دراسة صيانة ', '1086000', '2006', 'No File', 'No File', '20220320_092622.jpg', '/English/Main_Application/Building_File/Entrace_Photo/20220320_092622.jpg', 'No File', 'No File', 'رخصة بناء ام غويلينة الصغرى.pdf', '/English/Main_Application/Building_File/Building_Permit/رخصة بناء ام غويلينة الصغرى.pdf', 'شهادة اتمام بناء ام غويلينا الصغرى.pdf', '/English/Main_Application/Building_File/certificate_completion/شهادة اتمام بناء ام غويلينا الصغرى.pdf', '20220320_092539.jpg', '/English/Main_Application/Building_File/Image/20220320_092539.jpg', 'site plan.pdf', '/English/Main_Application/Building_File/Map/site plan.pdf', 'No File', 'No File', '1', '0'),
(28, '28', 16, 6, 16, 'Um Ghuwailina Al Jadida ', 'أم غويلينة الجديدة', '1089709', '', '15', '3474.2', 'دارسة صيانة ', '11333000', '2010', '20220321_095547.jpg', '/English/Main_Application/Building_File/Building_Photo/20220321_095547.jpg', '20220321_095328.jpg', '/English/Main_Application/Building_File/Entrace_Photo/20220321_095328.jpg', 'No File', 'No File', 'No File', 'No File', 'اتمام بناء الجديدة.pdf', '/English/Main_Application/Building_File/certificate_completion/اتمام بناء الجديدة.pdf', '20220321_095547.jpg', '/English/Main_Application/Building_File/Image/20220321_095547.jpg', 'site plan new.pdf', '/English/Main_Application/Building_File/Map/site plan new.pdf', 'No File', 'No File', '1', '0'),
(29, '29', 17, 1, 17, 'Um Ghuwailina Al Kubraa', 'أم غويلينة الكبرى', '1026729', '940665', '55', '403.17', 'مصان ', '7935781', '2008', '٢٠٢٢٠٣٢١_١٠٢٤٥٣.jpg', '/English/Main_Application/Building_File/Building_Photo/٢٠٢٢٠٣٢١_١٠٢٤٥٣.jpg', '٢٠٢٢٠٣٢١_١٠٢٥٥٢.jpg', '/English/Main_Application/Building_File/Entrace_Photo/٢٠٢٢٠٣٢١_١٠٢٥٥٢.jpg', 'No File', 'No File', 'No File', 'No File', 'اتمام بناء ام غويلينا الكبرى.pdf', '/English/Main_Application/Building_File/certificate_completion/اتمام بناء ام غويلينا الكبرى.pdf', '٢٠٢٢٠٣٢١_١٠٢٥٢٦.jpg', '/English/Main_Application/Building_File/Image/٢٠٢٢٠٣٢١_١٠٢٥٢٦.jpg', 'SITE PLAN al k.pdf', '/English/Main_Application/Building_File/Map/SITE PLAN al k.pdf', 'No File', 'No File', '1', '0'),
(30, '30', 17, 1, 17, 'Um Ghuwailina Al Kubraa', 'بيت الشوك', '34137', '56703', '3', '2808', 'جديد', '8194325', '2021', '٢٠٢٢٠٣٢١_١٠٢٧٠٠.jpg', '/English/Main_Application/Building_File/Building_Photo/٢٠٢٢٠٣٢١_١٠٢٧٠٠.jpg', '٢٠٢٢٠٣٢١_١٠٢٧٥٥.jpg', '/English/Main_Application/Building_File/Entrace_Photo/٢٠٢٢٠٣٢١_١٠٢٧٥٥.jpg', 'No File', 'No File', 'رخصة بناء الشوك.pdf', '/English/Main_Application/Building_File/Building_Permit/رخصة بناء الشوك.pdf', 'شهادة اتمام بناء الشوك 2 العمارة الجديدة.pdf', '/English/Main_Application/Building_File/certificate_completion/شهادة اتمام بناء الشوك 2 العمارة الجديدة.pdf', '٢٠٢٢٠٣٢١_١٠٢٧٢١.jpg', '/English/Main_Application/Building_File/Image/٢٠٢٢٠٣٢١_١٠٢٧٢١.jpg', 'site plan al shok.pdf', '/English/Main_Application/Building_File/Map/site plan al shok.pdf', 'No File', 'No File', '1', '0'),
(31, '31', 18, 1, 10, 'Two Villas in Khalifa City North  ', 'فيلتان مدينة خليفة الشمالية', '1218994', '1160000', '3،5', '', 'جديد', '1720339', '2017', 'No File', 'No File', 'WhatsApp Image 2021-03-21 at 11.15.21 AM.jpeg', '/English/Main_Application/Building_File/Entrace_Photo/WhatsApp Image 2021-03-21 at 11.15.21 AM.jpeg', 'No File', 'No File', 'No File', 'No File', 'شهادة اتمام بناء مدينة خليفة ش المنارة.pdf', '/English/Main_Application/Building_File/certificate_completion/شهادة اتمام بناء مدينة خليفة ش المنارة.pdf', 'DSC_4217.JPG', '/English/Main_Application/Building_File/Image/DSC_4217.JPG', 'No File', 'No File', 'No File', 'No File', '1', '0'),
(32, '32', 19, 7, 11, 'Villa Zawia', 'فيلا زاوية', '85999', '59387', '32', '', 'دراسة متابعة ', '1056307', '1989', 'DSC_4221.JPG', '/English/Main_Application/Building_File/Building_Photo/DSC_4221.JPG', 'DSC_4222.JPG', '/English/Main_Application/Building_File/Entrace_Photo/DSC_4222.JPG', 'No File', 'No File', 'No File', 'No File', 'شهادة اتمام بناء فيلا م خ شمالية.pdf', '/English/Main_Application/Building_File/certificate_completion/شهادة اتمام بناء فيلا م خ شمالية.pdf', 'DSC_4220.JPG', '/English/Main_Application/Building_File/Image/DSC_4220.JPG', 'No File', 'No File', 'No File', 'No File', '1', '0'),
(33, '33', 20, 7, 11, 'VillasYumna Wusta', 'فلل يمنى وسطى', '164915', '	125816', '30،28', '', 'دراسة صيانة ', '1916200', '2000', 'DSC_4227.JPG', '/English/Main_Application/Building_File/Building_Photo/DSC_4227.JPG', 'DSC_4225.JPG', '/English/Main_Application/Building_File/Entrace_Photo/DSC_4225.JPG', 'No File', 'No File', 'رخصة بناء فيلا يمنى وسطى مدينة خليفة الشمالية.pdf', '/English/Main_Application/Building_File/Building_Permit/رخصة بناء فيلا يمنى وسطى مدينة خليفة الشمالية.pdf', 'No File', 'No File', 'DSC_4223.JPG', '/English/Main_Application/Building_File/Image/DSC_4223.JPG', 'No File', 'No File', 'No File', 'No File', '1', '0'),
(34, '34', 21, 6, 11, 'Villas Sharqiat Gharbiat  Al Jamea', 'فلل شرقية غربية  الجامعة', '1052468', '962922', '45،47', '', 'دراسة صيانة ', '1916200', '2009', 'DSC_4231.JPG', '/English/Main_Application/Building_File/Building_Photo/DSC_4231.JPG', 'DSC_4229.JPG', '/English/Main_Application/Building_File/Entrace_Photo/DSC_4229.JPG', 'No File', 'No File', 'رخصة بناء فلل شرقية غربية الجامعة.pdf', '/English/Main_Application/Building_File/Building_Permit/رخصة بناء فلل شرقية غربية الجامعة.pdf', 'شهادة اتمام بناء شرقية وغربية مدينة خ ش.pdf', '/English/Main_Application/Building_File/certificate_completion/شهادة اتمام بناء شرقية وغربية مدينة خ ش.pdf', 'DSC_4231.JPG', '/English/Main_Application/Building_File/Image/DSC_4231.JPG', 'No File', 'No File', 'No File', 'No File', '1', '0'),
(35, '35', 22, 1, 7, 'Khalifa City Building Al Wadhia', 'عمارة مدينة خليفة  الوضيحية', '1355153', '1286323', '24،17', ' 1,321 ', 'مصان ', '5589156', '2019', 'DSC_4236.JPG', '/English/Main_Application/Building_File/Building_Photo/DSC_4236.JPG', 'DSC_4238.JPG', '/English/Main_Application/Building_File/Entrace_Photo/DSC_4238.JPG', 'No File', 'No File', 'رخصة بناء مدينة خليفة.pdf', '/English/Main_Application/Building_File/Building_Permit/رخصة بناء مدينة خليفة.pdf', 'شهادة اتمام بناء عمارة مدينة خليفة.pdf', '/English/Main_Application/Building_File/certificate_completion/شهادة اتمام بناء عمارة مدينة خليفة.pdf', 'DSC_4242.JPG', '/English/Main_Application/Building_File/Image/DSC_4242.JPG', 'الوضيحية.jpg', '/English/Main_Application/Building_File/Map/الوضيحية.jpg', 'No File', 'No File', '1', '0'),
(36, '36', 23, 1, 19, 'Khalifa City North House', 'منزل مدينة خليفة الشمالية', '24063', '', '9', '909', 'جديد', '156100', '2011', 'DSC_4251.JPG', '/English/Main_Application/Building_File/Building_Photo/DSC_4251.JPG', 'DSC_4252.JPG', '/English/Main_Application/Building_File/Entrace_Photo/DSC_4252.JPG', 'No File', 'No File', 'رخصة بناء منزل مدينة خليفة الشمالية.pdf', '/English/Main_Application/Building_File/Building_Permit/رخصة بناء منزل مدينة خليفة الشمالية.pdf', 'No File', 'No File', 'DSC_4250.JPG', '/English/Main_Application/Building_File/Image/DSC_4250.JPG', 'site plan house city.pdf', '/English/Main_Application/Building_File/Map/site plan house city.pdf', 'No File', 'No File', '1', '0'),
(37, '37', 24, 7, 19, ' Gharnata House', 'منزل غرناطة', '46176', '78202', '19', '', 'دراسة صيانة ', '1218000', '1980', 'DSC_4262.JPG', '/English/Main_Application/Building_File/Building_Photo/DSC_4262.JPG', 'DSC_4263.JPG', '/English/Main_Application/Building_File/Entrace_Photo/DSC_4263.JPG', 'No File', 'No File', 'No File', 'No File', 'No File', 'No File', 'DSC_4264.JPG', '/English/Main_Application/Building_File/Image/DSC_4264.JPG', 'No File', 'No File', 'No File', 'No File', '1', '0'),
(38, '38', 25, 7, 19, 'House in front of Al Murur ', 'منزل مقابل المرور', '55958', '33568', '109', '', 'دراسة صيانة ', '200000', '1982', 'DSC_4254.JPG', '/English/Main_Application/Building_File/Building_Photo/DSC_4254.JPG', 'DSC_4257.JPG', '/English/Main_Application/Building_File/Entrace_Photo/DSC_4257.JPG', 'No File', 'No File', 'No File', 'No File', 'اتمام بناء منزل مقابل المرور.pdf', '/English/Main_Application/Building_File/certificate_completion/اتمام بناء منزل مقابل المرور.pdf', 'DSC_4255.JPG', '/English/Main_Application/Building_File/Image/DSC_4255.JPG', 'No File', 'No File', 'No File', 'No File', '1', '0'),
(39, '39', 26, 5, 11, 'Two detached villas', 'فيلتان متلاصقتان', '1007565', '908027', '35،33', '754', 'جديد ', '3000000', '2007', 'DSC_4208.JPG', '/English/Main_Application/Building_File/Building_Photo/DSC_4208.JPG', 'DSC_4201.JPG', '/English/Main_Application/Building_File/Entrace_Photo/DSC_4201.JPG', 'No File', 'No File', 'رخصة بناء فلل المطار.pdf', '/English/Main_Application/Building_File/Building_Permit/رخصة بناء فلل المطار.pdf', 'شهادة اتمام بناء المطار العتيق.pdf', '/English/Main_Application/Building_File/certificate_completion/شهادة اتمام بناء المطار العتيق.pdf', 'DSC_4204.JPG', '/English/Main_Application/Building_File/Image/DSC_4204.JPG', 'site plan al lsd.pdf', '/English/Main_Application/Building_File/Map/site plan al lsd.pdf', 'No File', 'No File', '1', '0'),
(40, '40', 27, 5, 11, 'Western Villa', 'فيلا غربية', '1055459', '966396', '88', '', 'دراسة صيانة', '1258521', '2009', 'No File', 'No File', 'DSC_4270.JPG', '/English/Main_Application/Building_File/Entrace_Photo/DSC_4270.JPG', 'No File', 'No File', 'رخصة بناء ازغوى غربية.pdf', '/English/Main_Application/Building_File/Building_Permit/رخصة بناء ازغوى غربية.pdf', 'شهادة اتمام بناء ازغوى غربية.pdf', '/English/Main_Application/Building_File/certificate_completion/شهادة اتمام بناء ازغوى غربية.pdf', 'No File', 'No File', 'No File', 'No File', 'No File', 'No File', '1', '0'),
(41, '41', 29, 5, 11, 'Eastern Villa    ', 'فيلا شرقية', '1060966', '970330', '86', '443', 'دراسة صيانة ', '1225000', '2009', 'DSC_4267.JPG', '/English/Main_Application/Building_File/Building_Photo/DSC_4267.JPG', 'DSC_4266.JPG', '/English/Main_Application/Building_File/Entrace_Photo/DSC_4266.JPG', 'No File', 'No File', 'رخصة بناء ازغوى شرقية.pdf', '/English/Main_Application/Building_File/Building_Permit/رخصة بناء ازغوى شرقية.pdf', 'شهادة اتمام بناء ازغوى شرقية.pdf', '/English/Main_Application/Building_File/certificate_completion/شهادة اتمام بناء ازغوى شرقية.pdf', '20220317_105950.jpg', '/English/Main_Application/Building_File/Image/20220317_105950.jpg', 'site plan ازغوى.pdf', '/English/Main_Application/Building_File/Map/site plan ازغوى.pdf', 'No File', 'No File', '1', '0'),
(42, '42', 35, 6, 11, 'Villa Ain Khaled ', 'فيلا عين خالد', '119612', '1073819', '79', '422', 'دراسة صيانة ', '3513452', '1998', 'DSC_4210.JPG', '/English/Main_Application/Building_File/Building_Photo/DSC_4210.JPG', 'DSC_4214.JPG', '/English/Main_Application/Building_File/Entrace_Photo/DSC_4214.JPG', 'No File', 'No File', 'No File', 'No File', 'شهادة اتمام بناء عين خالد.pdf', '/English/Main_Application/Building_File/certificate_completion/شهادة اتمام بناء عين خالد.pdf', 'DSC_4209.JPG', '/English/Main_Application/Building_File/Image/DSC_4209.JPG', 'site plan aen kaled.pdf', '/English/Main_Application/Building_File/Map/site plan aen kaled.pdf', 'No File', 'No File', '1', '0'),
(44, '44', 36, 1, 20, 'New Industrial Garage', 'كراج الصناعية الجديد', '128624', '104618', '177', '', '', '20000000', '2000', '٢٠٢٢٠٣٢١_١٦٢٠٥٧.jpg', '/English/Main_Application/Building_File/Building_Photo/٢٠٢٢٠٣٢١_١٦٢٠٥٧.jpg', '3a266a79-a822-4cc5-a099-90790f36e9e7.jpg', '/English/Main_Application/Building_File/Entrace_Photo/3a266a79-a822-4cc5-a099-90790f36e9e7.jpg', 'No File', 'No File', 'رخصة بناء الصناعية .pdf', '/English/Main_Application/Building_File/Building_Permit/رخصة بناء الصناعية .pdf', 'اتمام بناء الصناعية.pdf', '/English/Main_Application/Building_File/certificate_completion/اتمام بناء الصناعية.pdf', '٢٠٢٢٠٣٢١_١٦٢٠٥٧.jpg', '/English/Main_Application/Building_File/Image/٢٠٢٢٠٣٢١_١٦٢٠٥٧.jpg', 'No File', 'No File', 'No File', 'No File', '1', '0'),
(45, '45', 43, 6, 11, 'Villa Al Dafna', 'فيلا الدفنة', '178907', '137757', '193', '540', 'دراسة صيانة', '1974000', '2005', '20220323_123016.jpg', '/English/Main_Application/Building_File/Building_Photo/20220323_123016.jpg', '20220323_122912.jpg', '/English/Main_Application/Building_File/Entrace_Photo/20220323_122912.jpg', 'No File', 'No File', '66160121 (1).pdf', '/English/Main_Application/Building_File/Building_Permit/66160121 (1).pdf', 'اتمام بناء فيلا الدفنة.pdf', '/English/Main_Application/Building_File/certificate_completion/اتمام بناء فيلا الدفنة.pdf', '20220323_123006.jpg', '/English/Main_Application/Building_File/Image/20220323_123006.jpg', '66160121 drawing.pdf', '/English/Main_Application/Building_File/Map/66160121 drawing.pdf', 'No File', 'No File', '1', '0'),
(47, '47', 38, 1, 11, 'Villa Al Khaysa', 'فيلا الخيسة', '1044652', '959164', '7', '', '', '1396698', '2006', 'No File', 'No File', 'DSC_4298.JPG', '/English/Main_Application/Building_File/Entrace_Photo/DSC_4298.JPG', 'No File', 'No File', 'رخصة بناء.pdf', '/English/Main_Application/Building_File/Building_Permit/رخصة بناء.pdf', 'شهادة اتمام بناء.pdf', '/English/Main_Application/Building_File/certificate_completion/شهادة اتمام بناء.pdf', 'DSC_4295.JPG', '/English/Main_Application/Building_File/Image/DSC_4295.JPG', 'Site plan الخيسة .pdf', '/English/Main_Application/Building_File/Map/Site plan الخيسة .pdf', 'No File', 'No File', '1', '0'),
(48, '48', 44, 1, 18, 'Ravdat Al Hamamah', 'روضة الحمامة', '', '', '39', '', 'أرض فضاء', '0', '', 'No File', 'No File', 'No File', 'No File', 'No File', 'No File', 'No File', 'No File', 'اتمام روضة الحمامة.pdf', '/English/Main_Application/Building_File/certificate_completion/اتمام روضة الحمامة.pdf', 'No File', 'No File', 'No File', 'No File', 'No File', 'No File', '1', '0'),
(49, '49', 40, 6, 11, ' Al Ruweys Villas', 'فلل الرويس', '966696', '1057331', '47', '1110', 'دراسة صيانة', '1963082', '2009', 'No File', 'No File', 'No File', 'No File', 'No File', 'No File', 'رخصة بناء الرويس.pdf', '/English/Main_Application/Building_File/Building_Permit/رخصة بناء الرويس.pdf', 'شهادة اتمام بناء الرويس.pdf', '/English/Main_Application/Building_File/certificate_completion/شهادة اتمام بناء الرويس.pdf', 'No File', 'No File', 'Site planالرويس .pdf', '/English/Main_Application/Building_File/Map/Site planالرويس .pdf', 'No File', 'No File', '1', '0'),
(50, '50', 41, 1, 11, 'Villa Al Vakeer', 'فيلا الوكير', '1361895', '1291269', '494', '', 'جديد ', '1408095', '2019', 'IMG-20220324-WA0002.jpg', '/English/Main_Application/Building_File/Building_Photo/IMG-20220324-WA0002.jpg', 'IMG-20220324-WA0001.jpg', '/English/Main_Application/Building_File/Entrace_Photo/IMG-20220324-WA0001.jpg', 'No File', 'No File', 'رخصة بناء فيلا الوكير.pdf', '/English/Main_Application/Building_File/Building_Permit/رخصة بناء فيلا الوكير.pdf', 'شهادة اتمام بناء الوكير.pdf', '/English/Main_Application/Building_File/certificate_completion/شهادة اتمام بناء الوكير.pdf', 'IMG-20220324-WA0003.jpg', '/English/Main_Application/Building_File/Image/IMG-20220324-WA0003.jpg', 'No File', 'No File', 'No File', 'No File', '1', '0'),
(51, '51', 37, 1, 2, 'Palm Tower Offices', 'مكاتب برج النخلة ', '1056105', '997132', '3،4،5', '140*3', '', '11754965', '2004', 'No File', 'No File', 'No File', 'No File', 'No File', 'No File', 'سند+اتمام بناء+رخصة الدفاع المدني مكاتب الدفنة.pdf', '/English/Main_Application/Building_File/Building_Permit/سند+اتمام بناء+رخصة الدفاع المدني مكاتب الدفنة.pdf', 'No File', 'No File', 'No File', 'No File', 'خرائط.PDF', '/English/Main_Application/Building_File/Map/خرائط.PDF', 'No File', 'No File', '1', '0'),
(52, '52', 13, 1, 16, 'HSBC', 'أم غويلينة أتش أس بي سي', '1361066', '1290744', '48', '2674', 'جديد', '9828046', '2019', 'DSC_4183.JPG', '/English/Main_Application/Building_File/Building_Photo/DSC_4183.JPG', 'DSC_4182.JPG', '/English/Main_Application/Building_File/Entrace_Photo/DSC_4182.JPG', 'No File', 'No File', 'رخصة بناء  hsbc.pdf', '/English/Main_Application/Building_File/Building_Permit/رخصة بناء  hsbc.pdf', 'إتمام بناء hsbc.pdf', '/English/Main_Application/Building_File/certificate_completion/إتمام بناء hsbc.pdf', 'DSC_4186.JPG', '/English/Main_Application/Building_File/Image/DSC_4186.JPG', 'No File', 'No File', 'No File', 'No File', '1', '0'),
(54, '54', 39, 5, 11, 'Al Qatifia Villa', ' فلة القطيفية', ' 1184490', '1183318', '101', '٦١٣.٤', 'قيد متابعة ', '17989000', '2015', 'DSC_4312.JPG', '/English/Main_Application/Building_File/Building_Photo/DSC_4312.JPG', 'DSC_4315.JPG', '/English/Main_Application/Building_File/Entrace_Photo/DSC_4315.JPG', 'No File', 'No File', 'رخصة بناء القطيفية.pdf', '/English/Main_Application/Building_File/Building_Permit/رخصة بناء القطيفية.pdf', 'شهادة اتمام بناء لقطيفية  البحيرة.pdf', '/English/Main_Application/Building_File/certificate_completion/شهادة اتمام بناء لقطيفية  البحيرة.pdf', 'DSC_4307.JPG', '/English/Main_Application/Building_File/Image/DSC_4307.JPG', 'site plan alqtifea.pdf', '/English/Main_Application/Building_File/Map/site plan alqtifea.pdf', 'No File', 'No File', '1', '0'),
(62, '28', 16, 1, 16, 'Half Building :أم غويلينة الجديدة', '1 شقق في البناء : أم غويلينة الجديدة', NULL, NULL, '15', NULL, NULL, NULL, NULL, NULL, NULL, NULL, NULL, NULL, NULL, NULL, NULL, NULL, NULL, NULL, NULL, NULL, NULL, NULL, NULL, '0', '0'),
(63, '11', 6, 1, 7, 'Half Building :عمارتين فريج عبدالعزيز ', '4 شقق في البناء : عمارتين فريج عبدالعزيز ', NULL, NULL, '82', NULL, NULL, NULL, NULL, NULL, NULL, NULL, NULL, NULL, NULL, NULL, NULL, NULL, NULL, NULL, NULL, NULL, NULL, NULL, NULL, '0', '0'),
(64, '28', 16, 1, 16, 'Half Building :أم غويلينة الجديدة', '3 شقق في البناء : أم غويلينة الجديدة', NULL, NULL, '15', NULL, NULL, NULL, NULL, NULL, NULL, NULL, NULL, NULL, NULL, NULL, NULL, NULL, NULL, NULL, NULL, NULL, NULL, NULL, NULL, '0', '0'),
(65, '28', 16, 1, 16, 'Half Building :أم غويلينة الجديدة', '8 شقق في البناء : أم غويلينة الجديدة', NULL, NULL, '15', NULL, NULL, NULL, NULL, NULL, NULL, NULL, NULL, NULL, NULL, NULL, NULL, NULL, NULL, NULL, NULL, NULL, NULL, NULL, NULL, '0', '0'),
(66, '31', 18, 1, 10, 'Half Building :فيلتان مدينة خليفة الشمالية', '2 فيلا في البناء : فيلتان مدينة خليفة الشمالية', NULL, NULL, '3،5', NULL, NULL, NULL, NULL, NULL, NULL, NULL, NULL, NULL, NULL, NULL, NULL, NULL, NULL, NULL, NULL, NULL, NULL, NULL, NULL, '0', '0'),
(67, '11', 6, 1, 7, 'Half Building :عمارتين فريج عبدالعزيز ', '3 شقق في البناء : عمارتين فريج عبدالعزيز ', NULL, NULL, '82', NULL, NULL, NULL, NULL, NULL, NULL, NULL, NULL, NULL, NULL, NULL, NULL, NULL, NULL, NULL, NULL, NULL, NULL, NULL, NULL, '0', '0'),
(68, '28', 16, 1, 16, 'Half Building :أم غويلينة الجديدة', '3 شقق في البناء : أم غويلينة الجديدة', NULL, NULL, '15', NULL, NULL, NULL, NULL, NULL, NULL, NULL, NULL, NULL, NULL, NULL, NULL, NULL, NULL, NULL, NULL, NULL, NULL, NULL, NULL, '0', '0'),
(69, '20', 9, 1, 16, 'Half Building :عمارة النجمة  المخبز', '3 شقق في البناء : عمارة النجمة  المخبز', NULL, NULL, '19', NULL, NULL, NULL, NULL, NULL, NULL, NULL, NULL, NULL, NULL, NULL, NULL, NULL, NULL, NULL, NULL, NULL, NULL, NULL, NULL, '0', '0'),
(70, '20', 9, 1, 16, 'Half Building :عمارة النجمة  المخبز', '3 شقق في البناء : عمارة النجمة  المخبز', NULL, NULL, '19', NULL, NULL, NULL, NULL, NULL, NULL, NULL, NULL, NULL, NULL, NULL, NULL, NULL, NULL, NULL, NULL, NULL, NULL, NULL, NULL, '0', '0'),
(71, '29', 17, 1, 15, 'Half Building :أم غويلينة الكبرى', '11 شقق في البناء : أم غويلينة الكبرى', NULL, NULL, '55', NULL, NULL, NULL, NULL, NULL, NULL, NULL, NULL, NULL, NULL, NULL, NULL, NULL, NULL, NULL, NULL, NULL, NULL, NULL, NULL, '0', '0'),
(72, '8', 4, 1, 15, 'Half Building :شقق فندقية فريج الغانم', '10 محلات في البناء : شقق فندقية فريج الغانم', NULL, NULL, '8-15', NULL, NULL, NULL, NULL, NULL, NULL, NULL, NULL, NULL, NULL, NULL, NULL, NULL, NULL, NULL, NULL, NULL, NULL, NULL, NULL, '0', '0'),
(73, '18', 6, 6, 7, 'Half Building :عمارتين فريج عبدالعزيز 80', '3 شقق في البناء : عمارتين فريج عبدالعزيز 80', NULL, NULL, '80', NULL, NULL, NULL, NULL, NULL, NULL, NULL, NULL, NULL, NULL, NULL, NULL, NULL, NULL, NULL, NULL, NULL, NULL, NULL, NULL, '0', '0'),
(74, '18', 6, 6, 7, 'Half Building :عمارتين فريج عبدالعزيز 80', '3 شقق في البناء : عمارتين فريج عبدالعزيز 80', NULL, NULL, '80', NULL, NULL, NULL, NULL, NULL, NULL, NULL, NULL, NULL, NULL, NULL, NULL, NULL, NULL, NULL, NULL, NULL, NULL, NULL, NULL, '0', '0'),
(75, '18', 6, 6, 7, 'Half Building :عمارتين فريج عبدالعزيز 80', '3 شقق في البناء : عمارتين فريج عبدالعزيز 80', NULL, NULL, '80', NULL, NULL, NULL, NULL, NULL, NULL, NULL, NULL, NULL, NULL, NULL, NULL, NULL, NULL, NULL, NULL, NULL, NULL, NULL, NULL, '0', '0'),
(76, '76', 45, 1, 11, 'vaill Graft al rayyan', 'فيلا غرافة الريان ', '1145485', '1078480', '494', '', 'جديد ', '1154500', '2013', 'DSC_4282.JPG', '/English/Main_Application/Building_File/Building_Photo/DSC_4282.JPG', 'DSC_4283.JPG', '/English/Main_Application/Building_File/Entrace_Photo/DSC_4283.JPG', 'No File', 'No File', 'رخصة بناء غرافة الريان.pdf', '/English/Main_Application/Building_File/Building_Permit/رخصة بناء غرافة الريان.pdf', 'شهادة اتمام بناء غرافة الريان.pdf', '/English/Main_Application/Building_File/certificate_completion/شهادة اتمام بناء غرافة الريان.pdf', 'DSC_4282.JPG', '/English/Main_Application/Building_File/Image/DSC_4282.JPG', 'No File', 'No File', 'No File', 'No File', '1', '0'),
(77, '28', 16, 6, 16, 'Half Building :أم غويلينة الجديدة', '2 شقق في البناء : أم غويلينة الجديدة', NULL, NULL, NULL, NULL, NULL, NULL, NULL, NULL, NULL, NULL, NULL, NULL, NULL, NULL, NULL, NULL, NULL, NULL, NULL, NULL, NULL, NULL, NULL, '0', '0'),
(78, '28', 16, 6, 16, 'Half Building :أم غويلينة الجديدة', '2 شقق في البناء : أم غويلينة الجديدة', NULL, NULL, NULL, NULL, NULL, NULL, NULL, NULL, NULL, NULL, NULL, NULL, NULL, NULL, NULL, NULL, NULL, NULL, NULL, NULL, NULL, NULL, NULL, '0', '0'),
(79, '79', 46, 1, 11, 'Villa new Al Khaysa', 'فيلا الخيسة الجديدة ', '', '', '36', '', '', '1171415', '2016', 'DSC_4301.JPG', '/English/Main_Application/Building_File/Building_Photo/DSC_4301.JPG', 'DSC_4300.JPG', '/English/Main_Application/Building_File/Entrace_Photo/DSC_4300.JPG', 'No File', 'No File', 'رخصة بناء فلا الخيسة الجديدة.pdf', '/English/Main_Application/Building_File/Building_Permit/رخصة بناء فلا الخيسة الجديدة.pdf', '٧٠٠٦١١١٤  اتمام بناء الخيسة.pdf', '/English/Main_Application/Building_File/certificate_completion/٧٠٠٦١١١٤  اتمام بناء الخيسة.pdf', 'DSC_4304.JPG', '/English/Main_Application/Building_File/Image/DSC_4304.JPG', 'No File', 'No File', 'No File', 'No File', '1', '0'),
(81, '81', 48, 5, 11, 'Al Gharafa Villa', 'فيلا الغرافة ', '197001', '165906', '48', '', 'متابعة', '1586863', '2006', 'No File', 'No File', 'No File', 'No File', 'No File', 'No File', 'رخصة بناء فيلا الغرافة.pdf', '/English/Main_Application/Building_File/Building_Permit/رخصة بناء فيلا الغرافة.pdf', 'شهادة اتمام بناء فيلا الغرافة.pdf', '/English/Main_Application/Building_File/certificate_completion/شهادة اتمام بناء فيلا الغرافة.pdf', 'No File', 'No File', 'No File', 'No File', 'No File', 'No File', '1', '0'),
(82, '82', 47, 1, 11, 'Izghawa Housing', 'ازغوى اسكان', '184479', '149024', '59', '615', 'جديد', '1584957', '2006', 'DSC_4286.JPG', '/English/Main_Application/Building_File/Building_Photo/DSC_4286.JPG', 'DSC_4289.JPG', '/English/Main_Application/Building_File/Entrace_Photo/DSC_4289.JPG', 'No File', 'No File', '٧١٠٨٠٤٣٦.pdf', '/English/Main_Application/Building_File/Building_Permit/٧١٠٨٠٤٣٦.pdf', '71080436 شهادة اتمام.pdf', '/English/Main_Application/Building_File/certificate_completion/71080436 شهادة اتمام.pdf', 'DSC_4285.JPG', '/English/Main_Application/Building_File/Image/DSC_4285.JPG', 'No File', 'No File', 'No File', 'No File', '1', '0'),
(84, '39', 26, 5, 11, 'Half Building :فيلتان متلاصقتان', '2 فيلا في البناء : فيلتان متلاصقتان', NULL, NULL, '35،33', NULL, NULL, NULL, NULL, NULL, NULL, NULL, NULL, NULL, NULL, NULL, NULL, NULL, NULL, NULL, NULL, NULL, NULL, NULL, NULL, '0', '0'),
(85, '39', 26, 5, 11, 'Half Building :فيلتان متلاصقتان', '2 فيلا في البناء : فيلتان متلاصقتان', NULL, NULL, '35،33', NULL, NULL, NULL, NULL, NULL, NULL, NULL, NULL, NULL, NULL, NULL, NULL, NULL, NULL, NULL, NULL, NULL, NULL, NULL, NULL, '0', '0'),
(86, '37', 24, 7, 19, 'Half Building :منزل غرناطة', '3 بيت شعبي في البناء : منزل غرناطة', NULL, NULL, '19', NULL, NULL, NULL, NULL, NULL, NULL, NULL, NULL, NULL, NULL, NULL, NULL, NULL, NULL, NULL, NULL, NULL, NULL, NULL, NULL, '0', '0'),
(87, '37', 24, 7, 19, 'Half Building :منزل غرناطة', '3 بيت شعبي في البناء : منزل غرناطة', NULL, NULL, '19', NULL, NULL, NULL, NULL, NULL, NULL, NULL, NULL, NULL, NULL, NULL, NULL, NULL, NULL, NULL, NULL, NULL, NULL, NULL, NULL, '0', '0'),
(88, '31', 18, 1, 10, 'Half Building :فيلتان مدينة خليفة الشمالية', '2 فيلا في البناء : فيلتان مدينة خليفة الشمالية', NULL, NULL, '3،5', NULL, NULL, NULL, NULL, NULL, NULL, NULL, NULL, NULL, NULL, NULL, NULL, NULL, NULL, NULL, NULL, NULL, NULL, NULL, NULL, '0', '0'),
(89, '35', 22, 1, 7, 'Half Building :عمارة مدينة خليفة  الوضيحية', '8 شقق في البناء : عمارة مدينة خليفة  الوضيحية', NULL, NULL, '24،17', NULL, NULL, NULL, NULL, NULL, NULL, NULL, NULL, NULL, NULL, NULL, NULL, NULL, NULL, NULL, NULL, NULL, NULL, NULL, NULL, '0', '0'),
(90, '35', 22, 1, 7, 'Half Building :عمارة مدينة خليفة  الوضيحية', '8 شقق في البناء : عمارة مدينة خليفة  الوضيحية', NULL, NULL, '24،17', NULL, NULL, NULL, NULL, NULL, NULL, NULL, NULL, NULL, NULL, NULL, NULL, NULL, NULL, NULL, NULL, NULL, NULL, NULL, NULL, '0', '0'),
(91, '52', 13, 1, 16, 'Half Building :أم غويلينة أتش أس بي سي', '12 شقق في البناء : أم غويلينة أتش أس بي سي', NULL, NULL, '48', NULL, NULL, NULL, NULL, NULL, NULL, NULL, NULL, NULL, NULL, NULL, NULL, NULL, NULL, NULL, NULL, NULL, NULL, NULL, NULL, '0', '0'),
(92, '26', 14, 5, 7, 'Half Building :أم غويلينة المستشفى', '10 شقق في البناء : أم غويلينة المستشفى', NULL, NULL, '107', NULL, NULL, NULL, NULL, NULL, NULL, NULL, NULL, NULL, NULL, NULL, NULL, NULL, NULL, NULL, NULL, NULL, NULL, NULL, NULL, '0', '0'),
(93, '26', 14, 5, 7, 'Half Building :أم غويلينة المستشفى', '10 شقق في البناء : أم غويلينة المستشفى', NULL, NULL, '107', NULL, NULL, NULL, NULL, NULL, NULL, NULL, NULL, NULL, NULL, NULL, NULL, NULL, NULL, NULL, NULL, NULL, NULL, NULL, NULL, '0', '0'),
(94, '31', 18, 1, 10, 'Half Building :فيلتان مدينة خليفة الشمالية', '1 محل في البناء : فيلتان مدينة خليفة الشمالية', NULL, NULL, '3،5', NULL, NULL, NULL, NULL, NULL, NULL, NULL, NULL, NULL, NULL, NULL, NULL, NULL, NULL, NULL, NULL, NULL, NULL, NULL, NULL, '0', '0'),
(97, NULL, 39, 5, 11, 'Half Building : فلة القطيفية', '5 فيلا في البناء :  فلة القطيفية', NULL, NULL, '101', NULL, NULL, NULL, NULL, NULL, NULL, NULL, NULL, NULL, NULL, NULL, NULL, NULL, NULL, NULL, NULL, NULL, NULL, NULL, NULL, '0', '0'),
(98, NULL, 49, 1, 11, 'Villa Al Kheesa School ', 'فيلا الخيسة المدرسة', '1351973', '', '11', '560', '', '1333333', '2023', 'No File', 'No File', 'No File', 'No File', 'No File', 'No File', 'No File', 'No File', 'No File', 'No File', 'No File', 'No File', 'No File', 'No File', 'No File', 'No File', '1', '0'),
(99, '18', 6, 6, 7, 'Half Building :عمارتين فريج عبدالعزيز 80', '3 شقق في البناء : عمارتين فريج عبدالعزيز 80', NULL, NULL, '80', NULL, NULL, NULL, NULL, NULL, NULL, NULL, NULL, NULL, NULL, NULL, NULL, NULL, NULL, NULL, NULL, NULL, NULL, NULL, NULL, '0', '0'),
(100, '29', 17, 1, 17, 'Half Building :أم غويلينة الكبرى', '11 شقق في البناء : أم غويلينة الكبرى', NULL, NULL, '55', NULL, NULL, NULL, NULL, NULL, NULL, NULL, NULL, NULL, NULL, NULL, NULL, NULL, NULL, NULL, NULL, NULL, NULL, NULL, NULL, '0', '0'),
(101, '101', 50, 1, 11, 'Villa Alkheesa Hajar', 'فيلا الخيسة حجر', '1309427', '1165319', '35', '540', 'جديد', '1337021', '2019', 'No File', 'No File', 'No File', 'No File', 'No File', 'No File', 'رخصة بناء فيلا الخيسة حجر.pdf', '/English/Main_Application/Building_File/Building_Permit/رخصة بناء فيلا الخيسة حجر.pdf', 'اتمام بناء فيلا الخيسة حجر.pdf', '/English/Main_Application/Building_File/certificate_completion/اتمام بناء فيلا الخيسة حجر.pdf', 'No File', 'No File', 'No File', 'No File', 'No File', 'No File', '1', '0'),
(102, '28', 16, 6, 16, 'Half Building :أم غويلينة الجديدة', '2 شقة  في البناء : أم غويلينة الجديدة', NULL, NULL, '15', NULL, NULL, NULL, NULL, NULL, NULL, NULL, NULL, NULL, NULL, NULL, NULL, NULL, NULL, NULL, NULL, NULL, NULL, NULL, NULL, '0', NULL),
(103, NULL, 55, 1, 11, 'villa al keehsa school', ' فيلا الخيسة مدرسة ', '1351973', '', '11', '560', '', '1363543', '2018', 'No File', 'No File', 'No File', 'No File', 'No File', 'No File', 'No File', 'No File', 'No File', 'No File', 'No File', 'No File', 'No File', 'No File', 'No File', 'No File', '1', '0'),
(104, NULL, 55, 1, 11, 'villa al keehsa school', ' فيلا الخيسة مدرسة ', '1351973', '', '11', '560', '', '1333333', '2021', 'No File', 'No File', 'No File', 'No File', 'No File', 'No File', 'No File', 'No File', 'No File', 'No File', 'No File', 'No File', 'No File', 'No File', 'No File', 'No File', '1', '0'),
(105, '11', 58, 1, 11, ' Al Khaysa22', 'الخيسة 22', '', '', '22', '620', 'جديد', '1168004', '2013', 'No File', 'No File', 'No File', 'No File', 'No File', 'No File', 'No File', 'No File', 'No File', 'No File', 'No File', 'No File', 'No File', 'No File', 'No File', 'No File', '0', NULL),
(106, NULL, 58, 1, 11, ' Al Khaysa22', 'الخيسة 22', '', '', '22', '620', 'جديد', '1168004', '2013', 'No File', 'No File', 'No File', 'No File', 'No File', 'No File', 'No File', 'No File', 'No File', 'No File', 'No File', 'No File', 'No File', 'No File', 'No File', 'No File', '1', '0'),
(107, '11', 6, 6, 7, 'Half Building :عمارة عبد العزيز القديمة ', '3 شقة  في البناء : عمارة عبد العزيز القديمة ', NULL, NULL, '82', NULL, NULL, NULL, NULL, NULL, NULL, NULL, NULL, NULL, NULL, NULL, NULL, NULL, NULL, NULL, NULL, NULL, NULL, NULL, NULL, '0', NULL),
(108, '28', 16, 6, 16, 'Half Building :أم غويلينة الجديدة', '3 شقة  في البناء : أم غويلينة الجديدة', NULL, NULL, '15', NULL, NULL, NULL, NULL, NULL, NULL, NULL, NULL, NULL, NULL, NULL, NULL, NULL, NULL, NULL, NULL, NULL, NULL, NULL, NULL, '0', NULL),
(109, '18', 6, 6, 7, 'Half Building :عمارة عبد العزبز الجديدة ', '3 شقة  في البناء : عمارة عبد العزبز الجديدة ', NULL, NULL, '80', NULL, NULL, NULL, NULL, NULL, NULL, NULL, NULL, NULL, NULL, NULL, NULL, NULL, NULL, NULL, NULL, NULL, NULL, NULL, NULL, '0', NULL),
(110, NULL, 60, 1, 11, 'Villa AlThumama', 'فيلا الثمامة', '1285113', '', '3', '450', '', '1050684', '2024', 'No File', 'No File', 'No File', 'No File', 'No File', 'No File', 'No File', 'No File', 'No File', 'No File', 'No File', 'No File', 'No File', 'No File', 'No File', 'No File', '1', '0'),
(111, NULL, 60, 1, 11, 'Villa AlThumama', 'فيلا الثمامة', '1285113', '', '', '450', '', '1050684', '2024', 'No File', 'No File', 'No File', 'No File', 'No File', 'No File', 'No File', 'No File', 'No File', 'No File', 'No File', 'No File', 'No File', 'No File', 'No File', 'No File', '1', '0');

-- --------------------------------------------------------

--
-- Table structure for table `arcive_building_contract`
--

CREATE TABLE `arcive_building_contract` (
  `Contract_Id` int(11) NOT NULL,
  `users_user_ID` int(11) NOT NULL,
  `tenants_Tenants_ID` int(11) NOT NULL,
  `building_Building_Id` int(11) NOT NULL,
  `contract_type_Contract_Type_Id` int(11) NOT NULL,
  `contract_template_Contract_template_Id` int(11) NOT NULL,
  `payment_type_payment_type_Id` int(11) NOT NULL,
  `reason_for_rent_Reason_For_Rent_Id` int(11) NOT NULL,
  `Number_Of_Mounth` varchar(45) CHARACTER SET utf8mb4 DEFAULT NULL,
  `Number_Of_Years` varchar(45) CHARACTER SET utf8mb4 DEFAULT NULL,
  `Payment_Amount` varchar(200) CHARACTER SET utf8mb4 DEFAULT NULL,
  `Payment_Amount_L` varchar(200) CHARACTER SET utf8mb4 NOT NULL,
  `Date_Of_Sgin` varchar(200) CHARACTER SET utf8mb4 NOT NULL,
  `Start_Date` varchar(200) CHARACTER SET utf8mb4 NOT NULL,
  `End_Date` varchar(200) CHARACTER SET utf8mb4 NOT NULL,
  `Contract_Details` varchar(2000) CHARACTER SET utf8mb4 DEFAULT NULL,
  `New_ReNewed_Expaired` varchar(45) CHARACTER SET utf8mb4 NOT NULL,
  `Start_Free_Period` varchar(200) CHARACTER SET utf8mb4 DEFAULT NULL,
  `Duration_free_period` varchar(200) CHARACTER SET utf8mb4 DEFAULT NULL,
  `maintenance` varchar(45) CHARACTER SET utf8mb4 NOT NULL,
  `Rental_allowed_Or_Not_allowed` varchar(45) CHARACTER SET utf8mb4 NOT NULL,
  `Com_rep` varchar(45) CHARACTER SET utf8mb4 DEFAULT NULL,
  `Paymen_Method` varchar(200) DEFAULT NULL,
  `Real_Contract_FileName` varchar(200) DEFAULT NULL,
  `Real_Contract_Path` varchar(200) DEFAULT NULL
) ENGINE=InnoDB DEFAULT CHARSET=utf8;

--
-- Dumping data for table `arcive_building_contract`
--

INSERT INTO `arcive_building_contract` (`Contract_Id`, `users_user_ID`, `tenants_Tenants_ID`, `building_Building_Id`, `contract_type_Contract_Type_Id`, `contract_template_Contract_template_Id`, `payment_type_payment_type_Id`, `reason_for_rent_Reason_For_Rent_Id`, `Number_Of_Mounth`, `Number_Of_Years`, `Payment_Amount`, `Payment_Amount_L`, `Date_Of_Sgin`, `Start_Date`, `End_Date`, `Contract_Details`, `New_ReNewed_Expaired`, `Start_Free_Period`, `Duration_free_period`, `maintenance`, `Rental_allowed_Or_Not_allowed`, `Com_rep`, `Paymen_Method`, `Real_Contract_FileName`, `Real_Contract_Path`) VALUES
(23, 5, 41, 8, 1, 2, 2, 1, '', '2', '130000', 'مئة وثلاثنون الف', '01/09/2022', '01/09/2022', '01/09/2024', '', '1', '', '', '2', '1', '4', 'شيك', NULL, NULL),
(26, 8, 61, 26, 1, 2, 2, 2, '', '1', '35000', 'خمسة وثلاثون الاف', '01/08/2022', '01/09/2022', '15/08/2023', '', '2', '', '', '2', '1', '1', NULL, NULL, NULL),
(30, 8, 48, 18, 1, 2, 2, 2, '', '1', '10000', 'عشرة الاف ', '31/07/2022', '01/08/2022', '31/07/2023', '', '2', '', '', '2', '2', '20', NULL, NULL, NULL),
(31, 8, 52, 25, 1, 2, 2, 1, '', '5', '29700', 'تسعة وعشرون الاف وسبعمئة ', '18/02/2021', '01/08/2021', '31/07/2026', '', '1', '', '', '1', '1', 'إختر اسم الممثل ....', NULL, NULL, NULL),
(33, 9, 52, 52, 1, 2, 2, 1, '', '5', '74400', 'اربعة وسبعون الاف واربعمئة ', '23/03/2021', '01/08/2021', '31/07/2026', '', '1', '', '', '1', '1', '1', 'تحويل', '', ''),
(34, 9, 52, 19, 1, 2, 2, 1, '', '5', '80400', 'ثمانون الاف وأربعمئة ', '01/10/2020', '01/08/2021', '30/07/2026', '', '1', '', '', '1', '1', 'إختر اسم الممثل ....', 'تحويل', '', ''),
(39, 8, 3, 64, 1, 3, 2, 3, '', '1', '14100', 'اربعة عشر ومئة ', '09/02/2023', '01/01/2023', '31/12/2023', '', '1', '', '', '1', '2', 'إختر اسم الممثل ....', 'شيك', '', ''),
(40, 8, 9, 65, 1, 3, 2, 3, '', '1', '37600', 'سبعة وثلاثون الاف وستمئة', '01/01/2023', '01/01/2023', '31/12/2023', '', '2', '', '', '1', '1', '1', 'شيك', NULL, NULL),
(41, 8, 67, 66, 1, 3, 2, 1, '', '3', '26000', 'ستة وعشرون الاف ريال فقط ', '30/04/2021', '01/04/2022', '31/03/2025', '', '1', '', '', '1', '2', '37', 'شيك', NULL, NULL),
(42, 8, 49, 67, 1, 3, 2, 1, '', '1', '9000', 'تسعة الاف ريال فقط ', '31/05/2022', '01/06/2022', '31/05/2023', '', '1', '', '', '1', '2', '1', 'نقداً', '', ''),
(43, 8, 3, 68, 1, 3, 2, 3, '', '3', '14100', 'اربعة عشر الف ومئة ', '01/01/2021', '01/12/2020', '30/11/2023', '', '2', '', '', '1', '2', '1', 'شيك', NULL, NULL),
(45, 8, 53, 70, 1, 3, 2, 3, '', '1', '9000', 'تسعة الاف ريال ', '01/12/2022', '01/12/2022', '30/11/2023', '', '2', '', '', '1', '2', 'إختر اسم الممثل ....', 'شيك', NULL, NULL),
(46, 8, 20, 71, 1, 3, 2, 1, '', '1', '36850', 'ستة وثلاثون الاف وثمانمئة وخمسون', '01/08/2022', '01/08/2022', '31/07/2023', '', '2', '', '', '1', '2', '1', 'شيك', NULL, NULL),
(47, 8, 43, 72, 1, 3, 2, 2, '', '5', '40000', 'اربعون الاف ريال ', '01/12/2022', '01/01/2023', '31/12/2027', '', '1', '', '', '1', '2', '5', 'شيك', NULL, NULL),
(50, 8, 48, 75, 4, 3, 2, 3, '2', '', '10400', 'عشرة الاف واربع مئة ', '01/01/2021', '01/01/2021', '31/07/2022', '', '1', '', '', '1', '2', '20', 'نقداً', NULL, NULL),
(51, 8, 8, 77, 1, 3, 2, 3, '', '1', '9600', 'تسعة الاف وستمئة', '24/01/2023', '01/02/2023', '31/01/2024', '', '1', '', '', '1', '2', '1', '1', NULL, NULL),
(52, 8, 8, 78, 1, 3, 2, 3, '', '1', '9600', 'تسعة الاف وستمئة', '24/01/2023', '01/02/2023', '31/01/2024', '', '1', '', '', '1', '2', '1', '1', NULL, NULL),
(53, 8, 83, 84, 1, 3, 2, 1, '', '2', '16000', 'ستة عشرة الاف ريال ', '27/03/2021', '01/04/2023', '30/06/2022', '', '1', '', '', '1', '2', '1', 'شيك', NULL, NULL),
(54, 8, 114, 85, 1, 3, 2, 1, '', '3', '16000', 'ستة عشر الاف ريال ', '27/03/2021', '01/08/2021', '30/06/2023', '', '2', '', '', '1', '2', 'إختر اسم الممثل ....', 'شيك', NULL, NULL),
(55, 8, 51, 86, 1, 3, 2, 3, '', '1', '24666', 'اربعة وعشرون الاف وستمئة وسة وستون', '01/05/2021', '01/05/2021', '30/04/2022', '', '1', '', '', '1', '2', '1', 'نقداً', NULL, NULL),
(56, 8, 51, 87, 1, 3, 2, 3, '', '2', '18000', 'ثمن عشر الاف ', '28/04/2022', '01/05/2022', '30/04/2024', '', '1', '', '', '1', '2', '1', 'نقداً', NULL, NULL),
(57, 8, 67, 88, 1, 3, 1, 1, '', '1', '32000', 'اثنان وثلاثون الاف ريال ', '30/03/2019', '01/05/2020', '30/04/2021', '', '1', '', '', '1', '2', '37', 'نقداً', NULL, NULL),
(58, 8, 41, 89, 1, 3, 2, 1, '', '2', '30000', 'ثلاثون الاف ريال ', '19/09/2019', '01/01/2020', '30/04/2021', '', '1', '', '', '2', '2', '4', 'شيك', NULL, NULL),
(59, 8, 41, 90, 1, 3, 2, 1, '', '1', '30000', 'ثلاثون الاف ريال ', '01/01/2021', '01/01/2020', '30/04/2021', '', '1', '', '', '2', '2', '4', 'شيك', NULL, NULL),
(60, 8, 41, 91, 1, 3, 2, 1, '', '1', '78000', 'سبعة وثمون الاف ريال ', '23/11/2019', '01/01/2020', '15/06/2021', '', '1', '01/01/2020', '3', '1', '2', '4', 'شيك', NULL, NULL),
(61, 8, 61, 92, 1, 3, 5, 3, '', '1', '31666', 'واحد وثلاثون وستمئة وستون ', '11/06/2020', '01/07/2020', '31/07/2021', '', '1', '', '', '2', '2', '19', 'نقداً', NULL, NULL),
(62, 8, 61, 93, 1, 3, 2, 3, '', '1', '30000', 'ثلاثون الف ريال ', '03/06/2021', '01/08/2021', '15/09/2022', '', '1', '01/08/2022', '2', '2', '2', '19', 'نقداً', NULL, NULL),
(63, 8, 116, 94, 1, 3, 2, 2, '', '4', '2250', 'الفان ومئتان وخمسون ', '01/01/2020', '01/01/2020', '31/12/2023', '', '1', '', '', '2', '2', '42', 'نقداً', NULL, NULL),
(65, 8, 88, 97, 1, 3, 2, 1, '', '2', '60000', 'ستون الاف ريال ', '30/09/2021', '01/12/2021', '01/11/2023', '', '2', '', '', '1', '2', '45', 'شيك', NULL, NULL),
(66, 8, 88, 54, 1, 2, 5, 1, '', '2', '50000', 'خمسون الاف ريال ', '23/04/2020', '01/04/2020', '01/04/2022', 'تم دفع القيمية الايجارية عن كامل مدة التعاقد 1000000 مليون ريال', '1', '', '', '1', '2', '45', 'نقداً', NULL, NULL),
(67, 8, 48, 99, 1, 3, 2, 3, '', '1', '10000', 'عشرة الاف ريال', '01/05/2023', '01/05/2023', '30/04/2024', '', '1', '', '', '2', '2', '20', 'شيك', '', ''),
(68, 9, 52, 35, 1, 2, 3, 1, '', '5', '39600', 'تسعة وثلالثين ألف وستة مئة ريال', '18/10/2020', '01/08/2021', '01/08/2026', '', '1', '', '', '1', '1', 'إختر اسم الممثل ....', 'تحويل', '', ''),
(69, 8, 20, 100, 1, 3, 2, 1, '', '1', '36850', 'ستة وثلاثون الاف وثمان مئة وخمسون ', '29/01/2023', '01/05/2023', '30/04/2024', '', '1', '', '', '2', '2', '1', 'شيك', NULL, NULL),
(70, 8, 20, 71, 1, 3, 2, 1, '', '1', '36850', 'ستة وثلاثون الاف وثمانمئة وخمسون', '01/08/2022', '01/08/2022', '31/07/2024', '', '1', '', '', '1', '2', 'إختر اسم الممثل ....', 'شيك', NULL, NULL),
(71, 8, 114, 85, 1, 3, 2, 1, '', '3', '18000', 'ثمانية عشر الاف ريال ', '27/03/2021', '01/08/2021', '30/06/2026', '', '1', '', '', '2', '2', '1', 'شيك', '', ''),
(72, 8, 2, 102, 1, 3, 2, 3, '', '1', '9400', 'تسعة الاف واربعمة ريال ', '21/06/2023', '01/07/2023', '30/06/2024', '', '1', '', '', '1', '2', '1', 'شيك', NULL, NULL),
(73, 8, 61, 26, 1, 2, 2, 2, '', '1', '35000', 'خمسة وثلاثون الاف', '01/08/2022', '01/09/2023', '01/09/2024', '', '1', '', '', '2', '2', '19', 'شيك', '', ''),
(74, 8, 48, 18, 1, 2, 2, 2, '', '1', '10000', 'عشرة الاف ', '31/07/2022', '01/08/2022', '31/07/2023', '', '2', '', '', '2', '2', '20', 'شيك', NULL, NULL),
(75, 8, 49, 104, 1, 3, 2, 3, '', '1', '9000', 'تسعة الاف ريال', '09/09/2023', '01/10/2023', '30/09/2024', '', '1', '', '', '2', '2', '1', 'شيك', NULL, NULL),
(76, 8, 88, 97, 1, 3, 2, 1, '', '2', '60000', 'ستون الاف ريال ', '30/09/2021', '01/12/2021', '01/11/2023', '', '1', '', '', '2', '2', '45', 'شيك', NULL, NULL),
(77, 9, 48, 18, 1, 2, 2, 2, '', '1', '10000', 'عشرة الاف ', '31/07/2022', '01/08/2023', '01/08/2024', '', '1', '', '', '2', '1', '20', 'شيك', NULL, NULL),
(78, 9, 146, 106, 1, 3, 2, 3, '', '1', '9000', 'تسعة الاف', '20/12/2023', '01/01/2024', '31/12/2024', '', '1', '', '', '1', '2', '1', 'شيك', NULL, NULL),
(79, 9, 3, 68, 1, 3, 2, 3, '', '3', '14100', 'اربعة عشر الف ومئة ', '20/12/2023', '01/12/2023', '30/11/2024', '', '1', '', '', '2', '1', 'إختر اسم الممثل ....', 'شيك', NULL, NULL),
(80, 9, 3, 107, 1, 3, 2, 3, '', '1', '14100', 'أربعة عشر الاف ومئة ريال', '20/12/2023', '01/12/2023', '30/11/2024', '', '1', '', '', '2', '1', '1', 'شيك', NULL, NULL),
(81, 9, 9, 65, 1, 3, 2, 3, '', '1', '37600', 'سبعة وثلاثون الاف وستمئة', '01/01/2024', '01/01/2024', '01/01/2025', '', '1', '', '', '2', '2', 'إختر اسم الممثل ....', 'شيك', NULL, NULL),
(82, 9, 53, 70, 1, 3, 2, 3, '', '1', '9000', 'تسعة الاف ريال ', '01/01/2024', '01/01/2024', '01/01/2025', '', '1', '', '', '2', '1', 'إختر اسم الممثل ....', 'شيك', NULL, NULL),
(83, 9, 48, 108, 1, 3, 2, 2, '', '1', '10000', 'عشرة الاف', '01/07/2022', '01/08/2023', '01/08/2024', '', '1', '', '', '1', '1', '20', 'شيك', NULL, NULL),
(84, 9, 69, 32, 1, 2, 2, 3, '', '1', '8500', 'ثمانية الاف وخمسمئة', '01/01/2024', '01/01/2024', '31/12/2024', '', '1', '', '', '1', '1', '1', 'نقداً', NULL, NULL);

-- --------------------------------------------------------

--
-- Table structure for table `arcive_contract`
--

CREATE TABLE `arcive_contract` (
  `Contract_Id` int(11) NOT NULL,
  `users_user_ID` int(11) NOT NULL,
  `tenants_Tenants_ID` int(11) NOT NULL,
  `units_Unit_ID` int(11) NOT NULL,
  `contract_type_Contract_Type_Id` int(11) NOT NULL,
  `contract_template_Contract_template_Id` int(11) NOT NULL,
  `payment_type_payment_type_Id` int(11) NOT NULL,
  `reason_for_rent_Reason_For_Rent_Id` int(11) NOT NULL,
  `Number_Of_Mounth` varchar(45) DEFAULT NULL,
  `Number_Of_Years` varchar(45) DEFAULT NULL,
  `Payment_Amount` varchar(200) NOT NULL,
  `Payment_Amount_L` varchar(200) NOT NULL,
  `Date_Of_Sgin` varchar(200) NOT NULL,
  `Start_Date` varchar(200) NOT NULL,
  `End_Date` varchar(200) NOT NULL,
  `Contract_Details` varchar(2000) DEFAULT NULL,
  `New_ReNewed_Expaired` varchar(45) NOT NULL,
  `Start_Free_Period` varchar(200) DEFAULT NULL,
  `Duration_free_period` varchar(200) DEFAULT NULL,
  `maintenance` varchar(45) NOT NULL,
  `Rental_allowed_Or_Not_allowed` varchar(45) NOT NULL,
  `Com_rep` varchar(45) DEFAULT NULL,
  `Paymen_Method` varchar(200) DEFAULT NULL,
  `Real_Contract_FileName` varchar(200) DEFAULT NULL,
  `Real_Contract_Path` varchar(200) DEFAULT NULL
) ENGINE=InnoDB DEFAULT CHARSET=utf8;

--
-- Dumping data for table `arcive_contract`
--

INSERT INTO `arcive_contract` (`Contract_Id`, `users_user_ID`, `tenants_Tenants_ID`, `units_Unit_ID`, `contract_type_Contract_Type_Id`, `contract_template_Contract_template_Id`, `payment_type_payment_type_Id`, `reason_for_rent_Reason_For_Rent_Id`, `Number_Of_Mounth`, `Number_Of_Years`, `Payment_Amount`, `Payment_Amount_L`, `Date_Of_Sgin`, `Start_Date`, `End_Date`, `Contract_Details`, `New_ReNewed_Expaired`, `Start_Free_Period`, `Duration_free_period`, `maintenance`, `Rental_allowed_Or_Not_allowed`, `Com_rep`, `Paymen_Method`, `Real_Contract_FileName`, `Real_Contract_Path`) VALUES
(3, 5, 76, 203, 1, 1, 2, 2, '', '1', '11000', 'إحدى عشر ألف', '01/02/2022', '01/02/2022', '01/02/2023', '', '1', '', '', '2', '2', '5', '', NULL, NULL),
(7, 5, 25, 174, 1, 1, 2, 1, '', '1', '3500', 'ثلاثة الف وخمس مئة ', '', '01/01/2023', '31/12/2023', '', '2', '', '', '1', '2', '1', 'تحويل', '', ''),
(12, 8, 34, 183, 1, 1, 2, 1, '', '1', '5700', 'خمسة الف وسبع مئة ', '', '01/01/2023', '31/12/2023', '', '1', '', '', '1', '2', 'إختر اسم الممثل ....', '', NULL, NULL),
(18, 8, 17, 168, 1, 1, 2, 1, '', '1', '3500', 'ثلاثة الف وخمسئة', '20/11/2022', '01/01/2023', '31/12/2023', '', '2', '', '', '1', '2', 'إختر اسم الممثل ....', '', NULL, NULL),
(19, 8, 33, 182, 1, 1, 2, 1, '', '1', '5500', 'خمسة الف وخمسمئة', '20/11/2022', '01/01/2023', '31/12/2023', '', '2', '', '', '1', '2', 'إختر اسم الممثل ....', '', NULL, NULL),
(20, 8, 31, 180, 1, 1, 2, 1, '', '1', '3500', 'ثلاثة الف وخمسمئة ', '01/12/2022', '01/01/2023', '31/12/2023', '', '2', '', '', '1', '2', 'إختر اسم الممثل ....', '', NULL, NULL),
(23, 8, 22, 171, 1, 1, 2, 1, '', '1', '3400', 'ثلاثة الف واربعمئة ', '25/11/2022', '01/01/2023', '31/12/2023', '', '2', '', '', '1', '2', '1', 'شيك', NULL, NULL),
(24, 8, 24, 173, 1, 1, 2, 1, '', '1', '4500', 'اربع الف وخمسمئة', '25/12/2022', '01/01/2023', '31/12/2023', '', '2', '', '', '1', '2', 'إختر اسم الممثل ....', '', NULL, NULL),
(25, 8, 29, 178, 1, 1, 2, 1, '', '1', '4300', 'اربعة الف وثلاثمئة', '20/11/2022', '06/01/2023', '05/01/2024', '', '2', '', '', '1', '2', '1', '', NULL, NULL),
(28, 8, 26, 175, 1, 1, 2, 1, '', '1', '4300', 'اربعة الاف وثلاثمئة ', '20/12/2022', '10/01/2023', '9/01/2024', '', '2', '', '', '1', '2', '1', '', NULL, NULL),
(31, 8, 28, 167, 1, 1, 2, 1, '', '1', '4400', 'اربعة الاف واربعمئة ', '08/01/2023', '08/01/2023', '07/01/2024', '', '1', '', '', '1', '2', '1', 'شيك', '', ''),
(34, 8, 18, 169, 1, 1, 2, 1, '', '1', '4500', 'اربعة الاف وخمسمئة ', '03/01/2023', '31/01/2023', '31/01/2024', '', '2', '', '', '1', '2', '1', '', NULL, NULL),
(35, 8, 32, 181, 1, 1, 2, 1, '', '1', '4300', 'اربعة الاف وثلاثمئة ', '20/12/2022', '05/01/2023', '04/01/2024', '', '2', '', '', '1', '2', '1', '', NULL, NULL),
(39, 8, 23, 172, 1, 1, 2, 1, '', '1', '4500', 'اربعة الاف وخمسمئة ', '20/12/2023', '31/01/2023', '30/01/2024', '', '2', '', '', '1', '2', '1', '', NULL, NULL),
(41, 8, 13, 25, 1, 1, 2, 3, '', '1', '4700', 'اربعة الاف وسبعمئة ', '14/01/2023', '01/01/2023', '31/12/2023', '', '2', '', '', '1', '2', '1', 'شيك', '', ''),
(42, 8, 15, 7, 1, 1, 2, 3, '', '1', '4700', 'اربعة الاف وسبعمئة ', '01/01/2023', '01/01/2023', '31/12/2023', '', '2', '', '', '1', '2', '1', '', NULL, NULL),
(45, 8, 102, 176, 1, 1, 2, 1, '', '1', '4300', 'اربعة الاف وثلاثمئة ', '26/01/2022', '01/02/2023', '01/02/2024', '', '2', '', '', '1', '2', 'إختر اسم الممثل ....', 'شيك', '', ''),
(46, 8, 101, 177, 1, 1, 2, 1, '', '1', '3300', 'ثلاثة الاف وثلاثمئة ', '28/01/2023', '01/02/2023', '01/02/2024', '', '2', '', '', '1', '2', 'إختر اسم الممثل ....', 'شيك', '', ''),
(47, 8, 74, 201, 1, 1, 2, 2, '', '1', '10000', 'عشرة الاف ريال فقط لاغير', '30/1/2023', '01/02/2023', '28/01/2024', '', '2', '', '', '1', '2', '26', 'شيك', NULL, NULL),
(49, 8, 75, 202, 1, 1, 2, 2, '', '1', '10000', 'عشر الاف ريال ', '30/01/2023', '30/01/2023', '30/01/2024', '', '1', '', '', '1', '2', 'إختر اسم الممثل ....', 'شيك', '', ''),
(51, 8, 82, 212, 1, 1, 2, 1, '', '1', '7500', 'سبعة الاف وخمسمئة ', '01/02/2023', '01/02/2023', '01/08/2024', '', '1', '01/08/2023', '6', '1', '2', 'إختر اسم الممثل ....', 'شيك', '', ''),
(52, 8, 80, 208, 1, 1, 2, 1, '', '3', '11000', 'احدا عشر الاف ريال فقط ', '30/07/2020', '01/08/2020', '31/07/2023', '', '1', '', '', '1', '2', '1', 'نقداً', NULL, NULL),
(53, 8, 103, 122, 1, 1, 2, 2, '', '1', '9000', 'تسعة الاف ريال فقط ', '12/11/2022', '01/12/2022', '30/11/2023', '', '1', '', '', '1', '2', '38', 'شيك', NULL, NULL),
(54, 8, 9, 148, 1, 1, 2, 1, '', '1', '2500', 'الافان وخمسة مئة ', '01/01/2021', '01/01/2021', '13/03/2023', 'شهر اربعة  فارغ شهر خمسة  سماح ', '1', '', '', '1', '2', '1', 'نقداً', '', ''),
(55, 8, 9, 162, 1, 1, 2, 1, '', '1', '3000', 'ثلاثة الاف ريال ', '01/01/2021', '01/01/2021', '31/03/2023', '', '1', '', '', '1', '2', 'إختر اسم الممثل ....', 'نقداً', '', ''),
(56, 8, 87, 220, 1, 1, 4, 1, '', '5', '8000', 'ثمن الاف ريال فقط ', '01/09/2020', '01/09/2020', '31/08/2025', 'تم دفع سنتين مقدم \r\nعللى راس كل سنة من العقد حتى 30 8 2022 من 1 9 2022 شيك كل اربع شهور ', '1', '', '', '1', '2', '39', 'شيك', '', ''),
(57, 8, 5, 6, 1, 1, 2, 3, '', '1', '4700', 'اربعة الاف و سبعمئة ', '01/08/2022', '01/08/2022', '31/07/2023', '', '1', '', '', '1', '2', '1', 'شيك', '', ''),
(58, 8, 15, 29, 1, 1, 2, 3, '', '1', '4700', 'اربعة الاف وسبعمئة ', '01/08/2022', '01/10/2022', '30/09/2023', '', '2', '', '', '1', '2', '1', 'شيك', NULL, NULL),
(59, 8, 5, 13, 1, 1, 2, 3, '', '1', '4700', 'اربعة الاف وسبعمئة ', '01/03/2023', '01/03/2023', '29/02/2024', '', '2', '', '', '1', '2', '1', 'شيك', '', ''),
(61, 8, 104, 233, 1, 1, 2, 2, '', '1', '2000', 'الافان ريال ', '28/01/2023', '01/02/2023', '31/05/2024', 'استأجر مساحة إدارية خمسة عشرة متر مربع  ', '1', '01/02/2023', '4', '1', '2', '40', 'شيك', NULL, NULL),
(62, 8, 47, 99, 1, 1, 2, 1, '', '5', '5000', 'خمسة الاف ريال ', '20/11/2018', '01/11/2018', '01/11/2023', '', '1', '', '', '1', '2', '1', 'نقداً', NULL, NULL),
(63, 8, 82, 212, 1, 1, 2, 1, '', '2', '5000', 'خمسة الاف ريال ', '28/02/2019', '01/03/2019', '28/02/2021', '', '1', '', '', '1', '2', 'إختر اسم الممثل ....', 'نقداً', '', ''),
(64, 8, 70, 189, 1, 1, 2, 1, '', '2', '10000', 'عشر الاف ريال ', '24/12/2020', '01/01/2021', '30/04/2023', '', '2', '', '', '1', '2', 'إختر اسم الممثل ....', 'نقداً', '', ''),
(65, 8, 73, 191, 1, 1, 2, 1, '', '2', '10000', 'عشرة الاف ريال ', '31/05/2021', '01/06/2021', '31/10/2023', '', '1', '', '', '1', '2', '1', 'شيك', NULL, NULL),
(67, 8, 105, 161, 1, 1, 2, 3, '', '1', '3700', 'ثلاثة الاف وسبعة مئة ', '25/02/2023', '01/03/2023', '28/02/2024', '', '1', '', '', '1', '2', '1', 'شيك', NULL, NULL),
(69, 8, 107, 327, 1, 1, 2, 3, '', '1', '1500', 'الف وخمس مئة ريال ', '18/02/2023', '01/03/2023', '28/02/2024', '', '2', '', '', '1', '2', '1', '3', NULL, NULL),
(70, 8, 30, 179, 1, 1, 2, 1, '', '1', '4200', 'اربعة الاف ومئتين ', '18/02/2023', '01/03/2023', '28/02/2024', '', '1', '', '', '1', '2', '1', '1', NULL, NULL),
(71, 8, 108, 323, 1, 1, 2, 3, '', '1', '1800', 'الف وثمئة ', '25/02/2023', '01/03/2023', '28/02/2024', '', '2', '', '', '1', '2', '1', '3', NULL, NULL),
(72, 8, 109, 324, 1, 1, 2, 3, '', '1', '1800', 'الف وثمنمئة ', '30/01/2023', '01/02/2023', '31/01/2024', '', '1', '', '', '1', '2', '1', '3', NULL, NULL),
(73, 8, 19, 170, 1, 1, 1, 1, '', '1', '4100', 'اربعة الاف ومئة ريال ', '25/01/2022', '28/02/2023', '28/02/2024', '', '2', '', '', '1', '2', 'إختر اسم الممثل ....', 'شيك', NULL, NULL),
(76, 9, 110, 230, 1, 1, 2, 1, '', '3', '4000', 'اربعة الاف ريال فقط ', '25/02/2023', '01/03/2023', '01/01/2027', '', '1', '01/03/2023', '10', '1', '1', 'إختر اسم الممثل ....', 'نقداً', '', ''),
(77, 8, 91, 231, 1, 1, 2, 1, '', '2', '5000', 'خمسة الاف ريال ', '28/08/2021', '01/09/2021', '31/08/2023', '', '2', '', '', '1', '2', '1', 'شيك', NULL, NULL),
(78, 8, 85, 217, 1, 1, 2, 1, '', '3', '20000', 'عشرون الاف ريال ', '14/05/2021', '01/05/2020', '01/05/2023', '', '1', '', '', '1', '2', '1', 'نقداً', '', ''),
(79, 8, 90, 234, 1, 1, 1, 2, '', '3', '20000', 'عشرون الاف ريال ', '15/01/2020', '15/04/2020', '14/04/2023', 'يتم تحويل القيمية الايجارية بداية كل سنة ميلادية في بداية العقد ', '1', '', '', '1', '2', '34', 'تحويل', NULL, NULL),
(80, 8, 2, 3, 1, 1, 2, 3, '', '3', '4700', 'اربعة الاف وسبعمئة ريال ', '01/01/2020', '01/01/2020', '30/09/2023', '', '1', '', '', '1', '2', '1', 'نقداً', NULL, NULL),
(81, 8, 3, 4, 1, 1, 2, 3, '', '3', '4700', 'اربعة الاف وسبعمئة ريال ', '09/01/2020', '15/01/2020', '31/12/2023', '', '1', '', '', '1', '2', '1', 'شيك', NULL, NULL),
(82, 8, 117, 6, 1, 1, 2, 1, '', '1', '5000', 'خمسة الاف ريال ', '01/06/2020', '01/06/2020', '31/05/2021', '', '1', '', '', '1', '2', '43', 'نقداً', '', ''),
(83, 8, 6, 7, 1, 1, 2, 3, '', '1', '5000', 'خمسة الاف ريال ', '03/03/2020', '01/03/2020', '28/02/2021', '', '1', '', '', '1', '2', 'إختر اسم الممثل ....', 'نقداً', '', ''),
(84, 8, 7, 8, 1, 1, 2, 3, '', '1', '4700', 'اربعة الاف وسبعمئة ريال ', '20/06/2021', '01/07/2021', '01/08/2022', '', '1', '01/07/2021', '1', '1', '2', '1', 'نقداً', '', ''),
(85, 8, 7, 8, 1, 1, 2, 3, '', '1', '4700', 'اربعة الاف وسبعمئة ريال ', '20/06/2021', '01/07/2021', '31/07/2022', '', '1', '', '', '1', '2', '1', 'نقداً', NULL, NULL),
(86, 8, 7, 8, 1, 1, 2, 3, '', '1', '4700', 'اربعة الاف وسبعمئة ريال ', '04/06/2022', '01/08/2022', '31/07/2023', '', '1', '', '', '1', '2', '1', 'شيك', NULL, NULL),
(87, 8, 8, 9, 1, 1, 2, 3, '', '1', '5000', 'خمسة الاف ريال ', '31/01/2021', '01/02/2021', '31/01/2022', '', '1', '', '', '1', '2', 'إختر اسم الممثل ....', 'نقداً', '', ''),
(88, 8, 8, 9, 1, 1, 2, 3, '', '1', '4800', 'اربعة الاف وثمانمائة ', '24/01/2022', '01/02/2022', '31/01/2023', '', '1', '', '', '1', '2', 'إختر اسم الممثل ....', 'نقداً', '', ''),
(89, 8, 8, 9, 1, 1, 2, 3, '', '4', '4800', 'اربعة الاف وسبعمئة ريال ', '01/01/2020', '01/01/2020', '31/12/2024', '', '1', '', '', '1', '2', '1', 'نقداً', '', ''),
(90, 8, 5, 13, 1, 1, 2, 3, '', '1', '4700', 'اربعة الاف وسبعمئة ريال ', '07/02/2021', '01/03/2021', '28/02/2022', '', '1', '01/03/2021', '1', '1', '2', '1', 'نقداً', '', ''),
(91, 8, 10, 15, 1, 1, 2, 3, '', '4', '5000', 'خمسة الاف ريال ', '29/12/2019', '01/01/2020', '31/12/2023', '', '1', '', '', '1', '2', '1', 'نقداً', NULL, NULL),
(92, 8, 11, 16, 1, 1, 2, 3, '', '1', '5500', 'خمسة الاف وخمسمائة ', '28/10/2019', '01/11/2019', '31/10/2020', '', '1', '', '', '1', '2', 'إختر اسم الممثل ....', 'نقداً', '', ''),
(93, 8, 11, 16, 1, 1, 2, 3, '', '1', '4800', 'اربعة الاف وثمانمائة ', '31/10/2020', '01/11/2020', '31/10/2021', '', '1', '', '', '2', '2', '1', 'نقداً', NULL, NULL),
(94, 9, 11, 16, 1, 1, 2, 3, '', '1', '4700', 'اربعة الاف وسبعمئة ريال ', '30/11/2023', '30/11/2023', '30/11/2024', '', '1', '', '', '1', '2', '1', 'شيك', '', ''),
(96, 8, 97, 17, 1, 1, 3, 1, '', '11', '5500', 'خمسة الاف وخمسمائة ريال ', '12/08/2012', '12/08/2012', '11/08/2023', '', '2', '', '', '1', '2', '1', 'تحويل', NULL, NULL),
(97, 8, 12, 19, 1, 1, 2, 3, '', '1', '500', 'خمسة الاف  ', '16/01/2020', '01/02/2020', '31/01/2021', '', '1', '', '', '1', '2', '1', 'نقداً', '', ''),
(98, 9, 12, 19, 1, 1, 2, 3, '', '1', '4800', 'اربعة الاف وثمانمئة ريال ', '01/02/2024', '01/02/2024', '30/04/2024', '', '1', '', '', '1', '2', '1', 'شيك', '', ''),
(99, 8, 8, 20, 1, 1, 2, 3, '', '1', '5000', 'خمسة الاف ريال ', '30/01/2021', '01/02/2021', '31/01/2022', '', '1', '', '', '1', '2', 'إختر اسم الممثل ....', 'نقداً', '', ''),
(100, 8, 97, 23, 1, 1, 3, 1, '', '9', '6000', 'ستة الاف ريال ', '18/09/2012', '18/09/2012', '31/12/2021', '', '1', '', '', '1', '2', 'إختر اسم الممثل ....', 'تحويل', '', ''),
(101, 8, 13, 25, 1, 1, 2, 3, '', '1', '4700', 'اربعة الاف وسبعمئة ريال ', '08/12/2020', '01/01/2021', '31/12/2021', '', '1', '', '', '1', '2', 'إختر اسم الممثل ....', 'نقداً', '', ''),
(102, 8, 13, 25, 1, 1, 2, 3, '', '1', '4700', 'اربعة الاف وسبعمئة ريال ', '25/10/2021', '01/10/2021', '01/10/2022', '', '1', '', '', '1', '2', '1', 'نقداً', '', ''),
(104, 8, 14, 26, 1, 1, 2, 3, '', '1', '5000', 'خمسة الاف ريال ', '18/07/2020', '01/08/2020', '31/07/2021', '', '1', '', '', '1', '2', 'إختر اسم الممثل ....', 'نقداً', '', ''),
(105, 8, 14, 26, 1, 1, 2, 3, '', '1', '4700', 'اربعة الاف وسبعمائة ريال ', '21/08/2021', '01/08/2021', '31/07/2022', '', '1', '', '', '1', '2', 'إختر اسم الممثل ....', 'نقداً', '', ''),
(106, 8, 14, 26, 4, 1, 2, 3, '1', '', '4500', 'اربعة الاف وخمسمائة ', '01/02/2022', '01/01/2022', '31/12/2023', '', '1', '', '', '1', '2', '1', 'نقداً', NULL, NULL),
(107, 8, 2, 27, 1, 1, 2, 3, '', '1', '4700', 'اربعة الاف وسبعمائة ريال ', '01/01/2020', '01/01/2020', '31/12/2020', '', '1', '', '', '1', '2', 'إختر اسم الممثل ....', 'نقداً', '', ''),
(108, 8, 2, 27, 1, 1, 2, 3, '', '1', '4700', 'اربعة الاف وسبعمائة ريال ', '01/01/2021', '01/01/2021', '31/12/2021', '', '1', '', '', '1', '2', 'إختر اسم الممثل ....', 'نقداً', '', ''),
(109, 8, 2, 27, 1, 1, 2, 3, '', '1', '4700', 'اربعة الاف وسبعمائة ريال ', '01/01/2023', '01/01/2023', '01/01/2024', '', '1', '', '', '1', '2', '1', 'نقداً', NULL, NULL),
(110, 8, 118, 28, 1, 1, 2, 3, '', '1', '5000', 'خمسة الاف ريال ', '01/05/2020', '01/05/2020', '30/04/2021', '', '1', '', '', '1', '2', '44', 'نقداً', '', ''),
(111, 8, 9, 28, 4, 1, 2, 3, '14', '', '4700', 'اربعة الاف وسبعمائة ريال ', '05/07/2021', '01/07/2021', '01/11/2022', '', '1', '01/07/2021', '2', '1', '2', '1', 'نقداً', '', ''),
(112, 8, 15, 29, 1, 1, 2, 3, '', '1', '5000', 'خمسة الاف ريال ', '01/11/2020', '01/11/2020', '30/11/2021', '', '1', '01/11/2020', '1', '2', '2', 'إختر اسم الممثل ....', 'نقداً', '', ''),
(113, 8, 15, 29, 1, 1, 2, 3, '', '1', '4700', 'اربعة الاف وسبعمائة ريال ', '26/09/2021', '01/10/2021', '30/09/2022', '', '1', '', '', '1', '2', '1', 'نقداً', '', ''),
(115, 8, 63, 145, 1, 1, 2, 3, '', '1', '2500', 'الفان وخمسمائة ', '01/02/2021', '01/02/2021', '31/01/2022', '', '1', '', '', '1', '2', 'إختر اسم الممثل ....', 'نقداً', '', ''),
(116, 8, 63, 145, 1, 1, 2, 3, '', '1', '2500', 'الفان وخمسمائة ', '10/12/2022', '01/01/2023', '31/12/2023', '', '2', '', '', '1', '2', '1', 'نقداً', NULL, NULL),
(117, 8, 62, 144, 1, 1, 2, 3, '', '1', '2800', 'الفان وثمانمئة ', '01/01/2020', '01/01/2020', '31/12/2021', '', '1', '', '', '1', '2', 'إختر اسم الممثل ....', 'نقداً', '', ''),
(118, 8, 62, 144, 1, 1, 2, 3, '', '2', '2500', 'الفان وخمسمائة', '01/01/2022', '01/01/2021', '31/12/2023', '', '1', '', '', '1', '2', '1', 'نقداً', NULL, NULL),
(119, 8, 63, 145, 1, 1, 2, 3, '', '4', '2500', 'الفان وخمسمائة ', '01/01/2020', '01/01/2020', '31/12/2023', '', '1', '', '', '1', '2', '1', 'نقداً', NULL, NULL),
(120, 8, 119, 146, 1, 1, 1, 3, '', '3', '2500', 'الفان وخمسمائة ', '01/11/2020', '01/11/2020', '31/10/2023', '', '2', '', '', '1', '2', '1', 'نقداً', NULL, NULL),
(121, 8, 65, 147, 1, 1, 2, 3, '', '3', '2500', 'الفان وخمسمائة ', '01/02/2021', '01/02/2021', '31/01/2024', 'تم دفع اربع شهور بشيك واحد ', '1', '', '', '1', '2', '49', 'شيك', '', ''),
(122, 9, 66, 149, 1, 1, 2, 3, '', '4', '2500', 'الفان وخمسمائة ', '01/01/2020', '01/01/2020', '31/12/2023', '', '1', '', '', '1', '2', 'إختر اسم الممثل ....', 'نقداً', '', ''),
(123, 8, 120, 148, 1, 1, 2, 3, '', '1', '2500', 'الفان وخمسمائة ', '01/01/2010', '01/01/2020', '30/03/2021', '', '1', '', '', '1', '2', 'إختر اسم الممثل ....', 'نقداً', '', ''),
(127, 8, 106, 322, 1, 1, 4, 1, '', '5', '15000', 'خمسة عشر الف ريال ', '16/01/2023', '01/01/2023', '31/12/2027', '', '1', '', '', '1', '2', '41', 'تحويل', NULL, NULL),
(128, 8, 122, 201, 1, 1, 2, 2, '', '2', '13000', 'ثلاثة عشر الاف رياال ', '13/09/2019', '15/09/2019', '31/10/2021', '', '1', '', '', '1', '2', 'إختر اسم الممثل ....', 'نقداً', '', ''),
(129, 8, 9, 216, 1, 1, 2, 3, '', '1', '10500', 'عشرة الاف وخمسمائة ', '28/03/2021', '01/04/2021', '31/03/2022', '', '1', '', '', '1', '2', '1', 'نقداً', '', ''),
(131, 8, 142, 215, 1, 1, 2, 2, '', '5', '12000', 'اثني عشر الف ريال ', '25/06/2022', '01/07/2022', '30/06/2027', '', '1', '', '', '1', '2', '46', 'شيك', '', ''),
(132, 8, 76, 203, 1, 1, 2, 2, '', '1', '14000', 'اربعة عشر الف ريال ', '25/12/2019', '01/01/2020', '31/01/2021', '', '1', '', '', '1', '2', '27', 'نقداً', NULL, NULL),
(133, 8, 76, 203, 1, 1, 2, 2, '', '1', '13000', 'ثلاثة عشر الف ريال', '31/01/2021', '01/02/2021', '30/11/2021', '', '1', '', '', '1', '2', '27', 'نقداً', NULL, NULL),
(134, 8, 76, 203, 4, 1, 2, 2, '5', '', '11000', 'احدى عشر الف ريال ', '01/12/2021', '01/12/2021', '31/05/2022', '', '1', '', '', '1', '2', '27', 'نقداً', NULL, NULL),
(136, 9, 9, 216, 1, 1, 2, 3, '', '1', '10500', 'عشرة الاف وخمسمائة ', '19/02/2024', '01/04/2024', '31/03/2025', '', '1', '', '', '1', '1', '1', 'شيك', '', ''),
(138, 8, 52, 455, 1, 1, 3, 1, '', '3', '13200', 'ثلاثة عشر الف ومئتان ريال ', '01/01/2020', '01/01/2020', '31/12/2022', '', '2', '', '', '1', '1', '1', 'تحويل', '', ''),
(139, 8, 52, 226, 1, 1, 3, 1, '', '3', '8000', 'ثمن الاف ريال فقط ', '01/01/2020', '01/01/2020', '31/12/2022', '', '2', '', '', '1', '1', '1', 'تحويل', NULL, NULL),
(140, 8, 52, 192, 1, 1, 3, 1, '', '3', '11000', 'احدى عشر الف ريال ', '01/01/2020', '01/01/2020', '31/12/2022', '', '2', '', '', '1', '2', '1', 'تحويل', NULL, NULL),
(141, 8, 52, 190, 1, 1, 3, 1, '', '3', '11500', 'احدى عشر الف وخمسمائة ريال ', '01/01/2020', '01/01/2020', '31/12/2022', '', '2', '', '', '1', '2', '1', 'تحويل', NULL, NULL),
(142, 8, 52, 456, 1, 1, 3, 1, '', '3', '13200', 'ثلاثة عشر الف ومئتان', '01/01/2020', '01/01/2020', '31/12/2022', '', '2', '', '', '1', '1', '1', 'تحويل', NULL, NULL),
(143, 8, 59, 123, 1, 1, 2, 2, '', '1', '9000', 'تسعة الاف ربال فقط ', '16/03/2023', '01/04/2023', '31/03/2024', '', '1', '', '', '1', '1', '32', 'شيك', NULL, NULL),
(144, 8, 125, 120, 1, 1, 2, 3, '', '1', '2500', 'الفان وخمسمائة ريال فقط  ', '19/03/2023', '01/04/2023', '31/03/2024', '', '1', '', '', '2', '2', '1', 'شيك', '', ''),
(145, 8, 126, 118, 1, 1, 2, 2, '', '1', '1000', 'الف ريال ', '19/03/2023', '01/03/2023', '29/02/2024', '', '1', '', '', '2', '1', '1', 'شيك', NULL, NULL),
(146, 8, 127, 96, 1, 1, 2, 3, '', '1', '3000', 'ثلاثة الاف ريال ', '01/03/2023', '01/03/2023', '29/02/2024', '', '2', '', '', '2', '2', '1', 'شيك', NULL, NULL),
(147, 9, 129, 121, 1, 1, 2, 3, '', '1', '4000', 'اربعة الاف ريال ', '20/03/2023', '01/04/2023', '01/08/2024', 'تم تحصيل الشهر الاول مقدما بموجب شيك ', '1', '01/04/2023', '4', '2', '1', 'إختر اسم الممثل ....', 'شيك', '', ''),
(148, 8, 3, 5, 1, 1, 2, 3, '', '1', '4700', 'اربعة الاف وسبعمئة ريال ', '22/03/2023', '01/04/2023', '31/03/2024', '', '1', '', '', '1', '2', '1', 'شيك', NULL, NULL),
(149, 8, 129, 98, 1, 1, 2, 3, '', '1', '3000', 'ثلاثة الاف ريال ', '18/01/2023', '01/02/2023', '31/01/2024', '', '1', '', '', '2', '2', '1', 'شيك', NULL, NULL),
(150, 9, 52, 455, 1, 1, 4, 1, '', '1', '13000', 'ثلاثة عشر الف  ريال ', '01/01/2023', '01/01/2024', '01/01/2025', '', '1', '', '', '1', '1', 'إختر اسم الممثل ....', 'تحويل', '', ''),
(151, 8, 82, 212, 1, 1, 5, 3, '', '1', '10000', 'عشر الاف ربال ', '28/02/2019', '01/03/2019', '29/02/2020', 'تم دفع الايجار مقدما', '1', '', '', '2', '2', 'إختر اسم الممثل ....', 'نقداً', '', ''),
(152, 9, 52, 226, 1, 1, 4, 1, '', '1', '8000', 'ثمن الاف ريال فقط ', '01/01/2023', '01/01/2023', '01/01/2024', '', '2', '', '', '1', '1', 'إختر اسم الممثل ....', 'تحويل', '', ''),
(153, 9, 52, 456, 1, 1, 4, 1, '', '1', '13200', 'ثلاثة عشر الف ومئتان', '01/01/2023', '01/01/2023', '01/01/2024', '', '1', '', '', '1', '1', 'إختر اسم الممثل ....', 'تحويل', '', ''),
(154, 9, 52, 192, 1, 1, 4, 1, '', '1', '11000', 'احدى عشر الف ريال ', '01/01/2023', '01/01/2023', '01/01/2024', '', '1', '', '', '1', '2', 'إختر اسم الممثل ....', 'تحويل', '', ''),
(155, 9, 52, 190, 1, 1, 4, 1, '', '1', '11500', 'احدى عشر الف وخمسمائة ريال ', '01/01/2023', '01/01/2023', '01/01/2024', '', '1', '', '', '1', '2', 'إختر اسم الممثل ....', 'تحويل', '', ''),
(156, 8, 132, 28, 1, 1, 3, 3, '', '2', '4650', 'اربعة الاف وستمئة وخمسون', '01/01/2020', '01/01/2020', '31/12/2021', 'القيمية الايجارية تحول بدل اجور محامي', '1', '', '', '1', '2', '1', 'نقداً', NULL, NULL),
(157, 8, 105, 5, 1, 1, 2, 3, '', '1', '4700', 'اربعة الاف وسبعمئة ريال ', '29/04/2023', '01/05/2023', '30/04/2024', '', '1', '', '', '1', '1', '1', 'شيك', '', ''),
(158, 8, 100, 124, 1, 1, 2, 2, '', '2', '10000', 'عشرة الاف ريال ', '01/02/2020', '01/02/2020', '01/04/2022', 'فترة سماح شهرين تسعة وعشرة ', '1', '01/09/2021', '2', '2', '2', '33', 'نقداً', '', ''),
(159, 8, 100, 124, 1, 1, 2, 2, '', '1', '9000', 'تسعة الاف ريال ', '01/02/2022', '01/02/2022', '01/02/2023', '', '2', '', '', '2', '2', '33', 'شيك', NULL, NULL),
(160, 8, 4, 5, 1, 1, 2, 3, '', '1', '5000', 'خمسة الاف ريال ', '01/01/2020', '01/01/2020', '31/12/2020', 'تم تنزل الايجار الشهري ل اربعة الاف وسبعمئة  اخر شهرين ', '1', '', '', '1', '2', 'إختر اسم الممثل ....', 'نقداً', '', ''),
(161, 8, 4, 5, 1, 1, 2, 3, '', '2', '4700', 'اربعة الاف وسبعمئة ريال ', '01/01/2021', '01/01/2021', '31/12/2022', '', '1', '', '', '1', '1', '1', 'نقداً', NULL, NULL),
(162, 8, 4, 5, 4, 1, 2, 3, '4', '', '4700', 'اربعة الاف وسبعمئة ريال ', '01/01/2023', '01/01/2023', '30/04/2023', '', '1', '', '', '1', '2', '1', 'نقداً', NULL, NULL),
(164, 8, 98, 217, 1, 1, 2, 1, '', '3', '15000', 'خمسة عشر الاف ريال ', '15/05/2023', '01/06/2023', '01/07/2026', '', '1', '01/06/2023', '1', '2', '1', '28', 'شيك', NULL, NULL),
(165, 8, 133, 217, 1, 1, 2, 1, '', '3', '15000', 'خمسة عشر الاف ريال ', '01/06/2023', '01/07/2023', '01/07/2026', '', '1', '01/06/2023', '1', '2', '1', '46', 'شيك', '', ''),
(166, 9, 113, 230, 1, 1, 2, 1, '', '1', '4000', 'أربعة الاف وخمسمائة', '01/01/2023', '01/01/2023', '31/12/2023', '', '1', '', '', '1', '2', '1', 'شيك', NULL, NULL),
(167, 9, 113, 228, 1, 1, 2, 1, '', '1', '4000', 'اربعة الاف ريال فقط ', '01/01/2023', '01/01/2023', '31/12/2023', '', '1', '', '', '1', '2', '1', 'شيك', NULL, NULL),
(168, 9, 134, 248, 1, 1, 3, 2, '', '11', '5500', 'خمسة الاف وخمسمائة', '08/06/2015', '08/06/2015', '08/06/2026', '', '1', '', '', '1', '2', '47', 'تحويل', NULL, NULL),
(169, 9, 21, 166, 1, 1, 3, 2, '', '11', '7000', 'سبعة الاف', '04/08/2015', '04/08/2015', '04/08/2026', '', '1', '', '', '1', '2', '48', 'تحويل', NULL, NULL),
(170, 9, 100, 124, 1, 1, 2, 2, '', '1', '9000', 'تسعة الاف ريال ', '01/02/2022', '01/02/2022', '01/02/2023', '', '1', '', '', '1', '2', '33', 'شيك', NULL, NULL),
(171, 9, 100, 124, 1, 1, 2, 2, '', '1', '9000', 'تسعة الاف ريال ', '01/02/2022', '01/02/2023', '01/02/2024', '', '1', '', '', '1', '2', '33', 'شيك', NULL, NULL),
(172, 9, 90, 234, 1, 1, 3, 2, '', '2', '12000', 'اثنى عشر الاف', '13/03/2023', '15/04/2023', '14/04/2025', '', '1', '', '', '1', '2', '34', 'شيك', NULL, NULL),
(173, 9, 135, 232, 1, 1, 2, 2, '', '1', '8500', 'ثمانية الاف وخمسمائة', '29/03/2022', '01/06/2022', '01/06/2023', '', '1', '', '', '1', '2', '1', 'شيك', NULL, NULL),
(174, 9, 70, 189, 1, 1, 2, 1, '', '2', '10000', 'عشر الاف ريال ', '24/12/2020', '30/04/2023', '30/04/2024', '', '1', '', '', '2', '2', 'إختر اسم الممثل ....', 'نقداً', NULL, NULL),
(175, 8, 70, 189, 1, 1, 2, 1, '', '2', '10000', 'عشر الاف ريال ', '24/12/2020', '31/12/2021', '31/12/2023', '', '1', '', '', '2', '2', '1', 'شيك', '', ''),
(176, 8, 2, 3, 1, 1, 2, 3, '', '1', '4700', 'اربعة الاف وسبعمائة ريال ', '21/06/2023', '01/07/2023', '30/06/2024', '', '1', '', '', '1', '2', '1', 'شيك', NULL, NULL),
(177, 8, 2, 3, 1, 1, 2, 3, '', '1', '4700', 'اربعة الاف وسبعمائة ريال ', '21/06/2023', '01/07/2023', '30/06/2024', '', '1', '', '', '1', '2', 'إختر اسم الممثل ....', 'شيك', '', ''),
(178, 8, 137, 232, 1, 1, 2, 2, '', '1', '9250', 'تسعة الاف ومئتان وخمسون ', '22/06/2023', '01/07/2023', '31/07/2024', 'ملحوظة في حالة رغبة الطرف الثاني في اخلاء العقار قبل انتهاء فترة العقد على المستأجر اخبار المؤجر قبل 3 أشهر على الاقل او دفع غرامة ثلاثة  أشهر مقدم في حالة عدم اخطار المؤجر \r\nسيتم دفع 550ريال قطري حوالة بنكية ', '1', '01/07/2023', '1', '1', '2', '50', 'شيك', '', ''),
(179, 9, 140, 205, 1, 1, 2, 2, '', '1', '10000', 'عشرة الاف ريال', '01/08/2023', '01/08/2023', '31/07/2024', 'شيك بقيمة عشرين الف ريال بدل متأخرات شهرين رقم الشيك ', '1', '', '', '1', '2', '1', 'شيك', NULL, NULL),
(180, 8, 97, 17, 1, 1, 3, 1, '', '11', '5500', 'خمسة الاف وخمسمائة ريال ', '12/08/2012', '12/08/2012', '11/08/2023', '', '1', '', '', '1', '2', 'إختر اسم الممثل ....', 'تحويل', NULL, NULL),
(181, 8, 91, 231, 1, 1, 2, 1, '', '2', '5000', 'خمسة الاف ريال ', '28/08/2021', '01/09/2021', '31/08/2023', '', '1', '', '', '2', '2', 'إختر اسم الممثل ....', 'شيك', NULL, NULL),
(182, 8, 96, 231, 1, 1, 2, 1, '', '3', '5500', 'خمسة الاف وخمسمئة ريال ', '28/08/2021', '01/09/2021', '01/09/2024', '', '1', '', '', '2', '2', 'إختر اسم الممثل ....', 'شيك', '', ''),
(183, 8, 7, 8, 1, 1, 2, 3, '', '1', '4700', 'اربعة الاف وسبعمئة ريال ', '01/07/2023', '01/07/2023', '30/06/2024', '', '1', '', '', '1', '2', '1', 'شيك', NULL, NULL),
(184, 8, 5, 6, 1, 1, 2, 3, '', '1', '4700', 'اربعة الاف وسبعمئة ريال ', '01/08/2023', '01/08/2023', '31/07/2024', '', '1', '', '', '1', '2', '1', 'شيك', NULL, NULL),
(185, 8, 5, 6, 1, 1, 2, 3, '', '1', '4700', 'اربعة الاف وسبعمئة ريال ', '01/08/2023', '01/08/2023', '31/07/2024', '', '1', '', '', '1', '2', '1', 'شيك', NULL, NULL),
(186, 8, 9, 148, 4, 1, 2, 3, '6', '', '2500', 'الفان وخمسمائة ', '01/08/2023', '01/09/2023', '29/02/2024', '', '1', '', '', '1', '2', '1', 'شيك', NULL, NULL),
(187, 9, 9, 148, 4, 1, 2, 3, '13', '', '2600', 'الفان وستمأه ', '19/02/2024', '01/03/2024', '29/03/2025', '', '1', '', '', '1', '2', 'إختر اسم الممثل ....', 'شيك', '', ''),
(188, 9, 9, 162, 4, 1, 2, 3, '13', '', '3150', 'ثلاثة الاف ريال ومئةوخمسون', '19/02/2024', '01/03/2024', '29/03/2025', '', '1', '', '', '1', '1', '1', 'شيك', '', ''),
(189, 8, 80, 208, 1, 1, 2, 1, '', '1', '11000', 'احدى عشر الاف لايال ', '01/08/2023', '01/08/2023', '31/07/2024', '', '1', '', '', '2', '2', '1', 'شيك', NULL, NULL),
(190, 8, 80, 208, 1, 1, 2, 1, '', '1', '11000', 'احدى عشر الاف لايال ', '01/08/2023', '01/08/2023', '31/07/2024', '', '1', '', '', '2', '2', '1', 'شيك', NULL, NULL),
(191, 8, 82, 212, 1, 1, 2, 3, '', '3', '7500', 'سبعة الاف وخمسمئة ', '10/09/2023', '01/03/2024', '28/02/2027', '', '1', '', '', '2', '2', '1', 'شيك', NULL, NULL),
(192, 8, 65, 147, 1, 1, 2, 1, '', '1', '2500', 'الفان وخمسمئة ريال ', '26/09/2023', '01/10/2023', '30/09/2024', '', '1', '', '', '1', '2', '53', 'شيك', NULL, NULL),
(193, 8, 141, 229, 1, 1, 2, 1, '', '1', '3500', 'ثلاث الف وخمسمئة ريال ', '01/05/2023', '01/05/2023', '30/04/2024', '', '1', '', '', '2', '1', '54', 'شيك', NULL, NULL),
(194, 9, 141, 229, 1, 1, 2, 1, '', '1', '3500', 'ثلاث الف وخمسمئة ريال ', '01/05/2023', '01/05/2023', '30/04/2024', '', '1', '', '', '2', '1', '48', 'شيك', '', ''),
(195, 8, 73, 192, 1, 1, 2, 1, '', '1', '10000', 'عشر الاف ريال ', '01/11/2023', '01/11/2023', '31/10/2024', '', '1', '', '', '2', '2', '1', 'شيك', NULL, NULL),
(196, 8, 142, 215, 1, 1, 2, 1, '', '5', '12000', 'اثنى عشر الاف ريال ', '01/07/2022', '01/07/2022', '30/06/2027', '', '1', '', '', '2', '2', '46', 'شيك', NULL, NULL),
(197, 9, 142, 215, 1, 1, 2, 1, '', '5', '12000', 'اثنى عشر الاف ريال ', '01/07/2022', '01/07/2022', '30/06/2027', '', '1', '', '', '2', '2', '46', 'شيك', '', ''),
(198, 9, 144, 17, 1, 1, 2, 1, '', '1', '4700', 'أربعة الاف وسبعمئة', '01/01/2024', '01/01/2024', '31/12/2024', '', '1', '', '', '1', '1', '1', 'شيك', NULL, NULL),
(199, 9, 145, 167, 1, 1, 2, 1, '', '1', '4400', 'أربعة الاف ', '01/01/2024', '01/01/2024', '31/12/2024', '', '1', '', '', '1', '2', '1', 'شيك', NULL, NULL),
(200, 9, 24, 173, 1, 1, 2, 1, '', '1', '4500', 'اربع الف وخمسمئة', '01/01/2024', '01/01/2024', '01/01/2025', '', '1', '', '', '1', '2', 'إختر اسم الممثل ....', 'شيك', NULL, NULL),
(201, 9, 33, 182, 1, 1, 2, 1, '', '1', '5500', 'خمسة الف وخمسمئة', '01/01/2024', '01/01/2024', '01/01/2025', '', '1', '', '', '1', '2', 'إختر اسم الممثل ....', 'شيك', NULL, NULL),
(202, 9, 147, 163, 1, 1, 2, 3, '', '1', '4000', 'أربعة الاف ريال', '01/02/2024', '01/02/2024', '01/05/2027', '', '1', '01/02/2025', '27', '1', '1', '1', 'شيك', NULL, NULL),
(203, 9, 147, 163, 1, 1, 2, 3, '', '1', '4000', 'أربعة الاف ريال', '01/03/2024', '01/03/2024', '01/03/2025', 'تم إعفاء المستأجر من 15 يوم ', '1', '', '', '1', '1', 'إختر اسم الممثل ....', 'شيك', '', ''),
(204, 9, 15, 29, 1, 1, 2, 3, '', '1', '4700', 'اربعة الاف وسبعمئة ', '06/01/2024', '01/01/2024', '01/01/2025', '', '1', '', '', '2', '2', 'إختر اسم الممثل ....', 'شيك', NULL, NULL),
(205, 9, 15, 29, 1, 1, 2, 3, '', '1', '4700', 'اربعة الاف وسبعمئة ', '06/01/2024', '01/01/2024', '01/01/2025', '', '1', '', '', '2', '2', '1', 'شيك', '', ''),
(206, 9, 17, 168, 1, 1, 2, 1, '', '1', '3500', 'ثلاثة الف وخمسئة', '01/01/2024', '01/01/2024', '01/01/2025', '', '1', '', '', '1', '2', '1', 'شيك', '', ''),
(207, 9, 26, 175, 1, 1, 2, 1, '', '1', '4300', 'اربعة الاف وثلاثمئة ', '09/01/2024', '10/01/2024', '10/01/2025', '', '1', '', '', '1', '2', 'إختر اسم الممثل ....', 'شيك', NULL, NULL),
(208, 9, 32, 181, 1, 1, 2, 1, '', '1', '4300', 'اربعة الاف وثلاثمئة ', '01/01/2024', '05/01/2024', '05/01/2025', '', '1', '', '', '1', '2', 'إختر اسم الممثل ....', 'شيك', NULL, NULL),
(209, 9, 22, 171, 1, 1, 2, 1, '', '1', '3400', 'ثلاثة الف واربعمئة ', '01/01/2024', '01/01/2024', '01/01/2025', '', '1', '', '', '1', '2', 'إختر اسم الممثل ....', 'شيك', NULL, NULL),
(210, 9, 29, 178, 1, 1, 2, 1, '', '1', '4300', 'اربعة الف وثلاثمئة', '01/01/2024', '05/01/2024', '05/01/2025', '', '1', '', '', '1', '2', 'إختر اسم الممثل ....', 'شيك', NULL, NULL),
(211, 9, 13, 25, 1, 1, 2, 3, '', '1', '4700', 'اربعة الاف وسبعمئة ', '10/01/2024', '01/01/2024', '01/01/2025', '', '1', '', '', '1', '2', 'إختر اسم الممثل ....', 'شيك', NULL, NULL),
(212, 9, 148, 183, 1, 1, 2, 1, '', '1', '5500', 'خمسة الاف وخمسئة ', '11/01/2024', '01/02/2024', '31/01/2025', '', '1', '', '', '1', '2', '1', 'شيك', NULL, NULL),
(213, 9, 52, 226, 1, 1, 4, 1, '', '1', '8000', 'ثمن الاف ريال فقط ', '01/01/2023', '01/01/2024', '01/01/2025', '', '1', '', '', '1', '2', 'إختر اسم الممثل ....', 'تحويل', NULL, NULL),
(214, 9, 23, 172, 1, 1, 2, 1, '', '1', '4500', 'اربعة الاف وخمسمئة ', '13/01/2024', '31/01/2024', '31/01/2025', '', '1', '', '', '1', '2', 'إختر اسم الممثل ....', 'شيك', NULL, NULL),
(215, 9, 23, 172, 1, 1, 2, 1, '', '1', '4500', 'اربعة الاف وخمسمئة ', '01/02/2024', '01/02/2024', '01/02/2025', '', '1', '', '', '1', '2', '1', 'شيك', '', ''),
(216, 9, 148, 183, 1, 1, 2, 1, '', '1', '5500', 'خمسة الاف وخمسمئة', '11/01/2024', '01/02/2024', '31/01/2025', '', '1', '', '', '1', '2', 'إختر اسم الممثل ....', 'شيك', '', ''),
(217, 9, 149, 17, 1, 1, 2, 3, '', '1', '4700', 'أربعة الاف وسبعمئة', '16/01/2024', '01/02/2024', '31/01/2025', '', '1', '', '', '1', '2', '1', 'شيك', NULL, NULL),
(218, 9, 101, 177, 1, 1, 2, 1, '', '1', '3300', 'ثلاثة الاف وثلاثمئة ', '21/01/2024', '01/02/2024', '01/02/2025', '', '1', '', '', '1', '2', 'إختر اسم الممثل ....', 'شيك', NULL, NULL),
(219, 9, 101, 177, 1, 1, 2, 1, '', '1', '3300', 'ثلاثة الاف وثلاثمئة ', '01/02/2024', '01/02/2024', '01/02/2025', '', '1', '', '', '1', '2', 'إختر اسم الممثل ....', 'شيك', '', ''),
(220, 9, 18, 169, 1, 1, 2, 1, '', '1', '4500', 'اربعة الاف وخمسمئة ', '01/01/2024', '31/01/2024', '31/05/2024', '', '1', '', '', '1', '2', 'إختر اسم الممثل ....', 'شيك', NULL, NULL),
(221, 9, 108, 323, 1, 1, 2, 3, '', '1', '1800', 'الف وثمئة ', '31/01/2024', '01/03/2024', '01/03/2025', '', '1', '', '', '1', '2', 'إختر اسم الممثل ....', 'نقداً', NULL, NULL),
(222, 9, 102, 176, 1, 1, 2, 1, '', '1', '4300', 'اربعة الاف وثلاثمئة ', '01/02/2024', '01/02/2024', '01/02/2025', '', '1', '', '', '1', '2', 'إختر اسم الممثل ....', 'شيك', NULL, NULL),
(223, 9, 150, 203, 1, 1, 2, 2, '', '1', '10000', 'عشرة الاف ', '01/02/2024', '01/01/2024', '31/12/2024', '', '1', '', '', '1', '2', '49', 'شيك', NULL, NULL),
(224, 9, 150, 203, 1, 1, 2, 2, '', '1', '10000', 'عشرة الاف ', '01/03/2024', '01/03/2024', '28/02/2025', '', '1', '', '', '1', '2', '51', 'تحويل', '', ''),
(225, 9, 19, 170, 1, 1, 1, 1, '', '1', '4100', 'اربعة الاف ومئة ريال ', '05/02/2024', '28/02/2024', '28/02/2025', '', '1', '', '', '1', '2', 'إختر اسم الممثل ....', 'شيك', NULL, NULL),
(226, 9, 19, 170, 1, 1, 2, 1, '', '1', '4100', 'اربعة الاف ومئة ريال ', '05/02/2024', '28/02/2024', '27/02/2025', '', '1', '', '', '1', '2', '1', 'شيك', NULL, NULL),
(227, 9, 152, 202, 1, 1, 2, 2, '', '1', '10000', 'عشرة الاف ريال', '01/02/2024', '01/02/2024', '31/01/2025', '', '1', '', '', '1', '2', '1', 'شيك', NULL, NULL),
(228, 9, 74, 201, 1, 1, 2, 2, '', '1', '10000', 'عشرة الاف ريال فقط لاغير', '01/02/2024', '01/02/2024', '01/02/2025', '', '1', '', '', '1', '2', '26', 'شيك', NULL, NULL),
(229, 9, 152, 35, 1, 1, 2, 1, '', '1', '1000', 'الف', '15/02/2024', '30/11/2023', '29/11/2024', '', '1', '', '', '2', '2', '1', 'شيك', NULL, NULL),
(230, 9, 153, 179, 1, 1, 2, 1, '', '1', '4500', 'أربعة الاف خمسمائة ', '01/03/2024', '01/03/2024', '28/02/2025', '', '1', '', '', '1', '2', '1', 'شيك', NULL, NULL),
(231, 9, 153, 179, 1, 1, 2, 1, '', '1', '4500', 'أربعة الاف وخمسمأة', '01/03/2024', '01/03/2024', '28/02/2025', '', '1', '', '', '1', '2', 'إختر اسم الممثل ....', 'شيك', NULL, NULL),
(232, 9, 154, 196, 1, 1, 2, 2, '', '1', '10000', 'عشرة الاف', '01/03/2024', '01/03/2024', '28/02/2025', '', '1', '', '', '1', '2', '52', 'شيك', NULL, NULL),
(233, 9, 154, 204, 1, 1, 2, 2, '', '1', '10000', 'عشرة الاف', '01/03/2024', '01/03/2024', '28/02/2025', '', '1', '', '', '1', '2', '52', 'شيك', NULL, NULL),
(234, 9, 154, 196, 1, 1, 2, 2, '', '1', '10000', 'عشرة الاف', '01/03/2024', '01/03/2024', '28/02/2025', '', '1', '', '', '1', '2', '52', 'تحويل', '', ''),
(235, 9, 146, 98, 1, 1, 2, 3, '', '1', '3500', 'ثلاثة ألاف و خمسمائة', '27/02/2024', '01/03/2024', '28/02/2025', '', '1', '', '', '2', '1', '1', 'شيك', NULL, NULL),
(236, 9, 103, 122, 1, 1, 2, 2, '', '1', '8400', 'ثمانية الاف وأربعمئة', '01/02/2024', '01/02/2024', '31/01/2025', '', '1', '', '', '2', '2', '38', 'شيك', NULL, NULL),
(237, 9, 142, 215, 1, 1, 2, 1, '', '5', '12000', 'اثنى عشر الاف ريال ', '01/07/2022', '01/07/2022', '01/07/2027', '', '1', '', '', '2', '2', '46', 'شيك', NULL, NULL),
(238, 9, 5, 13, 1, 1, 2, 3, '', '1', '4700', 'اربعة الاف وسبعمئة ', '01/04/2024', '01/04/2024', '31/03/2025', '', '1', '', '', '2', '1', 'إختر اسم الممثل ....', 'شيك', NULL, NULL),
(239, 9, 127, 96, 1, 1, 2, 3, '', '1', '3000', 'ثلاثة الاف ريال ', '01/03/2024', '01/03/2024', '28/02/2025', '', '1', '', '', '2', '2', 'إختر اسم الممثل ....', 'شيك', NULL, NULL),
(240, 9, 155, 198, 1, 1, 2, 2, '', '1', '10000', 'عشرة الاف ريال', '01/01/2023', '01/01/2023', '29/02/2024', '', '1', '', '', '1', '2', '53', 'شيك', NULL, NULL),
(241, 9, 152, 194, 4, 1, 3, 2, '1', '', '10000', 'عشرة الاف', '01/01/2024', '01/01/2024', '31/01/2024', '', '1', '', '', '1', '1', '1', 'شيك', NULL, NULL),
(242, 9, 155, 198, 1, 1, 2, 2, '', '1', '10000', 'عشرة الاف ريال', '01/01/2024', '01/01/2024', '01/01/2025', '', '1', '', '', '2', '2', '53', 'شيك', NULL, NULL),
(243, 9, 156, 5, 1, 1, 2, 3, '', '1', '4700', 'أربعة الاف وسبعمائة', '15/03/2024', '15/03/2024', '14/03/2025', '', '1', '', '', '2', '1', '1', 'شيك', NULL, NULL),
(244, 9, 105, 161, 1, 1, 2, 3, '', '1', '3700', 'ثلاثة الاف وسبعمائة', '15/03/2024', '15/03/2024', '14/03/2025', '', '1', '', '', '2', '1', '1', 'شيك', NULL, NULL),
(245, 9, 52, 488, 1, 1, 4, 2, '', '1', '13000', 'ثلاثة عشرة الف', '01/01/2024', '01/01/2024', '31/12/2024', '', '1', '', '', '2', '1', '1', 'تحويل', NULL, NULL),
(246, 9, 52, 489, 1, 1, 4, 2, '', '1', '13000', 'ثلاثة عشر الف', '01/01/2024', '01/01/2024', '31/12/2024', '', '1', '', '', '1', '1', '1', 'تحويل', NULL, NULL),
(247, 9, 52, 487, 1, 1, 4, 1, '', '1', '13000', 'ثلاثة عشر  الف', '01/01/2024', '01/01/2024', '31/12/2024', '', '1', '', '', '2', '2', '1', 'تحويل', NULL, NULL),
(248, 9, 157, 471, 1, 1, 2, 1, '', '1', '11000', 'احد اعشر الف', '01/10/2023', '01/10/2023', '30/09/2024', '', '1', '', '', '2', '2', '1', 'شيك', NULL, NULL),
(249, 9, 52, 490, 1, 1, 4, 1, '', '1', '12000', 'ثلاثة عشر الف', '01/01/2024', '01/01/2024', '31/12/2024', '', '1', '', '', '2', '2', '1', 'تحويل', NULL, NULL),
(250, 9, 52, 490, 1, 1, 4, 1, '', '1', '12000', 'ثلاثة عشر الف', '01/01/2024', '01/01/2024', '31/12/2024', '', '1', '', '', '2', '2', '1', 'تحويل', NULL, NULL),
(251, 9, 40, 233, 1, 1, 2, 2, '', '1', '1375', 'الف و ثلاثمئة و خمسة وسبعين', '01/01/2024', '01/01/2024', '31/12/2024', '', '1', '', '', '2', '2', '1', 'نقداً', NULL, NULL),
(252, 9, 158, 208, 1, 1, 2, 1, '', '1', '11000', 'احدا عشرة الاف', '01/01/2024', '01/01/2024', '31/12/2024', '', '1', '', '', '2', '2', '1', 'شيك', NULL, NULL);

-- --------------------------------------------------------

--
-- Table structure for table `arcive_ownership`
--

CREATE TABLE `arcive_ownership` (
  `Owner_Ship_Id` int(11) NOT NULL,
  `owner_Owner_Id` int(11) NOT NULL,
  `zone_zone_Id` int(11) NOT NULL,
  `Owner_Ship_EN_Name` varchar(200) NOT NULL,
  `Owner_Ship_AR_Name` varchar(200) NOT NULL,
  `ownership_NO` varchar(200) NOT NULL,
  `Parcel_Area` varchar(200) DEFAULT NULL,
  `Bond_NO` varchar(200) DEFAULT NULL,
  `Bond_Date` varchar(200) DEFAULT NULL,
  `Street_NO` varchar(200) DEFAULT NULL,
  `Street_Name` varchar(200) DEFAULT NULL,
  `Land_Value` varchar(45) DEFAULT NULL,
  `Appreciation_octagon` varchar(200) DEFAULT NULL,
  `PIN_Number` varchar(200) NOT NULL,
  `owner_ship_Code` varchar(200) DEFAULT NULL,
  `owner_ship_Certificate_Image` varchar(200) NOT NULL,
  `owner_ship_Certificate_Image_Path` varchar(200) NOT NULL,
  `Property_Scheme_Image` varchar(200) NOT NULL,
  `Property_Scheme_Image_Path` varchar(200) NOT NULL,
  `Active` tinyint(1) DEFAULT NULL,
  `Mab_Url` varchar(200) DEFAULT NULL,
  `IsRealEsataeInvesment` varchar(50) DEFAULT NULL
) ENGINE=InnoDB DEFAULT CHARSET=utf8;

--
-- Dumping data for table `arcive_ownership`
--

INSERT INTO `arcive_ownership` (`Owner_Ship_Id`, `owner_Owner_Id`, `zone_zone_Id`, `Owner_Ship_EN_Name`, `Owner_Ship_AR_Name`, `ownership_NO`, `Parcel_Area`, `Bond_NO`, `Bond_Date`, `Street_NO`, `Street_Name`, `Land_Value`, `Appreciation_octagon`, `PIN_Number`, `owner_ship_Code`, `owner_ship_Certificate_Image`, `owner_ship_Certificate_Image_Path`, `Property_Scheme_Image`, `Property_Scheme_Image_Path`, `Active`, `Mab_Url`, `IsRealEsataeInvesment`) VALUES
(4, 5, 8, 'Fereej Alghanim Hotel Apartments', 'شقق فندقية فريج الغانم ', '1', '1089', '119830', '', '852', 'شارع الأصمعي', '23826000', ' ', '06120023', '06/1', 'سند الغانم العتيق.pdf', '/English/Main_Application/Ownership_Images/Ownership_Certificate/سند الغانم العتيق.pdf', 'مخطط الغانم القديم 2.pdf', '/English/Main_Application/Ownership_Images/Property_Scheme/مخطط الغانم القديم 2.pdf', 0, 'https://goo.gl/maps/znuPdPCE1BeYzSF37', '0'),
(6, 5, 14, 'Fereej Abdulaziz Twin Buildings', 'عمارتين فريج عبدالعزيز', '1', '455', '66530', '', '920', 'شارع السليمي', '8571500', ' ', '14070007', '14/1', 'سند ومخطط فريج عبدالعزيز 2.pdf', '/English/Main_Application/Ownership_Images/Ownership_Certificate/سند ومخطط فريج عبدالعزيز 2.pdf', 'No File', 'No File', 0, 'No File', '0'),
(8, 5, 29, 'Bin Dirham Al Kubraa', 'بن درهم الكبرى', '2', '495', '30235', '', '816', 'شارع ضرار بن الخطاب', '10656000', ' ', '25680034', '25/2', 'سند ملكية رقم 30235 (بن درهم شيخ ).pdf', '/English/Main_Application/Ownership_Images/Ownership_Certificate/سند ملكية رقم 30235 (بن درهم شيخ ).pdf', 'بن درهم الكبرى مخطط.pdf', '/English/Main_Application/Ownership_Images/Property_Scheme/بن درهم الكبرى مخطط.pdf', 0, 'No File', '0'),
(9, 5, 30, 'Al Najma Building AL Makhbez', 'عمارة النجمة المخبز', '3', '112', '42363', '', '930', 'شارع ابن الربيع', '1809000', ' ', '26230049', '26/3', 'سند ملكية النجمة المخبز.pdf', '/English/Main_Application/Ownership_Images/Ownership_Certificate/سند ملكية النجمة المخبز.pdf', 'النجمة المخبز مخطط.pdf', '/English/Main_Application/Ownership_Images/Property_Scheme/النجمة المخبز مخطط.pdf', 0, 'No File', '0'),
(10, 5, 30, 'Al Najma 2 Stores and Shop', 'عمارة دورين ومحل', '4', '216', '125846', '', '937', 'شارع بشر بن البراء', '0', ' ', '26240024', '26/4', 'سند ملكية عمارة دورين ومحل النجمة .pdf', '/English/Main_Application/Ownership_Images/Ownership_Certificate/سند ملكية عمارة دورين ومحل النجمة .pdf', 'سند ملكية ومخطط رقم 125846.pdf', '/English/Main_Application/Ownership_Images/Property_Scheme/سند ملكية ومخطط رقم 125846.pdf', 0, 'No File', '0'),
(11, 5, 30, ' Al Najma Shops', 'محلات النجمة', '5', '143', '52875', '', '938', 'شارع حارثة الخزاعي', '1350000', ' ', '26250005', '26/5', 'سند ملكية ومخطط رقم 52875 ( محلات نجمه ).pdf', '/English/Main_Application/Ownership_Images/Ownership_Certificate/سند ملكية ومخطط رقم 52875 ( محلات نجمه ).pdf', 'سند ملكية ومخطط رقم 52875 ( محلات نجمه ).pdf', '/English/Main_Application/Ownership_Images/Property_Scheme/سند ملكية ومخطط رقم 52875 ( محلات نجمه ).pdf', 0, 'No File', '0'),
(12, 5, 31, 'Sanyo', 'سانيو', '2', '285', '2773', NULL, '894', 'لشارع العدالة', '5804800', ' ', '27110015', '27/2', 'سند ومخطط سانيو..pdf', '/English/Main_Application/Ownership_Images/Ownership_Certificate/سند ومخطط سانيو..pdf', 'سند ومخطط سانيو..pdf', '/English/Main_Application/Ownership_Images/Property_Scheme/سند ومخطط سانيو..pdf', 0, '', '0'),
(13, 4, 31, 'HSBC', 'أتش أس بي سي', '1', '641', '3709', '', '896', 'لشارع الحباب بن جبير', '13551450', ' ', '27070021', '27/1', 'مخطط و سند HSBC المنارة.pdf', '/English/Main_Application/Ownership_Images/Ownership_Certificate/مخطط و سند HSBC المنارة.pdf', 'مخطط و سند HSBC المنارة.pdf', '/English/Main_Application/Ownership_Images/Property_Scheme/مخطط و سند HSBC المنارة.pdf', 0, 'No File', '0'),
(14, 4, 31, 'Um Ghuwailina Hospital', 'أم غويلينة المستشفى', '3', '447', '12138', '', '880', 'شارع سميسمة', '8902200', ' ', '27230009', '27/3', 'سند ملكية ومخطط الصحي.pdf', '/English/Main_Application/Ownership_Images/Ownership_Certificate/سند ملكية ومخطط الصحي.pdf', 'سند ملكية ومخطط الصحي.pdf', '/English/Main_Application/Ownership_Images/Property_Scheme/سند ملكية ومخطط الصحي.pdf', 0, 'No File', '0'),
(15, 5, 31, 'Um Ghuwailina Al Sughra', 'أم غويلينة الصغرى', '5', '209', '2609', '', '810', 'شارع ابن الجوزي', '4050000', ' ', '27720003', '27/5', 'سند ملكية الصغرى.pdf', '/English/Main_Application/Ownership_Images/Ownership_Certificate/سند ملكية الصغرى.pdf', 'سند ملكية ومخطط رقم 2609.pdf', '/English/Main_Application/Ownership_Images/Property_Scheme/سند ملكية ومخطط رقم 2609.pdf', 0, 'No File', '0'),
(16, 5, 31, 'Um Ghuwailina Al Jadida', 'أم غويلينة الجديدة', '7', '824', '4831', '', '940', 'شارع حارثة بن سهل', '15966000', ' ', '27800009', '27/7', 'سند ملكية ام غويلينة الجديدة .pdf', '/English/Main_Application/Ownership_Images/Ownership_Certificate/سند ملكية ام غويلينة الجديدة .pdf', 'سند ومخطط ام غ الجديدة.pdf', '/English/Main_Application/Ownership_Images/Property_Scheme/سند ومخطط ام غ الجديدة.pdf', 0, 'No File', '0'),
(17, 5, 31, 'Um Ghuwailina Al Kubraa', 'أم غويلينة الكبرى', '8', '1002', '174368', '', '810', 'شارع ابن الجوزي', '16187700', ' ', '27870015', '27/8', 'سند ملكيةام غويلينة الكبرى .pdf', '/English/Main_Application/Ownership_Images/Ownership_Certificate/سند ملكيةام غويلينة الكبرى .pdf', 'سند ومخطط الشوك والكبرى.pdf', '/English/Main_Application/Ownership_Images/Property_Scheme/سند ومخطط الشوك والكبرى.pdf', 0, 'No File', '0'),
(18, 4, 37, 'Two Villas in Khalifa City North', 'فيلتان مدينة خليفة الشمالية', '1', '741', '43951', '', '884', 'شارع الظعاين', '4386800', ' ', '32080001', '32/1', 'سند ملكية ومخطط رقم43951.pdf', '/English/Main_Application/Ownership_Images/Ownership_Certificate/سند ملكية ومخطط رقم43951.pdf', 'سند ملكية ومخطط رقم43951.pdf', '/English/Main_Application/Ownership_Images/Property_Scheme/سند ملكية ومخطط رقم43951.pdf', 0, 'No File', '0'),
(19, 5, 37, 'Villa Zawia', 'فيلا زاوية', '2', '372', '87709', NULL, '834', 'شارع غشام', '2002000', ' ', '32230029', '32/2', 'سند ملكية رقم 87709.pdf', '/English/Main_Application/Ownership_Images/Ownership_Certificate/سند ملكية رقم 87709.pdf', 'مخطط فيلا زاويا.pdf', '/English/Main_Application/Ownership_Images/Property_Scheme/مخطط فيلا زاويا.pdf', 0, '', '0'),
(20, 5, 37, 'Villas Yumna Wusta', 'فلل يمنى وسطى', '3', '739', '87710', NULL, '834', 'شارع غشام', '4375250', ' ', '32230030', '32/3', 'سند ملكية رقم 87710.pdf', '/English/Main_Application/Ownership_Images/Ownership_Certificate/سند ملكية رقم 87710.pdf', 'سند ملكية رقم 87710.pdf', '/English/Main_Application/Ownership_Images/Property_Scheme/سند ملكية رقم 87710.pdf', 0, '', '0'),
(21, 5, 37, 'Villas Sharqiat Gharbiat  Al Jamea', 'فلل شرقية غربية الجامعة', '4', '739', '26207', NULL, '980', 'شارع الرويس', '4375250', ' ', '32230035', '32/4', 'سند فيلا غربية شرقية م خ ش.pdf', '/English/Main_Application/Ownership_Images/Ownership_Certificate/سند فيلا غربية شرقية م خ ش.pdf', 'سند فيلا غربية شرقية م خ ش.pdf', '/English/Main_Application/Ownership_Images/Property_Scheme/سند فيلا غربية شرقية م خ ش.pdf', 0, '', '0'),
(22, 4, 37, 'Khalifa City Building  Al Wadhia', 'عمارة مدينة خليفة الوضيحية', '5', '737', '6228', NULL, '958', 'شارع الوضيحية', ' 4398900', ' ', '32240043', '32/5', '1سند  ومخطط ملكية عمارة مدينة خليفة.pdf', '/English/Main_Application/Ownership_Images/Ownership_Certificate/1سند  ومخطط ملكية عمارة مدينة خليفة.pdf', 'سند ملكية عمارة مدينة خليفة.pdf', '/English/Main_Application/Ownership_Images/Property_Scheme/سند ملكية عمارة مدينة خليفة.pdf', 0, '', '0'),
(23, 4, 37, 'Khalifa City North House', 'منزل مدينة خليفة الشمالية', '6', '648', '137108', NULL, '884', 'شارع الظعاين', ' 3836250', ' ', '32080034', '32/6', 'سند ملكية.pdf', '/English/Main_Application/Ownership_Images/Ownership_Certificate/سند ملكية.pdf', 'مخطط.pdf', '/English/Main_Application/Ownership_Images/Property_Scheme/مخطط.pdf', 0, '', '0'),
(24, 4, 40, ' Gharnata House', 'منزل غرناطة', '1', '1804', '143088', NULL, '925', 'شارع الانوار', ' 10679900', ' ', '34060042', '34/1', 'سند ملكية رقم 143088.pdf', '/English/Main_Application/Ownership_Images/Ownership_Certificate/سند ملكية رقم 143088.pdf', 'سند ملكية رقم 143088.pdf', '/English/Main_Application/Ownership_Images/Property_Scheme/سند ملكية رقم 143088.pdf', 0, '', '0'),
(25, 5, 40, 'House in front of Al Murur', 'منزل مقابل المرور', '2', '404', '25946', '', '810', 'شارع عمر بن عبدالعزيز', '2174500', 'مثمن', '34300029', '34/2', 'سند ملكية مقابل المرور.pdf', '/English/Main_Application/Ownership_Images/Ownership_Certificate/سند ملكية مقابل المرور.pdf', 'سند ملكية مقابل المرور.pdf', '/English/Main_Application/Ownership_Images/Property_Scheme/سند ملكية مقابل المرور.pdf', 0, 'No File', '0'),
(26, 5, 56, 'Two detached villas', 'فيلتان متلاصقتان', '1', '750', '42149', NULL, '903', 'شارع أحد', '3961000', ' ', '45014054', '45/1', 'سند فلل المطار.pdf', '/English/Main_Application/Ownership_Images/Ownership_Certificate/سند فلل المطار.pdf', 'مخطط فلل المطار.pdf', '/English/Main_Application/Ownership_Images/Property_Scheme/مخطط فلل المطار.pdf', 0, '', '0'),
(27, 5, 71, 'Western Villa', 'فيلا غربية', '1', '515', '81231', '', '836', 'شارع وادى السمريه', '2772000', ' ', '51610130', '51/1', 'سند ملكية ازغوى غربية .pdf', '/English/Main_Application/Ownership_Images/Ownership_Certificate/سند ملكية ازغوى غربية .pdf', 'سند ومخطط ملكية رقم 81231.pdf', '/English/Main_Application/Ownership_Images/Property_Scheme/سند ومخطط ملكية رقم 81231.pdf', 0, 'No File', '0'),
(29, 5, 71, 'Eastern Villa   ', 'فيلا شرقية', '2', '451', '81232', '', '836', 'شارع وادى السمريه', '2772000', ' ', '51610131', '51/2', 'سند ملكية رقم 81232.pdf', '/English/Main_Application/Ownership_Images/Ownership_Certificate/سند ملكية رقم 81232.pdf', 'مخطط 81232 فيلا شرقية.pdf', '/English/Main_Application/Ownership_Images/Property_Scheme/مخطط 81232 فيلا شرقية.pdf', 0, 'No File', '0'),
(35, 5, 72, 'Villa Ain Khaled ', 'فيلا عين خالد', '1', '1047', '43368', '', '452', 'شارع 452', '4580000', ' ', '56130046', '56/1', 'سند ملكية رقم 43368.pdf', '/English/Main_Application/Ownership_Images/Ownership_Certificate/سند ملكية رقم 43368.pdf', 'سند ملكية رقم 43368.pdf', '/English/Main_Application/Ownership_Images/Property_Scheme/سند ملكية رقم 43368.pdf', 0, 'No File', '0'),
(36, 4, 73, 'New Industrial Garage', 'كراج الصناعية الجديد', '2', '2413', 'لا يوجد', '', '51', '	شارع 51', '3354895', ' ', '57010371', '57/2', 'عقد ايجار بلدية  الصناعية.pdf', '/English/Main_Application/Ownership_Images/Ownership_Certificate/عقد ايجار بلدية  الصناعية.pdf', 'مخطط الصناعية .pdf', '/English/Main_Application/Ownership_Images/Property_Scheme/مخطط الصناعية .pdf', 0, 'No File', '0'),
(37, 5, 74, 'Palm Tower Offices', 'مكاتب برج النخلة', '1', '643', '113439', '', '810', 'شارع ام حصاه', '000', ' ', '60030014', '60/1', 'عقد بيع مكتب 4603.pdf', '/English/Main_Application/Ownership_Images/Ownership_Certificate/عقد بيع مكتب 4603.pdf', 'عقد بيع مكتب رقم  4604.pdf', '/English/Main_Application/Ownership_Images/Property_Scheme/عقد بيع مكتب رقم  4604.pdf', 0, 'No File', '0'),
(38, 5, 69, 'Villa Al Khaysa', 'فيلا الخيسة', '1', '600', '422181', NULL, '585', 'شارع 585', '2906100', ' ', '70093257', '70/1', 'سند ومخطط فيلا الخيسة.pdf', '/English/Main_Application/Ownership_Images/Ownership_Certificate/سند ومخطط فيلا الخيسة.pdf', 'سند ومخطط فيلا الخيسة.pdf', '/English/Main_Application/Ownership_Images/Property_Scheme/سند ومخطط فيلا الخيسة.pdf', 0, '', '0'),
(39, 4, 76, 'Al Qatifia Villas', 'فلل القطيفية', '1', '3067', '90250', '', '2', 'شارع الامير', '33013000', ' ', '66170565', '66/1', 'سند ملكية ومخطط رقم 90250.pdf', '/English/Main_Application/Ownership_Images/Ownership_Certificate/سند ملكية ومخطط رقم 90250.pdf', 'سند ملكية ومخطط رقم 90250.pdf', '/English/Main_Application/Ownership_Images/Property_Scheme/سند ملكية ومخطط رقم 90250.pdf', 0, 'No File', '0'),
(40, 5, 68, ' Al Ruweys Villas', 'فلل الرويس', '1', '1273', '403853', '', '961', 'شارع 961', '800000', ' ', '79050397', '79/1', 'سند ملكية الرويس.pdf', '/English/Main_Application/Ownership_Images/Ownership_Certificate/سند ملكية الرويس.pdf', 'مخطط الرويس.pdf', '/English/Main_Application/Ownership_Images/Property_Scheme/مخطط الرويس.pdf', 0, 'No File', '0'),
(41, 5, 70, 'Villa Al Vakeer', 'فيلا الوكير', '1', '1019', '217469', NULL, '1200', 'شارع روضة الغزلانية', '300', ' ', '91060946', '91/1', 'سند الملكية والمخطط الوكير.pdf', '/English/Main_Application/Ownership_Images/Ownership_Certificate/سند الملكية والمخطط الوكير.pdf', 'سند الملكية والمخطط الوكير.pdf', '/English/Main_Application/Ownership_Images/Property_Scheme/سند الملكية والمخطط الوكير.pdf', 0, '', '0'),
(42, 9, 73, 'Garage 27th Street', 'جراج شارع 27', '1', '1100', 'لا يوجد  سند و رقم مساحي ', NULL, '27', 'شارع 27', '0', ' ', '57000000', '57/1', 'No File', 'No File', 'No File', 'No File', 0, '', '0'),
(43, 10, 76, 'Villa Al Dafna', 'فيلا الدفنة', '1', '1225', '81551', '', '	801', 'شارع ام الزبد', '7252300', ' ', '66160121', '66/1', 'سند ملكية فيلا الدفنة.pdf', '/English/Main_Application/Ownership_Images/Ownership_Certificate/سند ملكية فيلا الدفنة.pdf', 'مخطط بيت الدفنة ٦٦١٦٠١٢١.pdf', '/English/Main_Application/Ownership_Images/Property_Scheme/مخطط بيت الدفنة ٦٦١٦٠١٢١.pdf', 0, 'No File', '0'),
(44, 11, 69, 'Ravdat Al Hamamah', 'روضة الحمامه', '2', '1281', '116182', '', '	1215', 'شارع 1215', '335000', ' ', '70101529', '70/2', 'سند ملكية رقم 116182.pdf', '/English/Main_Application/Ownership_Images/Ownership_Certificate/سند ملكية رقم 116182.pdf', 'No File', 'No File', 0, 'No File', '0'),
(45, 5, 67, 'vaill garaft al ryan', 'فيلا غرافة الريان ', '3', '450', '158462', '', '511', '', '1680000', ' ', '51258088', '51/3', 'سند ملكية فيلا غرافة الريان.pdf', '/English/Main_Application/Ownership_Images/Ownership_Certificate/سند ملكية فيلا غرافة الريان.pdf', 'مخطط 158462 فيلا غرافة الريان_pdf.pdf', '/English/Main_Application/Ownership_Images/Property_Scheme/مخطط 158462 فيلا غرافة الريان_pdf.pdf', 0, 'No File', '0'),
(46, 5, 69, 'Villa Alkheesa New', 'فيلا الخيسة جديدة ', '4', '542', '426990', '', '660', '', '1656600', ' ', '70061114', '70/4', 'سند ملكية الخيسة الجديدة  .pdf', '/English/Main_Application/Ownership_Images/Ownership_Certificate/سند ملكية الخيسة الجديدة  .pdf', 'مخطط الخيسة الجديدة  .pdf', '/English/Main_Application/Ownership_Images/Property_Scheme/مخطط الخيسة الجديدة  .pdf', 0, 'No File', '0'),
(47, 5, 71, 'Izghawa', 'ازغوى اسكان ', '4', '615', '104155', '', '52', 'جري الساعي ', '1565992', 'مثمن', '71080436', '71/4', 'سند ملكية ازغوى اسكان .pdf', '/English/Main_Application/Ownership_Images/Ownership_Certificate/سند ملكية ازغوى اسكان .pdf', 'مخطط ازغوى اسكان 104155.pdf', '/English/Main_Application/Ownership_Images/Property_Scheme/مخطط ازغوى اسكان 104155.pdf', 0, 'No File', '0'),
(48, 5, 77, 'Al Gharafa Villa', 'الغرافة ', '5', '569', '463589', '', '839', 'رأس الغارية', '1565992', 'تقديري', '51610362', '51/5', 'سند ملكية فيلا الغرافة .pdf', '/English/Main_Application/Ownership_Images/Ownership_Certificate/سند ملكية فيلا الغرافة .pdf', 'مخطط الغرافة  463589.pdf', '/English/Main_Application/Ownership_Images/Property_Scheme/مخطط الغرافة  463589.pdf', 0, 'No File', '0'),
(49, 5, 69, 'Villa Al Kheesa School', 'المدرسة', '0', '560', '467245', '', '174', '174', '', ' ', '70093624', '70/0', 'سند ملكيةالخيسة المدرسة .pdf', '/English/Main_Application/Ownership_Images/Ownership_Certificate/سند ملكيةالخيسة المدرسة .pdf', 'No File', 'No File', NULL, 'No File', '0'),
(50, 5, 69, 'Villa Alkheesa Hajar', 'فيلا الخيسة حجر', '5', '540', '559799', '', '170', 'شارع 170', '2005494', 'مثمن', '70093653', '70/5', 'سند ملكيةفيلا الخيسة الجديدة 2_230513_105413.pdf', '/English/Main_Application/Ownership_Images/Ownership_Certificate/سند ملكيةفيلا الخيسة الجديدة 2_230513_105413.pdf', 'مخطط فيلا الخيسة حجر.pdf', '/English/Main_Application/Ownership_Images/Property_Scheme/مخطط فيلا الخيسة حجر.pdf', 0, 'No File', '0'),
(51, 5, 70, 'Al Wakeer Vacant Land ', 'أرض فضاء الوكير', '2', '720', '231000', '', '871', 'روضة أبروق', '1604637', 'مثمن', '91011963', '91/2', 'سند ارض فضاء الوكير 91011963.pdf', '/English/Main_Application/Ownership_Images/Ownership_Certificate/سند ارض فضاء الوكير 91011963.pdf', 'No File', 'No File', 0, 'No File', '0'),
(52, 5, 70, '2 Al Wakeer Vacant Land ', 'أرض فضاء الوكير 2', '3', '720', '231001', '', '871', 'روضة أبروق', '1604637', 'مثمن', '91011964', '91/3', 'سند ارض الوكير 91011964.pdf', '/English/Main_Application/Ownership_Images/Ownership_Certificate/سند ارض الوكير 91011964.pdf', 'No File', 'No File', 0, 'No File', '0'),
(53, 5, 70, '3 Al Wakeer Vacant Land ', 'أرض فضاء الوكير 3', '4', '720', '231002', '', '871', 'روضة أبروق', '1604638', 'مثمن', '91011965', '91/4', 'سند ارض الوكير 91011965.pdf', '/English/Main_Application/Ownership_Images/Ownership_Certificate/سند ارض الوكير 91011965.pdf', 'No File', 'No File', 0, 'No File', '0'),
(54, 5, 70, '4 Al Wakeer Vacant Land ', 'أرض فضاء الوكير 4', '5', '720', '231011', '', '871', 'روضة أبروق', '1604638', 'مثمن', '91011974', '91/5', 'سند ارض الوكير 91011974.pdf', '/English/Main_Application/Ownership_Images/Ownership_Certificate/سند ارض الوكير 91011974.pdf', 'No File', 'No File', 0, 'No File', '0'),
(55, 5, 69, 'villa al kheesa school', 'الخيسة مدرسة ', '3', '560', '467245', '', '174', '174', '2000000', 'مثمن', '70093624', '70/3', 'سند ملكيةالخيسة المدرسة .pdf', '/English/Main_Application/Ownership_Images/Ownership_Certificate/سند ملكيةالخيسة المدرسة .pdf', 'No File', 'No File', 0, 'No File', '0'),
(56, 5, 69, 'Villa Al Khaysa22', 'فيلا الخيسة 22', '6', '620', '', '', '', '', '1752006', ' ', '70061103', '70/6', 'No File', 'No File', 'No File', 'No File', 0, 'No File', '0'),
(57, 5, 69, 'Villa Al Khaysa22', 'فيلا الخيسة 22', '6', '620', '', '', '', '', '1752006', ' ', '70061103', '70/6', 'No File', 'No File', 'No File', 'No File', 0, 'No File', '0'),
(58, 5, 69, 'Villa Al Khaysa22', 'فيلا الخيسة 22', '6', '620', '', '', '', '', '1752006', ' ', '70061103', '70/6', 'No File', 'No File', 'No File', 'No File', 0, 'No File', '0'),
(59, 5, 70, 'Al Wakeer Vacant Land ', 'أرض فضاء الوكير', '5', '', '231001', '', '', '', '111111111', ' ', '91011964', '91/5', 'No File', 'No File', 'No File', 'No File', 0, 'No File', '0'),
(60, 5, 63, 'Villa Althamama', 'فيلا الثمامة', '50', '450', '150602', '', '423', '423', '1576026', 'مثمن', '50020396', '50/50', 'WhatsApp Image 2023-10-21 at 12.56.32 PM.jpeg', '/English/Main_Application/Ownership_Images/Ownership_Certificate/WhatsApp Image 2023-10-21 at 12.56.32 PM.jpeg', 'WhatsApp Image 2023-10-21 at 12.56.32 PM (1).jpeg', '/English/Main_Application/Ownership_Images/Property_Scheme/WhatsApp Image 2023-10-21 at 12.56.32 PM (1).jpeg', 0, 'No File', '0'),
(61, 5, 78, 'Um Silal Villa', 'فيلا أم صلال', '1', '450', '166567', '2024/01/21', '851', '851', '1002600', 'مثمن', '71548246', '71/1', 'سند فيلا ام صلال.jpg', '/English/Main_Application/Ownership_Images/Ownership_Certificate/سند فيلا ام صلال.jpg', 'خرائط ام صلال فيلا.jpg', '/English/Main_Application/Ownership_Images/Property_Scheme/خرائط ام صلال فيلا.jpg', 0, 'No File', '0'),
(62, 5, 69, 'Rawdah Al Hamamah ', 'أرض روضة الحمامة', '1', '3471', '435781', '2016', '', '', '300', 'مثمن', '70230543', '70/1', 'No File', 'No File', 'No File', 'No File', 0, 'No File', '0'),
(63, 5, 69, 'Rawdah Al Hamamah ', 'أرض روضة الحمامة', '1', '3471', '435781', '2016', '', '', '300', 'مثمن', '70230543', '70/1', '20240226110613.pdf', '/English/Main_Application/Ownership_Images/Ownership_Certificate/20240226110613.pdf', 'No File', 'No File', 0, 'No File', '0'),
(64, 5, 69, 'Rawdah Al Hamamah ', 'أرض روضة الحمامة', '1', '3471', '435781', '2016', '', '', '300', 'مثمن', '70230543', '70/1', '20240226110613.pdf', '/English/Main_Application/Ownership_Images/Ownership_Certificate/20240226110613.pdf', 'No File', 'No File', 0, 'No File', '0');

-- --------------------------------------------------------

--
-- Table structure for table `arcive_units`
--

CREATE TABLE `arcive_units` (
  `Unit_ID` int(11) NOT NULL,
  `unit_condition_Unit_Condition_Id` int(11) NOT NULL,
  `unit_detail_Unit_Detail_Id` int(11) NOT NULL,
  `unit_type_Unit_Type_Id` int(11) NOT NULL,
  `building_Building_Id` int(11) NOT NULL,
  `furniture_case_Furniture_case_Id` int(11) NOT NULL,
  `Unit_Number` varchar(200) DEFAULT NULL,
  `Floor_Number` varchar(200) DEFAULT NULL,
  `Unit_Space` varchar(200) DEFAULT NULL,
  `current_situation` varchar(200) DEFAULT NULL,
  `Oreedo_Number` varchar(200) DEFAULT NULL,
  `Electricityt_Number` varchar(200) DEFAULT NULL,
  `Water_Number` varchar(200) DEFAULT NULL,
  `virtual_Value` varchar(200) DEFAULT NULL,
  `Image_One` varchar(200) DEFAULT NULL,
  `Image_One_Path` varchar(200) DEFAULT NULL,
  `Image_Two` varchar(200) DEFAULT NULL,
  `Image_Two_Path` varchar(200) DEFAULT NULL,
  `Image_Three` varchar(200) DEFAULT NULL,
  `Image_Three_Path` varchar(200) DEFAULT NULL,
  `Image_Four` varchar(200) DEFAULT NULL,
  `Image_Four_Path` varchar(200) DEFAULT NULL,
  `Active` tinyint(1) DEFAULT NULL,
  `Image_One_Path_Website` varchar(200) DEFAULT NULL,
  `Image_Two_Path_Website` varchar(200) DEFAULT NULL,
  `Image_Three_Path_Website` varchar(200) DEFAULT NULL,
  `Image_Four_Path_Website` varchar(200) DEFAULT NULL,
  `Half` varchar(45) DEFAULT NULL
) ENGINE=InnoDB DEFAULT CHARSET=utf8;

--
-- Dumping data for table `arcive_units`
--

INSERT INTO `arcive_units` (`Unit_ID`, `unit_condition_Unit_Condition_Id`, `unit_detail_Unit_Detail_Id`, `unit_type_Unit_Type_Id`, `building_Building_Id`, `furniture_case_Furniture_case_Id`, `Unit_Number`, `Floor_Number`, `Unit_Space`, `current_situation`, `Oreedo_Number`, `Electricityt_Number`, `Water_Number`, `virtual_Value`, `Image_One`, `Image_One_Path`, `Image_Two`, `Image_Two_Path`, `Image_Three`, `Image_Three_Path`, `Image_Four`, `Image_Four_Path`, `Active`, `Image_One_Path_Website`, `Image_Two_Path_Website`, `Image_Three_Path_Website`, `Image_Four_Path_Website`, `Half`) VALUES
(3, 1, 2, 1, 28, 4, '1', '1', '95', '', '', '١٠٨٦٩٧', '١٠٠٠٣٩٩', '5250', 'U_1.jpg', '/English/Main_Application/units_Photo/U_1.jpg', 'U_2.jpg', '/English/Main_Application/units_Photo/U_2.jpg', 'U_3.jpeg', '/English/Main_Application/units_Photo/U_3.jpeg', 'U_4.jpg', '/English/Main_Application/units_Photo/U_4.jpg', 1, 'https://amlak2.wisdom.qa/English/Main_Application/units_Photo/U_1.jpg', 'https://amlak2.wisdom.qa/English/Main_Application/units_Photo/U_2.jpg', 'https://amlak2.wisdom.qa/English/Main_Application/units_Photo/U_3.jpeg', 'https://amlak2.wisdom.qa/English/Main_Application/units_Photo/U_4.jpg', '0'),
(4, 1, 2, 1, 28, 4, '2', '1', '100', '', '', '١٠٨٩٦٩٨', '١٠٠٠٤٠٠', '5250', 'empty_Image.jpg', '/English/Main_Application/units_Photo/empty_Image.jpg', 'empty_Image.jpg', '/English/Main_Application/units_Photo/empty_Image.jpg', 'empty_Image.jpg', '/English/Main_Application/units_Photo/empty_Image.jpg', 'empty_Image.jpg', '/English/Main_Application/units_Photo/empty_Image.jpg', 1, 'https://amlak2.wisdom.qa/English/Main_Application/units_Photo/empty_Image.jpg', 'https://amlak2.wisdom.qa/English/Main_Application/units_Photo/empty_Image.jpg', 'https://amlak2.wisdom.qa/English/Main_Application/units_Photo/empty_Image.jpg', 'https://amlak2.wisdom.qa/English/Main_Application/units_Photo/empty_Image.jpg', '0'),
(5, 1, 2, 1, 28, 4, '3', '1', '105', '', '', '1089699', '1000401', '5250', 'empty_Image.jpg', '/English/Main_Application/units_Photo/empty_Image.jpg', 'empty_Image.jpg', '/English/Main_Application/units_Photo/empty_Image.jpg', 'empty_Image.jpg', '/English/Main_Application/units_Photo/empty_Image.jpg', 'empty_Image.jpg', '/English/Main_Application/units_Photo/empty_Image.jpg', 0, '', '', '', '', '0'),
(6, 1, 2, 1, 28, 4, '4', '1', '105', '', '', '1089700', '1000402', '5250', 'empty_Image.jpg', '/English/Main_Application/units_Photo/empty_Image.jpg', 'empty_Image.jpg', '/English/Main_Application/units_Photo/empty_Image.jpg', 'empty_Image.jpg', '/English/Main_Application/units_Photo/empty_Image.jpg', 'empty_Image.jpg', '/English/Main_Application/units_Photo/empty_Image.jpg', 0, '', '', '', '', '0'),
(7, 1, 2, 1, 28, 4, '5', '2', '95', '', '', '1089701', '1000403', '5250', 'empty_Image.jpg', '/English/Main_Application/units_Photo/empty_Image.jpg', 'empty_Image.jpg', '/English/Main_Application/units_Photo/empty_Image.jpg', 'empty_Image.jpg', '/English/Main_Application/units_Photo/empty_Image.jpg', 'empty_Image.jpg', '/English/Main_Application/units_Photo/empty_Image.jpg', 0, '', '', '', '', '0'),
(8, 1, 2, 1, 28, 4, '6', '2', '100', '', '', '1089702', '1000404', '5250', 'empty_Image.jpg', '/English/Main_Application/units_Photo/empty_Image.jpg', 'empty_Image.jpg', '/English/Main_Application/units_Photo/empty_Image.jpg', 'empty_Image.jpg', '/English/Main_Application/units_Photo/empty_Image.jpg', 'empty_Image.jpg', '/English/Main_Application/units_Photo/empty_Image.jpg', 0, '', '', '', '', '0'),
(9, 1, 2, 1, 28, 1, '7', '2', '105', '', '', '1089703', '1000405', '5250', 'empty_Image.jpg', '/English/Main_Application/units_Photo/empty_Image.jpg', 'empty_Image.jpg', '/English/Main_Application/units_Photo/empty_Image.jpg', 'empty_Image.jpg', '/English/Main_Application/units_Photo/empty_Image.jpg', 'empty_Image.jpg', '/English/Main_Application/units_Photo/empty_Image.jpg', 0, '', '', '', '', '0'),
(10, 1, 2, 1, 28, 1, '8', '2', '105', '', '', '1089704', '1000406', '5250', 'empty_Image.jpg', '/English/Main_Application/units_Photo/empty_Image.jpg', 'empty_Image.jpg', '/English/Main_Application/units_Photo/empty_Image.jpg', 'empty_Image.jpg', '/English/Main_Application/units_Photo/empty_Image.jpg', 'empty_Image.jpg', '/English/Main_Application/units_Photo/empty_Image.jpg', 0, '', '', '', '', '0'),
(13, 1, 2, 1, 28, 4, '9', '3', '95', '', '', '1089705', '1000407', '5250', 'empty_Image.jpg', '/English/Main_Application/units_Photo/empty_Image.jpg', 'empty_Image.jpg', '/English/Main_Application/units_Photo/empty_Image.jpg', 'empty_Image.jpg', '/English/Main_Application/units_Photo/empty_Image.jpg', 'empty_Image.jpg', '/English/Main_Application/units_Photo/empty_Image.jpg', 0, '', '', '', '', '0'),
(14, 1, 2, 1, 28, 4, '10', '3', '100', '', '', '1089706', '1000408', '5250', 'empty_Image.jpg', '/English/Main_Application/units_Photo/empty_Image.jpg', 'empty_Image.jpg', '/English/Main_Application/units_Photo/empty_Image.jpg', 'empty_Image.jpg', '/English/Main_Application/units_Photo/empty_Image.jpg', 'empty_Image.jpg', '/English/Main_Application/units_Photo/empty_Image.jpg', 0, '', '', '', '', '0'),
(15, 1, 2, 1, 28, 4, '11', '3', '105', '', '', '1089707', '1000409', '5250', 'empty_Image.jpg', '/English/Main_Application/units_Photo/empty_Image.jpg', 'empty_Image.jpg', '/English/Main_Application/units_Photo/empty_Image.jpg', 'empty_Image.jpg', '/English/Main_Application/units_Photo/empty_Image.jpg', 'empty_Image.jpg', '/English/Main_Application/units_Photo/empty_Image.jpg', 0, '', '', '', '', '0'),
(16, 1, 2, 1, 28, 1, '12', '3', '105', '', '', '1089708', '1000410', '5250', 'empty_Image.jpg', '/English/Main_Application/units_Photo/empty_Image.jpg', 'empty_Image.jpg', '/English/Main_Application/units_Photo/empty_Image.jpg', 'empty_Image.jpg', '/English/Main_Application/units_Photo/empty_Image.jpg', 'empty_Image.jpg', '/English/Main_Application/units_Photo/empty_Image.jpg', 0, '', '', '', '', '0'),
(17, 1, 2, 1, 28, 4, '13', '4', '95', '', '', '1089710', '1000412', '5250', 'empty_Image.jpg', '/English/Main_Application/units_Photo/empty_Image.jpg', 'empty_Image.jpg', '/English/Main_Application/units_Photo/empty_Image.jpg', 'empty_Image.jpg', '/English/Main_Application/units_Photo/empty_Image.jpg', 'empty_Image.jpg', '/English/Main_Application/units_Photo/empty_Image.jpg', 0, '', '', '', '', '0'),
(18, 1, 2, 1, 28, 4, '14', '4', '100', '', '', '1089711', '1000413', '5250', 'empty_Image.jpg', '/English/Main_Application/units_Photo/empty_Image.jpg', 'empty_Image.jpg', '/English/Main_Application/units_Photo/empty_Image.jpg', 'empty_Image.jpg', '/English/Main_Application/units_Photo/empty_Image.jpg', 'empty_Image.jpg', '/English/Main_Application/units_Photo/empty_Image.jpg', 0, '', '', '', '', '0'),
(19, 1, 2, 1, 28, 1, '15', '4', '105', '', '', '1089712', '1000414', '5250', 'empty_Image.jpg', '/English/Main_Application/units_Photo/empty_Image.jpg', 'empty_Image.jpg', '/English/Main_Application/units_Photo/empty_Image.jpg', 'empty_Image.jpg', '/English/Main_Application/units_Photo/empty_Image.jpg', 'empty_Image.jpg', '/English/Main_Application/units_Photo/empty_Image.jpg', 0, '', '', '', '', '0'),
(20, 1, 2, 1, 28, 4, '16', '4', '105', '', '', '1089713', '1000415', '5250', 'empty_Image.jpg', '/English/Main_Application/units_Photo/empty_Image.jpg', 'empty_Image.jpg', '/English/Main_Application/units_Photo/empty_Image.jpg', 'empty_Image.jpg', '/English/Main_Application/units_Photo/empty_Image.jpg', 'empty_Image.jpg', '/English/Main_Application/units_Photo/empty_Image.jpg', 0, '', '', '', '', '0'),
(22, 1, 2, 1, 28, 4, '17', '5', '95', '', '', '1089714', '1000416', '5250', 'empty_Image.jpg', '/English/Main_Application/units_Photo/empty_Image.jpg', 'empty_Image.jpg', '/English/Main_Application/units_Photo/empty_Image.jpg', 'empty_Image.jpg', '/English/Main_Application/units_Photo/empty_Image.jpg', 'empty_Image.jpg', '/English/Main_Application/units_Photo/empty_Image.jpg', 0, '', '', '', '', '0'),
(23, 1, 2, 1, 28, 1, '18', '5', '100', '', '', '1089715', '1000417', '5250', 'empty_Image.jpg', '/English/Main_Application/units_Photo/empty_Image.jpg', 'empty_Image.jpg', '/English/Main_Application/units_Photo/empty_Image.jpg', 'empty_Image.jpg', '/English/Main_Application/units_Photo/empty_Image.jpg', 'empty_Image.jpg', '/English/Main_Application/units_Photo/empty_Image.jpg', 0, '', '', '', '', '0'),
(24, 1, 2, 1, 28, 4, '19', '5', '105', '', '', '1089715', '1000417', '5250', 'empty_Image.jpg', '/English/Main_Application/units_Photo/empty_Image.jpg', 'empty_Image.jpg', '/English/Main_Application/units_Photo/empty_Image.jpg', 'empty_Image.jpg', '/English/Main_Application/units_Photo/empty_Image.jpg', 'empty_Image.jpg', '/English/Main_Application/units_Photo/empty_Image.jpg', 0, '', '', '', '', '0'),
(25, 1, 2, 1, 28, 1, '20', '5', '105', '', '', '1089717', '1000419', '5250', 'empty_Image.jpg', '/English/Main_Application/units_Photo/empty_Image.jpg', 'empty_Image.jpg', '/English/Main_Application/units_Photo/empty_Image.jpg', 'empty_Image.jpg', '/English/Main_Application/units_Photo/empty_Image.jpg', 'empty_Image.jpg', '/English/Main_Application/units_Photo/empty_Image.jpg', 0, '', '', '', '', '0'),
(26, 1, 2, 1, 28, 4, '21', '6', '95', '', '', '1089718', '1000420', '5250', 'empty_Image.jpg', '/English/Main_Application/units_Photo/empty_Image.jpg', 'empty_Image.jpg', '/English/Main_Application/units_Photo/empty_Image.jpg', 'empty_Image.jpg', '/English/Main_Application/units_Photo/empty_Image.jpg', 'empty_Image.jpg', '/English/Main_Application/units_Photo/empty_Image.jpg', 0, '', '', '', '', '0'),
(27, 1, 2, 1, 28, 4, '22', '6', '100', '', '', '1089719', '1000421', '5250', 'empty_Image.jpg', '/English/Main_Application/units_Photo/empty_Image.jpg', 'empty_Image.jpg', '/English/Main_Application/units_Photo/empty_Image.jpg', 'empty_Image.jpg', '/English/Main_Application/units_Photo/empty_Image.jpg', 'empty_Image.jpg', '/English/Main_Application/units_Photo/empty_Image.jpg', 0, '', '', '', '', '0'),
(28, 1, 2, 1, 28, 4, '23', '6', '105', '', '', '1089720', '1000422', '5250', 'empty_Image.jpg', '/English/Main_Application/units_Photo/empty_Image.jpg', 'empty_Image.jpg', '/English/Main_Application/units_Photo/empty_Image.jpg', 'empty_Image.jpg', '/English/Main_Application/units_Photo/empty_Image.jpg', 'empty_Image.jpg', '/English/Main_Application/units_Photo/empty_Image.jpg', 0, '', '', '', '', '0'),
(29, 1, 2, 1, 28, 4, '24', '6', '105', '', '', '1089721', '1000423', '5250', 'empty_Image.jpg', '/English/Main_Application/units_Photo/empty_Image.jpg', 'empty_Image.jpg', '/English/Main_Application/units_Photo/empty_Image.jpg', 'empty_Image.jpg', '/English/Main_Application/units_Photo/empty_Image.jpg', 'empty_Image.jpg', '/English/Main_Application/units_Photo/empty_Image.jpg', 0, '', '', '', '', '0'),
(30, 1, 2, 1, 28, 4, '25', '7', '95', '', '', '1089722', '1000424', '5250', 'empty_Image.jpg', '/English/Main_Application/units_Photo/empty_Image.jpg', 'empty_Image.jpg', '/English/Main_Application/units_Photo/empty_Image.jpg', 'empty_Image.jpg', '/English/Main_Application/units_Photo/empty_Image.jpg', 'empty_Image.jpg', '/English/Main_Application/units_Photo/empty_Image.jpg', 0, '', '', '', '', '0'),
(31, 1, 2, 1, 28, 4, '26', '7', '100', '', '', '1089723', '1000425', '5250', 'empty_Image.jpg', '/English/Main_Application/units_Photo/empty_Image.jpg', 'empty_Image.jpg', '/English/Main_Application/units_Photo/empty_Image.jpg', 'empty_Image.jpg', '/English/Main_Application/units_Photo/empty_Image.jpg', 'empty_Image.jpg', '/English/Main_Application/units_Photo/empty_Image.jpg', 0, '', '', '', '', '0'),
(32, 1, 2, 1, 28, 4, '27', '7', '105', '', '', '1089723', 'مشمول في 25', '5250', 'empty_Image.jpg', '/English/Main_Application/units_Photo/empty_Image.jpg', 'empty_Image.jpg', '/English/Main_Application/units_Photo/empty_Image.jpg', 'empty_Image.jpg', '/English/Main_Application/units_Photo/empty_Image.jpg', 'empty_Image.jpg', '/English/Main_Application/units_Photo/empty_Image.jpg', 0, '', '', '', '', '0'),
(33, 1, 2, 1, 28, 4, '28', '7', '105', '', '', '1089722', 'مشمول في 26', '5250', 'empty_Image.jpg', '/English/Main_Application/units_Photo/empty_Image.jpg', 'empty_Image.jpg', '/English/Main_Application/units_Photo/empty_Image.jpg', 'empty_Image.jpg', '/English/Main_Application/units_Photo/empty_Image.jpg', 'empty_Image.jpg', '/English/Main_Application/units_Photo/empty_Image.jpg', 0, '', '', '', '', '0'),
(34, 5, 3, 5, 28, 4, '29', '8', '', '', '', '', '', '500', 'No File', 'No File', 'No File', 'No File', 'No File', 'No File', 'No File', 'No File', 0, '', '', '', '', '0'),
(35, 1, 4, 1, 8, 2, '104', '1', '128', '', '', '1261803', '1217640', '4000', 'U_5.jpg', '/English/Main_Application/units_Photo/U_5.jpg', 'U_6.jpg', '/English/Main_Application/units_Photo/U_6.jpg', 'U_7.jpg', '/English/Main_Application/units_Photo/U_7.jpg', 'U_8.jpeg', '/English/Main_Application/units_Photo/U_8.jpeg', 1, 'https://amlak2.wisdom.qa/English/Main_Application/units_Photo/U_5.jpg', 'https://amlak2.wisdom.qa/English/Main_Application/units_Photo/U_6.jpg', 'https://amlak2.wisdom.qa/English/Main_Application/units_Photo/U_7.jpg', 'https://amlak2.wisdom.qa/English/Main_Application/units_Photo/U_8.jpeg', '0'),
(36, 1, 4, 1, 8, 1, '105', '1', '128', '', '', '1261801', '1217687', '4000', 'empty_Image.jpg', '/English/Main_Application/units_Photo/empty_Image.jpg', 'empty_Image.jpg', '/English/Main_Application/units_Photo/empty_Image.jpg', 'empty_Image.jpg', '/English/Main_Application/units_Photo/empty_Image.jpg', 'empty_Image.jpg', '/English/Main_Application/units_Photo/empty_Image.jpg', 0, '', '', '', '', '0'),
(37, 1, 4, 1, 8, 1, '204', '2', '128', '', '', '1261802', '1217688', '4000', 'empty_Image.jpg', '/English/Main_Application/units_Photo/empty_Image.jpg', 'empty_Image.jpg', '/English/Main_Application/units_Photo/empty_Image.jpg', 'empty_Image.jpg', '/English/Main_Application/units_Photo/empty_Image.jpg', 'empty_Image.jpg', '/English/Main_Application/units_Photo/empty_Image.jpg', 0, '', '', '', '', '0'),
(38, 1, 4, 1, 8, 1, '205', '2', '128', '', '', '1261803', '1217689', '4000', 'empty_Image.jpg', '/English/Main_Application/units_Photo/empty_Image.jpg', 'empty_Image.jpg', '/English/Main_Application/units_Photo/empty_Image.jpg', 'empty_Image.jpg', '/English/Main_Application/units_Photo/empty_Image.jpg', 'empty_Image.jpg', '/English/Main_Application/units_Photo/empty_Image.jpg', 0, '', '', '', '', '0'),
(39, 1, 4, 1, 8, 1, '304', '3', '128', '', '', '1261804', '1217690', '4000', 'empty_Image.jpg', '/English/Main_Application/units_Photo/empty_Image.jpg', 'empty_Image.jpg', '/English/Main_Application/units_Photo/empty_Image.jpg', 'empty_Image.jpg', '/English/Main_Application/units_Photo/empty_Image.jpg', 'empty_Image.jpg', '/English/Main_Application/units_Photo/empty_Image.jpg', 0, '', '', '', '', '0'),
(40, 1, 4, 1, 8, 1, '305', '3', '128', '', '', '1261805', '1217691', '4000', 'empty_Image.jpg', '/English/Main_Application/units_Photo/empty_Image.jpg', 'empty_Image.jpg', '/English/Main_Application/units_Photo/empty_Image.jpg', 'empty_Image.jpg', '/English/Main_Application/units_Photo/empty_Image.jpg', 'empty_Image.jpg', '/English/Main_Application/units_Photo/empty_Image.jpg', 0, '', '', '', '', '0'),
(41, 1, 4, 1, 8, 1, '404', '4', '128', '', '', '1261806', '1217692', '4000', 'empty_Image.jpg', '/English/Main_Application/units_Photo/empty_Image.jpg', 'empty_Image.jpg', '/English/Main_Application/units_Photo/empty_Image.jpg', 'empty_Image.jpg', '/English/Main_Application/units_Photo/empty_Image.jpg', 'empty_Image.jpg', '/English/Main_Application/units_Photo/empty_Image.jpg', 0, '', '', '', '', '0'),
(42, 1, 4, 1, 8, 1, '405', '4', '128', '', '', '1261807', '1217693', '4000', 'empty_Image.jpg', '/English/Main_Application/units_Photo/empty_Image.jpg', 'empty_Image.jpg', '/English/Main_Application/units_Photo/empty_Image.jpg', 'empty_Image.jpg', '/English/Main_Application/units_Photo/empty_Image.jpg', 'empty_Image.jpg', '/English/Main_Application/units_Photo/empty_Image.jpg', 0, '', '', '', '', '0'),
(43, 1, 4, 1, 8, 1, '504', '5', '128', '', '', '1261808', '1217694', '4000', 'empty_Image.jpg', '/English/Main_Application/units_Photo/empty_Image.jpg', 'empty_Image.jpg', '/English/Main_Application/units_Photo/empty_Image.jpg', 'empty_Image.jpg', '/English/Main_Application/units_Photo/empty_Image.jpg', 'empty_Image.jpg', '/English/Main_Application/units_Photo/empty_Image.jpg', 0, '', '', '', '', '0'),
(44, 1, 4, 1, 8, 1, '505', '5', '128', '', '', '1261809', '1217695', '4000', 'empty_Image.jpg', '/English/Main_Application/units_Photo/empty_Image.jpg', 'empty_Image.jpg', '/English/Main_Application/units_Photo/empty_Image.jpg', 'empty_Image.jpg', '/English/Main_Application/units_Photo/empty_Image.jpg', 'empty_Image.jpg', '/English/Main_Application/units_Photo/empty_Image.jpg', 0, '', '', '', '', '0'),
(45, 1, 4, 1, 8, 1, '604', '6', '128', '', '', '1261810', '1217696', '4000', 'empty_Image.jpg', '/English/Main_Application/units_Photo/empty_Image.jpg', 'empty_Image.jpg', '/English/Main_Application/units_Photo/empty_Image.jpg', 'empty_Image.jpg', '/English/Main_Application/units_Photo/empty_Image.jpg', 'empty_Image.jpg', '/English/Main_Application/units_Photo/empty_Image.jpg', 0, '', '', '', '', '0'),
(46, 1, 4, 1, 8, 1, '605', '6', '128', '', '', '1261811', ' 1217697', '4000', 'empty_Image.jpg', '/English/Main_Application/units_Photo/empty_Image.jpg', 'empty_Image.jpg', '/English/Main_Application/units_Photo/empty_Image.jpg', 'empty_Image.jpg', '/English/Main_Application/units_Photo/empty_Image.jpg', 'empty_Image.jpg', '/English/Main_Application/units_Photo/empty_Image.jpg', 0, '', '', '', '', '0'),
(47, 1, 6, 1, 8, 2, '101', '1', '64', '', '', '1261800', '1217637', '3500', 'empty_Image.jpg', '/English/Main_Application/units_Photo/empty_Image.jpg', 'empty_Image.jpg', '/English/Main_Application/units_Photo/empty_Image.jpg', 'empty_Image.jpg', '/English/Main_Application/units_Photo/empty_Image.jpg', 'empty_Image.jpg', '/English/Main_Application/units_Photo/empty_Image.jpg', 0, '', '', '', '', '0'),
(48, 1, 6, 1, 8, 2, '102', '1', '64', '', '', '1261801', '1217638', '3500', 'empty_Image.jpg', '/English/Main_Application/units_Photo/empty_Image.jpg', 'empty_Image.jpg', '/English/Main_Application/units_Photo/empty_Image.jpg', 'empty_Image.jpg', '/English/Main_Application/units_Photo/empty_Image.jpg', 'empty_Image.jpg', '/English/Main_Application/units_Photo/empty_Image.jpg', 0, '', '', '', '', '0'),
(49, 1, 6, 1, 8, 2, '103', '1', '64', '', '', '1261802', '1217639', '3500', 'empty_Image.jpg', '/English/Main_Application/units_Photo/empty_Image.jpg', 'empty_Image.jpg', '/English/Main_Application/units_Photo/empty_Image.jpg', 'empty_Image.jpg', '/English/Main_Application/units_Photo/empty_Image.jpg', 'empty_Image.jpg', '/English/Main_Application/units_Photo/empty_Image.jpg', 0, '', '', '', '', '0'),
(50, 1, 6, 1, 8, 1, '106', '1', '64', '', '', '1261815', '1217701', '3500', 'empty_Image.jpg', '/English/Main_Application/units_Photo/empty_Image.jpg', 'empty_Image.jpg', '/English/Main_Application/units_Photo/empty_Image.jpg', 'empty_Image.jpg', '/English/Main_Application/units_Photo/empty_Image.jpg', 'empty_Image.jpg', '/English/Main_Application/units_Photo/empty_Image.jpg', 0, '', '', '', '', '0'),
(51, 1, 6, 1, 8, 1, '107', '1', '64', '', '', '1261816', '1217702', '3500', 'empty_Image.jpg', '/English/Main_Application/units_Photo/empty_Image.jpg', 'empty_Image.jpg', '/English/Main_Application/units_Photo/empty_Image.jpg', 'empty_Image.jpg', '/English/Main_Application/units_Photo/empty_Image.jpg', 'empty_Image.jpg', '/English/Main_Application/units_Photo/empty_Image.jpg', 0, '', '', '', '', '0'),
(52, 1, 6, 1, 8, 1, '108', '1', '64', '', '', '1261817', '1217703', '3500', 'empty_Image.jpg', '/English/Main_Application/units_Photo/empty_Image.jpg', 'empty_Image.jpg', '/English/Main_Application/units_Photo/empty_Image.jpg', 'empty_Image.jpg', '/English/Main_Application/units_Photo/empty_Image.jpg', 'empty_Image.jpg', '/English/Main_Application/units_Photo/empty_Image.jpg', 0, '', '', '', '', '0'),
(53, 1, 6, 1, 8, 1, '201', '2', '64', '', '', '1261818', '1217704', '3500', 'empty_Image.jpg', '/English/Main_Application/units_Photo/empty_Image.jpg', 'empty_Image.jpg', '/English/Main_Application/units_Photo/empty_Image.jpg', 'empty_Image.jpg', '/English/Main_Application/units_Photo/empty_Image.jpg', 'empty_Image.jpg', '/English/Main_Application/units_Photo/empty_Image.jpg', 0, '', '', '', '', '0'),
(54, 1, 6, 1, 8, 1, '202', '2', '64', '', '', '1261819', '1217705', '3500', 'empty_Image.jpg', '/English/Main_Application/units_Photo/empty_Image.jpg', 'empty_Image.jpg', '/English/Main_Application/units_Photo/empty_Image.jpg', 'empty_Image.jpg', '/English/Main_Application/units_Photo/empty_Image.jpg', 'empty_Image.jpg', '/English/Main_Application/units_Photo/empty_Image.jpg', 0, '', '', '', '', '0'),
(55, 1, 6, 1, 8, 1, '203', '2', '64', '', '', '1261820', '1217706', '3500', 'empty_Image.jpg', '/English/Main_Application/units_Photo/empty_Image.jpg', 'empty_Image.jpg', '/English/Main_Application/units_Photo/empty_Image.jpg', 'empty_Image.jpg', '/English/Main_Application/units_Photo/empty_Image.jpg', 'empty_Image.jpg', '/English/Main_Application/units_Photo/empty_Image.jpg', 0, '', '', '', '', '0'),
(56, 1, 6, 1, 8, 1, '206', '2', '64', '', '', '1261821', '1217707', '3500', 'empty_Image.jpg', '/English/Main_Application/units_Photo/empty_Image.jpg', 'empty_Image.jpg', '/English/Main_Application/units_Photo/empty_Image.jpg', 'empty_Image.jpg', '/English/Main_Application/units_Photo/empty_Image.jpg', 'empty_Image.jpg', '/English/Main_Application/units_Photo/empty_Image.jpg', 0, '', '', '', '', '0'),
(57, 1, 6, 1, 8, 1, '207', '2', '64', '', '', '1261822', '1217708', '3500', 'empty_Image.jpg', '/English/Main_Application/units_Photo/empty_Image.jpg', 'empty_Image.jpg', '/English/Main_Application/units_Photo/empty_Image.jpg', 'empty_Image.jpg', '/English/Main_Application/units_Photo/empty_Image.jpg', 'empty_Image.jpg', '/English/Main_Application/units_Photo/empty_Image.jpg', 0, '', '', '', '', '0'),
(58, 1, 6, 1, 8, 1, '208', '2', '64', '', '', '1261823', '1217709', '3500', 'empty_Image.jpg', '/English/Main_Application/units_Photo/empty_Image.jpg', 'empty_Image.jpg', '/English/Main_Application/units_Photo/empty_Image.jpg', 'empty_Image.jpg', '/English/Main_Application/units_Photo/empty_Image.jpg', 'empty_Image.jpg', '/English/Main_Application/units_Photo/empty_Image.jpg', 0, '', '', '', '', '0'),
(59, 1, 6, 1, 8, 4, '301', '3', '64', '', '', '1261824', '1217710', '3500', 'empty_Image.jpg', '/English/Main_Application/units_Photo/empty_Image.jpg', 'empty_Image.jpg', '/English/Main_Application/units_Photo/empty_Image.jpg', 'empty_Image.jpg', '/English/Main_Application/units_Photo/empty_Image.jpg', 'empty_Image.jpg', '/English/Main_Application/units_Photo/empty_Image.jpg', 0, '', '', '', '', '0'),
(60, 1, 6, 1, 8, 1, '302', '3', '64', '', '', '1261825', '1217711', '3500', 'empty_Image.jpg', '/English/Main_Application/units_Photo/empty_Image.jpg', 'empty_Image.jpg', '/English/Main_Application/units_Photo/empty_Image.jpg', 'empty_Image.jpg', '/English/Main_Application/units_Photo/empty_Image.jpg', 'empty_Image.jpg', '/English/Main_Application/units_Photo/empty_Image.jpg', 0, '', '', '', '', '0'),
(61, 1, 6, 1, 8, 1, '303', '3', '64', '', '', '1261826', '1217712', '3500', 'empty_Image.jpg', '/English/Main_Application/units_Photo/empty_Image.jpg', 'empty_Image.jpg', '/English/Main_Application/units_Photo/empty_Image.jpg', 'empty_Image.jpg', '/English/Main_Application/units_Photo/empty_Image.jpg', 'empty_Image.jpg', '/English/Main_Application/units_Photo/empty_Image.jpg', 0, '', '', '', '', '0'),
(62, 1, 6, 1, 8, 1, '306', '3', '64', '', '', '1261827', '1217713', '3500', 'empty_Image.jpg', '/English/Main_Application/units_Photo/empty_Image.jpg', 'empty_Image.jpg', '/English/Main_Application/units_Photo/empty_Image.jpg', 'empty_Image.jpg', '/English/Main_Application/units_Photo/empty_Image.jpg', 'empty_Image.jpg', '/English/Main_Application/units_Photo/empty_Image.jpg', 0, '', '', '', '', '0'),
(63, 1, 6, 1, 8, 1, '307', '3', '64', '', '', '1261828', '1217714', '3500', 'empty_Image.jpg', '/English/Main_Application/units_Photo/empty_Image.jpg', 'empty_Image.jpg', '/English/Main_Application/units_Photo/empty_Image.jpg', 'empty_Image.jpg', '/English/Main_Application/units_Photo/empty_Image.jpg', 'empty_Image.jpg', '/English/Main_Application/units_Photo/empty_Image.jpg', 0, '', '', '', '', '0'),
(64, 1, 6, 1, 8, 1, '308', '3', '64', '', '', '1261829', '1217715', '3500', 'empty_Image.jpg', '/English/Main_Application/units_Photo/empty_Image.jpg', 'empty_Image.jpg', '/English/Main_Application/units_Photo/empty_Image.jpg', 'empty_Image.jpg', '/English/Main_Application/units_Photo/empty_Image.jpg', 'empty_Image.jpg', '/English/Main_Application/units_Photo/empty_Image.jpg', 0, '', '', '', '', '0'),
(65, 1, 6, 1, 8, 1, '401', '4', '64', '', '', '1261830', '1217716', '3500', 'empty_Image.jpg', '/English/Main_Application/units_Photo/empty_Image.jpg', 'empty_Image.jpg', '/English/Main_Application/units_Photo/empty_Image.jpg', 'empty_Image.jpg', '/English/Main_Application/units_Photo/empty_Image.jpg', 'empty_Image.jpg', '/English/Main_Application/units_Photo/empty_Image.jpg', 0, '', '', '', '', '0'),
(66, 1, 6, 1, 8, 1, '402', '4', '64', '', '', '1261833', '1217719', '3500', 'empty_Image.jpg', '/English/Main_Application/units_Photo/empty_Image.jpg', 'empty_Image.jpg', '/English/Main_Application/units_Photo/empty_Image.jpg', 'empty_Image.jpg', '/English/Main_Application/units_Photo/empty_Image.jpg', 'empty_Image.jpg', '/English/Main_Application/units_Photo/empty_Image.jpg', 0, '', '', '', '', '0'),
(67, 1, 6, 1, 8, 1, '403', '4', '64', '', '', '1261834', '1217720', '3500', 'empty_Image.jpg', '/English/Main_Application/units_Photo/empty_Image.jpg', 'empty_Image.jpg', '/English/Main_Application/units_Photo/empty_Image.jpg', 'empty_Image.jpg', '/English/Main_Application/units_Photo/empty_Image.jpg', 'empty_Image.jpg', '/English/Main_Application/units_Photo/empty_Image.jpg', 0, '', '', '', '', '0'),
(68, 1, 6, 1, 8, 1, '406', '4', '64', '', '', '1261835', '1217721', '3500', 'empty_Image.jpg', '/English/Main_Application/units_Photo/empty_Image.jpg', 'empty_Image.jpg', '/English/Main_Application/units_Photo/empty_Image.jpg', 'empty_Image.jpg', '/English/Main_Application/units_Photo/empty_Image.jpg', 'empty_Image.jpg', '/English/Main_Application/units_Photo/empty_Image.jpg', 0, '', '', '', '', '0'),
(69, 1, 6, 1, 8, 1, '407', '4', '64', '', '', '1261836', '1217722', '3500', 'empty_Image.jpg', '/English/Main_Application/units_Photo/empty_Image.jpg', 'empty_Image.jpg', '/English/Main_Application/units_Photo/empty_Image.jpg', 'empty_Image.jpg', '/English/Main_Application/units_Photo/empty_Image.jpg', 'empty_Image.jpg', '/English/Main_Application/units_Photo/empty_Image.jpg', 0, '', '', '', '', '0'),
(70, 1, 6, 1, 8, 1, '408', '4', '64', '', '', '1261837', '1217723', '3500', 'empty_Image.jpg', '/English/Main_Application/units_Photo/empty_Image.jpg', 'empty_Image.jpg', '/English/Main_Application/units_Photo/empty_Image.jpg', 'empty_Image.jpg', '/English/Main_Application/units_Photo/empty_Image.jpg', 'empty_Image.jpg', '/English/Main_Application/units_Photo/empty_Image.jpg', 0, '', '', '', '', '0'),
(71, 1, 6, 1, 8, 1, '501', '5', '64', '', '', '1261838', '1217724', '3500', 'empty_Image.jpg', '/English/Main_Application/units_Photo/empty_Image.jpg', 'empty_Image.jpg', '/English/Main_Application/units_Photo/empty_Image.jpg', 'empty_Image.jpg', '/English/Main_Application/units_Photo/empty_Image.jpg', 'empty_Image.jpg', '/English/Main_Application/units_Photo/empty_Image.jpg', 0, '', '', '', '', '0'),
(72, 1, 6, 1, 8, 1, '502', '5', '64', '', '', '1261839', '1217725', '3500', 'empty_Image.jpg', '/English/Main_Application/units_Photo/empty_Image.jpg', 'empty_Image.jpg', '/English/Main_Application/units_Photo/empty_Image.jpg', 'empty_Image.jpg', '/English/Main_Application/units_Photo/empty_Image.jpg', 'empty_Image.jpg', '/English/Main_Application/units_Photo/empty_Image.jpg', 0, '', '', '', '', '0'),
(73, 1, 6, 1, 8, 1, '503', '5', '64', '', '', '1261840', '1217726', '3500', 'empty_Image.jpg', '/English/Main_Application/units_Photo/empty_Image.jpg', 'empty_Image.jpg', '/English/Main_Application/units_Photo/empty_Image.jpg', 'empty_Image.jpg', '/English/Main_Application/units_Photo/empty_Image.jpg', 'empty_Image.jpg', '/English/Main_Application/units_Photo/empty_Image.jpg', 0, '', '', '', '', '0'),
(74, 1, 6, 1, 8, 1, '506', '5', '64', '', '', '1261841', '1217727', '3500', 'empty_Image.jpg', '/English/Main_Application/units_Photo/empty_Image.jpg', 'empty_Image.jpg', '/English/Main_Application/units_Photo/empty_Image.jpg', 'empty_Image.jpg', '/English/Main_Application/units_Photo/empty_Image.jpg', 'empty_Image.jpg', '/English/Main_Application/units_Photo/empty_Image.jpg', 0, '', '', '', '', '0'),
(75, 1, 6, 1, 8, 1, '507', '5', '64', '', '', '1261842', '1217728', '3500', 'empty_Image.jpg', '/English/Main_Application/units_Photo/empty_Image.jpg', 'empty_Image.jpg', '/English/Main_Application/units_Photo/empty_Image.jpg', 'empty_Image.jpg', '/English/Main_Application/units_Photo/empty_Image.jpg', 'empty_Image.jpg', '/English/Main_Application/units_Photo/empty_Image.jpg', 0, '', '', '', '', '0'),
(76, 1, 6, 1, 8, 1, '508', '5', '64', '', '', '1261843', '1217729', '3500', 'empty_Image.jpg', '/English/Main_Application/units_Photo/empty_Image.jpg', 'empty_Image.jpg', '/English/Main_Application/units_Photo/empty_Image.jpg', 'empty_Image.jpg', '/English/Main_Application/units_Photo/empty_Image.jpg', 'empty_Image.jpg', '/English/Main_Application/units_Photo/empty_Image.jpg', 0, '', '', '', '', '0'),
(77, 1, 6, 1, 8, 1, '601', '6', '64', '', '', '1261844', '1217730', '3500', 'empty_Image.jpg', '/English/Main_Application/units_Photo/empty_Image.jpg', 'empty_Image.jpg', '/English/Main_Application/units_Photo/empty_Image.jpg', 'empty_Image.jpg', '/English/Main_Application/units_Photo/empty_Image.jpg', 'empty_Image.jpg', '/English/Main_Application/units_Photo/empty_Image.jpg', 0, '', '', '', '', '0'),
(78, 1, 6, 1, 8, 1, '602', '6', '64', '', '', '1261845', '1217731', '3500', 'empty_Image.jpg', '/English/Main_Application/units_Photo/empty_Image.jpg', 'empty_Image.jpg', '/English/Main_Application/units_Photo/empty_Image.jpg', 'empty_Image.jpg', '/English/Main_Application/units_Photo/empty_Image.jpg', 'empty_Image.jpg', '/English/Main_Application/units_Photo/empty_Image.jpg', 0, '', '', '', '', '0'),
(79, 1, 6, 1, 8, 1, '603', '6', '64', '', '', '1261846', '1217732', '3500', 'empty_Image.jpg', '/English/Main_Application/units_Photo/empty_Image.jpg', 'empty_Image.jpg', '/English/Main_Application/units_Photo/empty_Image.jpg', 'empty_Image.jpg', '/English/Main_Application/units_Photo/empty_Image.jpg', 'empty_Image.jpg', '/English/Main_Application/units_Photo/empty_Image.jpg', 0, '', '', '', '', '0'),
(80, 1, 6, 1, 8, 1, '606', '6', '64', '', '', '1261847', '1217733', '3500', 'empty_Image.jpg', '/English/Main_Application/units_Photo/empty_Image.jpg', 'empty_Image.jpg', '/English/Main_Application/units_Photo/empty_Image.jpg', 'empty_Image.jpg', '/English/Main_Application/units_Photo/empty_Image.jpg', 'empty_Image.jpg', '/English/Main_Application/units_Photo/empty_Image.jpg', 0, '', '', '', '', '0'),
(81, 1, 6, 1, 8, 1, '607', '6', '64', '', '', '1261831', '1217717', '3500', 'empty_Image.jpg', '/English/Main_Application/units_Photo/empty_Image.jpg', 'empty_Image.jpg', '/English/Main_Application/units_Photo/empty_Image.jpg', 'empty_Image.jpg', '/English/Main_Application/units_Photo/empty_Image.jpg', 'empty_Image.jpg', '/English/Main_Application/units_Photo/empty_Image.jpg', 0, '', '', '', '', '0'),
(82, 1, 6, 1, 8, 1, '608', '6', '64', '', '', '1261832', '1217718', '3500', 'empty_Image.jpg', '/English/Main_Application/units_Photo/empty_Image.jpg', 'empty_Image.jpg', '/English/Main_Application/units_Photo/empty_Image.jpg', 'empty_Image.jpg', '/English/Main_Application/units_Photo/empty_Image.jpg', 'empty_Image.jpg', '/English/Main_Application/units_Photo/empty_Image.jpg', 0, '', '', '', '', '0'),
(83, 1, 7, 2, 8, 1, '49', '1', '40', '', '', '1262790', '1217627', '7000', 'empty_Image.jpg', '/English/Main_Application/units_Photo/empty_Image.jpg', 'empty_Image.jpg', '/English/Main_Application/units_Photo/empty_Image.jpg', 'empty_Image.jpg', '/English/Main_Application/units_Photo/empty_Image.jpg', 'empty_Image.jpg', '/English/Main_Application/units_Photo/empty_Image.jpg', 0, '', '', '', '', '0'),
(84, 1, 7, 2, 8, 1, '50', '1', '40', '', '', '1262791', '1217628', '7000', 'empty_Image.jpg', '/English/Main_Application/units_Photo/empty_Image.jpg', 'empty_Image.jpg', '/English/Main_Application/units_Photo/empty_Image.jpg', 'empty_Image.jpg', '/English/Main_Application/units_Photo/empty_Image.jpg', 'empty_Image.jpg', '/English/Main_Application/units_Photo/empty_Image.jpg', 0, '', '', '', '', '0'),
(85, 1, 7, 2, 8, 1, '51', '1', '40', '', '', '1262792', '1217629', '7000', 'empty_Image.jpg', '/English/Main_Application/units_Photo/empty_Image.jpg', 'empty_Image.jpg', '/English/Main_Application/units_Photo/empty_Image.jpg', 'empty_Image.jpg', '/English/Main_Application/units_Photo/empty_Image.jpg', 'empty_Image.jpg', '/English/Main_Application/units_Photo/empty_Image.jpg', 0, '', '', '', '', '0'),
(86, 1, 7, 2, 8, 1, '52', '1', '40', '', '', '1262793', '1217630', '7000', 'empty_Image.jpg', '/English/Main_Application/units_Photo/empty_Image.jpg', 'empty_Image.jpg', '/English/Main_Application/units_Photo/empty_Image.jpg', 'empty_Image.jpg', '/English/Main_Application/units_Photo/empty_Image.jpg', 'empty_Image.jpg', '/English/Main_Application/units_Photo/empty_Image.jpg', 0, '', '', '', '', '0'),
(87, 1, 7, 2, 8, 1, '53', '1', '40', '', '', '1262794', '1217631', '7000', 'empty_Image.jpg', '/English/Main_Application/units_Photo/empty_Image.jpg', 'empty_Image.jpg', '/English/Main_Application/units_Photo/empty_Image.jpg', 'empty_Image.jpg', '/English/Main_Application/units_Photo/empty_Image.jpg', 'empty_Image.jpg', '/English/Main_Application/units_Photo/empty_Image.jpg', 0, '', '', '', '', '0'),
(88, 1, 7, 2, 8, 1, '54', '1', '40', '', '', '1262795', '1217632', '7000', 'empty_Image.jpg', '/English/Main_Application/units_Photo/empty_Image.jpg', 'empty_Image.jpg', '/English/Main_Application/units_Photo/empty_Image.jpg', 'empty_Image.jpg', '/English/Main_Application/units_Photo/empty_Image.jpg', 'empty_Image.jpg', '/English/Main_Application/units_Photo/empty_Image.jpg', 0, '', '', '', '', '0'),
(89, 1, 7, 2, 8, 1, '55', '1', '40', '', '', '1262796', '1217633', '7000', 'empty_Image.jpg', '/English/Main_Application/units_Photo/empty_Image.jpg', 'empty_Image.jpg', '/English/Main_Application/units_Photo/empty_Image.jpg', 'empty_Image.jpg', '/English/Main_Application/units_Photo/empty_Image.jpg', 'empty_Image.jpg', '/English/Main_Application/units_Photo/empty_Image.jpg', 0, '', '', '', '', '0'),
(90, 1, 7, 2, 8, 1, '56', '1', '40', '', '', '1262797', '1217634', '7000', 'empty_Image.jpg', '/English/Main_Application/units_Photo/empty_Image.jpg', 'empty_Image.jpg', '/English/Main_Application/units_Photo/empty_Image.jpg', 'empty_Image.jpg', '/English/Main_Application/units_Photo/empty_Image.jpg', 'empty_Image.jpg', '/English/Main_Application/units_Photo/empty_Image.jpg', 0, '', '', '', '', '0'),
(91, 1, 7, 2, 8, 1, '57', '1', '40', '', '', '1262798', '1217635', '7000', 'empty_Image.jpg', '/English/Main_Application/units_Photo/empty_Image.jpg', 'empty_Image.jpg', '/English/Main_Application/units_Photo/empty_Image.jpg', 'empty_Image.jpg', '/English/Main_Application/units_Photo/empty_Image.jpg', 'empty_Image.jpg', '/English/Main_Application/units_Photo/empty_Image.jpg', 0, '', '', '', '', '0'),
(92, 1, 7, 2, 8, 1, '58', '1', '40', '', '', '1262799', '1217636', '7000', 'empty_Image.jpg', '/English/Main_Application/units_Photo/empty_Image.jpg', 'empty_Image.jpg', '/English/Main_Application/units_Photo/empty_Image.jpg', 'empty_Image.jpg', '/English/Main_Application/units_Photo/empty_Image.jpg', 'empty_Image.jpg', '/English/Main_Application/units_Photo/empty_Image.jpg', 0, '', '', '', '', '0'),
(93, 1, 8, 1, 11, 1, '1', '1', '100', '', '', '125148', '91966', '3800', 'U_9.jpg', '/English/Main_Application/units_Photo/U_9.jpg', 'U_10.jpg', '/English/Main_Application/units_Photo/U_10.jpg', 'U_11.jpg', '/English/Main_Application/units_Photo/U_11.jpg', 'U_12.jpg', '/English/Main_Application/units_Photo/U_12.jpg', 1, 'https://amlak2.wisdom.qa/English/Main_Application/units_Photo/U_9.jpg', 'https://amlak2.wisdom.qa/English/Main_Application/units_Photo/U_10.jpg', 'https://amlak2.wisdom.qa/English/Main_Application/units_Photo/U_11.jpg', 'https://amlak2.wisdom.qa/English/Main_Application/units_Photo/U_12.jpg', '0'),
(94, 1, 8, 1, 11, 1, '2', '1', '100', '', '', '125149', '91965', '3800', 'empty_Image.jpg', '/English/Main_Application/units_Photo/empty_Image.jpg', 'empty_Image.jpg', '/English/Main_Application/units_Photo/empty_Image.jpg', 'empty_Image.jpg', '/English/Main_Application/units_Photo/empty_Image.jpg', 'empty_Image.jpg', '/English/Main_Application/units_Photo/empty_Image.jpg', 0, '', '', '', '', '0'),
(95, 1, 8, 1, 11, 1, '3', '2', '100', '', '', '125149', '91967', '3800', 'empty_Image.jpg', '/English/Main_Application/units_Photo/empty_Image.jpg', 'empty_Image.jpg', '/English/Main_Application/units_Photo/empty_Image.jpg', 'empty_Image.jpg', '/English/Main_Application/units_Photo/empty_Image.jpg', 'empty_Image.jpg', '/English/Main_Application/units_Photo/empty_Image.jpg', 0, '', '', '', '', '0'),
(96, 1, 8, 1, 11, 1, '4', '2', '100', '', '', '125150', '91968', '3800', 'empty_Image.jpg', '/English/Main_Application/units_Photo/empty_Image.jpg', 'empty_Image.jpg', '/English/Main_Application/units_Photo/empty_Image.jpg', 'empty_Image.jpg', '/English/Main_Application/units_Photo/empty_Image.jpg', 'empty_Image.jpg', '/English/Main_Application/units_Photo/empty_Image.jpg', 0, '', '', '', '', '0'),
(97, 1, 8, 1, 11, 1, '5', '3', '100', '', '', '125151', '91969', '3800', 'empty_Image.jpg', '/English/Main_Application/units_Photo/empty_Image.jpg', 'empty_Image.jpg', '/English/Main_Application/units_Photo/empty_Image.jpg', 'empty_Image.jpg', '/English/Main_Application/units_Photo/empty_Image.jpg', 'empty_Image.jpg', '/English/Main_Application/units_Photo/empty_Image.jpg', 0, '', '', '', '', '0'),
(98, 1, 8, 1, 11, 1, '6', '3', '100', '', '', '125152', '91970', '3800', 'empty_Image.jpg', '/English/Main_Application/units_Photo/empty_Image.jpg', 'empty_Image.jpg', '/English/Main_Application/units_Photo/empty_Image.jpg', 'empty_Image.jpg', '/English/Main_Application/units_Photo/empty_Image.jpg', 'empty_Image.jpg', '/English/Main_Application/units_Photo/empty_Image.jpg', 0, '', '', '', '', '0'),
(99, 1, 4, 1, 18, 1, '1', '1', '310', 'رقم المبنى 80', '', '1251073', '1191369', '3800', 'U_3.jpeg', '/English/Main_Application/units_Photo/U_3.jpeg', 'U_2.jpg', '/English/Main_Application/units_Photo/U_2.jpg', 'U_11.jpg', '/English/Main_Application/units_Photo/U_11.jpg', 'U_12.jpg', '/English/Main_Application/units_Photo/U_12.jpg', 1, 'https://amlak2.wisdom.qa/English/Main_Application/units_Photo/U_3.jpeg', 'https://amlak2.wisdom.qa/English/Main_Application/units_Photo/U_2.jpg', 'https://amlak2.wisdom.qa/English/Main_Application/units_Photo/U_11.jpg', 'https://amlak2.wisdom.qa/English/Main_Application/units_Photo/U_12.jpg', '0'),
(100, 1, 4, 1, 18, 1, '2', '1', '160', 'رقم المبنى 80', '', '1251074', '1191370', '3800', 'empty_Image.jpg', '/English/Main_Application/units_Photo/empty_Image.jpg', 'empty_Image.jpg', '/English/Main_Application/units_Photo/empty_Image.jpg', 'empty_Image.jpg', '/English/Main_Application/units_Photo/empty_Image.jpg', 'empty_Image.jpg', '/English/Main_Application/units_Photo/empty_Image.jpg', 0, '', '', '', '', '0'),
(101, 1, 4, 1, 18, 1, '3', '1', '310', 'رقم المبنى 80', '', '1251075', '1191371', '3800', 'empty_Image.jpg', '/English/Main_Application/units_Photo/empty_Image.jpg', 'empty_Image.jpg', '/English/Main_Application/units_Photo/empty_Image.jpg', 'empty_Image.jpg', '/English/Main_Application/units_Photo/empty_Image.jpg', 'empty_Image.jpg', '/English/Main_Application/units_Photo/empty_Image.jpg', 0, '', '', '', '', '0'),
(102, 1, 4, 1, 18, 1, '4', '1', '160', 'رقم المبنى 80 شقة أرضية', '', '', '', '3800', 'empty_Image.jpg', '/English/Main_Application/units_Photo/empty_Image.jpg', 'empty_Image.jpg', '/English/Main_Application/units_Photo/empty_Image.jpg', 'empty_Image.jpg', '/English/Main_Application/units_Photo/empty_Image.jpg', 'empty_Image.jpg', '/English/Main_Application/units_Photo/empty_Image.jpg', 0, '', '', '', '', '0'),
(103, 1, 2, 1, 19, 2, '1', '1', '120', '', '', '1181983', '1152740', '5250', 'U_12.jpg', '/English/Main_Application/units_Photo/U_12.jpg', 'U_3.jpeg', '/English/Main_Application/units_Photo/U_3.jpeg', 'U_8.jpeg', '/English/Main_Application/units_Photo/U_8.jpeg', 'U_12.jpg', '/English/Main_Application/units_Photo/U_12.jpg', 1, 'https://amlak2.wisdom.qa/English/Main_Application/units_Photo/U_12.jpg', 'https://amlak2.wisdom.qa/English/Main_Application/units_Photo/U_3.jpeg', 'https://amlak2.wisdom.qa/English/Main_Application/units_Photo/U_8.jpeg', 'https://amlak2.wisdom.qa/English/Main_Application/units_Photo/U_12.jpg', '0'),
(104, 1, 2, 1, 19, 2, '2', '1', '125', '', '', '1181984', '1152741', '5250', 'empty_Image.jpg', '/English/Main_Application/units_Photo/empty_Image.jpg', 'empty_Image.jpg', '/English/Main_Application/units_Photo/empty_Image.jpg', 'empty_Image.jpg', '/English/Main_Application/units_Photo/empty_Image.jpg', 'empty_Image.jpg', '/English/Main_Application/units_Photo/empty_Image.jpg', 0, '', '', '', '', '0'),
(105, 1, 2, 1, 19, 2, '3', '2', '120', '', '', '1181985', '1152742', '5250', 'empty_Image.jpg', '/English/Main_Application/units_Photo/empty_Image.jpg', 'empty_Image.jpg', '/English/Main_Application/units_Photo/empty_Image.jpg', 'empty_Image.jpg', '/English/Main_Application/units_Photo/empty_Image.jpg', 'empty_Image.jpg', '/English/Main_Application/units_Photo/empty_Image.jpg', 0, '', '', '', '', '0'),
(106, 1, 2, 1, 19, 2, '4', '2', '125', '', '', '1181986', '1152743', '5250', 'empty_Image.jpg', '/English/Main_Application/units_Photo/empty_Image.jpg', 'empty_Image.jpg', '/English/Main_Application/units_Photo/empty_Image.jpg', 'empty_Image.jpg', '/English/Main_Application/units_Photo/empty_Image.jpg', 'empty_Image.jpg', '/English/Main_Application/units_Photo/empty_Image.jpg', 0, '', '', '', '', '0'),
(107, 1, 2, 1, 19, 2, '5', '3', '120', '', '', '1181987', '1152744', '5250', 'empty_Image.jpg', '/English/Main_Application/units_Photo/empty_Image.jpg', 'empty_Image.jpg', '/English/Main_Application/units_Photo/empty_Image.jpg', 'empty_Image.jpg', '/English/Main_Application/units_Photo/empty_Image.jpg', 'empty_Image.jpg', '/English/Main_Application/units_Photo/empty_Image.jpg', 0, '', '', '', '', '0'),
(108, 1, 2, 1, 19, 2, '6', '3', '125', '', '', '1181988', '1152745', '5250', 'empty_Image.jpg', '/English/Main_Application/units_Photo/empty_Image.jpg', 'empty_Image.jpg', '/English/Main_Application/units_Photo/empty_Image.jpg', 'empty_Image.jpg', '/English/Main_Application/units_Photo/empty_Image.jpg', 'empty_Image.jpg', '/English/Main_Application/units_Photo/empty_Image.jpg', 0, '', '', '', '', '0'),
(109, 1, 2, 1, 19, 2, '7', '4', '120', '', '', '1181989', '1152746', '5250', 'empty_Image.jpg', '/English/Main_Application/units_Photo/empty_Image.jpg', 'empty_Image.jpg', '/English/Main_Application/units_Photo/empty_Image.jpg', 'empty_Image.jpg', '/English/Main_Application/units_Photo/empty_Image.jpg', 'empty_Image.jpg', '/English/Main_Application/units_Photo/empty_Image.jpg', 0, '', '', '', '', '0'),
(110, 1, 2, 1, 19, 2, '8', '4', '125', '', '', '1181990', '1152747', '5250', 'empty_Image.jpg', '/English/Main_Application/units_Photo/empty_Image.jpg', 'empty_Image.jpg', '/English/Main_Application/units_Photo/empty_Image.jpg', 'empty_Image.jpg', '/English/Main_Application/units_Photo/empty_Image.jpg', 'empty_Image.jpg', '/English/Main_Application/units_Photo/empty_Image.jpg', 0, '', '', '', '', '0'),
(111, 1, 2, 1, 19, 2, '9', '5', '120', '', '', '1181991', '1152748', '5250', 'empty_Image.jpg', '/English/Main_Application/units_Photo/empty_Image.jpg', 'empty_Image.jpg', '/English/Main_Application/units_Photo/empty_Image.jpg', 'empty_Image.jpg', '/English/Main_Application/units_Photo/empty_Image.jpg', 'empty_Image.jpg', '/English/Main_Application/units_Photo/empty_Image.jpg', 0, '', '', '', '', '0'),
(112, 1, 2, 1, 19, 2, '10', '5', '125', '', '', '1181992', '1152749', '5250', 'empty_Image.jpg', '/English/Main_Application/units_Photo/empty_Image.jpg', 'empty_Image.jpg', '/English/Main_Application/units_Photo/empty_Image.jpg', 'empty_Image.jpg', '/English/Main_Application/units_Photo/empty_Image.jpg', 'empty_Image.jpg', '/English/Main_Application/units_Photo/empty_Image.jpg', 0, '', '', '', '', '0'),
(113, 1, 2, 1, 19, 2, '11', '6', '120', '', '', '1181993', '1152750', '5250', 'empty_Image.jpg', '/English/Main_Application/units_Photo/empty_Image.jpg', 'empty_Image.jpg', '/English/Main_Application/units_Photo/empty_Image.jpg', 'empty_Image.jpg', '/English/Main_Application/units_Photo/empty_Image.jpg', 'empty_Image.jpg', '/English/Main_Application/units_Photo/empty_Image.jpg', 0, '', '', '', '', '0'),
(114, 1, 2, 1, 19, 2, '12', '6', '125', '', '', '1181994', '1152751', '5250', 'empty_Image.jpg', '/English/Main_Application/units_Photo/empty_Image.jpg', 'empty_Image.jpg', '/English/Main_Application/units_Photo/empty_Image.jpg', 'empty_Image.jpg', '/English/Main_Application/units_Photo/empty_Image.jpg', 'empty_Image.jpg', '/English/Main_Application/units_Photo/empty_Image.jpg', 0, '', '', '', '', '0'),
(115, 1, 8, 1, 20, 3, '1', '1', '60', '', '', '1183418', '1152805', '3000', 'U_4.jpg', '/English/Main_Application/units_Photo/U_4.jpg', 'U_5.jpg', '/English/Main_Application/units_Photo/U_5.jpg', 'U_6.jpg', '/English/Main_Application/units_Photo/U_6.jpg', 'U_7.jpg', '/English/Main_Application/units_Photo/U_7.jpg', 1, 'https://amlak2.wisdom.qa/English/Main_Application/units_Photo/U_4.jpg', 'https://amlak2.wisdom.qa/English/Main_Application/units_Photo/U_5.jpg', 'https://amlak2.wisdom.qa/English/Main_Application/units_Photo/U_6.jpg', 'https://amlak2.wisdom.qa/English/Main_Application/units_Photo/U_7.jpg', '0'),
(116, 1, 8, 1, 20, 3, '2', '2', '60', '', '', '1183418', '1152805', '3000', 'empty_Image.jpg', '/English/Main_Application/units_Photo/empty_Image.jpg', 'empty_Image.jpg', '/English/Main_Application/units_Photo/empty_Image.jpg', 'empty_Image.jpg', '/English/Main_Application/units_Photo/empty_Image.jpg', 'empty_Image.jpg', '/English/Main_Application/units_Photo/empty_Image.jpg', 0, '', '', '', '', '0'),
(117, 1, 8, 1, 20, 1, '3', '3', '60', '', '', '1183418', '1152805', '3000', 'empty_Image.jpg', '/English/Main_Application/units_Photo/empty_Image.jpg', 'empty_Image.jpg', '/English/Main_Application/units_Photo/empty_Image.jpg', 'empty_Image.jpg', '/English/Main_Application/units_Photo/empty_Image.jpg', 'empty_Image.jpg', '/English/Main_Application/units_Photo/empty_Image.jpg', 0, '', '', '', '', '0'),
(118, 1, 5, 2, 22, 1, '1', '1', '15', '', '', '103724', '', '1000', 'empty_Image.jpg', '/English/Main_Application/units_Photo/empty_Image.jpg', 'empty_Image.jpg', '/English/Main_Application/units_Photo/empty_Image.jpg', 'empty_Image.jpg', '/English/Main_Application/units_Photo/empty_Image.jpg', 'empty_Image.jpg', '/English/Main_Application/units_Photo/empty_Image.jpg', 0, '', '', '', '', '0'),
(119, 1, 8, 1, 22, 1, '2', '1', '95', '', '', '90580', '64118', '3000', 'empty_Image.jpg', '/English/Main_Application/units_Photo/empty_Image.jpg', 'empty_Image.jpg', '/English/Main_Application/units_Photo/empty_Image.jpg', 'empty_Image.jpg', '/English/Main_Application/units_Photo/empty_Image.jpg', 'empty_Image.jpg', '/English/Main_Application/units_Photo/empty_Image.jpg', 0, '', '', '', '', '0'),
(120, 1, 8, 1, 22, 1, '3', '1', '95', '', '', '90579', '64118', '3000', 'empty_Image.jpg', '/English/Main_Application/units_Photo/empty_Image.jpg', 'empty_Image.jpg', '/English/Main_Application/units_Photo/empty_Image.jpg', 'empty_Image.jpg', '/English/Main_Application/units_Photo/empty_Image.jpg', 'empty_Image.jpg', '/English/Main_Application/units_Photo/empty_Image.jpg', 0, '', '', '', '', '0'),
(121, 1, 5, 6, 22, 1, '4', '1', '110', '', '', '7948', '64118', '4500', 'empty_Image.jpg', '/English/Main_Application/units_Photo/empty_Image.jpg', 'empty_Image.jpg', '/English/Main_Application/units_Photo/empty_Image.jpg', 'empty_Image.jpg', '/English/Main_Application/units_Photo/empty_Image.jpg', 'empty_Image.jpg', '/English/Main_Application/units_Photo/empty_Image.jpg', 0, '', '', '', '', '0'),
(122, 1, 5, 2, 23, 1, '1', '1', '40', '', '', '1183414', '1146795', '10000', 'empty_Image.jpg', '/English/Main_Application/units_Photo/empty_Image.jpg', 'empty_Image.jpg', '/English/Main_Application/units_Photo/empty_Image.jpg', 'empty_Image.jpg', '/English/Main_Application/units_Photo/empty_Image.jpg', 'empty_Image.jpg', '/English/Main_Application/units_Photo/empty_Image.jpg', 1, 'https://amlak2.wisdom.qa/English/Main_Application/units_Photo/empty_Image.jpg', 'https://amlak2.wisdom.qa/English/Main_Application/units_Photo/empty_Image.jpg', 'https://amlak2.wisdom.qa/English/Main_Application/units_Photo/empty_Image.jpg', 'https://amlak2.wisdom.qa/English/Main_Application/units_Photo/empty_Image.jpg', '0');
INSERT INTO `arcive_units` (`Unit_ID`, `unit_condition_Unit_Condition_Id`, `unit_detail_Unit_Detail_Id`, `unit_type_Unit_Type_Id`, `building_Building_Id`, `furniture_case_Furniture_case_Id`, `Unit_Number`, `Floor_Number`, `Unit_Space`, `current_situation`, `Oreedo_Number`, `Electricityt_Number`, `Water_Number`, `virtual_Value`, `Image_One`, `Image_One_Path`, `Image_Two`, `Image_Two_Path`, `Image_Three`, `Image_Three_Path`, `Image_Four`, `Image_Four_Path`, `Active`, `Image_One_Path_Website`, `Image_Two_Path_Website`, `Image_Three_Path_Website`, `Image_Four_Path_Website`, `Half`) VALUES
(123, 1, 5, 2, 23, 1, '2', '1', '38', '', '', '1183415', '1146796', '10000', 'empty_Image.jpg', '/English/Main_Application/units_Photo/empty_Image.jpg', 'empty_Image.jpg', '/English/Main_Application/units_Photo/empty_Image.jpg', 'empty_Image.jpg', '/English/Main_Application/units_Photo/empty_Image.jpg', 'empty_Image.jpg', '/English/Main_Application/units_Photo/empty_Image.jpg', 1, 'https://amlak2.wisdom.qa/English/Main_Application/units_Photo/empty_Image.jpg', 'https://amlak2.wisdom.qa/English/Main_Application/units_Photo/empty_Image.jpg', 'https://amlak2.wisdom.qa/English/Main_Application/units_Photo/empty_Image.jpg', 'https://amlak2.wisdom.qa/English/Main_Application/units_Photo/empty_Image.jpg', '0'),
(124, 1, 5, 2, 23, 1, '3', '1', '38', '', '', '1183416', '1146797', '10000', 'empty_Image.jpg', '/English/Main_Application/units_Photo/empty_Image.jpg', 'empty_Image.jpg', '/English/Main_Application/units_Photo/empty_Image.jpg', 'empty_Image.jpg', '/English/Main_Application/units_Photo/empty_Image.jpg', 'empty_Image.jpg', '/English/Main_Application/units_Photo/empty_Image.jpg', 1, 'https://amlak2.wisdom.qa/English/Main_Application/units_Photo/empty_Image.jpg', 'https://amlak2.wisdom.qa/English/Main_Application/units_Photo/empty_Image.jpg', 'https://amlak2.wisdom.qa/English/Main_Application/units_Photo/empty_Image.jpg', 'https://amlak2.wisdom.qa/English/Main_Application/units_Photo/empty_Image.jpg', '0'),
(125, 1, 6, 1, 25, 2, '1', '1', '40', '', '', '1219305', '1116069', '5000', 'empty_Image.jpg', '/English/Main_Application/units_Photo/empty_Image.jpg', 'empty_Image.jpg', '/English/Main_Application/units_Photo/empty_Image.jpg', 'empty_Image.jpg', '/English/Main_Application/units_Photo/empty_Image.jpg', 'empty_Image.jpg', '/English/Main_Application/units_Photo/empty_Image.jpg', 0, '', '', '', '', '0'),
(126, 1, 6, 1, 25, 2, '2', '1', '40', '', '', '1219306', '1116070', '5000', 'empty_Image.jpg', '/English/Main_Application/units_Photo/empty_Image.jpg', 'empty_Image.jpg', '/English/Main_Application/units_Photo/empty_Image.jpg', 'empty_Image.jpg', '/English/Main_Application/units_Photo/empty_Image.jpg', 'empty_Image.jpg', '/English/Main_Application/units_Photo/empty_Image.jpg', 0, '', '', '', '', '0'),
(127, 1, 6, 1, 25, 2, '3', '1', '40', '', '', '1219307', '1116071', '5000', 'empty_Image.jpg', '/English/Main_Application/units_Photo/empty_Image.jpg', 'empty_Image.jpg', '/English/Main_Application/units_Photo/empty_Image.jpg', 'empty_Image.jpg', '/English/Main_Application/units_Photo/empty_Image.jpg', 'empty_Image.jpg', '/English/Main_Application/units_Photo/empty_Image.jpg', 0, '', '', '', '', '0'),
(128, 1, 6, 1, 25, 2, '4', '1', '40', '', '', '1219308', '1116072', '5000', 'empty_Image.jpg', '/English/Main_Application/units_Photo/empty_Image.jpg', 'empty_Image.jpg', '/English/Main_Application/units_Photo/empty_Image.jpg', 'empty_Image.jpg', '/English/Main_Application/units_Photo/empty_Image.jpg', 'empty_Image.jpg', '/English/Main_Application/units_Photo/empty_Image.jpg', 0, '', '', '', '', '0'),
(129, 1, 6, 1, 25, 2, '5', '1', '40', '', '', '1219309', '1116073', '5000', 'empty_Image.jpg', '/English/Main_Application/units_Photo/empty_Image.jpg', 'empty_Image.jpg', '/English/Main_Application/units_Photo/empty_Image.jpg', 'empty_Image.jpg', '/English/Main_Application/units_Photo/empty_Image.jpg', 'empty_Image.jpg', '/English/Main_Application/units_Photo/empty_Image.jpg', 0, '', '', '', '', '0'),
(130, 1, 6, 1, 25, 2, '6', '1', '40', '', '', '1219310', '1116074', '5000', 'empty_Image.jpg', '/English/Main_Application/units_Photo/empty_Image.jpg', 'empty_Image.jpg', '/English/Main_Application/units_Photo/empty_Image.jpg', 'empty_Image.jpg', '/English/Main_Application/units_Photo/empty_Image.jpg', 'empty_Image.jpg', '/English/Main_Application/units_Photo/empty_Image.jpg', 0, '', '', '', '', '0'),
(131, 1, 6, 1, 25, 2, '7', '1', '40', '', '', '1219311', '1116075', '5000', 'empty_Image.jpg', '/English/Main_Application/units_Photo/empty_Image.jpg', 'empty_Image.jpg', '/English/Main_Application/units_Photo/empty_Image.jpg', 'empty_Image.jpg', '/English/Main_Application/units_Photo/empty_Image.jpg', 'empty_Image.jpg', '/English/Main_Application/units_Photo/empty_Image.jpg', 0, '', '', '', '', '0'),
(132, 1, 6, 1, 25, 2, '8', '1', '40', '', '', '1219312', '1116076', '5000', 'empty_Image.jpg', '/English/Main_Application/units_Photo/empty_Image.jpg', 'empty_Image.jpg', '/English/Main_Application/units_Photo/empty_Image.jpg', 'empty_Image.jpg', '/English/Main_Application/units_Photo/empty_Image.jpg', 'empty_Image.jpg', '/English/Main_Application/units_Photo/empty_Image.jpg', 0, '', '', '', '', '0'),
(133, 1, 6, 1, 25, 2, '9', '1', '40', '', '', '1219313', '1116077', '5000', 'empty_Image.jpg', '/English/Main_Application/units_Photo/empty_Image.jpg', 'empty_Image.jpg', '/English/Main_Application/units_Photo/empty_Image.jpg', 'empty_Image.jpg', '/English/Main_Application/units_Photo/empty_Image.jpg', 'empty_Image.jpg', '/English/Main_Application/units_Photo/empty_Image.jpg', 0, '', '', '', '', '0'),
(134, 1, 2, 1, 26, 4, '1', '1', '95', '', '', '1160690', '1099848', '4800', 'empty_Image.jpg', '/English/Main_Application/units_Photo/empty_Image.jpg', 'empty_Image.jpg', '/English/Main_Application/units_Photo/empty_Image.jpg', 'empty_Image.jpg', '/English/Main_Application/units_Photo/empty_Image.jpg', 'empty_Image.jpg', '/English/Main_Application/units_Photo/empty_Image.jpg', 0, '', '', '', '', '0'),
(135, 1, 2, 1, 26, 4, '2', '1', '105', '', '', '1160691', '1099849', '4800', 'empty_Image.jpg', '/English/Main_Application/units_Photo/empty_Image.jpg', 'empty_Image.jpg', '/English/Main_Application/units_Photo/empty_Image.jpg', 'empty_Image.jpg', '/English/Main_Application/units_Photo/empty_Image.jpg', 'empty_Image.jpg', '/English/Main_Application/units_Photo/empty_Image.jpg', 0, '', '', '', '', '0'),
(136, 1, 2, 1, 26, 4, '3', '2', '95', '', '', '1160692', '1099850', '4800', 'empty_Image.jpg', '/English/Main_Application/units_Photo/empty_Image.jpg', 'empty_Image.jpg', '/English/Main_Application/units_Photo/empty_Image.jpg', 'empty_Image.jpg', '/English/Main_Application/units_Photo/empty_Image.jpg', 'empty_Image.jpg', '/English/Main_Application/units_Photo/empty_Image.jpg', 0, '', '', '', '', '0'),
(137, 1, 2, 1, 26, 4, '4', '2', '105', '', '', '1160693', '1099851', '4800', 'empty_Image.jpg', '/English/Main_Application/units_Photo/empty_Image.jpg', 'empty_Image.jpg', '/English/Main_Application/units_Photo/empty_Image.jpg', 'empty_Image.jpg', '/English/Main_Application/units_Photo/empty_Image.jpg', 'empty_Image.jpg', '/English/Main_Application/units_Photo/empty_Image.jpg', 0, '', '', '', '', '0'),
(138, 1, 2, 1, 26, 4, '5', '3', '95', '', '', '1160694', '1099852', '4800', 'empty_Image.jpg', '/English/Main_Application/units_Photo/empty_Image.jpg', 'empty_Image.jpg', '/English/Main_Application/units_Photo/empty_Image.jpg', 'empty_Image.jpg', '/English/Main_Application/units_Photo/empty_Image.jpg', 'empty_Image.jpg', '/English/Main_Application/units_Photo/empty_Image.jpg', 0, '', '', '', '', '0'),
(139, 1, 2, 1, 26, 4, '6', '3', '105', '', '', '1160695', '1099853', '4800', 'empty_Image.jpg', '/English/Main_Application/units_Photo/empty_Image.jpg', 'empty_Image.jpg', '/English/Main_Application/units_Photo/empty_Image.jpg', 'empty_Image.jpg', '/English/Main_Application/units_Photo/empty_Image.jpg', 'empty_Image.jpg', '/English/Main_Application/units_Photo/empty_Image.jpg', 0, '', '', '', '', '0'),
(140, 1, 2, 1, 26, 4, '7', '4', '95', '', '', '1160696', '1099854', '4800', 'empty_Image.jpg', '/English/Main_Application/units_Photo/empty_Image.jpg', 'empty_Image.jpg', '/English/Main_Application/units_Photo/empty_Image.jpg', 'empty_Image.jpg', '/English/Main_Application/units_Photo/empty_Image.jpg', 'empty_Image.jpg', '/English/Main_Application/units_Photo/empty_Image.jpg', 0, '', '', '', '', '0'),
(141, 1, 2, 1, 26, 4, '8', '4', '105', '', '', '1160697', '1099855', '4800', 'empty_Image.jpg', '/English/Main_Application/units_Photo/empty_Image.jpg', 'empty_Image.jpg', '/English/Main_Application/units_Photo/empty_Image.jpg', 'empty_Image.jpg', '/English/Main_Application/units_Photo/empty_Image.jpg', 'empty_Image.jpg', '/English/Main_Application/units_Photo/empty_Image.jpg', 0, '', '', '', '', '0'),
(142, 1, 2, 1, 26, 4, '9', '5', '95', '', '', '1160698', '1099856', '4800', 'empty_Image.jpg', '/English/Main_Application/units_Photo/empty_Image.jpg', 'empty_Image.jpg', '/English/Main_Application/units_Photo/empty_Image.jpg', 'empty_Image.jpg', '/English/Main_Application/units_Photo/empty_Image.jpg', 'empty_Image.jpg', '/English/Main_Application/units_Photo/empty_Image.jpg', 0, '', '', '', '', '0'),
(143, 1, 2, 1, 26, 4, '10', '5', '105', '', '', '1160699', '1099857', '4800', 'empty_Image.jpg', '/English/Main_Application/units_Photo/empty_Image.jpg', 'empty_Image.jpg', '/English/Main_Application/units_Photo/empty_Image.jpg', 'empty_Image.jpg', '/English/Main_Application/units_Photo/empty_Image.jpg', 'empty_Image.jpg', '/English/Main_Application/units_Photo/empty_Image.jpg', 0, '', '', '', '', '0'),
(144, 1, 8, 1, 27, 1, '1', '1', '50', '', '', '183296', '152797', '3500', 'empty_Image.jpg', '/English/Main_Application/units_Photo/empty_Image.jpg', 'empty_Image.jpg', '/English/Main_Application/units_Photo/empty_Image.jpg', 'empty_Image.jpg', '/English/Main_Application/units_Photo/empty_Image.jpg', 'empty_Image.jpg', '/English/Main_Application/units_Photo/empty_Image.jpg', 0, '', '', '', '', '0'),
(145, 1, 8, 1, 27, 1, '2', '1', '50', '', '', '183297', '152799', '3500', 'empty_Image.jpg', '/English/Main_Application/units_Photo/empty_Image.jpg', 'empty_Image.jpg', '/English/Main_Application/units_Photo/empty_Image.jpg', 'empty_Image.jpg', '/English/Main_Application/units_Photo/empty_Image.jpg', 'empty_Image.jpg', '/English/Main_Application/units_Photo/empty_Image.jpg', 0, '', '', '', '', '0'),
(146, 1, 8, 1, 27, 1, '3', '2', '50', '', '', '183298', '152800', '3500', 'empty_Image.jpg', '/English/Main_Application/units_Photo/empty_Image.jpg', 'empty_Image.jpg', '/English/Main_Application/units_Photo/empty_Image.jpg', 'empty_Image.jpg', '/English/Main_Application/units_Photo/empty_Image.jpg', 'empty_Image.jpg', '/English/Main_Application/units_Photo/empty_Image.jpg', 0, '', '', '', '', '0'),
(147, 1, 8, 1, 27, 1, '4', '2', '50', '', '', '183299', '152801', '3500', 'empty_Image.jpg', '/English/Main_Application/units_Photo/empty_Image.jpg', 'empty_Image.jpg', '/English/Main_Application/units_Photo/empty_Image.jpg', 'empty_Image.jpg', '/English/Main_Application/units_Photo/empty_Image.jpg', 'empty_Image.jpg', '/English/Main_Application/units_Photo/empty_Image.jpg', 0, '', '', '', '', '0'),
(148, 1, 8, 1, 27, 1, '5', '3', '50', '', '', '183300', '152802', '3500', 'empty_Image.jpg', '/English/Main_Application/units_Photo/empty_Image.jpg', 'empty_Image.jpg', '/English/Main_Application/units_Photo/empty_Image.jpg', 'empty_Image.jpg', '/English/Main_Application/units_Photo/empty_Image.jpg', 'empty_Image.jpg', '/English/Main_Application/units_Photo/empty_Image.jpg', 0, '', '', '', '', '0'),
(149, 1, 8, 1, 27, 1, '6', '3', '50', '', '', '183301', '152803', '3500', 'empty_Image.jpg', '/English/Main_Application/units_Photo/empty_Image.jpg', 'empty_Image.jpg', '/English/Main_Application/units_Photo/empty_Image.jpg', 'empty_Image.jpg', '/English/Main_Application/units_Photo/empty_Image.jpg', 'empty_Image.jpg', '/English/Main_Application/units_Photo/empty_Image.jpg', 0, '', '', '', '', '0'),
(150, 1, 4, 1, 29, 4, '1', '1', '95', '', '', '1026715', '940651', '4500', 'empty_Image.jpg', '/English/Main_Application/units_Photo/empty_Image.jpg', 'empty_Image.jpg', '/English/Main_Application/units_Photo/empty_Image.jpg', 'empty_Image.jpg', '/English/Main_Application/units_Photo/empty_Image.jpg', 'empty_Image.jpg', '/English/Main_Application/units_Photo/empty_Image.jpg', 0, '', '', '', '', '0'),
(151, 1, 4, 1, 29, 2, '2', '1', '85', '', '', '1026716', '940652', '4500', 'empty_Image.jpg', '/English/Main_Application/units_Photo/empty_Image.jpg', 'empty_Image.jpg', '/English/Main_Application/units_Photo/empty_Image.jpg', 'empty_Image.jpg', '/English/Main_Application/units_Photo/empty_Image.jpg', 'empty_Image.jpg', '/English/Main_Application/units_Photo/empty_Image.jpg', 0, '', '', '', '', '0'),
(152, 1, 4, 1, 29, 4, '3', '1', '95', '', '', '1026717', '940653', '4500', 'empty_Image.jpg', '/English/Main_Application/units_Photo/empty_Image.jpg', 'empty_Image.jpg', '/English/Main_Application/units_Photo/empty_Image.jpg', 'empty_Image.jpg', '/English/Main_Application/units_Photo/empty_Image.jpg', 'empty_Image.jpg', '/English/Main_Application/units_Photo/empty_Image.jpg', 0, '', '', '', '', '0'),
(153, 1, 4, 1, 29, 4, '4', '1', '85', '', '', '1026718', '940654', '4500', 'empty_Image.jpg', '/English/Main_Application/units_Photo/empty_Image.jpg', 'empty_Image.jpg', '/English/Main_Application/units_Photo/empty_Image.jpg', 'empty_Image.jpg', '/English/Main_Application/units_Photo/empty_Image.jpg', 'empty_Image.jpg', '/English/Main_Application/units_Photo/empty_Image.jpg', 0, '', '', '', '', '0'),
(154, 1, 4, 1, 29, 4, '5', '1', '95', '', '', '1026719', '940655', '4500', 'empty_Image.jpg', '/English/Main_Application/units_Photo/empty_Image.jpg', 'empty_Image.jpg', '/English/Main_Application/units_Photo/empty_Image.jpg', 'empty_Image.jpg', '/English/Main_Application/units_Photo/empty_Image.jpg', 'empty_Image.jpg', '/English/Main_Application/units_Photo/empty_Image.jpg', 0, '', '', '', '', '0'),
(155, 1, 4, 1, 29, 4, '6', '1', '85', '', '', '1026720', '940656', '4500', 'empty_Image.jpg', '/English/Main_Application/units_Photo/empty_Image.jpg', 'empty_Image.jpg', '/English/Main_Application/units_Photo/empty_Image.jpg', 'empty_Image.jpg', '/English/Main_Application/units_Photo/empty_Image.jpg', 'empty_Image.jpg', '/English/Main_Application/units_Photo/empty_Image.jpg', 0, '', '', '', '', '0'),
(156, 1, 4, 1, 29, 4, '7', '1', '95', '', '', '1026721', '940657', '4500', 'empty_Image.jpg', '/English/Main_Application/units_Photo/empty_Image.jpg', 'empty_Image.jpg', '/English/Main_Application/units_Photo/empty_Image.jpg', 'empty_Image.jpg', '/English/Main_Application/units_Photo/empty_Image.jpg', 'empty_Image.jpg', '/English/Main_Application/units_Photo/empty_Image.jpg', 0, '', '', '', '', '0'),
(157, 1, 4, 1, 29, 4, '8', '1', '85', '', '', '1026722', '940658', '4500', 'empty_Image.jpg', '/English/Main_Application/units_Photo/empty_Image.jpg', 'empty_Image.jpg', '/English/Main_Application/units_Photo/empty_Image.jpg', 'empty_Image.jpg', '/English/Main_Application/units_Photo/empty_Image.jpg', 'empty_Image.jpg', '/English/Main_Application/units_Photo/empty_Image.jpg', 0, '', '', '', '', '0'),
(158, 1, 4, 1, 29, 4, '9', '1', '95', '', '', '1026723', '940659', '4500', 'empty_Image.jpg', '/English/Main_Application/units_Photo/empty_Image.jpg', 'empty_Image.jpg', '/English/Main_Application/units_Photo/empty_Image.jpg', 'empty_Image.jpg', '/English/Main_Application/units_Photo/empty_Image.jpg', 'empty_Image.jpg', '/English/Main_Application/units_Photo/empty_Image.jpg', 0, '', '', '', '', '0'),
(159, 1, 4, 1, 29, 4, '10', '1', '85', '', '', '1026724', '940660', '4500', 'empty_Image.jpg', '/English/Main_Application/units_Photo/empty_Image.jpg', 'empty_Image.jpg', '/English/Main_Application/units_Photo/empty_Image.jpg', 'empty_Image.jpg', '/English/Main_Application/units_Photo/empty_Image.jpg', 'empty_Image.jpg', '/English/Main_Application/units_Photo/empty_Image.jpg', 0, '', '', '', '', '0'),
(160, 1, 4, 1, 29, 4, '11', '1', '95', '', '', '1026725', '940661', '4500', 'empty_Image.jpg', '/English/Main_Application/units_Photo/empty_Image.jpg', 'empty_Image.jpg', '/English/Main_Application/units_Photo/empty_Image.jpg', 'empty_Image.jpg', '/English/Main_Application/units_Photo/empty_Image.jpg', 'empty_Image.jpg', '/English/Main_Application/units_Photo/empty_Image.jpg', 0, '', '', '', '', '0'),
(161, 1, 4, 1, 29, 4, '12', '1', '85', '', '', '1026726', '940662', '4500', 'empty_Image.jpg', '/English/Main_Application/units_Photo/empty_Image.jpg', 'empty_Image.jpg', '/English/Main_Application/units_Photo/empty_Image.jpg', 'empty_Image.jpg', '/English/Main_Application/units_Photo/empty_Image.jpg', 'empty_Image.jpg', '/English/Main_Application/units_Photo/empty_Image.jpg', 0, '', '', '', '', '0'),
(162, 1, 4, 1, 29, 4, '13', '1', '95', '', '', '1026727', '940663', '4500', 'empty_Image.jpg', '/English/Main_Application/units_Photo/empty_Image.jpg', 'empty_Image.jpg', '/English/Main_Application/units_Photo/empty_Image.jpg', 'empty_Image.jpg', '/English/Main_Application/units_Photo/empty_Image.jpg', 'empty_Image.jpg', '/English/Main_Application/units_Photo/empty_Image.jpg', 0, '', '', '', '', '0'),
(163, 5, 4, 1, 29, 4, '14', '1', '85', 'مصان ', '', '1026727', '940663', '4500', 'empty_Image.jpg', '/English/Main_Application/units_Photo/empty_Image.jpg', 'empty_Image.jpg', '/English/Main_Application/units_Photo/empty_Image.jpg', 'empty_Image.jpg', '/English/Main_Application/units_Photo/empty_Image.jpg', 'empty_Image.jpg', '/English/Main_Application/units_Photo/empty_Image.jpg', 0, '', '', '', '', '0'),
(164, 1, 3, 5, 29, 4, '15', '1', '', '', '', '', '', '1000', 'No File', 'No File', 'No File', 'No File', 'No File', 'No File', 'No File', 'No File', 0, '', '', '', '', '0'),
(165, 1, 3, 5, 29, 4, '16', '1', '', '', '', '', '', '500', 'empty_Image.jpg', '/English/Main_Application/units_Photo/empty_Image.jpg', 'empty_Image.jpg', '/English/Main_Application/units_Photo/empty_Image.jpg', 'empty_Image.jpg', '/English/Main_Application/units_Photo/empty_Image.jpg', 'empty_Image.jpg', '/English/Main_Application/units_Photo/empty_Image.jpg', 0, '', '', '', '', '0'),
(166, 1, 5, 8, 29, 0, '17', '1', '', 'السطح العلوي', '', '', '', '0', 'empty_Image.jpg', '/English/Main_Application/units_Photo/empty_Image.jpg', 'empty_Image.jpg', '/English/Main_Application/units_Photo/empty_Image.jpg', 'empty_Image.jpg', '/English/Main_Application/units_Photo/empty_Image.jpg', 'empty_Image.jpg', '/English/Main_Application/units_Photo/empty_Image.jpg', 0, '', '', '', '', '0'),
(167, 1, 12, 1, 30, 1, '1', '1', '100', '', '', '1323058', '1245258', '4500', 'empty_Image.jpg', '/English/Main_Application/units_Photo/empty_Image.jpg', 'empty_Image.jpg', '/English/Main_Application/units_Photo/empty_Image.jpg', 'empty_Image.jpg', '/English/Main_Application/units_Photo/empty_Image.jpg', 'empty_Image.jpg', '/English/Main_Application/units_Photo/empty_Image.jpg', 0, '', '', '', '', '0'),
(168, 1, 6, 1, 30, 1, '2', '1', '60', '', '', '1323059', '1245259', '3500', 'empty_Image.jpg', '/English/Main_Application/units_Photo/empty_Image.jpg', 'empty_Image.jpg', '/English/Main_Application/units_Photo/empty_Image.jpg', 'empty_Image.jpg', '/English/Main_Application/units_Photo/empty_Image.jpg', 'empty_Image.jpg', '/English/Main_Application/units_Photo/empty_Image.jpg', 0, '', '', '', '', '0'),
(169, 1, 4, 1, 30, 1, '3', '1', '100', '', '', '1323060', '1245260', '4500', 'empty_Image.jpg', '/English/Main_Application/units_Photo/empty_Image.jpg', 'empty_Image.jpg', '/English/Main_Application/units_Photo/empty_Image.jpg', 'empty_Image.jpg', '/English/Main_Application/units_Photo/empty_Image.jpg', 'empty_Image.jpg', '/English/Main_Application/units_Photo/empty_Image.jpg', 0, '', '', '', '', '0'),
(170, 1, 4, 1, 30, 1, '4', '1', '100', '', '', '1323061', '1245261', '4500', 'empty_Image.jpg', '/English/Main_Application/units_Photo/empty_Image.jpg', 'empty_Image.jpg', '/English/Main_Application/units_Photo/empty_Image.jpg', 'empty_Image.jpg', '/English/Main_Application/units_Photo/empty_Image.jpg', 'empty_Image.jpg', '/English/Main_Application/units_Photo/empty_Image.jpg', 0, '', '', '', '', '0'),
(171, 1, 6, 1, 30, 1, '5', '1', '60', '', '', '1323062', '1245262', '3500', 'empty_Image.jpg', '/English/Main_Application/units_Photo/empty_Image.jpg', 'empty_Image.jpg', '/English/Main_Application/units_Photo/empty_Image.jpg', 'empty_Image.jpg', '/English/Main_Application/units_Photo/empty_Image.jpg', 'empty_Image.jpg', '/English/Main_Application/units_Photo/empty_Image.jpg', 0, '', '', '', '', '0'),
(172, 1, 4, 1, 30, 1, '6', '1', '100', '', '', '1323063', '1245263', '4500', 'empty_Image.jpg', '/English/Main_Application/units_Photo/empty_Image.jpg', 'empty_Image.jpg', '/English/Main_Application/units_Photo/empty_Image.jpg', 'empty_Image.jpg', '/English/Main_Application/units_Photo/empty_Image.jpg', 'empty_Image.jpg', '/English/Main_Application/units_Photo/empty_Image.jpg', 0, '', '', '', '', '0'),
(173, 1, 4, 1, 30, 1, '7', '1', '100', '', '', '1323064', '1245264', '4500', 'empty_Image.jpg', '/English/Main_Application/units_Photo/empty_Image.jpg', 'empty_Image.jpg', '/English/Main_Application/units_Photo/empty_Image.jpg', 'empty_Image.jpg', '/English/Main_Application/units_Photo/empty_Image.jpg', 'empty_Image.jpg', '/English/Main_Application/units_Photo/empty_Image.jpg', 0, '', '', '', '', '0'),
(174, 1, 6, 1, 30, 1, '8', '1', '60', '', '', '1323065', '1245265', '3500', 'empty_Image.jpg', '/English/Main_Application/units_Photo/empty_Image.jpg', 'empty_Image.jpg', '/English/Main_Application/units_Photo/empty_Image.jpg', 'empty_Image.jpg', '/English/Main_Application/units_Photo/empty_Image.jpg', 'empty_Image.jpg', '/English/Main_Application/units_Photo/empty_Image.jpg', 0, '', '', '', '', '0'),
(175, 1, 4, 1, 30, 1, '9', '1', '100', '', '', '1323066', '1245266', '4500', 'empty_Image.jpg', '/English/Main_Application/units_Photo/empty_Image.jpg', 'empty_Image.jpg', '/English/Main_Application/units_Photo/empty_Image.jpg', 'empty_Image.jpg', '/English/Main_Application/units_Photo/empty_Image.jpg', 'empty_Image.jpg', '/English/Main_Application/units_Photo/empty_Image.jpg', 0, '', '', '', '', '0'),
(176, 1, 4, 1, 30, 1, '10', '1', '100', '', '', '1323067', '1245267', '4500', 'empty_Image.jpg', '/English/Main_Application/units_Photo/empty_Image.jpg', 'empty_Image.jpg', '/English/Main_Application/units_Photo/empty_Image.jpg', 'empty_Image.jpg', '/English/Main_Application/units_Photo/empty_Image.jpg', 'empty_Image.jpg', '/English/Main_Application/units_Photo/empty_Image.jpg', 0, '', '', '', '', '0'),
(177, 1, 6, 1, 30, 1, '11', '1', '60', '', '', '1323068', '1245268', '3500', 'empty_Image.jpg', '/English/Main_Application/units_Photo/empty_Image.jpg', 'empty_Image.jpg', '/English/Main_Application/units_Photo/empty_Image.jpg', 'empty_Image.jpg', '/English/Main_Application/units_Photo/empty_Image.jpg', 'empty_Image.jpg', '/English/Main_Application/units_Photo/empty_Image.jpg', 0, '', '', '', '', '0'),
(178, 1, 4, 1, 30, 1, '12', '1', '100', '', '', '1323069', '1245269', '4500', 'empty_Image.jpg', '/English/Main_Application/units_Photo/empty_Image.jpg', 'empty_Image.jpg', '/English/Main_Application/units_Photo/empty_Image.jpg', 'empty_Image.jpg', '/English/Main_Application/units_Photo/empty_Image.jpg', 'empty_Image.jpg', '/English/Main_Application/units_Photo/empty_Image.jpg', 0, '', '', '', '', '0'),
(179, 1, 4, 1, 30, 1, '13', '1', '100', '', '', '1323070', '1245270', '4500', 'empty_Image.jpg', '/English/Main_Application/units_Photo/empty_Image.jpg', 'empty_Image.jpg', '/English/Main_Application/units_Photo/empty_Image.jpg', 'empty_Image.jpg', '/English/Main_Application/units_Photo/empty_Image.jpg', 'empty_Image.jpg', '/English/Main_Application/units_Photo/empty_Image.jpg', 0, '', '', '', '', '0'),
(180, 1, 6, 1, 30, 1, '14', '1', '60', '', '', '1323071', '1245271', '3500', 'empty_Image.jpg', '/English/Main_Application/units_Photo/empty_Image.jpg', 'empty_Image.jpg', '/English/Main_Application/units_Photo/empty_Image.jpg', 'empty_Image.jpg', '/English/Main_Application/units_Photo/empty_Image.jpg', 'empty_Image.jpg', '/English/Main_Application/units_Photo/empty_Image.jpg', 0, '', '', '', '', '0'),
(181, 1, 4, 1, 30, 1, '15', '1', '100', '', '', '1323072', '1245272', '4500', 'empty_Image.jpg', '/English/Main_Application/units_Photo/empty_Image.jpg', 'empty_Image.jpg', '/English/Main_Application/units_Photo/empty_Image.jpg', 'empty_Image.jpg', '/English/Main_Application/units_Photo/empty_Image.jpg', 'empty_Image.jpg', '/English/Main_Application/units_Photo/empty_Image.jpg', 0, '', '', '', '', '0'),
(182, 1, 2, 1, 30, 1, '16', '1', '130', '', '', '1323073', '1245273', '5700', 'empty_Image.jpg', '/English/Main_Application/units_Photo/empty_Image.jpg', 'empty_Image.jpg', '/English/Main_Application/units_Photo/empty_Image.jpg', 'empty_Image.jpg', '/English/Main_Application/units_Photo/empty_Image.jpg', 'empty_Image.jpg', '/English/Main_Application/units_Photo/empty_Image.jpg', 0, '', '', '', '', '0'),
(183, 1, 2, 1, 30, 1, '17', '1', '130', '', '', '1323074', '1245274', '5700', 'empty_Image.jpg', '/English/Main_Application/units_Photo/empty_Image.jpg', 'empty_Image.jpg', '/English/Main_Application/units_Photo/empty_Image.jpg', 'empty_Image.jpg', '/English/Main_Application/units_Photo/empty_Image.jpg', 'empty_Image.jpg', '/English/Main_Application/units_Photo/empty_Image.jpg', 0, '', '', '', '', '0'),
(184, 1, 3, 8, 30, 4, '18', '1', '', 'غرفة سطح ', '', '', '', '500', 'empty_Image.jpg', '/English/Main_Application/units_Photo/empty_Image.jpg', 'empty_Image.jpg', '/English/Main_Application/units_Photo/empty_Image.jpg', 'empty_Image.jpg', '/English/Main_Application/units_Photo/empty_Image.jpg', 'empty_Image.jpg', '/English/Main_Application/units_Photo/empty_Image.jpg', 0, '', '', '', '', '0'),
(185, 1, 5, 4, 31, 4, '1', '1', '', '', '', '1218993', '1159998', '15000', 'empty_Image.jpg', '/English/Main_Application/units_Photo/empty_Image.jpg', 'empty_Image.jpg', '/English/Main_Application/units_Photo/empty_Image.jpg', 'empty_Image.jpg', '/English/Main_Application/units_Photo/empty_Image.jpg', 'empty_Image.jpg', '/English/Main_Application/units_Photo/empty_Image.jpg', 0, '', '', '', '', '0'),
(186, 1, 5, 4, 31, 4, '2', '1', '', '', '', '1218994', '1160000', '15000', 'empty_Image.jpg', '/English/Main_Application/units_Photo/empty_Image.jpg', 'empty_Image.jpg', '/English/Main_Application/units_Photo/empty_Image.jpg', 'empty_Image.jpg', '/English/Main_Application/units_Photo/empty_Image.jpg', 'empty_Image.jpg', '/English/Main_Application/units_Photo/empty_Image.jpg', 0, '', '', '', '', '0'),
(187, 1, 5, 2, 31, 1, '3', '1', '', '', '', '', '', '10000', 'empty_Image.jpg', '/English/Main_Application/units_Photo/empty_Image.jpg', 'empty_Image.jpg', '/English/Main_Application/units_Photo/empty_Image.jpg', 'empty_Image.jpg', '/English/Main_Application/units_Photo/empty_Image.jpg', 'empty_Image.jpg', '/English/Main_Application/units_Photo/empty_Image.jpg', 0, '', '', '', '', '0'),
(188, 1, 4, 4, 32, 3, '1', '1', '', '', '', '85999', '59387', '3500', 'No File', 'No File', 'No File', 'No File', 'No File', 'No File', 'No File', 'No File', 0, '', '', '', '', '0'),
(189, 1, 5, 4, 33, 4, '1', '1', '', 'فيلا يمنى', '', '164915', '125816', '13000', 'empty_Image.jpg', '/English/Main_Application/units_Photo/empty_Image.jpg', 'empty_Image.jpg', '/English/Main_Application/units_Photo/empty_Image.jpg', 'empty_Image.jpg', '/English/Main_Application/units_Photo/empty_Image.jpg', 'empty_Image.jpg', '/English/Main_Application/units_Photo/empty_Image.jpg', 0, '', '', '', '', '0'),
(190, 1, 5, 4, 33, 4, '2', '1', '', 'فيلا وسطى ', '', '164915', '125816', '13000', 'empty_Image.jpg', '/English/Main_Application/units_Photo/empty_Image.jpg', 'empty_Image.jpg', '/English/Main_Application/units_Photo/empty_Image.jpg', 'empty_Image.jpg', '/English/Main_Application/units_Photo/empty_Image.jpg', 'empty_Image.jpg', '/English/Main_Application/units_Photo/empty_Image.jpg', 0, '', '', '', '', '0'),
(191, 1, 5, 4, 34, 4, '45', '1', '', 'فيلا شرقية ', '', '1052468', '962922', '15000', 'empty_Image.jpg', '/English/Main_Application/units_Photo/empty_Image.jpg', 'empty_Image.jpg', '/English/Main_Application/units_Photo/empty_Image.jpg', 'empty_Image.jpg', '/English/Main_Application/units_Photo/empty_Image.jpg', 'empty_Image.jpg', '/English/Main_Application/units_Photo/empty_Image.jpg', 0, '', '', '', '', '0'),
(192, 1, 5, 4, 34, 4, '47', '1', '', 'فيلا غربية ', '', '1052469', '', '15000', 'empty_Image.jpg', '/English/Main_Application/units_Photo/empty_Image.jpg', 'empty_Image.jpg', '/English/Main_Application/units_Photo/empty_Image.jpg', 'empty_Image.jpg', '/English/Main_Application/units_Photo/empty_Image.jpg', 'empty_Image.jpg', '/English/Main_Application/units_Photo/empty_Image.jpg', 0, '', '', '', '', '0'),
(193, 1, 6, 1, 35, 2, '1', '2', '60', '', '', '1355145', '1286330', '4000', 'empty_Image.jpg', '/English/Main_Application/units_Photo/empty_Image.jpg', 'empty_Image.jpg', '/English/Main_Application/units_Photo/empty_Image.jpg', 'empty_Image.jpg', '/English/Main_Application/units_Photo/empty_Image.jpg', 'empty_Image.jpg', '/English/Main_Application/units_Photo/empty_Image.jpg', 0, '', '', '', '', '0'),
(194, 1, 4, 1, 35, 2, '2', '2', '84', '', '', '1355146', '1286331', '5500', 'empty_Image.jpg', '/English/Main_Application/units_Photo/empty_Image.jpg', 'empty_Image.jpg', '/English/Main_Application/units_Photo/empty_Image.jpg', 'empty_Image.jpg', '/English/Main_Application/units_Photo/empty_Image.jpg', 'empty_Image.jpg', '/English/Main_Application/units_Photo/empty_Image.jpg', 0, '', '', '', '', '0'),
(195, 1, 4, 1, 35, 2, '3', '2', '', '', '', '1355147', '1286332', '5500', 'empty_Image.jpg', '/English/Main_Application/units_Photo/empty_Image.jpg', 'empty_Image.jpg', '/English/Main_Application/units_Photo/empty_Image.jpg', 'empty_Image.jpg', '/English/Main_Application/units_Photo/empty_Image.jpg', 'empty_Image.jpg', '/English/Main_Application/units_Photo/empty_Image.jpg', 0, '', '', '', '', '0'),
(196, 1, 4, 1, 35, 2, '4', '2', '', '', '', '1355148', '1286333', '5500', 'empty_Image.jpg', '/English/Main_Application/units_Photo/empty_Image.jpg', 'empty_Image.jpg', '/English/Main_Application/units_Photo/empty_Image.jpg', 'empty_Image.jpg', '/English/Main_Application/units_Photo/empty_Image.jpg', 'empty_Image.jpg', '/English/Main_Application/units_Photo/empty_Image.jpg', 0, '', '', '', '', '0'),
(197, 1, 6, 1, 35, 2, '5', '2', '60', '', '', '1355149', '1286334', '4000', 'empty_Image.jpg', '/English/Main_Application/units_Photo/empty_Image.jpg', 'empty_Image.jpg', '/English/Main_Application/units_Photo/empty_Image.jpg', 'empty_Image.jpg', '/English/Main_Application/units_Photo/empty_Image.jpg', 'empty_Image.jpg', '/English/Main_Application/units_Photo/empty_Image.jpg', 0, '', '', '', '', '0'),
(198, 1, 4, 1, 35, 2, '6', '2', '84', '', '', '1355150', '1286335', '5500', 'empty_Image.jpg', '/English/Main_Application/units_Photo/empty_Image.jpg', 'empty_Image.jpg', '/English/Main_Application/units_Photo/empty_Image.jpg', 'empty_Image.jpg', '/English/Main_Application/units_Photo/empty_Image.jpg', 'empty_Image.jpg', '/English/Main_Application/units_Photo/empty_Image.jpg', 0, '', '', '', '', '0'),
(199, 1, 4, 1, 35, 2, '7', '2', '', '', '', '1355151', '1286336', '5500', 'empty_Image.jpg', '/English/Main_Application/units_Photo/empty_Image.jpg', 'empty_Image.jpg', '/English/Main_Application/units_Photo/empty_Image.jpg', 'empty_Image.jpg', '/English/Main_Application/units_Photo/empty_Image.jpg', 'empty_Image.jpg', '/English/Main_Application/units_Photo/empty_Image.jpg', 0, '', '', '', '', '0'),
(200, 1, 4, 1, 35, 2, '8', '2', '', '', '', '1355152', '1286337', '5500', 'empty_Image.jpg', '/English/Main_Application/units_Photo/empty_Image.jpg', 'empty_Image.jpg', '/English/Main_Application/units_Photo/empty_Image.jpg', 'empty_Image.jpg', '/English/Main_Application/units_Photo/empty_Image.jpg', 'empty_Image.jpg', '/English/Main_Application/units_Photo/empty_Image.jpg', 0, '', '', '', '', '0'),
(201, 1, 7, 2, 35, 1, '1', '1', '54', '', '', '1355139', '1286324', '12000', 'empty_Image.jpg', '/English/Main_Application/units_Photo/empty_Image.jpg', 'empty_Image.jpg', '/English/Main_Application/units_Photo/empty_Image.jpg', 'empty_Image.jpg', '/English/Main_Application/units_Photo/empty_Image.jpg', 'empty_Image.jpg', '/English/Main_Application/units_Photo/empty_Image.jpg', 0, '', '', '', '', '0'),
(202, 1, 7, 2, 35, 1, '2', '1', '48', '', '', '1355140', '1286325', '12000', 'empty_Image.jpg', '/English/Main_Application/units_Photo/empty_Image.jpg', 'empty_Image.jpg', '/English/Main_Application/units_Photo/empty_Image.jpg', 'empty_Image.jpg', '/English/Main_Application/units_Photo/empty_Image.jpg', 'empty_Image.jpg', '/English/Main_Application/units_Photo/empty_Image.jpg', 0, '', '', '', '', '0'),
(203, 1, 7, 2, 35, 1, '3', '1', '48', '', '', '1355141', '1286326', '12000', 'empty_Image.jpg', '/English/Main_Application/units_Photo/empty_Image.jpg', 'empty_Image.jpg', '/English/Main_Application/units_Photo/empty_Image.jpg', 'empty_Image.jpg', '/English/Main_Application/units_Photo/empty_Image.jpg', 'empty_Image.jpg', '/English/Main_Application/units_Photo/empty_Image.jpg', 0, '', '', '', '', '0'),
(204, 1, 7, 2, 35, 1, '4', '1', '58', '', '', '1355142', '1286327', '12000', 'empty_Image.jpg', '/English/Main_Application/units_Photo/empty_Image.jpg', 'empty_Image.jpg', '/English/Main_Application/units_Photo/empty_Image.jpg', 'empty_Image.jpg', '/English/Main_Application/units_Photo/empty_Image.jpg', 'empty_Image.jpg', '/English/Main_Application/units_Photo/empty_Image.jpg', 0, '', '', '', '', '0'),
(205, 1, 7, 2, 35, 1, '5', '1', '58', '', '', '1355143', '1286328', '12000', 'empty_Image.jpg', '/English/Main_Application/units_Photo/empty_Image.jpg', 'empty_Image.jpg', '/English/Main_Application/units_Photo/empty_Image.jpg', 'empty_Image.jpg', '/English/Main_Application/units_Photo/empty_Image.jpg', 'empty_Image.jpg', '/English/Main_Application/units_Photo/empty_Image.jpg', 0, '', '', '', '', '0'),
(206, 1, 7, 2, 35, 1, '6', '1', '58', 'مؤجر ', '', '1355144', '1286329', '12000', 'empty_Image.jpg', '/English/Main_Application/units_Photo/empty_Image.jpg', 'empty_Image.jpg', '/English/Main_Application/units_Photo/empty_Image.jpg', 'empty_Image.jpg', '/English/Main_Application/units_Photo/empty_Image.jpg', 'empty_Image.jpg', '/English/Main_Application/units_Photo/empty_Image.jpg', 0, '', '', '', '', '0'),
(207, 1, 3, 8, 35, 4, '7', '1', '', 'استخدام شركة  ', '', '', '', '500', 'empty_Image.jpg', '/English/Main_Application/units_Photo/empty_Image.jpg', 'empty_Image.jpg', '/English/Main_Application/units_Photo/empty_Image.jpg', 'empty_Image.jpg', '/English/Main_Application/units_Photo/empty_Image.jpg', 'empty_Image.jpg', '/English/Main_Application/units_Photo/empty_Image.jpg', 0, '', '', '', '', '0'),
(208, 1, 5, 6, 36, 3, '1', '1', '750', '', '', '24063', '', '13000', 'empty_Image.jpg', '/English/Main_Application/units_Photo/empty_Image.jpg', 'empty_Image.jpg', '/English/Main_Application/units_Photo/empty_Image.jpg', 'empty_Image.jpg', '/English/Main_Application/units_Photo/empty_Image.jpg', 'empty_Image.jpg', '/English/Main_Application/units_Photo/empty_Image.jpg', 0, '', '', '', '', '0'),
(209, 1, 5, 6, 37, 4, '1', '1', '', '', '', '46176', '78202', '7000', 'empty_Image.jpg', '/English/Main_Application/units_Photo/empty_Image.jpg', 'empty_Image.jpg', '/English/Main_Application/units_Photo/empty_Image.jpg', 'empty_Image.jpg', '/English/Main_Application/units_Photo/empty_Image.jpg', 'empty_Image.jpg', '/English/Main_Application/units_Photo/empty_Image.jpg', 0, '', '', '', '', '0'),
(210, 1, 5, 6, 37, 4, '2', '1', '', '', '', '', '', '7000', 'empty_Image.jpg', '/English/Main_Application/units_Photo/empty_Image.jpg', 'empty_Image.jpg', '/English/Main_Application/units_Photo/empty_Image.jpg', 'empty_Image.jpg', '/English/Main_Application/units_Photo/empty_Image.jpg', 'empty_Image.jpg', '/English/Main_Application/units_Photo/empty_Image.jpg', 0, '', '', '', '', '0'),
(211, 1, 5, 6, 37, 4, '3', '1', '', '', '', '', '', '7000', 'empty_Image.jpg', '/English/Main_Application/units_Photo/empty_Image.jpg', 'empty_Image.jpg', '/English/Main_Application/units_Photo/empty_Image.jpg', 'empty_Image.jpg', '/English/Main_Application/units_Photo/empty_Image.jpg', 'empty_Image.jpg', '/English/Main_Application/units_Photo/empty_Image.jpg', 0, '', '', '', '', '0'),
(212, 1, 5, 6, 38, 4, '3', '1', '', '', '', '55958', '33568', '15000', 'empty_Image.jpg', '/English/Main_Application/units_Photo/empty_Image.jpg', 'empty_Image.jpg', '/English/Main_Application/units_Photo/empty_Image.jpg', 'empty_Image.jpg', '/English/Main_Application/units_Photo/empty_Image.jpg', 'empty_Image.jpg', '/English/Main_Application/units_Photo/empty_Image.jpg', 0, '', '', '', '', '0'),
(215, 1, 5, 4, 40, 4, '1', '1', '', '', '', '1055459', '966396', '15000', 'empty_Image.jpg', '/English/Main_Application/units_Photo/empty_Image.jpg', 'empty_Image.jpg', '/English/Main_Application/units_Photo/empty_Image.jpg', 'empty_Image.jpg', '/English/Main_Application/units_Photo/empty_Image.jpg', 'empty_Image.jpg', '/English/Main_Application/units_Photo/empty_Image.jpg', 0, '', '', '', '', '0'),
(216, 1, 5, 4, 41, 1, '86', '1', '450', '', '', '1060966', '970330', '15000', 'empty_Image.jpg', '/English/Main_Application/units_Photo/empty_Image.jpg', 'empty_Image.jpg', '/English/Main_Application/units_Photo/empty_Image.jpg', 'empty_Image.jpg', '/English/Main_Application/units_Photo/empty_Image.jpg', 'empty_Image.jpg', '/English/Main_Application/units_Photo/empty_Image.jpg', 0, '', '', '', '', '0'),
(217, 1, 10, 4, 42, 4, '1', '1', '1060', '', '', '119612', '1073819', '25000', 'empty_Image.jpg', '/English/Main_Application/units_Photo/empty_Image.jpg', 'empty_Image.jpg', '/English/Main_Application/units_Photo/empty_Image.jpg', 'empty_Image.jpg', '/English/Main_Application/units_Photo/empty_Image.jpg', 'empty_Image.jpg', '/English/Main_Application/units_Photo/empty_Image.jpg', 0, '', '', '', '', '0'),
(219, 1, 5, 11, 44, 0, '1', '1', '', '', '', '128624', '104618', '0', 'empty_Image.jpg', '/English/Main_Application/units_Photo/empty_Image.jpg', 'empty_Image.jpg', '/English/Main_Application/units_Photo/empty_Image.jpg', 'empty_Image.jpg', '/English/Main_Application/units_Photo/empty_Image.jpg', 'empty_Image.jpg', '/English/Main_Application/units_Photo/empty_Image.jpg', 0, '', '', '', '', '0'),
(220, 1, 5, 4, 45, 4, '1', '1', '', '', '', '178907', '137757', '10000', 'empty_Image.jpg', '/English/Main_Application/units_Photo/empty_Image.jpg', 'empty_Image.jpg', '/English/Main_Application/units_Photo/empty_Image.jpg', 'empty_Image.jpg', '/English/Main_Application/units_Photo/empty_Image.jpg', 'empty_Image.jpg', '/English/Main_Application/units_Photo/empty_Image.jpg', 0, '', '', '', '', '0'),
(226, 1, 5, 4, 47, 1, '1', '1', '1200', '', '', '1044652', '959164', '10000', 'empty_Image.jpg', '/English/Main_Application/units_Photo/empty_Image.jpg', 'empty_Image.jpg', '/English/Main_Application/units_Photo/empty_Image.jpg', 'empty_Image.jpg', '/English/Main_Application/units_Photo/empty_Image.jpg', 'empty_Image.jpg', '/English/Main_Application/units_Photo/empty_Image.jpg', 0, '', '', '', '', '0'),
(227, 1, 5, 12, 48, 1, '1', '1', '', 'Vacant land ', '', '', '', '2000', 'empty_Image.jpg', '/English/Main_Application/units_Photo/empty_Image.jpg', 'empty_Image.jpg', '/English/Main_Application/units_Photo/empty_Image.jpg', 'empty_Image.jpg', '/English/Main_Application/units_Photo/empty_Image.jpg', 'empty_Image.jpg', '/English/Main_Application/units_Photo/empty_Image.jpg', 0, '', '', '', '', '0'),
(228, 1, 5, 4, 49, 4, '3', '1', '310', ' ', '', '1057333', '966698', '7000', 'empty_Image.jpg', '/English/Main_Application/units_Photo/empty_Image.jpg', 'empty_Image.jpg', '/English/Main_Application/units_Photo/empty_Image.jpg', 'empty_Image.jpg', '/English/Main_Application/units_Photo/empty_Image.jpg', 'empty_Image.jpg', '/English/Main_Application/units_Photo/empty_Image.jpg', 0, '', '', '', '', '0'),
(229, 1, 5, 4, 49, 4, '2', '1', '310', ' ', '', '1057332', '966697', '7000', 'empty_Image.jpg', '/English/Main_Application/units_Photo/empty_Image.jpg', 'empty_Image.jpg', '/English/Main_Application/units_Photo/empty_Image.jpg', 'empty_Image.jpg', '/English/Main_Application/units_Photo/empty_Image.jpg', 'empty_Image.jpg', '/English/Main_Application/units_Photo/empty_Image.jpg', 0, '', '', '', '', '0'),
(230, 1, 5, 4, 49, 4, '1', '1', '310', ' ', '', '1057331', '966696', '7000', 'empty_Image.jpg', '/English/Main_Application/units_Photo/empty_Image.jpg', 'empty_Image.jpg', '/English/Main_Application/units_Photo/empty_Image.jpg', 'empty_Image.jpg', '/English/Main_Application/units_Photo/empty_Image.jpg', 'empty_Image.jpg', '/English/Main_Application/units_Photo/empty_Image.jpg', 0, '', '', '', '', '0'),
(231, 1, 10, 4, 50, 4, '1', '1', '', '', '', '1361895', '1291269', '7000', 'empty_Image.jpg', '/English/Main_Application/units_Photo/empty_Image.jpg', 'empty_Image.jpg', '/English/Main_Application/units_Photo/empty_Image.jpg', 'empty_Image.jpg', '/English/Main_Application/units_Photo/empty_Image.jpg', 'empty_Image.jpg', '/English/Main_Application/units_Photo/empty_Image.jpg', 0, '', '', '', '', '0'),
(232, 1, 5, 3, 51, 1, '4603', '46', '15', '', '', '1056105', '9977132', '20000', 'empty_Image.jpg', '/English/Main_Application/units_Photo/empty_Image.jpg', 'empty_Image.jpg', '/English/Main_Application/units_Photo/empty_Image.jpg', 'empty_Image.jpg', '/English/Main_Application/units_Photo/empty_Image.jpg', 'empty_Image.jpg', '/English/Main_Application/units_Photo/empty_Image.jpg', 0, '', '', '', '', '0'),
(233, 1, 5, 3, 51, 1, '4604', '46', '15', '', '', '1056105', '9977132', '20000', 'empty_Image.jpg', '/English/Main_Application/units_Photo/empty_Image.jpg', 'empty_Image.jpg', '/English/Main_Application/units_Photo/empty_Image.jpg', 'empty_Image.jpg', '/English/Main_Application/units_Photo/empty_Image.jpg', 'empty_Image.jpg', '/English/Main_Application/units_Photo/empty_Image.jpg', 0, '', '', '', '', '0'),
(234, 1, 5, 3, 51, 1, '4605', '46', '15', '', '', '1056106', '997134', '20000', 'empty_Image.jpg', '/English/Main_Application/units_Photo/empty_Image.jpg', 'empty_Image.jpg', '/English/Main_Application/units_Photo/empty_Image.jpg', 'empty_Image.jpg', '/English/Main_Application/units_Photo/empty_Image.jpg', 'empty_Image.jpg', '/English/Main_Application/units_Photo/empty_Image.jpg', 0, '', '', '', '', '0'),
(235, 1, 9, 1, 52, 2, '1', '1', '150', '', '', '1361055', '1290733', '5000', 'empty_Image.jpg', '/English/Main_Application/units_Photo/empty_Image.jpg', 'empty_Image.jpg', '/English/Main_Application/units_Photo/empty_Image.jpg', 'empty_Image.jpg', '/English/Main_Application/units_Photo/empty_Image.jpg', 'empty_Image.jpg', '/English/Main_Application/units_Photo/empty_Image.jpg', 0, '', '', '', '', '0'),
(236, 1, 9, 1, 52, 2, '2', '1', '150', '', '', '1361056', '1290734', '5000', 'empty_Image.jpg', '/English/Main_Application/units_Photo/empty_Image.jpg', 'empty_Image.jpg', '/English/Main_Application/units_Photo/empty_Image.jpg', 'empty_Image.jpg', '/English/Main_Application/units_Photo/empty_Image.jpg', 'empty_Image.jpg', '/English/Main_Application/units_Photo/empty_Image.jpg', 0, '', '', '', '', '0'),
(237, 1, 9, 1, 52, 2, '3', '2', '150', '', '', '1361057', '1290735', '5000', 'empty_Image.jpg', '/English/Main_Application/units_Photo/empty_Image.jpg', 'empty_Image.jpg', '/English/Main_Application/units_Photo/empty_Image.jpg', 'empty_Image.jpg', '/English/Main_Application/units_Photo/empty_Image.jpg', 'empty_Image.jpg', '/English/Main_Application/units_Photo/empty_Image.jpg', 0, '', '', '', '', '0'),
(238, 1, 9, 1, 52, 2, '4', '2', '150', '', '', '1361058', '1290736', '5000', 'empty_Image.jpg', '/English/Main_Application/units_Photo/empty_Image.jpg', 'empty_Image.jpg', '/English/Main_Application/units_Photo/empty_Image.jpg', 'empty_Image.jpg', '/English/Main_Application/units_Photo/empty_Image.jpg', 'empty_Image.jpg', '/English/Main_Application/units_Photo/empty_Image.jpg', 0, '', '', '', '', '0'),
(239, 1, 9, 1, 52, 2, '5', '3', '150', '', '', '1361059', '1290737', '5000', 'empty_Image.jpg', '/English/Main_Application/units_Photo/empty_Image.jpg', 'empty_Image.jpg', '/English/Main_Application/units_Photo/empty_Image.jpg', 'empty_Image.jpg', '/English/Main_Application/units_Photo/empty_Image.jpg', 'empty_Image.jpg', '/English/Main_Application/units_Photo/empty_Image.jpg', 0, '', '', '', '', '0'),
(241, 1, 9, 1, 52, 2, '6', '3', '150', '', '', '1361060', '1290738', '5000', 'empty_Image.jpg', '/English/Main_Application/units_Photo/empty_Image.jpg', 'empty_Image.jpg', '/English/Main_Application/units_Photo/empty_Image.jpg', 'empty_Image.jpg', '/English/Main_Application/units_Photo/empty_Image.jpg', 'empty_Image.jpg', '/English/Main_Application/units_Photo/empty_Image.jpg', 0, '', '', '', '', '0'),
(242, 1, 9, 1, 52, 2, '7', '4', '150', '', '', '1361061', '1290739', '5000', 'empty_Image.jpg', '/English/Main_Application/units_Photo/empty_Image.jpg', 'empty_Image.jpg', '/English/Main_Application/units_Photo/empty_Image.jpg', 'empty_Image.jpg', '/English/Main_Application/units_Photo/empty_Image.jpg', 'empty_Image.jpg', '/English/Main_Application/units_Photo/empty_Image.jpg', 0, '', '', '', '', '0'),
(243, 1, 9, 1, 52, 2, '8', '4', '150', '', '', '1361062', '1290740', '5000', 'empty_Image.jpg', '/English/Main_Application/units_Photo/empty_Image.jpg', 'empty_Image.jpg', '/English/Main_Application/units_Photo/empty_Image.jpg', 'empty_Image.jpg', '/English/Main_Application/units_Photo/empty_Image.jpg', 'empty_Image.jpg', '/English/Main_Application/units_Photo/empty_Image.jpg', 0, '', '', '', '', '0'),
(244, 1, 9, 1, 52, 2, '9', '5', '150', '', '', '1361063', '1290741', '5000', 'empty_Image.jpg', '/English/Main_Application/units_Photo/empty_Image.jpg', 'empty_Image.jpg', '/English/Main_Application/units_Photo/empty_Image.jpg', 'empty_Image.jpg', '/English/Main_Application/units_Photo/empty_Image.jpg', 'empty_Image.jpg', '/English/Main_Application/units_Photo/empty_Image.jpg', 0, '', '', '', '', '0'),
(245, 1, 9, 1, 52, 2, '10', '5', '150', '', '', '1361064', '1290742', '5000', 'empty_Image.jpg', '/English/Main_Application/units_Photo/empty_Image.jpg', 'empty_Image.jpg', '/English/Main_Application/units_Photo/empty_Image.jpg', 'empty_Image.jpg', '/English/Main_Application/units_Photo/empty_Image.jpg', 'empty_Image.jpg', '/English/Main_Application/units_Photo/empty_Image.jpg', 0, '', '', '', '', '0'),
(246, 1, 9, 1, 52, 2, '11', '6', '150', '', '', '1361065', '1290743', '5000', 'empty_Image.jpg', '/English/Main_Application/units_Photo/empty_Image.jpg', 'empty_Image.jpg', '/English/Main_Application/units_Photo/empty_Image.jpg', 'empty_Image.jpg', '/English/Main_Application/units_Photo/empty_Image.jpg', 'empty_Image.jpg', '/English/Main_Application/units_Photo/empty_Image.jpg', 0, '', '', '', '', '0'),
(247, 1, 9, 1, 52, 2, '12', '6', '150', '', '', '1361066', '1290744', '5000', 'empty_Image.jpg', '/English/Main_Application/units_Photo/empty_Image.jpg', 'empty_Image.jpg', '/English/Main_Application/units_Photo/empty_Image.jpg', 'empty_Image.jpg', '/English/Main_Application/units_Photo/empty_Image.jpg', 'empty_Image.jpg', '/English/Main_Application/units_Photo/empty_Image.jpg', 0, '', '', '', '', '0'),
(248, 1, 5, 8, 39, 1, '3', '2', '50', 'السطح العلوي ', '', '', '', '20000', 'empty_Image.jpg', '/English/Main_Application/units_Photo/empty_Image.jpg', 'empty_Image.jpg', '/English/Main_Application/units_Photo/empty_Image.jpg', 'empty_Image.jpg', '/English/Main_Application/units_Photo/empty_Image.jpg', 'empty_Image.jpg', '/English/Main_Application/units_Photo/empty_Image.jpg', 0, '', '', '', '', '0'),
(252, 1, 5, 4, 54, 1, '1', '1', '', '', '', '1184490', '1151756', '15000', 'No File', 'No File', 'No File', 'No File', 'No File', 'No File', 'No File', 'No File', 0, '', '', '', '', '0'),
(257, 1, 5, 4, 39, 1, '35', '1', '377', '', '', '1007565	', '908027', '10000', 'No File', 'No File', 'No File', 'No File', 'No File', 'No File', 'No File', 'No File', 0, '', '', '', '', '0'),
(258, 1, 5, 4, 39, 1, '33', '1', '377', '', '', '1007564', '908026', '10000', 'No File', 'No File', 'No File', 'No File', 'No File', 'No File', 'No File', 'No File', 0, '', '', '', '', '0'),
(260, 1, 2, 1, 62, 4, '1', '1', '', '', '', '١٠٨٦٩٧', '١٠٠٠٣٩٩', '0', NULL, NULL, NULL, NULL, NULL, NULL, NULL, NULL, 0, NULL, NULL, NULL, NULL, '1'),
(261, 1, 8, 1, 63, 4, '1', '1', '', '', '', '125148', '91966', '0', NULL, NULL, NULL, NULL, NULL, NULL, NULL, NULL, 0, NULL, NULL, NULL, NULL, '1'),
(262, 1, 8, 1, 63, 1, '3', '1', '', '', '', '125149', '91967', '0', NULL, NULL, NULL, NULL, NULL, NULL, NULL, NULL, 0, NULL, NULL, NULL, NULL, '1'),
(263, 1, 8, 1, 63, 1, '5', '1', '', '', '', '125151', '91969', '0', NULL, NULL, NULL, NULL, NULL, NULL, NULL, NULL, 0, NULL, NULL, NULL, NULL, '1'),
(264, 1, 8, 1, 63, 1, '6', '1', '', '', '', '125152', '91970', '0', NULL, NULL, NULL, NULL, NULL, NULL, NULL, NULL, 0, NULL, NULL, NULL, NULL, '1'),
(265, 1, 2, 1, 64, 4, '2', '1', '', '', '', '١٠٨٩٦٩٨', '١٠٠٠٤٠٠', '0', NULL, NULL, NULL, NULL, NULL, NULL, NULL, NULL, 0, NULL, NULL, NULL, NULL, '1'),
(266, 1, 2, 1, 64, 4, '26', '7', '', '', '', '1089723', '1000425', '0', NULL, NULL, NULL, NULL, NULL, NULL, NULL, NULL, 0, NULL, NULL, NULL, NULL, '1'),
(267, 1, 2, 1, 64, 4, '27', '7', '', '', '', '1089723', 'مشمول في 25', '0', NULL, NULL, NULL, NULL, NULL, NULL, NULL, NULL, 0, NULL, NULL, NULL, NULL, '1'),
(268, 1, 2, 1, 65, 4, '10', '3', '', '', '', '1089706', '1000408', '0', NULL, NULL, NULL, NULL, NULL, NULL, NULL, NULL, 0, NULL, NULL, NULL, NULL, '1'),
(269, 1, 2, 1, 65, 4, '14', '4', '', '', '', '1089711', '1000413', '0', NULL, NULL, NULL, NULL, NULL, NULL, NULL, NULL, 0, NULL, NULL, NULL, NULL, '1');
INSERT INTO `arcive_units` (`Unit_ID`, `unit_condition_Unit_Condition_Id`, `unit_detail_Unit_Detail_Id`, `unit_type_Unit_Type_Id`, `building_Building_Id`, `furniture_case_Furniture_case_Id`, `Unit_Number`, `Floor_Number`, `Unit_Space`, `current_situation`, `Oreedo_Number`, `Electricityt_Number`, `Water_Number`, `virtual_Value`, `Image_One`, `Image_One_Path`, `Image_Two`, `Image_Two_Path`, `Image_Three`, `Image_Three_Path`, `Image_Four`, `Image_Four_Path`, `Active`, `Image_One_Path_Website`, `Image_Two_Path_Website`, `Image_Three_Path_Website`, `Image_Four_Path_Website`, `Half`) VALUES
(270, 1, 2, 1, 65, 4, '17', '5', '', '', '', '1089714', '1000416', '0', NULL, NULL, NULL, NULL, NULL, NULL, NULL, NULL, 0, NULL, NULL, NULL, NULL, '1'),
(271, 1, 2, 1, 65, 4, '18', '1', '', '', '', '1089715', '1000417', '0', NULL, NULL, NULL, NULL, NULL, NULL, NULL, NULL, 0, NULL, NULL, NULL, NULL, '1'),
(272, 1, 2, 1, 65, 4, '19', '5', '', '', '', '1089715', '1000417', '0', NULL, NULL, NULL, NULL, NULL, NULL, NULL, NULL, 0, NULL, NULL, NULL, NULL, '1'),
(273, 1, 2, 1, 65, 4, '23', '6', '', '', '', '1089720', '1000422', '0', NULL, NULL, NULL, NULL, NULL, NULL, NULL, NULL, 0, NULL, NULL, NULL, NULL, '1'),
(274, 1, 2, 1, 65, 4, '25', '7', '', '', '', '1089722', '1000424', '0', NULL, NULL, NULL, NULL, NULL, NULL, NULL, NULL, 0, NULL, NULL, NULL, NULL, '1'),
(275, 1, 2, 1, 65, 4, '28', '7', '', '', '', '1089722', 'مشمول في 26', '0', NULL, NULL, NULL, NULL, NULL, NULL, NULL, NULL, 0, NULL, NULL, NULL, NULL, '1'),
(276, 1, 5, 4, 66, 4, '1', '1', '', '', '', '1218993', '1159998', '0', NULL, NULL, NULL, NULL, NULL, NULL, NULL, NULL, 0, NULL, NULL, NULL, NULL, '1'),
(277, 1, 5, 4, 66, 4, '2', '1', '', '', '', '1218994', '1160000', '0', NULL, NULL, NULL, NULL, NULL, NULL, NULL, NULL, 0, NULL, NULL, NULL, NULL, '1'),
(278, 1, 8, 1, 67, 1, '2', '1', '', '', '', '125149', '91965', '0', NULL, NULL, NULL, NULL, NULL, NULL, NULL, NULL, 0, NULL, NULL, NULL, NULL, '1'),
(279, 1, 8, 1, 67, 1, '3', '1', '', '', '', '125149', '91967', '0', NULL, NULL, NULL, NULL, NULL, NULL, NULL, NULL, 0, NULL, NULL, NULL, NULL, '1'),
(280, 1, 8, 1, 67, 1, '5', '1', '', '', '', '125151', '91969', '0', NULL, NULL, NULL, NULL, NULL, NULL, NULL, NULL, 0, NULL, NULL, NULL, NULL, '1'),
(281, 1, 2, 1, 68, 4, '2', '1', '', '', '', '١٠٨٩٦٩٨', '١٠٠٠٤٠٠', '0', NULL, NULL, NULL, NULL, NULL, NULL, NULL, NULL, 0, NULL, NULL, NULL, NULL, '1'),
(282, 1, 2, 1, 68, 4, '26', '7', '', '', '', '1089723', '1000425', '0', NULL, NULL, NULL, NULL, NULL, NULL, NULL, NULL, 0, NULL, NULL, NULL, NULL, '1'),
(283, 1, 2, 1, 68, 4, '27', '7', '', '', '', '1089723', 'مشمول في 25', '0', NULL, NULL, NULL, NULL, NULL, NULL, NULL, NULL, 0, NULL, NULL, NULL, NULL, '1'),
(284, 1, 8, 1, 69, 3, '1', '1', '', '', '', '1183418', '1152805', '0', NULL, NULL, NULL, NULL, NULL, NULL, NULL, NULL, 0, NULL, NULL, NULL, NULL, '1'),
(285, 1, 8, 1, 69, 3, '2', '1', '', '', '', '1183418', '1152805', '0', NULL, NULL, NULL, NULL, NULL, NULL, NULL, NULL, 0, NULL, NULL, NULL, NULL, '1'),
(286, 1, 8, 1, 69, 1, '3', '1', '', '', '', '1183418', '1152805', '0', NULL, NULL, NULL, NULL, NULL, NULL, NULL, NULL, 0, NULL, NULL, NULL, NULL, '1'),
(287, 1, 8, 1, 70, 3, '1', '1', '', '', '', '1183418', '1152805', '0', NULL, NULL, NULL, NULL, NULL, NULL, NULL, NULL, 0, NULL, NULL, NULL, NULL, '1'),
(288, 1, 8, 1, 70, 3, '2', '1', '', '', '', '1183418', '1152805', '0', NULL, NULL, NULL, NULL, NULL, NULL, NULL, NULL, 0, NULL, NULL, NULL, NULL, '1'),
(289, 1, 8, 1, 70, 1, '3', '1', '', '', '', '1183418', '1152805', '0', NULL, NULL, NULL, NULL, NULL, NULL, NULL, NULL, 0, NULL, NULL, NULL, NULL, '1'),
(290, 1, 4, 1, 71, 4, '1', '1', '', '', '', '1026715', '940651', '0', NULL, NULL, NULL, NULL, NULL, NULL, NULL, NULL, 0, NULL, NULL, NULL, NULL, '1'),
(291, 1, 4, 1, 71, 2, '2', '1', '', '', '', '1026716', '940652', '0', NULL, NULL, NULL, NULL, NULL, NULL, NULL, NULL, 0, NULL, NULL, NULL, NULL, '1'),
(292, 1, 4, 1, 71, 4, '3', '1', '', '', '', '1026717', '940653', '0', NULL, NULL, NULL, NULL, NULL, NULL, NULL, NULL, 0, NULL, NULL, NULL, NULL, '1'),
(293, 1, 4, 1, 71, 4, '4', '1', '', '', '', '1026718', '940654', '0', NULL, NULL, NULL, NULL, NULL, NULL, NULL, NULL, 0, NULL, NULL, NULL, NULL, '1'),
(294, 1, 4, 1, 71, 4, '5', '1', '', '', '', '1026719', '940655', '0', NULL, NULL, NULL, NULL, NULL, NULL, NULL, NULL, 0, NULL, NULL, NULL, NULL, '1'),
(295, 1, 4, 1, 71, 4, '6', '1', '', '', '', '1026720', '940656', '0', NULL, NULL, NULL, NULL, NULL, NULL, NULL, NULL, 0, NULL, NULL, NULL, NULL, '1'),
(296, 1, 4, 1, 71, 4, '7', '1', '', '', '', '1026721', '940657', '0', NULL, NULL, NULL, NULL, NULL, NULL, NULL, NULL, 0, NULL, NULL, NULL, NULL, '1'),
(297, 1, 4, 1, 71, 4, '8', '1', '', '', '', '1026722', '940658', '0', NULL, NULL, NULL, NULL, NULL, NULL, NULL, NULL, 0, NULL, NULL, NULL, NULL, '1'),
(298, 1, 4, 1, 71, 4, '9', '1', '', '', '', '1026723', '940659', '0', NULL, NULL, NULL, NULL, NULL, NULL, NULL, NULL, 0, NULL, NULL, NULL, NULL, '1'),
(299, 1, 4, 1, 71, 4, '10', '1', '', '', '', '1026724', '940660', '0', NULL, NULL, NULL, NULL, NULL, NULL, NULL, NULL, 0, NULL, NULL, NULL, NULL, '1'),
(300, 1, 4, 1, 71, 4, '11', '1', '', '', '', '1026725', '940661', '0', NULL, NULL, NULL, NULL, NULL, NULL, NULL, NULL, 0, NULL, NULL, NULL, NULL, '1'),
(301, 1, 7, 2, 72, 1, '49', '1', '', '', '', '', '', '0', NULL, NULL, NULL, NULL, NULL, NULL, NULL, NULL, 0, NULL, NULL, NULL, NULL, '1'),
(302, 1, 7, 2, 72, 1, '50', '1', '', '', '', '', '', '0', NULL, NULL, NULL, NULL, NULL, NULL, NULL, NULL, 0, NULL, NULL, NULL, NULL, '1'),
(303, 1, 7, 2, 72, 1, '51', '1', '', '', '', '', '', '0', NULL, NULL, NULL, NULL, NULL, NULL, NULL, NULL, 0, NULL, NULL, NULL, NULL, '1'),
(304, 1, 7, 2, 72, 1, '52', '1', '', '', '', '', '', '0', NULL, NULL, NULL, NULL, NULL, NULL, NULL, NULL, 0, NULL, NULL, NULL, NULL, '1'),
(305, 1, 7, 2, 72, 1, '53', '1', '', '', '', '', '', '0', NULL, NULL, NULL, NULL, NULL, NULL, NULL, NULL, 0, NULL, NULL, NULL, NULL, '1'),
(306, 1, 7, 2, 72, 1, '54', '1', '', '', '', '', '', '0', NULL, NULL, NULL, NULL, NULL, NULL, NULL, NULL, 0, NULL, NULL, NULL, NULL, '1'),
(307, 1, 7, 2, 72, 1, '55', '1', '', '', '', '', '', '0', NULL, NULL, NULL, NULL, NULL, NULL, NULL, NULL, 0, NULL, NULL, NULL, NULL, '1'),
(308, 1, 7, 2, 72, 1, '56', '1', '', '', '', '', '', '0', NULL, NULL, NULL, NULL, NULL, NULL, NULL, NULL, 0, NULL, NULL, NULL, NULL, '1'),
(309, 1, 7, 2, 72, 1, '57', '1', '', '', '', '', '', '0', NULL, NULL, NULL, NULL, NULL, NULL, NULL, NULL, 0, NULL, NULL, NULL, NULL, '1'),
(310, 1, 7, 2, 72, 1, '58', '1', '', '', '', '', '', '0', NULL, NULL, NULL, NULL, NULL, NULL, NULL, NULL, 0, NULL, NULL, NULL, NULL, '1'),
(311, 1, 5, 5, 52, 4, '13', '0', '', '', '', '', '', '500', 'No File', 'No File', 'No File', 'No File', 'No File', 'No File', 'No File', 'No File', NULL, NULL, NULL, NULL, NULL, '0'),
(312, 1, 5, 5, 19, 4, '13', '0', '', '', '', '', '', '500', 'No File', 'No File', 'No File', 'No File', 'No File', 'No File', 'No File', 'No File', NULL, NULL, NULL, NULL, NULL, '0'),
(313, 1, 4, 1, 73, 4, '1', '1', '', 'رقم المبنى 80', '', '1251073', '1191369', '', NULL, NULL, NULL, NULL, NULL, NULL, NULL, NULL, 0, NULL, NULL, NULL, NULL, '1'),
(314, 1, 4, 1, 73, 4, '2', '1', '', 'رقم المبنى 80', '', '1251074', '1191370', '', NULL, NULL, NULL, NULL, NULL, NULL, NULL, NULL, 0, NULL, NULL, NULL, NULL, '1'),
(315, 1, 4, 1, 73, 1, '3', '1', '', 'رقم المبنى 80', '', '1251075', '1191371', '', NULL, NULL, NULL, NULL, NULL, NULL, NULL, NULL, 0, NULL, NULL, NULL, NULL, '1'),
(316, 1, 4, 1, 74, 4, '1', '1', '', 'رقم المبنى 80', '', '1251073', '1191369', '', NULL, NULL, NULL, NULL, NULL, NULL, NULL, NULL, 0, NULL, NULL, NULL, NULL, '1'),
(317, 1, 4, 1, 74, 4, '2', '1', '', 'رقم المبنى 80', '', '1251074', '1191370', '', NULL, NULL, NULL, NULL, NULL, NULL, NULL, NULL, 0, NULL, NULL, NULL, NULL, '1'),
(318, 1, 4, 1, 74, 1, '3', '1', '', 'رقم المبنى 80', '', '1251075', '1191371', '', NULL, NULL, NULL, NULL, NULL, NULL, NULL, NULL, 0, NULL, NULL, NULL, NULL, '1'),
(319, 1, 4, 1, 75, 4, '1', '1', '', 'رقم المبنى 80', '', '1251073', '1191369', '', NULL, NULL, NULL, NULL, NULL, NULL, NULL, NULL, 0, NULL, NULL, NULL, NULL, '1'),
(320, 1, 4, 1, 75, 4, '2', '1', '', 'رقم المبنى 80', '', '1251074', '1191370', '', NULL, NULL, NULL, NULL, NULL, NULL, NULL, NULL, 0, NULL, NULL, NULL, NULL, '1'),
(321, 1, 4, 1, 75, 1, '3', '1', '', 'رقم المبنى 80', '', '1251075', '1191371', '', NULL, NULL, NULL, NULL, NULL, NULL, NULL, NULL, 0, NULL, NULL, NULL, NULL, '1'),
(322, 1, 10, 4, 76, 4, '1', '1', '0', 'مؤجر ', '', '1145485', '1078480', '15000', 'No File', 'No File', 'No File', 'No File', 'No File', 'No File', 'No File', 'No File', NULL, NULL, NULL, NULL, NULL, '0'),
(323, 1, 3, 4, 32, 4, '2', '2', '', '', '', '', '', '2000', 'No File', 'No File', 'No File', 'No File', 'No File', 'No File', 'No File', 'No File', NULL, NULL, NULL, NULL, NULL, '0'),
(324, 1, 3, 4, 32, 4, '3', '2', '', '', '', '', '', '2000', 'No File', 'No File', 'No File', 'No File', 'No File', 'No File', 'No File', 'No File', NULL, NULL, NULL, NULL, NULL, '0'),
(325, 1, 3, 4, 32, 4, '4', '2', '', '', '', '', '', '2000', 'No File', 'No File', 'No File', 'No File', 'No File', 'No File', 'No File', 'No File', NULL, NULL, NULL, NULL, NULL, '0'),
(326, 1, 3, 4, 32, 4, '5', '2', '', '', '', '', '', '2000', 'No File', 'No File', 'No File', 'No File', 'No File', 'No File', 'No File', 'No File', NULL, NULL, NULL, NULL, NULL, '0'),
(327, 1, 13, 8, 32, 4, '6', '2', '', '', '', '', '', '1500', 'No File', 'No File', 'No File', 'No File', 'No File', 'No File', 'No File', 'No File', NULL, NULL, NULL, NULL, NULL, '0'),
(328, 1, 2, 1, 77, 4, '7', '5', '', '', '', '1089703', '1000405', '', NULL, NULL, NULL, NULL, NULL, NULL, NULL, NULL, 0, NULL, NULL, NULL, NULL, '1'),
(329, 1, 2, 1, 77, 4, '16', '4', '', '', '', '1089713', '1000415', '', NULL, NULL, NULL, NULL, NULL, NULL, NULL, NULL, 0, NULL, NULL, NULL, NULL, '1'),
(332, 1, 10, 4, 79, 3, '1', '1', '', 'متابعة ', '', '', '', '13000', 'No File', 'No File', 'No File', 'No File', 'No File', 'No File', 'No File', 'No File', NULL, NULL, NULL, NULL, NULL, NULL),
(333, 1, 10, 4, 80, 3, '1', '1', '', '', '', '', '', '15000', 'No File', 'No File', 'No File', 'No File', 'No File', 'No File', 'No File', 'No File', NULL, NULL, NULL, NULL, NULL, NULL),
(334, 1, 10, 4, 81, 3, '1', '1', '', '', '', '', '', '15000', 'No File', 'No File', 'No File', 'No File', 'No File', 'No File', 'No File', 'No File', NULL, NULL, NULL, NULL, NULL, NULL),
(335, 1, 5, 4, 84, 4, '35', '1', '', '', '', '1007565	', '908027', '', NULL, NULL, NULL, NULL, NULL, NULL, NULL, NULL, 0, NULL, NULL, NULL, NULL, '1'),
(336, 1, 5, 4, 84, 4, '33', '1', '', '', '', '1007564', '908026', '', NULL, NULL, NULL, NULL, NULL, NULL, NULL, NULL, 0, NULL, NULL, NULL, NULL, '1'),
(337, 1, 5, 4, 85, 4, '35', '1', '', '', '', '1007565	', '908027', '', NULL, NULL, NULL, NULL, NULL, NULL, NULL, NULL, 0, NULL, NULL, NULL, NULL, '1'),
(338, 1, 5, 4, 85, 4, '33', '1', '', '', '', '1007564', '908026', '', NULL, NULL, NULL, NULL, NULL, NULL, NULL, NULL, 0, NULL, NULL, NULL, NULL, '1'),
(339, 1, 5, 6, 86, 4, '1', '1', '', '', '', '46176', '78202', '', NULL, NULL, NULL, NULL, NULL, NULL, NULL, NULL, 0, NULL, NULL, NULL, NULL, '1'),
(340, 1, 5, 6, 86, 4, '2', '1', '', '', '', '', '', '', NULL, NULL, NULL, NULL, NULL, NULL, NULL, NULL, 0, NULL, NULL, NULL, NULL, '1'),
(341, 1, 5, 6, 86, 4, '3', '1', '', '', '', '', '', '', NULL, NULL, NULL, NULL, NULL, NULL, NULL, NULL, 0, NULL, NULL, NULL, NULL, '1'),
(342, 1, 5, 6, 87, 4, '1', '1', '', '', '', '46176', '78202', '', NULL, NULL, NULL, NULL, NULL, NULL, NULL, NULL, 0, NULL, NULL, NULL, NULL, '1'),
(343, 1, 5, 6, 87, 4, '2', '1', '', '', '', '', '', '', NULL, NULL, NULL, NULL, NULL, NULL, NULL, NULL, 0, NULL, NULL, NULL, NULL, '1'),
(344, 1, 5, 6, 87, 4, '3', '1', '', '', '', '', '', '', NULL, NULL, NULL, NULL, NULL, NULL, NULL, NULL, 0, NULL, NULL, NULL, NULL, '1'),
(345, 1, 5, 4, 88, 4, '1', '1', '', '', '', '1218993', '1159998', '', NULL, NULL, NULL, NULL, NULL, NULL, NULL, NULL, 0, NULL, NULL, NULL, NULL, '1'),
(346, 1, 5, 4, 88, 4, '2', '1', '', '', '', '1218994', '1160000', '', NULL, NULL, NULL, NULL, NULL, NULL, NULL, NULL, 0, NULL, NULL, NULL, NULL, '1'),
(347, 1, 6, 1, 89, 2, '1', '2', '', '', '', '', '', '', NULL, NULL, NULL, NULL, NULL, NULL, NULL, NULL, 0, NULL, NULL, NULL, NULL, '1'),
(348, 1, 4, 1, 89, 2, '2', '2', '', '', '', '', '', '', NULL, NULL, NULL, NULL, NULL, NULL, NULL, NULL, 0, NULL, NULL, NULL, NULL, '1'),
(349, 1, 4, 1, 89, 2, '3', '2', '', '', '', '', '', '', NULL, NULL, NULL, NULL, NULL, NULL, NULL, NULL, 0, NULL, NULL, NULL, NULL, '1'),
(350, 1, 4, 1, 89, 2, '4', '2', '', '', '', '', '', '', NULL, NULL, NULL, NULL, NULL, NULL, NULL, NULL, 0, NULL, NULL, NULL, NULL, '1'),
(351, 1, 6, 1, 89, 2, '5', '2', '', '', '', '', '', '', NULL, NULL, NULL, NULL, NULL, NULL, NULL, NULL, 0, NULL, NULL, NULL, NULL, '1'),
(352, 1, 4, 1, 89, 2, '6', '2', '', '', '', '', '', '', NULL, NULL, NULL, NULL, NULL, NULL, NULL, NULL, 0, NULL, NULL, NULL, NULL, '1'),
(353, 1, 4, 1, 89, 2, '7', '2', '', '', '', '', '', '', NULL, NULL, NULL, NULL, NULL, NULL, NULL, NULL, 0, NULL, NULL, NULL, NULL, '1'),
(354, 1, 4, 1, 89, 2, '8', '2', '', '', '', '', '', '', NULL, NULL, NULL, NULL, NULL, NULL, NULL, NULL, 0, NULL, NULL, NULL, NULL, '1'),
(363, 1, 9, 1, 91, 2, '1', '1', '150', '', '', '1361055', '1290733', '', NULL, NULL, NULL, NULL, NULL, NULL, NULL, NULL, 0, NULL, NULL, NULL, NULL, '1'),
(364, 1, 9, 1, 91, 2, '2', '1', '150', '', '', '1361056', '1290734', '', NULL, NULL, NULL, NULL, NULL, NULL, NULL, NULL, 0, NULL, NULL, NULL, NULL, '1'),
(365, 1, 9, 1, 91, 2, '3', '2', '150', '', '', '1361057', '1290735', '', NULL, NULL, NULL, NULL, NULL, NULL, NULL, NULL, 0, NULL, NULL, NULL, NULL, '1'),
(366, 1, 9, 1, 91, 2, '4', '2', '150', '', '', '1361058', '1290736', '', NULL, NULL, NULL, NULL, NULL, NULL, NULL, NULL, 0, NULL, NULL, NULL, NULL, '1'),
(367, 1, 9, 1, 91, 2, '5', '3', '150', '', '', '1361059', '1290737', '', NULL, NULL, NULL, NULL, NULL, NULL, NULL, NULL, 0, NULL, NULL, NULL, NULL, '1'),
(368, 1, 9, 1, 91, 2, '6', '3', '150', '', '', '1361060', '1290738', '', NULL, NULL, NULL, NULL, NULL, NULL, NULL, NULL, 0, NULL, NULL, NULL, NULL, '1'),
(369, 1, 9, 1, 91, 2, '7', '4', '150', '', '', '1361061', '1290739', '', NULL, NULL, NULL, NULL, NULL, NULL, NULL, NULL, 0, NULL, NULL, NULL, NULL, '1'),
(370, 1, 9, 1, 91, 2, '8', '4', '150', '', '', '1361062', '1290740', '', NULL, NULL, NULL, NULL, NULL, NULL, NULL, NULL, 0, NULL, NULL, NULL, NULL, '1'),
(371, 1, 9, 1, 91, 2, '9', '5', '150', '', '', '1361063', '1290741', '', NULL, NULL, NULL, NULL, NULL, NULL, NULL, NULL, 0, NULL, NULL, NULL, NULL, '1'),
(372, 1, 9, 1, 91, 2, '10', '5', '150', '', '', '1361064', '1290742', '', NULL, NULL, NULL, NULL, NULL, NULL, NULL, NULL, 0, NULL, NULL, NULL, NULL, '1'),
(373, 1, 9, 1, 91, 2, '11', '6', '150', '', '', '1361065', '1290743', '', NULL, NULL, NULL, NULL, NULL, NULL, NULL, NULL, 0, NULL, NULL, NULL, NULL, '1'),
(374, 1, 9, 1, 91, 2, '12', '6', '150', '', '', '1361066', '1290744', '', NULL, NULL, NULL, NULL, NULL, NULL, NULL, NULL, 0, NULL, NULL, NULL, NULL, '1'),
(375, 1, 2, 1, 92, 4, '1', '1', '', '', '', '1160690', '1099848', '', NULL, NULL, NULL, NULL, NULL, NULL, NULL, NULL, 0, NULL, NULL, NULL, NULL, '1'),
(376, 1, 2, 1, 92, 4, '2', '1', '', '', '', '1160691', '1099849', '', NULL, NULL, NULL, NULL, NULL, NULL, NULL, NULL, 0, NULL, NULL, NULL, NULL, '1'),
(377, 1, 2, 1, 92, 4, '3', '2', '', '', '', '1160692', '1099850', '', NULL, NULL, NULL, NULL, NULL, NULL, NULL, NULL, 0, NULL, NULL, NULL, NULL, '1'),
(378, 1, 2, 1, 92, 4, '4', '2', '', '', '', '1160693', '1099851', '', NULL, NULL, NULL, NULL, NULL, NULL, NULL, NULL, 0, NULL, NULL, NULL, NULL, '1'),
(379, 1, 2, 1, 92, 4, '5', '3', '', '', '', '1160694', '1099852', '', NULL, NULL, NULL, NULL, NULL, NULL, NULL, NULL, 0, NULL, NULL, NULL, NULL, '1'),
(380, 1, 2, 1, 92, 4, '6', '3', '', '', '', '1160695', '1099853', '', NULL, NULL, NULL, NULL, NULL, NULL, NULL, NULL, 0, NULL, NULL, NULL, NULL, '1'),
(381, 1, 2, 1, 92, 4, '7', '4', '', '', '', '1160696', '1099854', '', NULL, NULL, NULL, NULL, NULL, NULL, NULL, NULL, 0, NULL, NULL, NULL, NULL, '1'),
(382, 1, 2, 1, 92, 4, '8', '4', '', '', '', '1160697', '1099855', '', NULL, NULL, NULL, NULL, NULL, NULL, NULL, NULL, 0, NULL, NULL, NULL, NULL, '1'),
(383, 1, 2, 1, 92, 4, '9', '5', '', '', '', '1160698', '1099856', '', NULL, NULL, NULL, NULL, NULL, NULL, NULL, NULL, 0, NULL, NULL, NULL, NULL, '1'),
(384, 1, 2, 1, 92, 4, '10', '5', '', '', '', '1160699', '1099857', '', NULL, NULL, NULL, NULL, NULL, NULL, NULL, NULL, 0, NULL, NULL, NULL, NULL, '1'),
(385, 1, 2, 1, 93, 4, '1', '1', '', '', '', '1160690', '1099848', '', NULL, NULL, NULL, NULL, NULL, NULL, NULL, NULL, 0, NULL, NULL, NULL, NULL, '1'),
(386, 1, 2, 1, 93, 4, '2', '1', '', '', '', '1160691', '1099849', '', NULL, NULL, NULL, NULL, NULL, NULL, NULL, NULL, 0, NULL, NULL, NULL, NULL, '1'),
(387, 1, 2, 1, 93, 4, '3', '2', '', '', '', '1160692', '1099850', '', NULL, NULL, NULL, NULL, NULL, NULL, NULL, NULL, 0, NULL, NULL, NULL, NULL, '1'),
(388, 1, 2, 1, 93, 4, '4', '2', '', '', '', '1160693', '1099851', '', NULL, NULL, NULL, NULL, NULL, NULL, NULL, NULL, 0, NULL, NULL, NULL, NULL, '1'),
(389, 1, 2, 1, 93, 4, '5', '3', '', '', '', '1160694', '1099852', '', NULL, NULL, NULL, NULL, NULL, NULL, NULL, NULL, 0, NULL, NULL, NULL, NULL, '1'),
(390, 1, 2, 1, 93, 4, '6', '3', '', '', '', '1160695', '1099853', '', NULL, NULL, NULL, NULL, NULL, NULL, NULL, NULL, 0, NULL, NULL, NULL, NULL, '1'),
(391, 1, 2, 1, 93, 4, '7', '4', '', '', '', '1160696', '1099854', '', NULL, NULL, NULL, NULL, NULL, NULL, NULL, NULL, 0, NULL, NULL, NULL, NULL, '1'),
(392, 1, 2, 1, 93, 4, '8', '4', '', '', '', '1160697', '1099855', '', NULL, NULL, NULL, NULL, NULL, NULL, NULL, NULL, 0, NULL, NULL, NULL, NULL, '1'),
(393, 1, 2, 1, 93, 4, '9', '5', '', '', '', '1160698', '1099856', '', NULL, NULL, NULL, NULL, NULL, NULL, NULL, NULL, 0, NULL, NULL, NULL, NULL, '1'),
(394, 1, 2, 1, 93, 4, '10', '5', '', '', '', '1160699', '1099857', '', NULL, NULL, NULL, NULL, NULL, NULL, NULL, NULL, 0, NULL, NULL, NULL, NULL, '1'),
(395, 1, 5, 2, 94, 1, '3', '1', '', '', '', '', '', '', NULL, NULL, NULL, NULL, NULL, NULL, NULL, NULL, 0, NULL, NULL, NULL, NULL, '1'),
(444, 1, 5, 4, 54, 4, '2', '1', '', '', '', '1184492', '', '15000', 'No File', 'No File', 'No File', 'No File', 'No File', 'No File', 'No File', 'No File', NULL, NULL, NULL, NULL, NULL, '0'),
(445, 1, 5, 4, 54, 4, '3', '1', '', '', '', ' 1184494', '', '15000', 'No File', 'No File', 'No File', 'No File', 'No File', 'No File', 'No File', 'No File', NULL, NULL, NULL, NULL, NULL, '0'),
(446, 1, 5, 4, 54, 4, '4', '1', '', '', '', '1184496', '', '15000', 'No File', 'No File', 'No File', 'No File', 'No File', 'No File', 'No File', 'No File', NULL, NULL, NULL, NULL, NULL, '0'),
(447, 1, 5, 4, 54, 4, '5', '1', '', '', '', '1184498', '', '15000', 'No File', 'No File', 'No File', 'No File', 'No File', 'No File', 'No File', 'No File', NULL, NULL, NULL, NULL, NULL, '0'),
(449, 1, 5, 4, 97, 1, '1', '1', '', '', '', '1184490', '1151756', '', NULL, NULL, NULL, NULL, NULL, NULL, NULL, NULL, 0, NULL, NULL, NULL, NULL, '1'),
(450, 1, 5, 4, 97, 4, '2', '1', '', '', '', '1184492', '', '', NULL, NULL, NULL, NULL, NULL, NULL, NULL, NULL, 0, NULL, NULL, NULL, NULL, '1'),
(451, 1, 5, 4, 97, 4, '3', '1', '', '', '', ' 1184494', '', '', NULL, NULL, NULL, NULL, NULL, NULL, NULL, NULL, 0, NULL, NULL, NULL, NULL, '1'),
(452, 1, 5, 4, 97, 4, '4', '1', '', '', '', '1184496', '', '', NULL, NULL, NULL, NULL, NULL, NULL, NULL, NULL, 0, NULL, NULL, NULL, NULL, '1'),
(453, 1, 5, 4, 97, 4, '5', '1', '', '', '', '1184498', '', '', NULL, NULL, NULL, NULL, NULL, NULL, NULL, NULL, 0, NULL, NULL, NULL, NULL, '1'),
(454, 1, 5, 4, 98, 4, '1', '1', '560', '', '', '', '', '13000', 'No File', 'No File', 'No File', 'No File', 'No File', 'No File', 'No File', 'No File', NULL, NULL, NULL, NULL, NULL, '0'),
(455, 1, 5, 4, 101, 4, '1', '1', '', '', '', '1309427', '1165319', '13000', 'No File', 'No File', 'No File', 'No File', 'No File', 'No File', 'No File', 'No File', NULL, NULL, NULL, NULL, NULL, '0'),
(456, 1, 5, 4, 82, 4, '1', '1', '', '', '', '184479', '149024', '13000', 'No File', 'No File', 'No File', 'No File', 'No File', 'No File', 'No File', 'No File', NULL, NULL, NULL, NULL, NULL, '0'),
(460, 1, 4, 1, 100, 4, '1', '1', '95', '', '', '1026715', '940651', '', NULL, NULL, NULL, NULL, NULL, NULL, NULL, NULL, 0, NULL, NULL, NULL, NULL, '1'),
(461, 1, 4, 1, 100, 2, '2', '1', '85', '', '', '1026716', '940652', '', NULL, NULL, NULL, NULL, NULL, NULL, NULL, NULL, 0, NULL, NULL, NULL, NULL, '1'),
(462, 1, 4, 1, 100, 4, '3', '1', '95', '', '', '1026717', '940653', '', NULL, NULL, NULL, NULL, NULL, NULL, NULL, NULL, 0, NULL, NULL, NULL, NULL, '1'),
(463, 1, 4, 1, 100, 4, '4', '1', '85', '', '', '1026718', '940654', '', NULL, NULL, NULL, NULL, NULL, NULL, NULL, NULL, 0, NULL, NULL, NULL, NULL, '1'),
(464, 1, 4, 1, 100, 4, '5', '1', '95', '', '', '1026719', '940655', '', NULL, NULL, NULL, NULL, NULL, NULL, NULL, NULL, 0, NULL, NULL, NULL, NULL, '1'),
(465, 1, 4, 1, 100, 4, '6', '1', '85', '', '', '1026720', '940656', '', NULL, NULL, NULL, NULL, NULL, NULL, NULL, NULL, 0, NULL, NULL, NULL, NULL, '1'),
(466, 1, 4, 1, 100, 4, '7', '1', '95', '', '', '1026721', '940657', '', NULL, NULL, NULL, NULL, NULL, NULL, NULL, NULL, 0, NULL, NULL, NULL, NULL, '1'),
(467, 1, 4, 1, 100, 4, '8', '1', '85', '', '', '1026722', '940658', '', NULL, NULL, NULL, NULL, NULL, NULL, NULL, NULL, 0, NULL, NULL, NULL, NULL, '1'),
(468, 1, 4, 1, 100, 4, '9', '1', '95', '', '', '1026723', '940659', '', NULL, NULL, NULL, NULL, NULL, NULL, NULL, NULL, 0, NULL, NULL, NULL, NULL, '1'),
(469, 1, 4, 1, 100, 4, '10', '1', '85', '', '', '1026724', '940660', '', NULL, NULL, NULL, NULL, NULL, NULL, NULL, NULL, 0, NULL, NULL, NULL, NULL, '1'),
(470, 1, 4, 1, 100, 4, '11', '1', '95', '', '', '1026725', '940661', '', NULL, NULL, NULL, NULL, NULL, NULL, NULL, NULL, 0, NULL, NULL, NULL, NULL, '1'),
(471, 1, 5, 4, 79, 4, '1', '1', '', '', '', '', '', ' 13000 ', 'No File', 'No File', 'No File', 'No File', 'No File', 'No File', 'No File', 'No File', NULL, NULL, NULL, NULL, NULL, '0'),
(472, 1, 2, 1, 102, 1, '8', '2', '105', '', '', '1089704', '1000406', '', NULL, NULL, NULL, NULL, NULL, NULL, NULL, NULL, 0, NULL, NULL, NULL, NULL, '1'),
(473, 1, 2, 1, 102, 4, '22', '6', '100', '', '', '1089719', '1000421', '', NULL, NULL, NULL, NULL, NULL, NULL, NULL, NULL, 0, NULL, NULL, NULL, NULL, '1'),
(474, 1, 8, 1, 104, 1, '3', '2', '100', '', '', '125149', '91967', '', NULL, NULL, NULL, NULL, NULL, NULL, NULL, NULL, 0, NULL, NULL, NULL, NULL, '1'),
(475, 1, 8, 1, 104, 1, '4', '2', '100', '', '', '125150', '91968', '', NULL, NULL, NULL, NULL, NULL, NULL, NULL, NULL, 0, NULL, NULL, NULL, NULL, '1'),
(476, 1, 8, 1, 104, 1, '5', '3', '100', '', '', '125151', '91969', '', NULL, NULL, NULL, NULL, NULL, NULL, NULL, NULL, 0, NULL, NULL, NULL, NULL, '1'),
(477, 1, 8, 1, 106, 1, '2', '1', '100', '', '', '125149', '91965', '', NULL, NULL, NULL, NULL, NULL, NULL, NULL, NULL, 0, NULL, NULL, NULL, NULL, '1'),
(478, 1, 8, 1, 106, 1, '3', '2', '100', '', '', '125149', '91967', '', NULL, NULL, NULL, NULL, NULL, NULL, NULL, NULL, 0, NULL, NULL, NULL, NULL, '1'),
(479, 1, 8, 1, 106, 1, '5', '3', '100', '', '', '125151', '91969', '', NULL, NULL, NULL, NULL, NULL, NULL, NULL, NULL, 0, NULL, NULL, NULL, NULL, '1'),
(480, 1, 2, 1, 107, 4, '2', '1', '100', '', '', '١٠٨٩٦٩٨', '١٠٠٠٤٠٠', '', NULL, NULL, NULL, NULL, NULL, NULL, NULL, NULL, 0, NULL, NULL, NULL, NULL, '1'),
(481, 1, 2, 1, 107, 4, '26', '7', '100', '', '', '1089723', '1000425', '', NULL, NULL, NULL, NULL, NULL, NULL, NULL, NULL, 0, NULL, NULL, NULL, NULL, '1'),
(482, 1, 2, 1, 107, 4, '27', '7', '105', '', '', '1089723', 'مشمول في 25', '', NULL, NULL, NULL, NULL, NULL, NULL, NULL, NULL, 0, NULL, NULL, NULL, NULL, '1'),
(483, 1, 4, 1, 108, 1, '1', '1', '310', 'رقم المبنى 80', '', '1251073', '1191369', '', NULL, NULL, NULL, NULL, NULL, NULL, NULL, NULL, 0, NULL, NULL, NULL, NULL, '1'),
(484, 1, 4, 1, 108, 1, '2', '1', '160', 'رقم المبنى 80', '', '1251074', '1191370', '', NULL, NULL, NULL, NULL, NULL, NULL, NULL, NULL, 0, NULL, NULL, NULL, NULL, '1'),
(485, 1, 4, 1, 108, 1, '3', '1', '310', 'رقم المبنى 80', '', '1251075', '1191371', '', NULL, NULL, NULL, NULL, NULL, NULL, NULL, NULL, 0, NULL, NULL, NULL, NULL, '1'),
(486, 1, 5, 4, 109, 4, '1', '71', '450', '', '', '', '', '11500', 'No File', 'No File', 'No File', 'No File', 'No File', 'No File', 'No File', 'No File', NULL, NULL, NULL, NULL, NULL, '0'),
(487, 1, 5, 4, 110, 4, '1', '1', '450', '', '', '1285113', '', '13000', 'No File', 'No File', 'No File', 'No File', 'No File', 'No File', 'No File', 'No File', NULL, NULL, NULL, NULL, NULL, '0'),
(488, 1, 5, 4, 103, 4, '1', '1', '', '', '', '', '', '13000', 'No File', 'No File', 'No File', 'No File', 'No File', 'No File', 'No File', 'No File', NULL, NULL, NULL, NULL, NULL, '0'),
(489, 1, 5, 4, 105, 4, '1', '1', '', '', '', '', '', '13000', 'No File', 'No File', 'No File', 'No File', 'No File', 'No File', 'No File', 'No File', NULL, NULL, NULL, NULL, NULL, '0'),
(490, 2, 5, 4, 81, 4, '1', '1', '569', '', '', '', '', '13000', 'No File', 'No File', 'No File', 'No File', 'No File', 'No File', 'No File', 'No File', NULL, NULL, NULL, NULL, NULL, '0');

-- --------------------------------------------------------

--
-- Table structure for table `aseet_warranty`
--

CREATE TABLE `aseet_warranty` (
  `Aseet_warranty_Id` int(11) NOT NULL,
  `Aseet_English_warranty` varchar(200) NOT NULL,
  `Aseet_Arabic_warranty` varchar(200) NOT NULL
) ENGINE=InnoDB DEFAULT CHARSET=utf8;

--
-- Dumping data for table `aseet_warranty`
--

INSERT INTO `aseet_warranty` (`Aseet_warranty_Id`, `Aseet_English_warranty`, `Aseet_Arabic_warranty`) VALUES
(1, 'cheque', 'شيك'),
(2, 'cash', 'نقداً'),
(3, 'without warranty', 'بدون ضمان');

-- --------------------------------------------------------

--
-- Table structure for table `assets`
--

CREATE TABLE `assets` (
  `Assets_Id` int(11) NOT NULL,
  `asset_location_Asset_Location_Id` int(11) NOT NULL,
  `vendor_type_Vendor_Type_Id` int(11) NOT NULL,
  `asset_condition_Asset_Condition_Id` int(11) NOT NULL,
  `maintenance_categoty_Categoty_Id` int(11) NOT NULL,
  `Assets_English_Name` varchar(200) DEFAULT NULL,
  `Assets_Arabic_Name` varchar(200) DEFAULT NULL,
  `Assets_Value` varchar(200) DEFAULT NULL,
  `Purchase_Date` varchar(200) DEFAULT NULL,
  `Description` varchar(200) DEFAULT NULL,
  `Serial_Number` varchar(200) DEFAULT NULL,
  `Main_Place` varchar(200) DEFAULT NULL,
  `How_To_Get` varchar(45) DEFAULT NULL,
  `Contractor` varchar(200) DEFAULT NULL,
  `Buyer` varchar(45) DEFAULT NULL,
  `Contractor_Waranty_Period` varchar(200) DEFAULT NULL,
  `Waranty_Period` varchar(200) DEFAULT NULL,
  `Waranty_Start_Date` varchar(200) DEFAULT NULL,
  `Waranty_End_Date` varchar(200) DEFAULT NULL,
  `Waranty_Certificate` varchar(200) DEFAULT NULL,
  `Waranty_Certificate_Path` varchar(200) DEFAULT NULL,
  `Inventory_Id` varchar(45) DEFAULT NULL,
  `OwnerShip_Id` varchar(45) DEFAULT NULL,
  `Building_ID` varchar(45) DEFAULT NULL,
  `Unit_Id` varchar(45) DEFAULT NULL,
  `Last_periodec_maintenance` varchar(200) DEFAULT NULL
) ENGINE=InnoDB DEFAULT CHARSET=utf8;

--
-- Dumping data for table `assets`
--

INSERT INTO `assets` (`Assets_Id`, `asset_location_Asset_Location_Id`, `vendor_type_Vendor_Type_Id`, `asset_condition_Asset_Condition_Id`, `maintenance_categoty_Categoty_Id`, `Assets_English_Name`, `Assets_Arabic_Name`, `Assets_Value`, `Purchase_Date`, `Description`, `Serial_Number`, `Main_Place`, `How_To_Get`, `Contractor`, `Buyer`, `Contractor_Waranty_Period`, `Waranty_Period`, `Waranty_Start_Date`, `Waranty_End_Date`, `Waranty_Certificate`, `Waranty_Certificate_Path`, `Inventory_Id`, `OwnerShip_Id`, `Building_ID`, `Unit_Id`, `Last_periodec_maintenance`) VALUES
(1, 2, 1, 1, 15, '', '', '100000', '25/02/2022', 'مصهعد', '', 'بناء', 'شراء', '', '2', '', '', '', '', 'No File', 'No File', '1', '4', '8', '', '31/05/2022'),
(11, 16, 1, 1, 13, 'AC', 'مكيف', '', '', '2200W', '1P978NL900ZL92000017', 'وحدة', 'ضمن مشروع', '1', '', '365', '', '', '', 'No File', 'No File', '1', '8', '19', '104', ''),
(13, 14, 1, 1, 13, 'AC', 'مكيف', '', '', '1800W Electros', '1P977NL900ZL92000063', 'وحدة', 'ضمن مشروع', '1', '', '365', '', '', '', 'No File', 'No File', '1', '8', '19', '104', ''),
(14, 15, 1, 1, 13, 'AC', 'مكيف', '', '', '1800W', '1P977NL900ZL92000069', 'وحدة', 'ضمن مشروع', '1', '', '365', '', '', '', 'No File', 'No File', '1', '8', '19', '104', ''),
(15, 16, 1, 1, 13, 'AC', 'مكيف', '', '', '2200W Electros', '1P978NL900ZL92000028', 'وحدة', 'ضمن مشروع', '1', '', '365', '', '', '', 'No File', 'No File', '1', '8', '19', '105', ''),
(16, 12, 1, 1, 13, 'AC', 'مكيف', '', '', '1800W Electros', '1P977NL900ZL92000068', 'وحدة', 'ضمن مشروع', '1', '', '365', '', '', '', 'No File', 'No File', '1', '8', '19', '105', ''),
(17, 14, 1, 1, 13, 'AC', 'مكيف', '', '', '1800W Electros', '1P977NL900ZL92000065', 'وحدة', 'ضمن مشروع', '1', '', '365', '', '', '', 'No File', 'No File', '1', '8', '19', '105', ''),
(20, 12, 1, 1, 13, 'AC', 'مكيف', '', '', '1800W Electros', '1P977NL900ZL92000073', 'وحدة', 'ضمن مشروع', '1', '', '365', '', '', '', 'No File', 'No File', '1', '8', '19', '106', ''),
(39, 15, 1, 1, 13, 'AC', 'مكيف', '', '', '1800W Electros', '1P977NL900ZL92000030', 'وحدة', 'ضمن مشروع', '1', '', '365', '', '', '', 'No File', 'No File', '1', '8', '19', '109', ''),
(40, 16, 1, 1, 13, 'AC', 'مكيف', '', '', '2200W Electros', '1P978NL900ZL92000107', 'وحدة', 'ضمن مشروع', '1', '', '365', '', '', '', 'No File', 'No File', '1', '8', '19', '110', ''),
(41, 12, 1, 1, 13, 'AC', 'مكيف', '', '', '1800W Electros', '1P977NL900ZL92000080', 'وحدة', 'ضمن مشروع', '1', '', '365', '', '', '', 'No File', 'No File', '1', '8', '19', '110', ''),
(42, 14, 1, 1, 13, 'AC', 'مكيف', '', '', '1800W Electros', '1P977NL900ZL92000023', 'وحدة', 'ضمن مشروع', '1', '', '365', '', '', '', 'No File', 'No File', '1', '8', '19', '110', ''),
(43, 15, 1, 1, 13, 'AC', 'مكيف', '', '', '1800W Electros', '1P977NL900ZL92000064', 'وحدة', 'ضمن مشروع', '1', '', '365', '', '', '', 'No File', 'No File', '1', '8', '19', '110', ''),
(44, 16, 1, 1, 13, 'AC', 'مكيف', '', '', '2200W Electros', '1P978NL900ZL92000120', 'وحدة', 'ضمن مشروع', '1', '', '365', '', '', '', 'No File', 'No File', '1', '8', '19', '111', ''),
(45, 12, 1, 1, 13, 'AC', 'مكيف', '', '', '1800W Electros', '1P977NL900ZL92000083', 'وحدة', 'ضمن مشروع', '1', '', '365', '', '', '', 'No File', 'No File', '1', '8', '19', '111', ''),
(46, 14, 1, 1, 13, 'AC', 'مكيف', '', '', '1800W Electros', '1P977NL900ZL92000067', 'وحدة', 'ضمن مشروع', '1', '', '365', '', '', '', 'No File', 'No File', '1', '8', '19', '111', ''),
(47, 15, 1, 1, 13, 'AC', 'مكيف', '', '', '1800W Electros', '1P977NL900ZL92000059', 'وحدة', 'ضمن مشروع', '1', '', '365', '', '', '', 'No File', 'No File', '1', '8', '19', '111', ''),
(48, 16, 1, 1, 13, 'AC', 'مكيف', '', '', '2200W Electros', '1P978NL900ZL92000104', 'وحدة', 'ضمن مشروع', '1', '', '365', '', '', '', 'No File', 'No File', '1', '8', '19', '112', ''),
(49, 12, 1, 1, 13, 'AC', 'مكيف', '', '', '1800W Electros', '1P977NL900ZL92000129', 'وحدة', 'ضمن مشروع', '1', '', '365', '', '', '', 'No File', 'No File', '1', '8', '19', '112', ''),
(50, 14, 1, 1, 13, 'AC', 'مكيف', '', '', '1800W Electros', '1P977NL900ZL92000088', 'وحدة', 'ضمن مشروع', '1', '', '365', '', '', '', 'No File', 'No File', '1', '8', '19', '112', ''),
(51, 15, 1, 1, 13, 'AC', 'مكيف', '', '', '1800W Electros', '1P977NL900ZL92000076', 'وحدة', 'ضمن مشروع', '1', '', '365', '', '', '', 'No File', 'No File', '1', '8', '19', '112', ''),
(52, 16, 1, 1, 13, 'AC', 'مكيف', '', '', '2200W Electros', '1P978NL900ZL920000133', 'وحدة', 'ضمن مشروع', '1', '', '365', '', '', '', 'No File', 'No File', '1', '8', '19', '113', ''),
(53, 12, 1, 1, 13, 'AC', 'مكيف', '', '', '1800W Electros', '1P977NL900ZL920000130', 'وحدة', 'ضمن مشروع', '1', '', '365', '', '', '', 'No File', 'No File', '1', '8', '19', '113', ''),
(54, 14, 1, 1, 13, 'AC', 'مكيف', '', '', '1800W Electros', '1P977NL900ZL920000082', 'وحدة', 'ضمن مشروع', '1', '', '365', '', '', '', 'No File', 'No File', '1', '8', '19', '113', ''),
(55, 15, 1, 1, 13, 'AC', 'مكيف', '', '', '1800W Electros', '1P977NL900ZL920000078', 'وحدة', 'ضمن مشروع', '1', '', '365', '', '', '', 'No File', 'No File', '1', '8', '19', '113', ''),
(56, 16, 1, 1, 13, 'AC', 'مكيف', '', '', '2200W Electros', '1P978NL900ZL920000021', 'وحدة', 'ضمن مشروع', '1', '', '365', '', '', '', 'No File', 'No File', '1', '8', '19', '114', ''),
(57, 12, 1, 1, 13, 'AC', 'مكيف', '', '', '1800W Electros', '1P977NL900ZL920000058', 'وحدة', 'ضمن مشروع', '1', '', '365', '', '', '', 'No File', 'No File', '1', '8', '19', '114', ''),
(58, 14, 1, 1, 13, 'AC', 'مكيف', '', '', '1800W Electros', '1P977NL900ZL920000056', 'وحدة', 'ضمن مشروع', '1', '', '365', '', '', '', 'No File', 'No File', '1', '8', '19', '114', ''),
(59, 15, 1, 1, 13, 'AC', 'مكيف', '', '', '1800W Electros', '1P977NL900ZL920000060', 'وحدة', 'ضمن مشروع', '1', '', '365', '', '', '', 'No File', 'No File', '1', '8', '19', '114', ''),
(60, 15, 1, 1, 13, 'AC', 'مكيف', '', '', '1800W Electros', '1P977NL900ZL920000060', 'وحدة', 'ضمن مشروع', '1', '', '365', '', '', '', 'No File', 'No File', '1', '8', '19', '114', ''),
(61, 22, 1, 1, 13, 'AC', 'مكيف', '', '', '2000W LG', '504KAFX02B43', 'وحدة', 'ضمن مشروع', '1', '', '365', '', '', '', 'No File', 'No File', '1', '8', '19', '312', ''),
(62, 18, 1, 1, 13, 'AC', 'مكيف', '', '', '2100W RHEEM', 'RQNW24APCT01', 'بناء', 'ضمن مشروع', '1', '', '365', '', '', '', 'No File', 'No File', '1', '8', '19', '', ''),
(63, 18, 1, 1, 15, 'Lift', 'مصعد', '', '', 'Erigo 374', '01390014D500103', 'بناء', 'ضمن مشروع', '1', '', '365', '', '', '', 'No File', 'No File', '1', '8', '19', '', ''),
(64, 18, 1, 1, 15, 'Lift', 'مصعد', '', '', 'Erigo 375', '01390014D500101', 'بناء', 'ضمن مشروع', '1', '', '365', '', '', '', 'No File', 'No File', '1', '8', '19', '', ''),
(65, 2, 1, 1, 36, 'Water Pump Fire Fighting System', 'مضخة حريق ', '', '', ' NAFFCO 97 psi', 'UF100724', 'بناء', 'ضمن مشروع', '1', '', '365', '', '', '', 'No File', 'No File', '1', '8', '19', '', ''),
(66, 6, 1, 1, 13, 'AC', 'مكيف', '', '', 'Aftron 2000W', '11374NF2025700000438', 'بناء', 'ضمن مشروع', '1', '', '365', '', '', '', 'No File', 'No File', '1', '13', '52', '', ''),
(67, 5, 1, 1, 13, 'AC', 'مكيف', '', '', 'Aftron 2000W', '11374NF2025700000007', 'بناء', 'ضمن مشروع', '1', '', '365', '', '', '', 'No File', 'No File', '1', '13', '52', '', ''),
(68, 7, 1, 1, 13, 'AC', 'مكيف', '', '', 'Aftron 2000W', '11374NF2025700000000', 'بناء', 'ضمن مشروع', '1', '', '365', '', '', '', 'No File', 'No File', '1', '13', '52', '', ''),
(69, 8, 1, 1, 13, 'AC', 'مكيف', '', '', 'Aftron 2000W', '11374NF2025700000467', 'بناء', 'ضمن مشروع', '1', '', '365', '', '', '', 'No File', 'No File', '1', '13', '52', '', ''),
(70, 20, 1, 1, 13, 'AC', 'مكيف', '', '', 'Aftron 2000W', '11374NF2025700000447', 'بناء', 'ضمن مشروع', '1', '', '365', '', '', '', 'No File', 'No File', '1', '13', '52', '', ''),
(71, 9, 1, 1, 13, 'AC', 'مكيف', '', '', 'Aftron 2000W', '11374NF2025700000094', 'بناء', 'ضمن مشروع', '1', '', '365', '', '', '', 'No File', 'No File', '1', '13', '52', '', ''),
(72, 10, 1, 1, 13, 'AC', 'مكيف', '', '', 'Aftron 2000W', '--11374NF20257000000', 'بناء', 'ضمن مشروع', '1', '', '365', '', '', '', 'No File', 'No File', '1', '13', '52', '', ''),
(73, 16, 1, 1, 13, 'AC', 'مكيف', '', '', 'Gree 2200W', '3F05380005287', 'وحدة', 'ضمن مشروع', '1', '', '365', '', '', '', 'No File', 'No File', '1', '13', '52', '235', ''),
(74, 21, 1, 1, 13, 'AC', 'مكيف', '', '', 'Gree 2200W', '3F05380005420', 'وحدة', 'ضمن مشروع', '1', '', '365', '', '', '', 'No File', 'No File', '1', '13', '52', '235', ''),
(75, 12, 1, 1, 13, 'AC', 'مكيف', '', '', 'Gree 1100W', '3F00390000619', 'وحدة', 'ضمن مشروع', '1', '', '365', '', '', '', 'No File', 'No File', '1', '13', '52', '235', ''),
(76, 14, 1, 1, 13, 'AC', 'مكيف', '', '', 'Gree 1800W', '3F68490005145', 'وحدة', 'ضمن مشروع', '1', '', '365', '', '', '', 'No File', 'No File', '1', '13', '52', '235', ''),
(77, 15, 1, 1, 13, 'AC', 'مكيف', '', '', 'Gree 1800W', '3F68490005144', 'وحدة', 'ضمن مشروع', '1', '', '365', '', '', '', 'No File', 'No File', '1', '13', '52', '235', ''),
(78, 23, 1, 1, 13, 'AC', 'مكيف', '', '', 'Gree 1100W', '3F00390000265', 'وحدة', 'ضمن مشروع', '1', '', '365', '', '', '', 'No File', 'No File', '1', '13', '52', '235', ''),
(79, 16, 1, 1, 13, 'AC', 'مكيف', '', '', 'Gree 2200W', '3F05380005289', 'وحدة', 'ضمن مشروع', '1', '', '365', '', '', '', 'No File', 'No File', '1', '13', '52', '236', ''),
(80, 21, 1, 1, 13, 'AC', 'مكيف', '', '', 'Gree 2200W', '3F05380005428', 'وحدة', 'ضمن مشروع', '1', '', '365', '', '', '', 'No File', 'No File', '1', '13', '52', '236', ''),
(81, 14, 1, 1, 13, 'AC', 'مكيف', '', '', 'Gree 1800W', '3F68490005353', 'وحدة', 'ضمن مشروع', '1', '', '365', '', '', '', 'No File', 'No File', '1', '13', '52', '236', ''),
(82, 15, 1, 1, 13, 'AC', 'مكيف', '', '', 'Gree 1800W', '3F68490005147', 'وحدة', 'ضمن مشروع', '1', '', '365', '', '', '', 'No File', 'No File', '1', '13', '52', '236', ''),
(83, 23, 1, 1, 13, 'AC', 'مكيف', '', '', 'Gree 1100W', '3F00390000303', 'وحدة', 'ضمن مشروع', '1', '', '365', '', '', '', 'No File', 'No File', '1', '13', '52', '236', ''),
(84, 12, 1, 1, 13, 'AC', 'مكيف', '', '', 'Gree 1100W', '3F00390001139', 'وحدة', 'ضمن مشروع', '1', '', '365', '', '', '', 'No File', 'No File', '1', '13', '52', '236', ''),
(85, 16, 1, 1, 13, 'AC', 'مكيف', '', '', 'Gree 2200W', '3F05380003454', 'وحدة', 'ضمن مشروع', '1', '', '365', '', '', '', 'No File', 'No File', '1', '13', '52', '237', ''),
(86, 21, 1, 1, 13, 'AC', 'مكيف', '', '', 'Gree 2200W', '3F05380003419', 'وحدة', 'ضمن مشروع', '1', '', '365', '', '', '', 'No File', 'No File', '1', '13', '52', '237', ''),
(87, 12, 1, 1, 13, 'AC', 'مكيف', '', '', 'Gree 1100W', '3F00390000553', 'وحدة', 'ضمن مشروع', '1', '', '365', '', '', '', 'No File', 'No File', '1', '13', '52', '237', ''),
(88, 14, 1, 1, 13, 'AC', 'مكيف', '', '', 'Gree 1800W', '3F68490005608', 'وحدة', 'ضمن مشروع', '1', '', '365', '', '', '', 'No File', 'No File', '1', '13', '52', '237', ''),
(89, 15, 1, 1, 13, 'AC', 'مكيف', '', '', 'Gree 1800W', '3F68490004382', 'وحدة', 'ضمن مشروع', '1', '', '365', '', '', '', 'No File', 'No File', '1', '13', '52', '237', ''),
(90, 23, 1, 1, 13, 'AC', 'مكيف', '', '', 'Gree 1100W', '3F00390000394', 'وحدة', 'ضمن مشروع', '1', '', '365', '', '', '', 'No File', 'No File', '1', '13', '52', '237', ''),
(91, 16, 1, 1, 13, 'AC', 'مكيف', '', '', 'Gree 2200W', '3F05380003425', 'وحدة', 'ضمن مشروع', '1', '', '365', '', '', '', 'No File', 'No File', '1', '13', '52', '238', ''),
(92, 21, 1, 1, 13, 'AC', 'مكيف', '', '', 'Gree 2200W', '3F05380005286', 'وحدة', 'ضمن مشروع', '1', '', '365', '', '', '', 'No File', 'No File', '1', '13', '52', '238', ''),
(94, 14, 1, 1, 13, 'AC', 'مكيف', '', '', 'Gree 1800W', '3F68490005607', 'وحدة', 'ضمن مشروع', '1', '', '365', '', '', '', 'No File', 'No File', '1', '13', '52', '238', ''),
(95, 15, 1, 1, 13, 'AC', 'مكيف', '', '', 'Gree 1800W', '3F68490004805', 'وحدة', 'ضمن مشروع', '1', '', '365', '', '', '', 'No File', 'No File', '1', '13', '52', '238', ''),
(96, 23, 1, 1, 13, 'AC', 'مكيف', '', '', 'Gree 1100W', '3F00390000252', 'وحدة', 'ضمن مشروع', '1', '', '365', '', '', '', 'No File', 'No File', '1', '13', '52', '238', ''),
(97, 16, 1, 1, 13, 'AC', 'مكيف', '', '', 'Gree 2200W', '3F05380003443', 'وحدة', 'ضمن مشروع', '1', '', '365', '', '', '', 'No File', 'No File', '1', '13', '52', '239', ''),
(98, 21, 1, 1, 13, 'AC', 'مكيف', '', '', 'Gree 2200W', '3F05380005433', 'وحدة', 'ضمن مشروع', '1', '', '365', '', '', '', 'No File', 'No File', '1', '13', '52', '239', ''),
(99, 12, 1, 1, 13, 'AC', 'مكيف', '', '', 'Gree 1100W', '3F00390000546', 'وحدة', 'ضمن مشروع', '1', '', '365', '', '', '', 'No File', 'No File', '1', '13', '52', '239', ''),
(100, 14, 1, 1, 13, 'AC', 'مكيف', '', '', 'Gree 1800W', '3F68490004035', 'وحدة', 'ضمن مشروع', '1', '', '365', '', '', '', 'No File', 'No File', '1', '13', '52', '239', ''),
(101, 15, 1, 1, 13, 'AC', 'مكيف', '', '', 'Gree 1800W', '3F68490004456', 'وحدة', 'ضمن مشروع', '1', '', '365', '', '', '', 'No File', 'No File', '1', '13', '52', '239', ''),
(102, 23, 1, 1, 13, 'AC', 'مكيف', '', '', 'Gree 1100W', '3F00390000567', 'وحدة', 'ضمن مشروع', '1', '', '365', '', '', '', 'No File', 'No File', '1', '13', '52', '239', ''),
(103, 16, 1, 1, 13, 'AC', 'مكيف', '', '', 'Gree 2200W', '3F05380002938', 'وحدة', 'ضمن مشروع', '1', '', '365', '', '', '', 'No File', 'No File', '1', '13', '52', '241', ''),
(104, 21, 1, 1, 13, 'AC', 'مكيف', '', '', 'Gree 2200W', '3F05380005291', 'وحدة', 'ضمن مشروع', '1', '', '365', '', '', '', 'No File', 'No File', '1', '13', '52', '241', ''),
(105, 12, 1, 1, 13, 'AC', 'مكيف', '', '', 'Gree 1100W', '3F00390000543', 'وحدة', 'ضمن مشروع', '1', '', '365', '', '', '', 'No File', 'No File', '1', '13', '52', '241', ''),
(106, 14, 1, 1, 13, 'AC', 'مكيف', '', '', 'Gree 1800W', '3F68490004292', 'وحدة', 'ضمن مشروع', '1', '', '365', '', '', '', 'No File', 'No File', '1', '13', '52', '241', ''),
(107, 15, 1, 1, 13, 'AC', 'مكيف', '', '', 'Gree 1800W', '3F68490004449', 'وحدة', 'ضمن مشروع', '1', '', '365', '', '', '', 'No File', 'No File', '1', '13', '52', '241', ''),
(108, 23, 1, 1, 13, 'AC', 'مكيف', '', '', 'Gree 1100W', '3F00390000560', 'وحدة', 'ضمن مشروع', '1', '', '365', '', '', '', 'No File', 'No File', '1', '13', '52', '241', ''),
(109, 16, 1, 1, 13, 'AC', 'مكيف', '', '', 'Gree 2200W', '3F05390001131', 'وحدة', 'ضمن مشروع', '1', '', '365', '', '', '', 'No File', 'No File', '1', '13', '52', '242', ''),
(110, 21, 1, 1, 13, 'AC', 'مكيف', '', '', 'Gree 2200W', '3F05390001136', 'وحدة', 'ضمن مشروع', '1', '', '365', '', '', '', 'No File', 'No File', '1', '13', '52', '242', ''),
(111, 12, 1, 1, 13, 'AC', 'مكيف', '', '', 'Gree 1100W', '3F00390001128', 'وحدة', 'ضمن مشروع', '1', '', '365', '', '', '', 'No File', 'No File', '1', '13', '52', '242', ''),
(112, 12, 1, 1, 13, 'AC', 'مكيف', '', '', 'Gree 1100W', '3F00390001128', 'وحدة', 'ضمن مشروع', '1', '', '365', '', '', '', 'No File', 'No File', '1', '13', '52', '242', ''),
(113, 14, 1, 1, 13, 'AC', 'مكيف', '', '', 'Gree 1800W', '3F68490004320', 'وحدة', 'ضمن مشروع', '1', '', '365', '', '', '', 'No File', 'No File', '1', '13', '52', '242', ''),
(114, 15, 1, 1, 13, 'AC', 'مكيف', '', '', 'Gree 1800W', '3F68490004487', 'وحدة', 'ضمن مشروع', '1', '', '365', '', '', '', 'No File', 'No File', '1', '13', '52', '242', ''),
(115, 23, 1, 1, 13, 'AC', 'مكيف', '', '', 'Gree 1100W', '3F00390001136', 'وحدة', 'ضمن مشروع', '1', '', '365', '', '', '', 'No File', 'No File', '1', '13', '52', '242', ''),
(116, 16, 1, 1, 13, 'AC', 'مكيف', '', '', 'Gree 2200W', '3F05390001814', 'وحدة', 'ضمن مشروع', '1', '', '365', '', '', '', 'No File', 'No File', '1', '13', '52', '243', ''),
(117, 21, 1, 1, 13, 'AC', 'مكيف', '', '', 'Gree 2200W', '3F05380005425', 'وحدة', 'ضمن مشروع', '1', '', '365', '', '', '', 'No File', 'No File', '1', '13', '52', '243', ''),
(118, 12, 1, 1, 13, 'AC', 'مكيف', '', '', 'Gree 1100W', '3F00390001144', 'وحدة', 'ضمن مشروع', '1', '', '365', '', '', '', 'No File', 'No File', '1', '13', '52', '243', ''),
(119, 14, 1, 1, 13, 'AC', 'مكيف', '', '', 'Gree 1800W', '3F68490004712', 'وحدة', 'ضمن مشروع', '1', '', '365', '', '', '', 'No File', 'No File', '1', '13', '52', '243', ''),
(120, 15, 1, 1, 13, 'AC', 'مكيف', '', '', 'Gree 1800W', '3F68490004324', 'وحدة', 'ضمن مشروع', '1', '', '365', '', '', '', 'No File', 'No File', '1', '13', '52', '243', ''),
(121, 23, 1, 1, 13, 'AC', 'مكيف', '', '', 'Gree 1100W', '3F00390000627', 'وحدة', 'ضمن مشروع', '1', '', '365', '', '', '', 'No File', 'No File', '1', '13', '52', '243', ''),
(123, 16, 1, 1, 13, 'AC', 'مكيف', '', '', 'Gree 2200W', '3F05380000--', 'وحدة', 'ضمن مشروع', '1', '', '365', '', '', '', 'No File', 'No File', '1', '13', '52', '244', ''),
(124, 21, 1, 1, 13, 'AC', 'مكيف', '', '', 'Gree 2200W', '3F05380000--', 'وحدة', 'ضمن مشروع', '1', '', '365', '', '', '', 'No File', 'No File', '1', '13', '52', '244', ''),
(125, 12, 1, 1, 13, 'AC', 'مكيف', '', '', 'Gree 1100W', '3F00390000342', 'وحدة', 'ضمن مشروع', '1', '', '365', '', '', '', 'No File', 'No File', '1', '13', '52', '244', ''),
(126, 14, 1, 1, 13, 'AC', 'مكيف', '', '', 'Gree 1800W', '3F68490003237', 'وحدة', 'ضمن مشروع', '1', '', '365', '', '', '', 'No File', 'No File', '1', '13', '52', '244', ''),
(127, 15, 1, 1, 13, 'AC', 'مكيف', '', '', 'Gree 1800W', '3F68490003231', 'وحدة', 'ضمن مشروع', '1', '', '365', '', '', '', 'No File', 'No File', '1', '13', '52', '244', ''),
(128, 23, 1, 1, 13, 'AC', 'مكيف', '', '', 'Gree 1100W', '3F00390000---', 'وحدة', 'ضمن مشروع', '1', '', '365', '', '', '', 'No File', 'No File', '1', '13', '52', '244', ''),
(129, 16, 1, 1, 13, 'AC', 'مكيف', '', '', 'Gree 2200W', '3F05390001096', 'وحدة', 'ضمن مشروع', '1', '', '365', '', '', '', 'No File', 'No File', '1', '13', '52', '245', ''),
(130, 21, 1, 1, 13, 'AC', 'مكيف', '', '', 'Gree 2200W', '3F05390003358', 'وحدة', 'ضمن مشروع', '1', '', '365', '', '', '', 'No File', 'No File', '1', '13', '52', '245', ''),
(131, 12, 1, 1, 13, 'AC', 'مكيف', '', '', 'Gree 1100W', '3F00390000914', 'وحدة', 'ضمن مشروع', '1', '', '365', '', '', '', 'No File', 'No File', '1', '13', '52', '245', ''),
(132, 14, 1, 1, 13, 'AC', 'مكيف', '', '', 'Gree 1800W', '3F68490003402', 'وحدة', 'ضمن مشروع', '1', '', '365', '', '', '', 'No File', 'No File', '1', '13', '52', '245', ''),
(133, 15, 1, 1, 13, 'AC', 'مكيف', '', '', 'Gree 1800W', '3F68490003230', 'وحدة', 'ضمن مشروع', '1', '', '365', '', '', '', 'No File', 'No File', '1', '13', '52', '245', ''),
(134, 23, 1, 1, 13, 'AC', 'مكيف', '', '', 'Gree 1100W', '3F00390000622', 'وحدة', 'ضمن مشروع', '1', '', '365', '', '', '', 'No File', 'No File', '1', '13', '52', '245', ''),
(135, 16, 1, 1, 13, 'AC', 'مكيف', '', '', 'Gree 2200W', '3F05390003364', 'وحدة', 'ضمن مشروع', '1', '', '365', '', '', '', 'No File', 'No File', '1', '13', '52', '246', ''),
(136, 21, 1, 1, 13, 'AC', 'مكيف', '', '', 'Gree 2200W', '3F05390003360', 'وحدة', 'ضمن مشروع', '1', '', '365', '', '', '', 'No File', 'No File', '1', '13', '52', '246', ''),
(137, 12, 1, 1, 13, 'AC', 'مكيف', '', '', 'Gree 1100W', '3F00390001035', 'وحدة', 'ضمن مشروع', '1', '', '365', '', '', '', 'No File', 'No File', '1', '13', '52', '246', ''),
(138, 14, 1, 1, 13, 'AC', 'مكيف', '', '', 'Gree 1800W', '3F68490003406', 'وحدة', 'ضمن مشروع', '1', '', '365', '', '', '', 'No File', 'No File', '1', '13', '52', '246', ''),
(139, 15, 1, 1, 13, 'AC', 'مكيف', '', '', 'Gree 1800W', '3F68490003387', 'وحدة', 'ضمن مشروع', '1', '', '365', '', '', '', 'No File', 'No File', '1', '13', '52', '246', ''),
(140, 23, 1, 1, 13, 'AC', 'مكيف', '', '', 'Gree 1100W', '3F00390001120', 'وحدة', 'ضمن مشروع', '1', '', '365', '', '', '', 'No File', 'No File', '1', '13', '52', '246', ''),
(141, 16, 1, 1, 13, 'AC', 'مكيف', '', '', 'Gree 2200W', '3F05390003461', 'وحدة', 'ضمن مشروع', '1', '', '365', '', '', '', 'No File', 'No File', '1', '13', '52', '247', ''),
(142, 16, 1, 1, 13, 'AC', 'مكيف', '', '', 'Gree 2200W', '3F05390003461', 'وحدة', 'ضمن مشروع', '1', '', '365', '', '', '', 'No File', 'No File', '1', '13', '52', '247', ''),
(143, 21, 1, 1, 13, 'AC', 'مكيف', '', '', 'Gree 2200W', '3F05390003366', 'وحدة', 'ضمن مشروع', '1', '', '365', '', '', '', 'No File', 'No File', '1', '13', '52', '247', ''),
(144, 12, 1, 1, 13, 'AC', 'مكيف', '', '', 'Gree 1100W', '3F00390000915', 'وحدة', 'ضمن مشروع', '1', '', '365', '', '', '', 'No File', 'No File', '1', '13', '52', '247', ''),
(145, 14, 1, 1, 13, 'AC', 'مكيف', '', '', 'Gree 1800W', '3F68490003422', 'وحدة', 'ضمن مشروع', '1', '', '365', '', '', '', 'No File', 'No File', '1', '13', '52', '247', ''),
(146, 14, 1, 1, 13, 'AC', 'مكيف', '', '', 'Gree 1800W', '3F68490003242', 'وحدة', 'ضمن مشروع', '1', '', '365', '', '', '', 'No File', 'No File', '1', '13', '52', '247', ''),
(147, 15, 1, 1, 13, 'AC', 'مكيف', '', '', 'Gree 1800W', '3F68490004670', 'وحدة', 'ضمن مشروع', '1', '', '365', '', '', '', 'No File', 'No File', '1', '13', '52', '247', ''),
(148, 23, 1, 1, 13, 'AC', 'مكيف', '', '', 'Gree 1100W', '3F00390001131', 'وحدة', 'ضمن مشروع', '1', '', '365', '', '', '', 'No File', 'No File', '1', '13', '52', '247', ''),
(149, 22, 1, 1, 13, 'AC', 'مكيف', '', '', 'Daikin 1800W', '0000713', 'وحدة', 'ضمن مشروع', '1', '', '365', '', '', '', 'No File', 'No File', '1', '13', '52', '311', ''),
(150, 19, 1, 1, 13, 'AC', 'مكيف', '', '', 'Gree 1800W', '3F68490003395', 'وحدة', 'ضمن مشروع', '1', '', '365', '', '', '', 'No File', 'No File', '1', '13', '52', '311', ''),
(151, 18, 1, 1, 13, 'AC', 'مكيف', '', '', 'Gree 2200W', '3F05390003357', 'بناء', 'ضمن مشروع', '1', '', '365', '', '', '', 'No File', 'No File', '1', '13', '52', '', ''),
(152, 18, 1, 1, 15, 'Lift1', 'مصعد', '', '', 'Comfort small G-7', '2568', 'بناء', 'ضمن مشروع', '1', '', '365', '', '', '', 'No File', 'No File', '1', '13', '52', '', ''),
(153, 18, 1, 1, 15, 'Lift2', 'مصعد', '', '', 'Comfort big G-6', '2569', 'بناء', 'ضمن مشروع', '1', '', '365', '', '', '', 'No File', 'No File', '1', '13', '52', '', ''),
(154, 5, 1, 1, 13, 'AC', 'مكيف', '', '', 'White Westing House 2000W', '540660496012826130278', 'بناء', 'ضمن مشروع', '1', '', '365', '', '', '', 'No File', 'No File', '1', '12', '25', '', ''),
(155, 22, 1, 1, 13, 'AC', 'مكيف', '', '', 'Gree 1800W', '3F68490002648', 'بناء', 'ضمن مشروع', '1', '', '365', '', '', '', 'No File', 'No File', '1', '12', '25', '', ''),
(156, 17, 1, 1, 13, 'AC', 'مكيف', '', '', 'Gree 1800W', '3F68490003967', 'وحدة', 'ضمن مشروع', '1', '', '365', '', '', '', 'No File', 'No File', '1', '12', '25', '125', ''),
(157, 16, 1, 1, 13, 'AC', 'مكيف', '', '', 'Gree 1800W', '3F68490003971', 'وحدة', 'ضمن مشروع', '1', '', '365', '', '', '', 'No File', 'No File', '1', '12', '25', '125', ''),
(158, 12, 1, 1, 13, 'AC', 'مكيف', '', '', 'Gree 1800W', '3F68490002702', 'وحدة', 'ضمن مشروع', '1', '', '365', '', '', '', 'No File', 'No File', '1', '12', '25', '125', ''),
(159, 17, 1, 1, 13, 'AC', 'مكيف', '', '', 'Gree 1800W', '3F68490002656', 'وحدة', 'ضمن مشروع', '1', '', '365', '', '', '', 'No File', 'No File', '1', '12', '25', '126', ''),
(160, 16, 1, 1, 13, 'AC', 'مكيف', '', '', 'Gree 1800W', '3F68490003759', 'وحدة', 'ضمن مشروع', '1', '', '365', '', '', '', 'No File', 'No File', '1', '12', '25', '126', ''),
(161, 12, 1, 1, 13, 'AC', 'مكيف', '', '', 'Gree 1800W', '3F68490003968', 'وحدة', 'ضمن مشروع', '1', '', '365', '', '', '', 'No File', 'No File', '1', '12', '25', '126', ''),
(162, 17, 1, 1, 13, 'AC', 'مكيف', '', '', 'Gree 1100W', '3F00390000341', 'وحدة', 'ضمن مشروع', '1', '', '365', '', '', '', 'No File', 'No File', '1', '12', '25', '127', ''),
(163, 16, 1, 1, 13, 'AC', 'مكيف', '', '', 'Gree 1800W', '3F68490003750', 'وحدة', 'ضمن مشروع', '1', '', '365', '', '', '', 'No File', 'No File', '1', '12', '25', '127', ''),
(164, 12, 1, 1, 13, 'AC', 'مكيف', '', '', 'Gree 1800W', '3F68490002750', 'وحدة', 'ضمن مشروع', '1', '', '365', '', '', '', 'No File', 'No File', '1', '12', '25', '127', ''),
(165, 17, 1, 1, 13, 'AC', 'مكيف', '', '', 'Gree 1800W', '3F68490003919', 'وحدة', 'ضمن مشروع', '1', '', '365', '', '', '', 'No File', 'No File', '1', '12', '25', '128', ''),
(166, 16, 1, 1, 13, 'AC', 'مكيف', '', '', 'Gree 1800W', '3F68490003753', 'وحدة', 'ضمن مشروع', '1', '', '365', '', '', '', 'No File', 'No File', '1', '12', '25', '128', ''),
(167, 12, 1, 1, 13, 'AC', 'مكيف', '', '', 'Gree 1800W', '3F68490002647', 'وحدة', 'ضمن مشروع', '1', '', '365', '', '', '', 'No File', 'No File', '1', '12', '25', '128', ''),
(168, 17, 1, 1, 13, 'AC', 'مكيف', '', '', 'Gree 1800W', '3F68490002695', 'وحدة', 'ضمن مشروع', '1', '', '365', '', '', '', 'No File', 'No File', '1', '12', '25', '129', ''),
(169, 16, 1, 1, 13, 'AC', 'مكيف', '', '', 'Gree 1800W', '3F68490002659', 'وحدة', 'ضمن مشروع', '1', '', '365', '', '', '', 'No File', 'No File', '1', '12', '25', '129', ''),
(170, 12, 1, 1, 13, 'AC', 'مكيف', '', '', 'Gree 1800W', '3F68490002027', 'وحدة', 'ضمن مشروع', '1', '', '365', '', '', '', 'No File', 'No File', '1', '12', '25', '129', ''),
(171, 17, 1, 1, 13, 'AC', 'مكيف', '', '', 'Gree 1100W', '3F00390000575', 'وحدة', 'ضمن مشروع', '1', '', '365', '', '', '', 'No File', 'No File', '1', '12', '25', '130', ''),
(172, 16, 1, 1, 13, 'AC', 'مكيف', '', '', 'Gree 1800W', '3F68490003935', 'وحدة', 'ضمن مشروع', '1', '', '365', '', '', '', 'No File', 'No File', '1', '12', '25', '130', ''),
(173, 12, 1, 1, 13, 'AC', 'مكيف', '', '', 'Gree 1800W', '3F68490003754', 'وحدة', 'ضمن مشروع', '1', '', '365', '', '', '', 'No File', 'No File', '1', '12', '25', '130', ''),
(174, 17, 1, 1, 13, 'AC', 'مكيف', '', '', 'Gree 1800W', '3F68490003922', 'وحدة', 'ضمن مشروع', '1', '', '365', '', '', '', 'No File', 'No File', '1', '12', '25', '131', ''),
(175, 16, 1, 1, 13, 'AC', 'مكيف', '', '', 'Gree 1800W', '3F68490003926', 'وحدة', 'ضمن مشروع', '1', '', '365', '', '', '', 'No File', 'No File', '1', '12', '25', '131', ''),
(176, 12, 1, 1, 13, 'AC', 'مكيف', '', '', 'Gree 1800W', '3F68490002658', 'وحدة', 'ضمن مشروع', '1', '', '365', '', '', '', 'No File', 'No File', '1', '12', '25', '131', ''),
(177, 17, 1, 1, 13, 'AC', 'مكيف', '', '', 'Gree 1800W', '3F68490003964', 'وحدة', 'ضمن مشروع', '1', '', '365', '', '', '', 'No File', 'No File', '1', '12', '25', '132', ''),
(178, 16, 1, 1, 13, 'AC', 'مكيف', '', '', 'Gree 1800W', '3F68490002660', 'وحدة', 'ضمن مشروع', '1', '', '365', '', '', '', 'No File', 'No File', '1', '12', '25', '132', ''),
(179, 12, 1, 1, 13, 'AC', 'مكيف', '', '', 'Gree 1800W', '3F68490002657', 'وحدة', 'ضمن مشروع', '1', '', '365', '', '', '', 'No File', 'No File', '1', '12', '25', '132', ''),
(180, 17, 1, 1, 13, 'AC', 'مكيف', '', '', 'Gree 1100W', '3F00390000587', 'وحدة', 'ضمن مشروع', '1', '', '365', '', '', '', 'No File', 'No File', '1', '12', '25', '133', ''),
(181, 16, 1, 1, 13, 'AC', 'مكيف', '', '', 'Gree 1800W', '3F68490002655', 'وحدة', 'ضمن مشروع', '1', '', '365', '', '', '', 'No File', 'No File', '1', '12', '25', '133', ''),
(182, 12, 1, 1, 13, 'AC', 'مكيف', '', '', 'Gree 1800W', '3F68490003932', 'وحدة', 'ضمن مشروع', '1', '', '365', '', '', '', 'No File', 'No File', '1', '12', '25', '133', ''),
(183, 18, 1, 1, 15, 'Lift', 'مصعد', '', '', 'Erigo 654. 400kg', '654', 'بناء', 'ضمن مشروع', '1', '', '365', '', '', '', 'No File', 'No File', '1', '12', '25', '', ''),
(184, 5, 1, 1, 13, 'AC', 'مكيف', '', '', 'Gree 1800W', '3F6849000----', 'بناء', 'ضمن مشروع', '1', '', '365', '', '', '', 'No File', 'No File', '1', '22', '35', '', ''),
(185, 16, 1, 1, 13, 'AC', 'مكيف', '', '', 'Gree 3900W', '0', 'وحدة', 'ضمن مشروع', '1', '', '365', '', '', '', 'No File', 'No File', '1', '22', '35', '193', ''),
(186, 12, 1, 1, 13, 'AC', 'مكيف', '', '', 'Gree 1800W', '3F6849000----', 'وحدة', 'ضمن مشروع', '1', '', '365', '', '', '', 'No File', 'No File', '1', '22', '35', '193', ''),
(187, 16, 1, 1, 13, 'AC', 'مكيف', '', '', 'Gree 2750W', '3F002280001825', 'وحدة', 'ضمن مشروع', '1', '', '365', '', '', '', 'No File', 'No File', '1', '22', '35', '194', ''),
(188, 12, 1, 1, 13, 'AC', 'مكيف', '', '', 'Gree 1800W', '3F68490000661', 'وحدة', 'ضمن مشروع', '1', '', '365', '', '', '', 'No File', 'No File', '1', '22', '35', '194', ''),
(189, 14, 1, 1, 13, 'AC', 'مكيف', '', '', 'Gree 1100W', '3F00380000721', 'وحدة', 'ضمن مشروع', '1', '', '365', '', '', '', 'No File', 'No File', '1', '22', '35', '194', ''),
(190, 17, 1, 1, 13, 'AC', 'مكيف', '', '', 'Gree 1100W', '3F00380000731', 'وحدة', 'ضمن مشروع', '1', '', '365', '', '', '', 'No File', 'No File', '1', '22', '35', '194', ''),
(191, 16, 1, 1, 13, 'AC', 'مكيف', '', '', 'Gree 2750W', '3F02280001852', 'وحدة', 'ضمن مشروع', '1', '', '365', '', '', '', 'No File', 'No File', '1', '22', '35', '195', ''),
(192, 12, 1, 1, 13, 'AC', 'مكيف', '', '', 'Gree 1800W', '3F68490001090', 'وحدة', 'ضمن مشروع', '1', '', '365', '', '', '', 'No File', 'No File', '1', '22', '35', '195', ''),
(193, 14, 1, 1, 13, 'AC', 'مكيف', '', '', 'Gree 1800W', '3F68490001200', 'وحدة', 'ضمن مشروع', '1', '', '365', '', '', '', 'No File', 'No File', '1', '22', '35', '195', ''),
(194, 17, 1, 1, 13, 'AC', 'مكيف', '', '', 'Gree 1100W', '3F00380001053', 'وحدة', 'ضمن مشروع', '1', '', '365', '', '', '', 'No File', 'No File', '1', '22', '35', '195', ''),
(195, 16, 1, 1, 13, 'AC', 'مكيف', '', '', 'Gree 2750W', '3F02280001833', 'وحدة', 'ضمن مشروع', '1', '', '365', '', '', '', 'No File', 'No File', '1', '22', '35', '196', ''),
(196, 12, 1, 1, 13, 'AC', 'مكيف', '', '', 'Gree 1800W', '3F68490000067', 'وحدة', 'ضمن مشروع', '1', '', '365', '', '', '', 'No File', 'No File', '1', '22', '35', '196', ''),
(197, 14, 1, 1, 13, 'AC', 'مكيف', '', '', 'Gree 1800W', '3F68490001195', 'وحدة', 'ضمن مشروع', '1', '', '365', '', '', '', 'No File', 'No File', '1', '22', '35', '196', ''),
(198, 17, 1, 1, 13, 'AC', 'مكيف', '', '', 'Gree 1100W', '3F00380001057', 'وحدة', 'ضمن مشروع', '1', '', '365', '', '', '', 'No File', 'No File', '1', '22', '35', '196', ''),
(199, 16, 1, 1, 13, 'AC', 'مكيف', '', '', 'Gree 3900W', '0', 'وحدة', 'ضمن مشروع', '1', '', '365', '', '', '', 'No File', 'No File', '1', '22', '35', '197', ''),
(200, 12, 1, 1, 13, 'AC', 'مكيف', '', '', 'Gree 1800W', '3F68490000600', 'وحدة', 'ضمن مشروع', '1', '', '365', '', '', '', 'No File', 'No File', '1', '22', '35', '197', ''),
(201, 16, 1, 1, 13, 'AC', 'مكيف', '', '', 'Gree 2750W', '3F02280001832', 'وحدة', 'ضمن مشروع', '1', '', '365', '', '', '', 'No File', 'No File', '1', '22', '35', '198', ''),
(202, 12, 1, 1, 13, 'AC', 'مكيف', '', '', 'Gree 1800W', '3F68490000603', 'وحدة', 'ضمن مشروع', '1', '', '365', '', '', '', 'No File', 'No File', '1', '22', '35', '198', ''),
(203, 14, 1, 1, 13, 'AC', 'مكيف', '', '', 'Gree 1100W', '3F00380001056', 'وحدة', 'ضمن مشروع', '1', '', '365', '', '', '', 'No File', 'No File', '1', '22', '35', '198', ''),
(204, 17, 1, 1, 13, 'AC', 'مكيف', '', '', 'Gree 1100W', '3F00380000974', 'وحدة', 'ضمن مشروع', '1', '', '365', '', '', '', 'No File', 'No File', '1', '22', '35', '198', ''),
(205, 16, 1, 1, 13, 'AC', 'مكيف', '', '', 'Gree 2750W', '3F02280001863', 'وحدة', 'ضمن مشروع', '1', '', '365', '', '', '', 'No File', 'No File', '1', '22', '35', '199', ''),
(206, 12, 1, 1, 13, 'AC', 'مكيف', '', '', 'Gree 1800W', '3F68490001196', 'وحدة', 'ضمن مشروع', '1', '', '365', '', '', '', 'No File', 'No File', '1', '22', '35', '199', ''),
(207, 14, 1, 1, 13, 'AC', 'مكيف', '', '', 'Gree 1800W', '3F68490000222', 'وحدة', 'ضمن مشروع', '1', '', '365', '', '', '', 'No File', 'No File', '1', '22', '35', '199', ''),
(208, 17, 1, 1, 13, 'AC', 'مكيف', '', '', 'Gree 1100W', '3F00380000965', 'وحدة', 'ضمن مشروع', '1', '', '365', '', '', '', 'No File', 'No File', '1', '22', '35', '199', ''),
(209, 16, 1, 1, 13, 'AC', 'مكيف', '', '', 'Gree 2750W', '3F02280001760', 'وحدة', 'ضمن مشروع', '1', '', '365', '', '', '', 'No File', 'No File', '1', '22', '35', '200', ''),
(210, 12, 1, 1, 13, 'AC', 'مكيف', '', '', 'Gree 1800W', '3F68490000658', 'وحدة', 'ضمن مشروع', '1', '', '365', '', '', '', 'No File', 'No File', '1', '22', '35', '200', ''),
(211, 14, 1, 1, 13, 'AC', 'مكيف', '', '', 'Gree 1800W', '3F68490000703', 'وحدة', 'ضمن مشروع', '1', '', '365', '', '', '', 'No File', 'No File', '1', '22', '35', '200', ''),
(212, 17, 1, 1, 13, 'AC', 'مكيف', '', '', 'Gree 1100W', '3F00380000841', 'وحدة', 'ضمن مشروع', '1', '', '365', '', '', '', 'No File', 'No File', '1', '22', '35', '200', ''),
(213, 19, 1, 1, 13, 'AC', 'مكيف', '', '', 'Gree 1800W', '3F68490001188', 'بناء', 'ضمن مشروع', '1', '', '365', '', '', '', 'No File', 'No File', '1', '22', '35', '', ''),
(214, 18, 1, 1, 13, 'AC', 'مكيف', '', '', 'Gree 1100W', '3F00380001054', 'بناء', 'ضمن مشروع', '1', '', '365', '', '', '', 'No File', 'No File', '1', '22', '35', '', ''),
(215, 18, 1, 1, 15, 'Lift', 'مصعد', '', '', 'Comfort 2481. 630kg', '2481', 'بناء', 'ضمن مشروع', '1', '', '365', '', '', '', 'No File', 'No File', '1', '22', '35', '', ''),
(216, 16, 1, 1, 13, 'AC', 'مكيف', '', '19/12/2021', 'Gree 2200W', '3G17510003677', 'وحدة', 'ضمن مشروع', '1', '', '365', '', '', '', 'No File', 'No File', '1', '17', '30', '167', NULL),
(217, 21, 1, 1, 13, 'AC', 'مكيف', '', '19/12/2021', 'Gree 1800W', '3G09000011671', 'وحدة', 'ضمن مشروع', '1', '', '365', '', '', '', 'No File', 'No File', '1', '17', '30', '167', NULL),
(218, 12, 1, 1, 13, 'AC', 'مكيف', '', '19/12/2021', 'Gree 1800W', '3G09000020518', 'وحدة', 'ضمن مشروع', '1', '', '365', '', '', '', 'No File', 'No File', '1', '17', '30', '167', NULL),
(219, 14, 1, 1, 13, 'AC', 'مكيف', '', '19/12/2021', 'Gree 1800W', '3G09000019512', 'وحدة', 'ضمن مشروع', '1', '', '365', '', '', '', 'No File', 'No File', '1', '17', '30', '167', NULL),
(220, 16, 1, 1, 13, 'AC', 'مكيف', '', '19/12/2021', 'Gree 2750W', '3F02210000815', 'وحدة', 'ضمن مشروع', '1', '', '365', '', '', '', 'No File', 'No File', '1', '17', '30', '168', NULL),
(221, 12, 1, 1, 13, 'AC', 'مكيف', '', '19/12/2021', 'Gree 1800W', '3G09000017365', 'وحدة', 'ضمن مشروع', '1', '', '365', '', '', '', 'No File', 'No File', '1', '17', '30', '168', NULL),
(222, 16, 1, 1, 13, 'AC', 'مكيف', '', '19/12/2021', 'Gree 2200W', '3G17510003691', 'وحدة', 'ضمن مشروع', '1', '', '365', '', '', '', 'No File', 'No File', '1', '17', '30', '169', NULL),
(223, 21, 1, 1, 13, 'AC', 'مكيف', '', '19/12/2021', 'Gree 2200W', '3G17510003668', 'وحدة', 'ضمن مشروع', '1', '', '365', '', '', '', 'No File', 'No File', '1', '17', '30', '169', NULL),
(224, 12, 1, 1, 13, 'AC', 'مكيف', '', '19/12/2021', 'Gree 1800W', '3G09000019647', 'وحدة', 'ضمن مشروع', '1', '', '365', '', '', '', 'No File', 'No File', '1', '17', '30', '169', NULL),
(225, 14, 1, 1, 13, 'AC', 'مكيف', '', '19/12/2021', 'Gree 1800W', '3G09000012397', 'وحدة', 'ضمن مشروع', '1', '', '365', '', '', '', 'No File', 'No File', '1', '17', '30', '169', NULL),
(226, 16, 1, 1, 13, 'AC', 'مكيف', '', '19/12/2021', 'Gree 2200W', '3G17510003592', 'وحدة', 'ضمن مشروع', '1', '', '365', '', '', '', 'No File', 'No File', '1', '17', '30', '170', NULL),
(227, 21, 1, 1, 13, 'AC', 'مكيف', '', '19/12/2021', 'Gree 1800W', '3G09000017815', 'وحدة', 'ضمن مشروع', '1', '', '365', '', '', '', 'No File', 'No File', '1', '17', '30', '170', NULL),
(228, 12, 1, 1, 13, 'AC', 'مكيف', '', '19/12/2021', 'Gree 1800W', '3G09000017827', 'وحدة', 'ضمن مشروع', '1', '', '365', '', '', '', 'No File', 'No File', '1', '17', '30', '170', NULL),
(229, 14, 1, 1, 13, 'AC', 'مكيف', '', '19/12/2021', 'Gree 1800W', '3G09000019645', 'وحدة', 'ضمن مشروع', '1', '', '365', '', '', '', 'No File', 'No File', '1', '17', '30', '170', NULL),
(230, 16, 1, 1, 13, 'AC', 'مكيف', '', '19/12/2021', 'Gree 2750W', '3F02210000818', 'وحدة', 'ضمن مشروع', '1', '', '365', '', '', '', 'No File', 'No File', '1', '17', '30', '171', NULL),
(231, 12, 1, 1, 13, 'AC', 'مكيف', '', '19/12/2021', 'Gree 1800W', '3G09000019674', 'وحدة', 'ضمن مشروع', '1', '', '365', '', '', '', 'No File', 'No File', '1', '17', '30', '171', NULL),
(232, 16, 1, 1, 13, 'AC', 'مكيف', '', '19/12/2021', 'Gree 2200W', '3G17510003698', 'وحدة', 'ضمن مشروع', '1', '', '365', '', '', '', 'No File', 'No File', '1', '17', '30', '172', NULL),
(233, 21, 1, 1, 13, 'AC', 'مكيف', '', '19/12/2021', 'Gree 2200W', '3G17510003577', 'وحدة', 'ضمن مشروع', '1', '', '365', '', '', '', 'No File', 'No File', '1', '17', '30', '172', NULL),
(234, 12, 1, 1, 13, 'AC', 'مكيف', '', '19/12/2021', 'Gree 1800W', '3G09000011677', 'وحدة', 'ضمن مشروع', '1', '', '365', '', '', '', 'No File', 'No File', '1', '17', '30', '172', NULL),
(235, 14, 1, 1, 13, 'AC', 'مكيف', '', '19/12/2021', 'Gree 1800W', '3G09000011676', 'وحدة', 'ضمن مشروع', '1', '', '365', '', '', '', 'No File', 'No File', '1', '17', '30', '172', NULL),
(236, 14, 1, 1, 13, 'AC', 'مكيف', '', '19/12/2021', 'Gree 2200W', '3G17510003673', 'وحدة', 'ضمن مشروع', '1', '', '365', '', '', '', 'No File', 'No File', '1', '17', '30', '173', NULL),
(237, 14, 1, 1, 13, 'AC', 'مكيف', '', '19/12/2021', 'Gree 1800W', '3G09000019439', 'وحدة', 'ضمن مشروع', '1', '', '365', '', '', '', 'No File', 'No File', '1', '17', '30', '173', NULL),
(238, 12, 1, 1, 13, 'AC', 'مكيف', '', '19/12/2021', 'Gree 1800W', '3G09000020513', 'وحدة', 'ضمن مشروع', '1', '', '365', '', '', '', 'No File', 'No File', '1', '17', '30', '173', NULL),
(239, 14, 1, 1, 13, 'AC', 'مكيف', '', '19/12/2021', 'Gree 1800W', '3G09000020517', 'وحدة', 'ضمن مشروع', '1', '', '365', '', '', '', 'No File', 'No File', '1', '17', '30', '173', NULL),
(240, 16, 1, 1, 13, 'AC', 'مكيف', '', '19/12/2021', 'Gree 2750W', '3F02210000808', 'وحدة', 'ضمن مشروع', '1', '', '365', '', '', '', 'No File', 'No File', '1', '17', '30', '174', NULL),
(241, 12, 1, 1, 13, 'AC', 'مكيف', '', '19/12/2021', 'Gree 1800W', '3G09000012057', 'وحدة', 'ضمن مشروع', '1', '', '365', '', '', '', 'No File', 'No File', '1', '17', '30', '174', NULL),
(242, 16, 1, 1, 13, 'AC', 'مكيف', '', '19/12/2021', 'Gree 2200W', '3G17510003672', 'وحدة', 'ضمن مشروع', '1', '', '365', '', '', '', 'No File', 'No File', '1', '17', '30', '175', NULL),
(243, 21, 1, 1, 13, 'AC', 'مكيف', '', '19/12/2021', 'Gree 2200W', '3G17510003679', 'وحدة', 'ضمن مشروع', '1', '', '365', '', '', '', 'No File', 'No File', '1', '17', '30', '175', NULL),
(244, 12, 1, 1, 13, 'AC', 'مكيف', '', '19/12/2021', 'Gree 1800W', '3G09000017579', 'وحدة', 'ضمن مشروع', '1', '', '365', '', '', '', 'No File', 'No File', '1', '17', '30', '175', NULL),
(245, 14, 1, 1, 13, 'AC', 'مكيف', '', '19/12/2021', 'Gree 1800W', '3G09000011673', 'وحدة', 'ضمن مشروع', '1', '', '365', '', '', '', 'No File', 'No File', '1', '17', '30', '175', NULL),
(246, 16, 1, 1, 13, 'AC', 'مكيف', '', '19/12/2021', 'Gree 2200W', '3G17510003599', 'وحدة', 'ضمن مشروع', '1', '', '365', '', '', '', 'No File', 'No File', '1', '17', '30', '176', NULL),
(247, 21, 1, 1, 13, 'AC', 'مكيف', '', '19/12/2021', 'Gree 1800W', '3G09000011723', 'وحدة', 'ضمن مشروع', '1', '', '365', '', '', '', 'No File', 'No File', '1', '17', '30', '176', NULL),
(248, 12, 1, 1, 13, 'AC', 'مكيف', '', '19/12/2021', 'Gree 1800W', '3G09000012272', 'وحدة', 'ضمن مشروع', '1', '', '365', '', '', '', 'No File', 'No File', '1', '17', '30', '176', NULL),
(249, 14, 1, 1, 13, 'AC', 'مكيف', '', '19/12/2021', 'Gree 1800W', '3G09000012396', 'وحدة', 'ضمن مشروع', '1', '', '365', '', '', '', 'No File', 'No File', '1', '17', '30', '176', NULL),
(250, 16, 1, 1, 13, 'AC', 'مكيف', '', '19/12/2021', 'Gree 2750W', '3F02210000810', 'وحدة', 'ضمن مشروع', '1', '', '365', '', '', '', 'No File', 'No File', '1', '17', '30', '177', NULL),
(251, 12, 1, 1, 13, 'AC', 'مكيف', '', '19/12/2021', 'Gree 1800W', '3G09000011665', 'وحدة', 'ضمن مشروع', '1', '', '365', '', '', '', 'No File', 'No File', '1', '17', '30', '177', NULL),
(252, 16, 1, 1, 13, 'AC', 'مكيف', '', '19/12/2021', 'Gree 2200W', '3G17510003694', 'وحدة', 'ضمن مشروع', '1', '', '365', '', '', '', 'No File', 'No File', '1', '17', '30', '178', NULL),
(253, 16, 1, 1, 13, 'AC', 'مكيف', '', '19/12/2021', 'Gree 2200W', '3G17510003683', 'وحدة', 'ضمن مشروع', '1', '', '365', '', '', '', 'No File', 'No File', '1', '17', '30', '178', NULL),
(254, 21, 1, 1, 13, 'AC', 'مكيف', '', '19/12/2021', 'Gree 2200W', '3G17510003683', 'وحدة', 'ضمن مشروع', '1', '', '365', '', '', '', 'No File', 'No File', '1', '17', '30', '178', NULL),
(255, 12, 1, 1, 13, 'AC', 'مكيف', '', '19/12/2021', 'Gree 1800W', '3G09000011680', 'وحدة', 'ضمن مشروع', '1', '', '365', '', '', '', 'No File', 'No File', '1', '17', '30', '178', NULL),
(256, 14, 1, 1, 13, 'AC', 'مكيف', '', '19/12/2021', 'Gree 1800W', '3G09000020514', 'وحدة', 'ضمن مشروع', '1', '', '365', '', '', '', 'No File', 'No File', '1', '17', '30', '178', NULL),
(257, 16, 1, 1, 13, 'AC', 'مكيف', '', '19/12/2021', 'Gree 2200W', '3G17510003690', 'وحدة', 'ضمن مشروع', '1', '', '365', '', '', '', 'No File', 'No File', '1', '17', '30', '179', NULL),
(258, 21, 1, 1, 13, 'AC', 'مكيف', '', '19/12/2021', 'Gree 1800W', '3G09000011719', 'وحدة', 'ضمن مشروع', '1', '', '365', '', '', '', 'No File', 'No File', '1', '17', '30', '179', NULL),
(259, 12, 1, 1, 13, 'AC', 'مكيف', '', '19/12/2021', 'Gree 1800W', '3G09000012388', 'وحدة', 'ضمن مشروع', '1', '', '365', '', '', '', 'No File', 'No File', '1', '17', '30', '179', NULL),
(260, 14, 1, 1, 13, 'AC', 'مكيف', '', '19/12/2021', 'Gree 1800W', '3G09000011725', 'وحدة', 'ضمن مشروع', '1', '', '365', '', '', '', 'No File', 'No File', '1', '17', '30', '179', NULL),
(262, 16, 1, 1, 13, 'AC', 'مكيف', '', '19/12/2021', 'Gree 2750W', '3F02210000816', 'وحدة', 'ضمن مشروع', '1', '', '365', '', '', '', 'No File', 'No File', '1', '17', '30', '180', NULL),
(263, 12, 1, 1, 13, 'AC', 'مكيف', '', '19/12/2021', 'Gree 1800W', '3G09000012263', 'وحدة', 'ضمن مشروع', '1', '', '365', '', '', '', 'No File', 'No File', '1', '17', '30', '180', NULL),
(264, 16, 1, 1, 13, 'AC', 'مكيف', '', '19/12/2021', 'Gree 2200W', '3G17510003583', 'وحدة', 'ضمن مشروع', '1', '', '365', '', '', '', 'No File', 'No File', '1', '17', '30', '181', NULL),
(265, 21, 1, 1, 13, 'AC', 'مكيف', '', '19/12/2021', 'Gree 2200W', '3G17510003695', 'وحدة', 'ضمن مشروع', '1', '', '365', '', '', '', 'No File', 'No File', '1', '17', '30', '181', NULL),
(266, 12, 1, 1, 13, 'AC', 'مكيف', '', '19/12/2021', 'Gree 1800W', '3G09000011674', 'وحدة', 'ضمن مشروع', '1', '', '365', '', '', '', 'No File', 'No File', '1', '17', '30', '181', NULL),
(267, 14, 1, 1, 13, 'AC', 'مكيف', '', '19/12/2021', 'Gree 1800W', '3G09000011720', 'وحدة', 'ضمن مشروع', '1', '', '365', '', '', '', 'No File', 'No File', '1', '17', '30', '181', NULL),
(268, 16, 1, 1, 13, 'AC', 'مكيف', '', '19/12/2021', 'Gree 2200W', '3G17510003675', 'وحدة', 'ضمن مشروع', '1', '', '365', '', '', '', 'No File', 'No File', '1', '17', '30', '182', NULL),
(270, 21, 1, 1, 13, 'AC', 'مكيف', '', '19/12/2021', 'Gree 1800W', '3G09000011679', 'وحدة', 'ضمن مشروع', '1', '', '365', '', '', '', 'No File', 'No File', '1', '17', '30', '182', NULL),
(271, 12, 1, 1, 13, 'AC', 'مكيف', '', '19/12/2021', 'Gree 1800W', '3G09000011731', 'وحدة', 'ضمن مشروع', '1', '', '365', '', '', '', 'No File', 'No File', '1', '17', '30', '182', NULL),
(272, 14, 1, 1, 13, 'AC', 'مكيف', '', '19/12/2021', 'Gree 1800W', '3G09000012400', 'وحدة', 'ضمن مشروع', '1', '', '365', '', '', '', 'No File', 'No File', '1', '17', '30', '182', NULL),
(273, 15, 1, 1, 13, 'AC', 'مكيف', '', '19/12/2021', 'Gree 2750W', '3F02210000824', 'وحدة', 'ضمن مشروع', '1', '', '365', '', '', '', 'No File', 'No File', '1', '17', '30', '182', NULL),
(274, 16, 1, 1, 13, 'AC', 'مكيف', '', '19/12/2021', 'Gree 2200W', '3G17510003684', 'وحدة', 'ضمن مشروع', '1', '', '365', '', '', '', 'No File', 'No File', '1', '17', '30', '183', NULL),
(275, 21, 1, 1, 13, 'AC', 'مكيف', '', '19/12/2021', 'Gree 2200W', '3G17510003682', 'وحدة', 'ضمن مشروع', '1', '', '365', '', '', '', 'No File', 'No File', '1', '17', '30', '183', NULL),
(276, 12, 1, 1, 13, 'AC', 'مكيف', '', '19/12/2021', 'Gree 1800W', '3G09000012394', 'وحدة', 'ضمن مشروع', '1', '', '365', '', '', '', 'No File', 'No File', '1', '17', '30', '183', NULL),
(277, 14, 1, 1, 13, 'AC', 'مكيف', '', '19/12/2021', 'Gree 1800W', '3G09000012260', 'وحدة', 'ضمن مشروع', '1', '', '365', '', '', '', 'No File', 'No File', '1', '17', '30', '183', NULL),
(278, 15, 1, 1, 13, 'AC', 'مكيف', '', '19/12/2021', 'Gree 1800W', '3G09000011721', 'وحدة', 'ضمن مشروع', '1', '', '365', '', '', '', 'No File', 'No File', '1', '17', '30', '183', NULL),
(279, 12, 1, 1, 13, 'AC', 'مكيف', '', '19/12/2021', 'Gree 1800W', '3G09000011722', 'وحدة', 'ضمن مشروع', '1', '', '365', '', '', '', 'No File', 'No File', '1', '17', '30', '184', NULL),
(280, 19, 1, 1, 13, 'AC', 'مكيف', '', '25/05/2023', 'Rheem1800W', 'RINW18ARCT01', 'بناء', 'شراء', '', '5', '', '', '', '', 'No File', 'No File', '1', '17', '30', '', NULL),
(281, 18, 1, 1, 13, 'AC', 'مكيف', '', '04/06/2023', 'Left Lift Rheem1800W', 'RINW18ARCT01', 'بناء', 'شراء', '', '5', '', '', '', '', 'No File', 'No File', '1', '17', '30', '', NULL),
(282, 18, 1, 1, 13, 'AC', 'مكيف', '', '04/06/2023', 'Right Lift Rheem1800W', 'RINW18ARCT01 -2', 'بناء', 'شراء', '', '5', '', '', '', '', 'No File', 'No File', '1', '17', '30', '', NULL),
(283, 12, 1, 1, 13, 'AC', 'مكيف', '', '', 'Window Hisense 24000BTU', 'F101-R01 ', 'وحدة', 'ضمن مشروع', '1', '', '365', '', '', '', 'No File', 'No File', '1', '17', '29', '150', NULL),
(284, 14, 1, 1, 13, 'AC', 'مكيف', '', '', 'Split Hisense 18000BTU', 'F101-R02 ', 'وحدة', 'ضمن مشروع', '1', '', '365', '', '', '', 'No File', 'No File', '1', '17', '29', '150', NULL),
(285, 15, 1, 1, 13, 'AC', 'مكيف', '', '', 'Split Hisense 18000BTU', 'F101-R03 ', 'وحدة', 'ضمن مشروع', '1', '', '365', '', '', '', 'No File', 'No File', '1', '17', '29', '150', NULL),
(286, 15, 1, 1, 13, 'AC', 'مكيف', '', '', '\r\nWindow Hisense 24000BTU', 'F102-R01 ', 'وحدة', 'ضمن مشروع', '1', '', '365', '', '', '', 'No File', 'No File', '1', '17', '29', '151', NULL),
(287, 12, 1, 1, 13, 'AC', 'مكيف', '', '', 'Window Hisense 24000BTU', 'F102-R01 ', 'وحدة', 'ضمن مشروع', '1', '', '365', '', '', '', 'No File', 'No File', '1', '17', '29', '151', NULL),
(288, 14, 1, 1, 13, 'AC', 'مكيف', '', '', 'Window Hisense 18000BTU', 'F102-R02 ', 'وحدة', 'ضمن مشروع', '1', '', '365', '', '', '', 'No File', 'No File', '1', '17', '29', '151', NULL),
(289, 15, 1, 1, 13, 'AC', 'مكيف', '', '', 'Window Hisense 18000BTU', 'F102-R03 ', 'وحدة', 'ضمن مشروع', '1', '', '365', '', '', '', 'No File', 'No File', '1', '17', '29', '151', NULL),
(290, 12, 1, 1, 13, 'AC', 'مكيف', '', '', 'Window Midea 24000BTU', 'F201-R01 ', 'وحدة', 'ضمن مشروع', '1', '', '365', '', '', '', 'No File', 'No File', '1', '17', '29', '152', NULL),
(291, 14, 1, 1, 13, 'AC', 'مكيف', '', '', 'Split HiSense 18000BTU', 'F201-R02 ', 'وحدة', 'ضمن مشروع', '1', '', '365', '', '', '', 'No File', 'No File', '1', '17', '29', '152', NULL),
(292, 15, 1, 1, 13, 'AC', 'مكيف', '', '', 'Split HiSense 18000BTU', 'F201-R03 ', 'وحدة', 'ضمن مشروع', '1', '', '365', '', '', '', 'No File', 'No File', '1', '17', '29', '152', NULL),
(293, 12, 1, 1, 13, 'AC', 'مكيف', '', '', 'Window Media 24000BTU', 'F202-R01 ', 'وحدة', 'ضمن مشروع', '1', '', '365', '', '', '', 'No File', 'No File', '1', '17', '29', '153', NULL),
(294, 14, 1, 1, 13, 'AC', 'مكيف', '', '', 'Window Hisense 18000BTU', 'F202-R02 ', 'وحدة', 'ضمن مشروع', '1', '', '365', '', '', '', 'No File', 'No File', '1', '17', '29', '153', NULL),
(295, 15, 1, 1, 13, 'AC', 'مكيف', '', '', 'Window Hisense 18000BTU', 'F202-R03 ', 'وحدة', 'ضمن مشروع', '1', '', '365', '', '', '', 'No File', 'No File', '1', '17', '29', '153', NULL),
(296, 12, 1, 1, 13, 'AC', 'مكيف', '', '', 'Window Midea 24000BTU', 'F301-R01 ', 'وحدة', 'ضمن مشروع', '1', '', '365', '', '', '', 'No File', 'No File', '1', '17', '29', '154', NULL),
(297, 14, 1, 1, 13, 'AC', 'مكيف', '', '', 'SP Hisense 18000BTU', 'F301-R02 ', 'وحدة', 'ضمن مشروع', '1', '', '365', '', '', '', 'No File', 'No File', '1', '17', '29', '154', NULL),
(298, 15, 1, 1, 13, 'AC', 'مكيف', '', '', 'SP Hisense 18000BTU', 'F301-R03 ', 'وحدة', 'ضمن مشروع', '1', '', '365', '', '', '', 'No File', 'No File', '1', '17', '29', '154', NULL),
(299, 12, 1, 1, 13, 'AC', 'مكيف', '', '', 'Win Hisense 24000BTU', 'F302-R01 ', 'وحدة', 'ضمن مشروع', '1', '', '365', '', '', '', 'No File', 'No File', '1', '17', '29', '155', NULL),
(300, 14, 1, 1, 13, 'AC', 'مكيف', '', '', 'Win Hisense 18000BTU', 'F302-R02 ', 'وحدة', 'ضمن مشروع', '1', '', '365', '', '', '', 'No File', 'No File', '1', '17', '29', '155', NULL),
(301, 15, 1, 1, 13, 'AC', 'مكيف', '', '', 'Win Hisense 18000BTU', 'F302-R03 ', 'وحدة', 'ضمن مشروع', '1', '', '365', '', '', '', 'No File', 'No File', '1', '17', '29', '155', NULL),
(302, 12, 1, 1, 13, 'AC', 'مكيف', '', '', 'Win Media 24000BTU', 'F401-R01 ', 'وحدة', 'ضمن مشروع', '1', '', '365', '', '', '', 'No File', 'No File', '1', '17', '29', '156', NULL),
(303, 14, 1, 1, 13, 'AC', 'مكيف', '', '', 'SP Hisense 18000BTU', 'F401-R02 ', 'وحدة', 'ضمن مشروع', '1', '', '365', '', '', '', 'No File', 'No File', '1', '17', '29', '156', NULL),
(304, 15, 1, 1, 13, 'AC', 'مكيف', '', '', 'SP Hisense 18000BTU', 'F401-R03 ', 'وحدة', 'ضمن مشروع', '1', '', '365', '', '', '', 'No File', 'No File', '1', '17', '29', '156', NULL),
(307, 12, 1, 1, 13, 'AC', 'مكيف', '', '', 'Win Hisense 24000BTU', 'F402-R01 ', 'وحدة', 'ضمن مشروع', '1', '', '365', '', '', '', 'No File', 'No File', '1', '17', '29', '157', NULL),
(308, 14, 1, 1, 13, 'AC', 'مكيف', '', '', 'Win Hisense 18000BTU', 'F402-R02 ', 'وحدة', 'ضمن مشروع', '1', '', '365', '', '', '', 'No File', 'No File', '1', '17', '29', '157', NULL),
(309, 15, 1, 1, 13, 'AC', 'مكيف', '', '', 'Win Hisense 18000BTU', 'F402-R03 ', 'وحدة', 'ضمن مشروع', '1', '', '365', '', '', '', 'No File', 'No File', '1', '17', '29', '157', NULL),
(310, 12, 1, 1, 13, 'AC', 'مكيف', '', '', 'Win Midea 24000BTU', 'F501-R01 ', 'وحدة', 'ضمن مشروع', '1', '', '365', '', '', '', 'No File', 'No File', '1', '17', '29', '158', NULL),
(311, 14, 1, 1, 13, 'AC', 'مكيف', '', '', 'SP Hisense 18000BTU', 'F501-R02 ', 'وحدة', 'ضمن مشروع', '1', '', '365', '', '', '', 'No File', 'No File', '1', '17', '29', '158', NULL),
(312, 15, 1, 1, 13, 'AC', 'مكيف', '', '', 'SP Hisense 18000BTU', 'F501-R03 ', 'وحدة', 'ضمن مشروع', '1', '', '365', '', '', '', 'No File', 'No File', '1', '17', '29', '158', NULL),
(313, 12, 1, 1, 13, 'AC', 'مكيف', '', '', 'Win Midea 24000BTU', 'F502-R01 ', 'وحدة', 'ضمن مشروع', '1', '', '365', '', '', '', 'No File', 'No File', '1', '17', '29', '159', NULL),
(314, 14, 1, 1, 13, 'AC', 'مكيف', '', '', 'Win Hisense 18000BTU', 'F502-R02 ', 'وحدة', 'ضمن مشروع', '1', '', '365', '', '', '', 'No File', 'No File', '1', '17', '29', '159', NULL),
(315, 15, 1, 1, 13, 'AC', 'مكيف', '', '', 'Win Hisense 18000BTU', 'F502-R03 ', 'وحدة', 'ضمن مشروع', '1', '', '365', '', '', '', 'No File', 'No File', '1', '17', '29', '159', NULL),
(317, 12, 1, 1, 13, 'AC', 'مكيف', '', '', 'SP Samsung 18000BTU', 'F601-R01 ', 'وحدة', 'ضمن مشروع', '1', '', '365', '', '', '', 'No File', 'No File', '1', '17', '29', '160', NULL),
(318, 14, 1, 1, 13, 'AC', 'مكيف', '', '', 'SP Samsung 18000BTU', 'F601-R02 ', 'وحدة', 'ضمن مشروع', '1', '', '365', '', '', '', 'No File', 'No File', '1', '17', '29', '160', NULL);
INSERT INTO `assets` (`Assets_Id`, `asset_location_Asset_Location_Id`, `vendor_type_Vendor_Type_Id`, `asset_condition_Asset_Condition_Id`, `maintenance_categoty_Categoty_Id`, `Assets_English_Name`, `Assets_Arabic_Name`, `Assets_Value`, `Purchase_Date`, `Description`, `Serial_Number`, `Main_Place`, `How_To_Get`, `Contractor`, `Buyer`, `Contractor_Waranty_Period`, `Waranty_Period`, `Waranty_Start_Date`, `Waranty_End_Date`, `Waranty_Certificate`, `Waranty_Certificate_Path`, `Inventory_Id`, `OwnerShip_Id`, `Building_ID`, `Unit_Id`, `Last_periodec_maintenance`) VALUES
(319, 15, 1, 1, 13, 'AC', 'مكيف', '', '', 'SP General 18000BTU', 'F601-R03 ', 'وحدة', 'ضمن مشروع', '1', '', '365', '', '', '', 'No File', 'No File', '1', '17', '29', '160', NULL),
(320, 12, 1, 1, 13, 'AC', 'مكيف', '', '', 'Win York 24000BTU', 'F602-R01 ', 'وحدة', 'ضمن مشروع', '1', '', '365', '', '', '', 'No File', 'No File', '1', '17', '29', '161', NULL),
(321, 14, 1, 1, 13, 'AC', 'مكيف', '', '', 'Win General 18000BTU', 'F602-R02 ', 'وحدة', 'ضمن مشروع', '1', '', '365', '', '', '', 'No File', 'No File', '1', '17', '29', '161', NULL),
(322, 15, 1, 1, 13, 'AC', 'مكيف', '', '', 'Win Aftron 18000BTU', 'F602-R03 ', 'وحدة', 'ضمن مشروع', '1', '', '365', '', '', '', 'No File', 'No File', '1', '17', '29', '161', NULL),
(323, 16, 1, 1, 13, 'AC', 'مكيف', '', '', 'SP General 30000BTU', 'E27010822298 ', 'وحدة', 'ضمن مشروع', '1', '', '365', '', '', '', 'No File', 'No File', '1', '17', '29', '162', NULL),
(324, 12, 1, 1, 13, 'AC', 'مكيف', '', '', 'SP General 18000BTU', 'E15120714334 ', 'وحدة', 'ضمن مشروع', '1', '', '365', '', '', '', 'No File', 'No File', '1', '17', '29', '162', NULL),
(325, 14, 1, 1, 13, 'AC', 'مكيف', '', '', 'SP General 18000BTU', 'E15120714371 ', 'وحدة', 'ضمن مشروع', '1', '', '365', '', '', '', 'No File', 'No File', '1', '17', '29', '162', NULL),
(326, 12, 1, 1, 13, 'AC', 'مكيف', '', '', 'SP Samsung 18000BTU', 'F702-R01 ', 'وحدة', 'ضمن مشروع', '1', '', '365', '', '', '', 'No File', 'No File', '1', '17', '29', '163', NULL),
(327, 14, 1, 1, 13, 'AC', 'مكيف', '', '', 'SP Samsung 18000BTU', 'F702-R02 ', 'وحدة', 'ضمن مشروع', '1', '', '365', '', '', '', 'No File', 'No File', '1', '17', '29', '163', NULL),
(328, 15, 1, 1, 13, 'AC', 'مكيف', '', '', 'SP Westerpoint 18000BTU', 'F702-R03 ', 'وحدة', 'ضمن مشروع', '1', '', '365', '', '', '', 'No File', 'No File', '1', '17', '29', '163', NULL),
(329, 23, 1, 1, 13, 'AC', 'مكيف', '', '', 'SP Samsung 18000BTU', 'F702-R04 ', 'وحدة', 'ضمن مشروع', '1', '', '365', '', '', '', 'No File', 'No File', '1', '17', '29', '163', NULL),
(330, 22, 1, 1, 13, 'AC', 'مكيف', '', '', 'Win General 18000BTU', 'Parking R SIDE 1.5 Ton ', 'بناء', 'ضمن مشروع', '1', '', '365', '', '', '', 'No File', 'No File', '1', '17', '29', '', NULL),
(331, 2, 1, 1, 13, 'AC', 'مكيف', '', '', 'Win General 18000BTU', 'Parking L SIDE 1.5 Ton ', 'بناء', 'ضمن مشروع', '1', '', '365', '', '', '', 'No File', 'No File', '1', '17', '29', '', NULL),
(332, 16, 1, 1, 13, 'AC', 'مكيف', '400', '', 'SP General 30000BTU', 'Flat 1 R01', 'وحدة', 'ضمن مشروع', '1', '', '365', '', '', '', 'No File', 'No File', '1', '16', '28', '3', NULL),
(333, 12, 1, 1, 13, 'AC', 'مكيف', '400', '', 'SP General 18000BTU', 'Flat 1 R02', 'وحدة', 'ضمن مشروع', '1', '', '365', '', '', '', 'No File', 'No File', '1', '16', '28', '3', NULL),
(334, 14, 1, 1, 13, 'AC', 'مكيف', '400', '', 'SP General 18000BTU', 'Flat 1 R03', 'وحدة', 'ضمن مشروع', '1', '', '365', '', '', '', 'No File', 'No File', '1', '16', '28', '3', NULL),
(335, 15, 1, 1, 13, 'AC', 'مكيف', '400', '', 'SP General 24000BTU', 'Flat 1 R04', 'وحدة', 'ضمن مشروع', '1', '', '365', '', '', '', 'No File', 'No File', '1', '16', '28', '3', NULL),
(336, 16, 1, 1, 13, 'AC', 'مكيف', '250', '', 'Window General 18000BTU', 'Flat 2 R01', 'وحدة', 'ضمن مشروع', '1', '', '365', '', '', '', 'No File', 'No File', '1', '16', '28', '4', NULL),
(337, 12, 1, 1, 13, 'AC', 'مكيف', '250', '', 'Window General 18000BTU', 'Flat 2 R02', 'وحدة', 'ضمن مشروع', '1', '', '365', '', '', '', 'No File', 'No File', '1', '16', '28', '4', NULL),
(338, 14, 1, 1, 13, 'AC', 'مكيف', '250', '', 'Window General 18000BTU', 'Flat 2 R03', 'وحدة', 'ضمن مشروع', '1', '', '365', '', '', '', 'No File', 'No File', '1', '16', '28', '4', NULL),
(339, 15, 1, 1, 13, 'AC', 'مكيف', '400', '', 'Split General 18000BTU', 'Flat 2 R04', 'وحدة', 'ضمن مشروع', '1', '', '365', '', '', '', 'No File', 'No File', '1', '16', '28', '4', NULL),
(340, 16, 1, 1, 13, 'AC', 'مكيف', '250', '', 'Window General 18000BTU', 'Flat 3 R01', 'وحدة', 'ضمن مشروع', '1', '', '365', '', '', '', 'No File', 'No File', '1', '16', '28', '5', NULL),
(341, 12, 1, 1, 13, 'AC', 'مكيف', '250', '', 'Window General 18000BTU', 'Flat 3 R02', 'وحدة', 'ضمن مشروع', '1', '', '365', '', '', '', 'No File', 'No File', '1', '16', '28', '5', NULL),
(342, 14, 1, 1, 13, 'AC', 'مكيف', '250', '', 'Window General 18000BTU', 'Flat 3 R03', 'وحدة', 'ضمن مشروع', '1', '', '365', '', '', '', 'No File', 'No File', '1', '16', '28', '5', NULL),
(343, 15, 1, 1, 13, 'AC', 'مكيف', '400', '', 'Split General 18000BTU', 'Flat 3 R04', 'وحدة', 'ضمن مشروع', '1', '', '365', '', '', '', 'No File', 'No File', '1', '16', '28', '5', NULL),
(344, 16, 1, 1, 13, 'AC', 'مكيف', '400', '', 'Split General 30000BTU', 'Flat 4 R01', 'وحدة', 'ضمن مشروع', '1', '', '365', '', '', '', 'No File', 'No File', '1', '16', '28', '6', NULL),
(345, 12, 1, 1, 13, 'AC', 'مكيف', '400', '', 'Split General 18000BTU', 'Flat 4 R02', 'وحدة', 'ضمن مشروع', '1', '', '365', '', '', '', 'No File', 'No File', '1', '16', '28', '6', NULL),
(346, 14, 1, 1, 13, 'AC', 'مكيف', '', '', 'Split General 18000BTU', 'Flat 4 R03', 'وحدة', 'ضمن مشروع', '1', '', '365', '', '', '', 'No File', 'No File', '1', '16', '28', '6', NULL),
(347, 15, 1, 1, 13, 'AC', 'مكيف', '', '', 'Split General 24000BTU', 'Flat 4 R04', 'وحدة', 'ضمن مشروع', '1', '', '365', '', '', '', 'No File', 'No File', '1', '16', '28', '6', NULL),
(348, 16, 1, 1, 13, 'AC', 'مكيف', '', '', 'Split General 30000BTU', 'Flat 5 R01', 'وحدة', 'ضمن مشروع', '1', '', '365', '', '', '', 'No File', 'No File', '1', '16', '28', '7', NULL),
(349, 12, 1, 1, 13, 'AC', 'مكيف', '', '', 'Split General 18000BTU', 'Flat 5 R02', 'وحدة', 'ضمن مشروع', '1', '', '365', '', '', '', 'No File', 'No File', '1', '16', '28', '7', NULL),
(350, 14, 1, 1, 13, 'AC', 'مكيف', '', '', 'Split General 18000BTU', 'Flat 5 R03', 'وحدة', 'ضمن مشروع', '1', '', '365', '', '', '', 'No File', 'No File', '1', '16', '28', '7', NULL),
(351, 15, 1, 1, 13, 'AC', 'مكيف', '', '', 'Split General 24000BTU', 'Flat 5 R04', 'وحدة', 'ضمن مشروع', '1', '', '365', '', '', '', 'No File', 'No File', '1', '16', '28', '7', NULL),
(352, 16, 1, 1, 13, 'AC', 'مكيف', '', '', 'Win General 18000BTU', 'Flat 6 R01', 'وحدة', 'ضمن مشروع', '1', '', '365', '', '', '', 'No File', 'No File', '1', '16', '28', '8', NULL),
(353, 12, 1, 1, 13, 'AC', 'مكيف', '', '', 'Win General 18000BTU', 'Flat 6 R02', 'وحدة', 'ضمن مشروع', '1', '', '365', '', '', '', 'No File', 'No File', '1', '16', '28', '8', NULL),
(354, 14, 1, 1, 13, 'AC', 'مكيف', '', '', 'Win General 18000BTU', 'Flat 6 R03', 'وحدة', 'ضمن مشروع', '1', '', '365', '', '', '', 'No File', 'No File', '1', '16', '28', '8', NULL),
(355, 15, 1, 1, 13, 'AC', 'مكيف', '', '', 'SP General 18000BTU', 'Flat 6 R04', 'وحدة', 'ضمن مشروع', '1', '', '365', '', '', '', 'No File', 'No File', '1', '16', '28', '8', NULL),
(362, 16, 1, 1, 13, 'AC', 'مكيف', '', '', 'Win General 18000BTU', 'Flat 7 R01', 'وحدة', 'ضمن مشروع', '1', '', '365', '', '', '', 'No File', 'No File', '1', '16', '28', '9', NULL),
(363, 12, 1, 1, 13, 'AC', 'مكيف', '', '', 'Win General 18000BTU', 'Flat 7 R02', 'وحدة', 'ضمن مشروع', '1', '', '365', '', '', '', 'No File', 'No File', '1', '16', '28', '9', NULL),
(364, 14, 1, 1, 13, 'AC', 'مكيف', '', '', 'Win General 18000BTU', 'Flat 7 R03', 'وحدة', 'ضمن مشروع', '1', '', '365', '', '', '', 'No File', 'No File', '1', '16', '28', '9', NULL),
(365, 15, 1, 1, 13, 'AC', 'مكيف', '', '', 'SP General 18000BTU', 'Flat 7 R04', 'وحدة', 'ضمن مشروع', '1', '', '365', '', '', '', 'No File', 'No File', '1', '16', '28', '9', NULL),
(366, 16, 1, 1, 13, 'AC', 'مكيف', '', '', 'SP General 30000BTU', 'Flat 8 R01', 'وحدة', 'ضمن مشروع', '1', '', '365', '', '', '', 'No File', 'No File', '1', '16', '28', '10', NULL),
(367, 12, 1, 1, 13, 'AC', 'مكيف', '', '', 'SP General 18000BTU', 'Flat 8 R02', 'وحدة', 'ضمن مشروع', '1', '', '365', '', '', '', 'No File', 'No File', '1', '16', '28', '10', NULL),
(368, 14, 1, 1, 13, 'AC', 'مكيف', '', '', 'SP General 18000BTU', 'Flat 8 R03', 'وحدة', 'ضمن مشروع', '1', '', '365', '', '', '', 'No File', 'No File', '1', '16', '28', '10', NULL),
(369, 15, 1, 1, 13, 'AC', 'مكيف', '', '', 'SP General 24000BTU', 'Flat 8 R04', 'وحدة', 'ضمن مشروع', '1', '', '365', '', '', '', 'No File', 'No File', '1', '16', '28', '10', NULL),
(370, 16, 1, 1, 13, 'AC', 'مكيف', '', '', 'SP General 30000BTU', 'Flat 9 R01', 'وحدة', 'ضمن مشروع', '1', '', '365', '', '', '', 'No File', 'No File', '1', '16', '28', '13', NULL),
(371, 12, 1, 1, 13, 'AC', 'مكيف', '', '', 'SP General 18000BTU', 'Flat 9 R02', 'وحدة', 'ضمن مشروع', '1', '', '365', '', '', '', 'No File', 'No File', '1', '16', '28', '13', NULL),
(372, 14, 1, 1, 13, 'AC', 'مكيف', '', '', 'SP General 18000BTU', 'Flat 9 R03', 'وحدة', 'ضمن مشروع', '1', '', '365', '', '', '', 'No File', 'No File', '1', '16', '28', '13', NULL),
(373, 15, 1, 1, 13, 'AC', 'مكيف', '', '', 'SP General 24000BTU', 'Flat 9 R04', 'وحدة', 'ضمن مشروع', '1', '', '365', '', '', '', 'No File', 'No File', '1', '16', '28', '13', NULL),
(374, 16, 1, 1, 13, 'AC', 'مكيف', '', '', 'Win General 18000BTU', 'Flat 10 R01', 'وحدة', 'ضمن مشروع', '1', '', '365', '', '', '', 'No File', 'No File', '1', '16', '28', '14', NULL),
(375, 12, 1, 1, 13, 'AC', 'مكيف', '', '', 'Win General 18000BTU', 'Flat 10 R02', 'وحدة', 'ضمن مشروع', '1', '', '365', '', '', '', 'No File', 'No File', '1', '16', '28', '14', NULL),
(376, 14, 1, 1, 13, 'AC', 'مكيف', '', '', 'Win General 18000BTU', 'Flat 10 R03', 'وحدة', 'ضمن مشروع', '1', '', '365', '', '', '', 'No File', 'No File', '1', '16', '28', '14', NULL),
(377, 15, 1, 1, 13, 'AC', 'مكيف', '', '', 'SP General 18000BTU', 'Flat 10 R04', 'وحدة', 'ضمن مشروع', '1', '', '365', '', '', '', 'No File', 'No File', '1', '16', '28', '14', NULL),
(378, 16, 1, 1, 13, 'AC', 'مكيف', '', '', 'Win General 18000BTU', 'Flat 11 R01', 'وحدة', 'ضمن مشروع', '1', '', '365', '', '', '', 'No File', 'No File', '1', '16', '28', '15', NULL),
(379, 12, 1, 1, 13, 'AC', 'مكيف', '', '', 'Win General 18000BTU', 'Flat 11 R02', 'وحدة', 'ضمن مشروع', '1', '', '365', '', '', '', 'No File', 'No File', '1', '16', '28', '15', NULL),
(380, 14, 1, 1, 13, 'AC', 'مكيف', '', '', 'Win General 18000BTU', 'Flat 11 R03', 'وحدة', 'ضمن مشروع', '1', '', '365', '', '', '', 'No File', 'No File', '1', '16', '28', '15', NULL),
(381, 15, 1, 1, 13, 'AC', 'مكيف', '', '', 'SP General 18000BTU', 'Flat 11 R04', 'وحدة', 'ضمن مشروع', '1', '', '365', '', '', '', 'No File', 'No File', '1', '16', '28', '15', NULL),
(382, 16, 1, 1, 13, 'AC', 'مكيف', '', '', 'SP General 30000BTU', 'Flat 12 R01', 'وحدة', 'ضمن مشروع', '1', '', '365', '', '', '', 'No File', 'No File', '1', '16', '28', '16', NULL),
(383, 12, 1, 1, 13, 'AC', 'مكيف', '', '', 'SP General 18000BTU', 'Flat 12 R02', 'وحدة', 'ضمن مشروع', '1', '', '365', '', '', '', 'No File', 'No File', '1', '16', '28', '16', NULL),
(384, 14, 1, 1, 13, 'AC', 'مكيف', '', '', 'SP General 18000BTU', 'Flat 12 R03', 'وحدة', 'ضمن مشروع', '1', '', '365', '', '', '', 'No File', 'No File', '1', '16', '28', '16', NULL),
(385, 15, 1, 1, 13, 'AC', 'مكيف', '', '', 'SP General 24000BTU', 'Flat 12 R04', 'وحدة', 'ضمن مشروع', '1', '', '365', '', '', '', 'No File', 'No File', '1', '16', '28', '16', NULL),
(386, 16, 1, 1, 13, 'AC', 'مكيف', '', '', 'SP General 30000BTU', 'Flat 13 R01', 'وحدة', 'ضمن مشروع', '1', '', '365', '', '', '', 'No File', 'No File', '1', '16', '28', '17', NULL),
(387, 12, 1, 1, 13, 'AC', 'مكيف', '', '', 'SP General 18000BTU', 'Flat 13 R02', 'وحدة', 'ضمن مشروع', '1', '', '365', '', '', '', 'No File', 'No File', '1', '16', '28', '17', NULL),
(388, 14, 1, 1, 13, 'AC', 'مكيف', '', '', 'SP General 18000BTU', 'Flat 13 R03', 'وحدة', 'ضمن مشروع', '1', '', '365', '', '', '', 'No File', 'No File', '1', '16', '28', '17', NULL),
(389, 15, 1, 1, 13, 'AC', 'مكيف', '', '', 'SP General 24000BTU', 'Flat 13 R04', 'وحدة', 'ضمن مشروع', '1', '', '365', '', '', '', 'No File', 'No File', '1', '16', '28', '17', NULL),
(390, 16, 1, 1, 13, 'AC', 'مكيف', '', '', 'Win General 18000BTU', 'Flat 14 R01', 'وحدة', 'ضمن مشروع', '1', '', '365', '', '', '', 'No File', 'No File', '1', '16', '28', '18', NULL),
(391, 12, 1, 1, 13, 'AC', 'مكيف', '', '', 'Win General 18000BTU', 'Flat 14 R02', 'وحدة', 'ضمن مشروع', '1', '', '365', '', '', '', 'No File', 'No File', '1', '16', '28', '18', NULL),
(392, 14, 1, 1, 13, 'AC', 'مكيف', '', '', 'Win General 18000BTU', 'Flat 14 R03', 'وحدة', 'ضمن مشروع', '1', '', '365', '', '', '', 'No File', 'No File', '1', '16', '28', '18', NULL),
(393, 15, 1, 1, 13, 'AC', 'مكيف', '', '', 'SP General 18000BTU', 'Flat 14 R04', 'وحدة', 'ضمن مشروع', '1', '', '365', '', '', '', 'No File', 'No File', '1', '16', '28', '18', NULL),
(394, 16, 1, 1, 13, 'AC', 'مكيف', '', '', 'SP General 18000BTU', 'Flat 15 R01', 'وحدة', 'ضمن مشروع', '1', '', '365', '', '', '', 'No File', 'No File', '1', '16', '28', '19', NULL),
(395, 12, 1, 1, 13, 'AC', 'مكيف', '', '', 'Win General 18000BTU', 'Flat 15 R02', 'وحدة', 'ضمن مشروع', '1', '', '365', '', '', '', 'No File', 'No File', '1', '16', '28', '19', NULL),
(396, 14, 1, 1, 13, 'AC', 'مكيف', '', '', 'Win General 18000BTU', 'Flat 15 R03', 'وحدة', 'ضمن مشروع', '1', '', '365', '', '', '', 'No File', 'No File', '1', '16', '28', '19', NULL),
(397, 15, 1, 1, 13, 'AC', 'مكيف', '', '', 'SP General 18000BTU', 'Flat 15 R04', 'وحدة', 'ضمن مشروع', '1', '', '365', '', '', '', 'No File', 'No File', '1', '16', '28', '19', NULL),
(398, 16, 1, 1, 13, 'AC', 'مكيف', '', '', 'SP General 30000BTU', 'Flat 16 R01', 'وحدة', 'ضمن مشروع', '1', '', '365', '', '', '', 'No File', 'No File', '1', '16', '28', '20', NULL),
(399, 12, 1, 1, 13, 'AC', 'مكيف', '', '', 'SP General 18000BTU', 'Flat 16 R02', 'وحدة', 'ضمن مشروع', '1', '', '365', '', '', '', 'No File', 'No File', '1', '16', '28', '20', NULL),
(400, 14, 1, 1, 13, 'AC', 'مكيف', '', '', 'SP General 18000BTU', 'Flat 16 R03', 'وحدة', 'ضمن مشروع', '1', '', '365', '', '', '', 'No File', 'No File', '1', '16', '28', '20', NULL),
(401, 15, 1, 1, 13, 'AC', 'مكيف', '', '', 'SP General 24000BTU', 'Flat 16 R04', 'وحدة', 'ضمن مشروع', '1', '', '365', '', '', '', 'No File', 'No File', '1', '16', '28', '20', NULL),
(402, 16, 1, 1, 13, 'AC', 'مكيف', '', '', 'SP General 30000BTU', 'Flat 17 R01', 'وحدة', 'ضمن مشروع', '1', '', '365', '', '', '', 'No File', 'No File', '1', '16', '28', '22', NULL),
(403, 12, 1, 1, 13, 'AC', 'مكيف', '', '', 'SP General 18000BTU', 'Flat 17 R02', 'وحدة', 'ضمن مشروع', '1', '', '365', '', '', '', 'No File', 'No File', '1', '16', '28', '22', NULL),
(404, 14, 1, 1, 13, 'AC', 'مكيف', '', '', 'SP General 18000BTU', 'Flat 17 R03', 'وحدة', 'ضمن مشروع', '1', '', '365', '', '', '', 'No File', 'No File', '1', '16', '28', '22', NULL),
(405, 15, 1, 1, 13, 'AC', 'مكيف', '', '', 'SP General 24000BTU', 'Flat 17 R04', 'وحدة', 'ضمن مشروع', '1', '', '365', '', '', '', 'No File', 'No File', '1', '16', '28', '22', NULL),
(406, 16, 1, 1, 13, 'AC', 'مكيف', '', '', 'Win General 18000BTU', 'Flat 18 R01', 'وحدة', 'ضمن مشروع', '1', '', '365', '', '', '', 'No File', 'No File', '1', '16', '28', '23', NULL),
(407, 12, 1, 1, 13, 'AC', 'مكيف', '', '', 'Win General 18000BTU', 'Flat 18 R02', 'وحدة', 'ضمن مشروع', '1', '', '365', '', '', '', 'No File', 'No File', '1', '16', '28', '23', NULL),
(408, 14, 1, 1, 13, 'AC', 'مكيف', '', '', 'Win General 18000BTU', 'Flat 18 R03', 'وحدة', 'ضمن مشروع', '1', '', '365', '', '', '', 'No File', 'No File', '1', '16', '28', '23', NULL),
(409, 15, 1, 1, 13, 'AC', 'مكيف', '', '', 'SP General 18000BTU', 'Flat 18 R04', 'وحدة', 'ضمن مشروع', '1', '', '365', '', '', '', 'No File', 'No File', '1', '16', '28', '23', NULL),
(410, 16, 1, 1, 13, 'AC', 'مكيف', '', '', 'Win General 18000BTU', 'Flat 19 R01', 'وحدة', 'ضمن مشروع', '1', '', '365', '', '', '', 'No File', 'No File', '1', '16', '28', '24', NULL),
(411, 12, 1, 1, 13, 'AC', 'مكيف', '', '', 'Win General 18000BTU', 'Flat 19 R02', 'وحدة', 'ضمن مشروع', '1', '', '365', '', '', '', 'No File', 'No File', '1', '16', '28', '24', NULL),
(412, 14, 1, 1, 13, 'AC', 'مكيف', '', '', 'Win General 18000BTU', 'Flat 19 R03', 'وحدة', 'ضمن مشروع', '1', '', '365', '', '', '', 'No File', 'No File', '1', '16', '28', '24', NULL),
(413, 15, 1, 1, 13, 'AC', 'مكيف', '', '', 'SP General 18000BTU', 'Flat 19 R04', 'وحدة', 'ضمن مشروع', '1', '', '365', '', '', '', 'No File', 'No File', '1', '16', '28', '24', NULL),
(414, 16, 1, 1, 13, 'AC', 'مكيف', '', '', 'SP General 30000BTU', 'Flat 20 R01', 'وحدة', 'ضمن مشروع', '1', '', '365', '', '', '', 'No File', 'No File', '1', '16', '28', '25', NULL),
(415, 12, 1, 1, 13, 'AC', 'مكيف', '', '', 'SP General 18000BTU', 'Flat 20 R02', 'وحدة', 'ضمن مشروع', '1', '', '365', '', '', '', 'No File', 'No File', '1', '16', '28', '25', NULL),
(416, 14, 1, 1, 13, 'AC', 'مكيف', '', '', 'SP General 18000BTU', 'Flat 20 R03', 'وحدة', 'ضمن مشروع', '1', '', '365', '', '', '', 'No File', 'No File', '1', '16', '28', '25', NULL),
(417, 15, 1, 1, 13, 'AC', 'مكيف', '', '', 'SP General 24000BTU', 'Flat 20 R04', 'وحدة', 'ضمن مشروع', '1', '', '365', '', '', '', 'No File', 'No File', '1', '16', '28', '25', NULL),
(418, 16, 1, 1, 13, 'AC', 'مكيف', '', '', 'SP General 30000BTU', 'Flat 21 R01', 'وحدة', 'ضمن مشروع', '1', '', '365', '', '', '', 'No File', 'No File', '1', '16', '28', '26', NULL),
(419, 12, 1, 1, 13, 'AC', 'مكيف', '', '', 'SP General 18000BTU', 'Flat 21 R02', 'وحدة', 'ضمن مشروع', '1', '', '365', '', '', '', 'No File', 'No File', '1', '16', '28', '26', NULL),
(420, 14, 1, 1, 13, 'AC', 'مكيف', '', '', 'SP General 18000BTU', 'Flat 21 R03', 'وحدة', 'ضمن مشروع', '1', '', '365', '', '', '', 'No File', 'No File', '1', '16', '28', '26', NULL),
(421, 15, 1, 1, 13, 'AC', 'مكيف', '', '', 'SP General 24000BTU', 'Flat 21 R04', 'وحدة', 'ضمن مشروع', '1', '', '365', '', '', '', 'No File', 'No File', '1', '16', '28', '26', NULL),
(422, 16, 1, 1, 13, 'AC', 'مكيف', '', '', 'Win General 18000BTU', 'Flat 22 R01', 'وحدة', 'ضمن مشروع', '1', '', '365', '', '', '', 'No File', 'No File', '1', '16', '28', '27', NULL),
(423, 16, 1, 1, 13, 'AC', 'مكيف', '', '', 'Win General 18000BTU', 'Flat 22 R01', 'وحدة', 'ضمن مشروع', '1', '', '365', '', '', '', 'No File', 'No File', '1', '16', '28', '27', NULL),
(424, 12, 1, 1, 13, 'AC', 'مكيف', '', '', 'Win General 18000BTU', 'Flat 22 R02', 'وحدة', 'ضمن مشروع', '1', '', '365', '', '', '', 'No File', 'No File', '1', '16', '28', '27', NULL),
(425, 14, 1, 1, 13, 'AC', 'مكيف', '', '', 'Win General 18000BTU', 'Flat 22 R03', 'وحدة', 'ضمن مشروع', '1', '', '365', '', '', '', 'No File', 'No File', '1', '16', '28', '27', NULL),
(426, 15, 1, 1, 13, 'AC', 'مكيف', '', '', 'SP General 18000BTU', 'Flat 22 R04', 'وحدة', 'ضمن مشروع', '1', '', '365', '', '', '', 'No File', 'No File', '1', '16', '28', '27', NULL),
(427, 16, 1, 1, 13, 'AC', 'مكيف', '', '', 'Win General 18000BTU', 'Flat 23 R01', 'وحدة', 'ضمن مشروع', '1', '', '365', '', '', '', 'No File', 'No File', '1', '16', '28', '28', NULL),
(428, 12, 1, 1, 13, 'AC', 'مكيف', '', '', 'Win General 18000BTU', 'Flat 23 R02', 'وحدة', 'ضمن مشروع', '1', '', '365', '', '', '', 'No File', 'No File', '1', '16', '28', '28', NULL),
(429, 14, 1, 1, 13, 'AC', 'مكيف', '', '', 'Win General 18000BTU', 'Flat 23 R03', 'وحدة', 'ضمن مشروع', '1', '', '365', '', '', '', 'No File', 'No File', '1', '16', '28', '28', NULL),
(430, 15, 1, 1, 13, 'AC', 'مكيف', '', '', 'SP 18000BTU', 'Flat 23 R03', 'وحدة', 'ضمن مشروع', '1', '', '365', '', '', '', 'No File', 'No File', '1', '16', '28', '28', NULL),
(431, 16, 1, 1, 13, 'AC', 'مكيف', '', '', 'SP 30000BTU', 'Flat 24 R01', 'وحدة', 'ضمن مشروع', '1', '', '365', '', '', '', 'No File', 'No File', '1', '16', '28', '29', NULL),
(432, 12, 1, 1, 13, 'AC', 'مكيف', '', '', 'SP 18000BTU', 'Flat 24 R02', 'وحدة', 'ضمن مشروع', '1', '', '365', '', '', '', 'No File', 'No File', '1', '16', '28', '29', NULL),
(433, 14, 1, 1, 13, 'AC', 'مكيف', '', '', 'SP 18000BTU', 'Flat 24 R03', 'وحدة', 'ضمن مشروع', '1', '', '365', '', '', '', 'No File', 'No File', '1', '16', '28', '29', NULL),
(434, 15, 1, 1, 13, 'AC', 'مكيف', '', '', 'SP 24000BTU', 'Flat 24 R04', 'وحدة', 'ضمن مشروع', '1', '', '365', '', '', '', 'No File', 'No File', '1', '16', '28', '29', NULL),
(435, 16, 1, 1, 13, 'AC', 'مكيف', '', '', 'SP 30000BTU', 'Flat 25 R01', 'وحدة', 'ضمن مشروع', '1', '', '365', '', '', '', 'No File', 'No File', '1', '16', '28', '30', NULL),
(436, 12, 1, 1, 13, 'AC', 'مكيف', '', '', 'SP 18000BTU', 'Flat 25 R02', 'وحدة', 'ضمن مشروع', '1', '', '365', '', '', '', 'No File', 'No File', '1', '16', '28', '30', NULL),
(437, 14, 1, 1, 13, 'AC', 'مكيف', '', '', 'SP 18000BTU', 'Flat 25 R03', 'وحدة', 'ضمن مشروع', '1', '', '365', '', '', '', 'No File', 'No File', '1', '16', '28', '30', NULL),
(438, 14, 1, 1, 13, 'AC', 'مكيف', '', '', 'SP 18000BTU', 'Flat 25 R03', 'وحدة', 'ضمن مشروع', '1', '', '365', '', '', '', 'No File', 'No File', '1', '16', '28', '30', NULL),
(439, 15, 1, 1, 13, 'AC', 'مكيف', '', '', 'SP 24000BTU', 'Flat 25 R04', 'وحدة', 'ضمن مشروع', '1', '', '365', '', '', '', 'No File', 'No File', '1', '16', '28', '30', NULL),
(440, 16, 1, 1, 13, 'AC', 'مكيف', '', '', 'Win 18000BTU', 'Flat 26 R01', 'وحدة', 'ضمن مشروع', '1', '', '365', '', '', '', 'No File', 'No File', '1', '16', '28', '31', NULL),
(441, 12, 1, 1, 13, 'AC', 'مكيف', '', '', 'Win 18000BTU', 'Flat 26 R02', 'وحدة', 'ضمن مشروع', '1', '', '365', '', '', '', 'No File', 'No File', '1', '16', '28', '31', NULL),
(442, 14, 1, 1, 13, 'AC', 'مكيف', '', '', 'Win 18000BTU', 'Flat 26 R03', 'وحدة', 'ضمن مشروع', '1', '', '365', '', '', '', 'No File', 'No File', '1', '16', '28', '31', NULL),
(443, 15, 1, 1, 13, 'AC', 'مكيف', '', '', 'SP 18000BTU', 'Flat 26 R04', 'وحدة', 'ضمن مشروع', '1', '', '365', '', '', '', 'No File', 'No File', '1', '16', '28', '31', NULL),
(445, 16, 1, 1, 13, 'AC', 'مكيف', '', '', 'Win 18000BTU', 'Flat 27 R01', 'وحدة', 'ضمن مشروع', '1', '', '365', '', '', '', 'No File', 'No File', '1', '16', '28', '32', NULL),
(446, 12, 1, 1, 13, 'AC', 'مكيف', '', '', 'Win 18000BTU', 'Flat 27 R02', 'وحدة', 'ضمن مشروع', '1', '', '365', '', '', '', 'No File', 'No File', '1', '16', '28', '32', NULL),
(447, 14, 1, 1, 13, 'AC', 'مكيف', '', '', 'Win 18000BTU', 'Flat 27 R03', 'وحدة', 'ضمن مشروع', '1', '', '365', '', '', '', 'No File', 'No File', '1', '16', '28', '32', NULL),
(448, 15, 1, 1, 13, 'AC', 'مكيف', '', '', 'SP 18000BTU', 'Flat 27 R04', 'وحدة', 'ضمن مشروع', '1', '', '365', '', '', '', 'No File', 'No File', '1', '16', '28', '32', NULL),
(449, 16, 1, 1, 13, 'AC', 'مكيف', '', '', 'SP 30000BTU', 'Flat 28 R01', 'وحدة', 'ضمن مشروع', '1', '', '365', '', '', '', 'No File', 'No File', '1', '16', '28', '33', NULL),
(450, 12, 1, 1, 13, 'AC', 'مكيف', '', '', 'SP 18000BTU', 'Flat 28 R02', 'وحدة', 'ضمن مشروع', '1', '', '365', '', '', '', 'No File', 'No File', '1', '16', '28', '33', NULL),
(451, 14, 1, 1, 13, 'AC', 'مكيف', '', '', 'SP 18000BTU', 'Flat 28 R03', 'وحدة', 'ضمن مشروع', '1', '', '365', '', '', '', 'No File', 'No File', '1', '16', '28', '33', NULL),
(452, 15, 1, 1, 13, 'AC', 'مكيف', '', '', 'SP 24000BTU', 'Flat 28 R04', 'وحدة', 'ضمن مشروع', '1', '', '365', '', '', '', 'No File', 'No File', '1', '16', '28', '33', NULL),
(453, 22, 1, 1, 13, 'AC', 'مكيف', '', '', 'Window Sanyo 1.5 Tons', 'Flat 29 R01', 'وحدة', 'ضمن مشروع', '1', '', '365', '', '', '', 'No File', 'No File', '1', '16', '28', '34', NULL),
(454, 12, 1, 3, 13, 'AC', 'مكيف', '700', '', 'Split Westinghouse  1800W', 'Flat 001 R01', 'وحدة', 'ضمن مشروع', '1', '', '365', '', '', '', 'No File', 'No File', '1', '14', '26', '134', NULL),
(455, 14, 1, 3, 13, 'AC', 'مكيف', '700', '', 'Split Westinghouse  1800W', 'Flat 001 R02', 'وحدة', 'ضمن مشروع', '1', '', '365', '', '', '', 'No File', 'No File', '1', '14', '26', '134', NULL),
(456, 15, 1, 3, 13, 'AC', 'مكيف', '900', '', 'Split Westinghouse  2800W', 'Flat 001 R03', 'وحدة', 'ضمن مشروع', '1', '', '365', '', '', '', 'No File', 'No File', '1', '14', '26', '134', NULL),
(457, 23, 1, 3, 13, 'AC', 'مكيف', '700', '', 'Split Westinghouse  1800W', 'Flat 001 R04', 'وحدة', 'ضمن مشروع', '1', '', '365', '', '', '', 'No File', 'No File', '1', '14', '26', '134', NULL),
(458, 12, 1, 3, 13, 'AC', 'مكيف', '700', '', 'Split Westinghouse  1800W', 'Flat 002 R01', 'وحدة', 'ضمن مشروع', '1', '', '365', '', '', '', 'No File', 'No File', '1', '14', '26', '135', NULL),
(459, 14, 1, 3, 13, 'AC', 'مكيف', '700', '', 'Split Westinghouse  1800W', 'Flat 002 R02', 'وحدة', 'ضمن مشروع', '1', '', '365', '', '', '', 'No File', 'No File', '1', '14', '26', '135', NULL),
(460, 15, 1, 3, 13, 'AC', 'مكيف', '900', '', 'Split Westinghouse  2800W', 'Flat 002 R03', 'وحدة', 'ضمن مشروع', '1', '', '365', '', '', '', 'No File', 'No File', '1', '14', '26', '135', NULL),
(461, 23, 1, 3, 13, 'AC', 'مكيف', '700', '', 'Split Westinghouse  1800W', 'Flat 002 R04', 'وحدة', 'ضمن مشروع', '1', '', '365', '', '', '', 'No File', 'No File', '1', '14', '26', '135', NULL),
(462, 12, 1, 3, 13, 'AC', 'مكيف', '700', '', 'Split Westinghouse  1800W', 'Flat 003 R01', 'وحدة', 'ضمن مشروع', '1', '', '365', '', '', '', 'No File', 'No File', '1', '14', '26', '136', NULL),
(463, 14, 1, 3, 13, 'AC', 'مكيف', '700', '', 'Split Westinghouse  1800W', 'Flat 003 R02', 'وحدة', 'ضمن مشروع', '1', '', '365', '', '', '', 'No File', 'No File', '1', '14', '26', '136', NULL),
(464, 15, 1, 3, 13, 'AC', 'مكيف', '900', '', 'Split Westinghouse  2800W', 'Flat 003 R03', 'وحدة', 'ضمن مشروع', '1', '', '365', '', '', '', 'No File', 'No File', '1', '14', '26', '136', NULL),
(465, 23, 1, 3, 13, 'AC', 'مكيف', '700', '', 'Split Westinghouse  1800W', 'Flat 003 R04', 'وحدة', 'ضمن مشروع', '1', '', '365', '', '', '', 'No File', 'No File', '1', '14', '26', '136', NULL),
(466, 12, 1, 3, 13, 'AC', 'مكيف', '700', '', 'Split Westinghouse  1800W', 'Flat 004 R01', 'وحدة', 'ضمن مشروع', '1', '', '365', '', '', '', 'No File', 'No File', '1', '14', '26', '137', NULL),
(467, 14, 1, 3, 13, 'AC', 'مكيف', '700', '', 'Split Westinghouse  1800W', 'Flat 004 R02', 'وحدة', 'ضمن مشروع', '1', '', '365', '', '', '', 'No File', 'No File', '1', '14', '26', '137', NULL),
(468, 15, 1, 3, 13, 'AC', 'مكيف', '900', '', 'Split Westinghouse  2800W', 'Flat 004 R03', 'وحدة', 'ضمن مشروع', '1', '', '365', '', '', '', 'No File', 'No File', '1', '14', '26', '137', NULL),
(469, 23, 1, 3, 13, 'AC', 'مكيف', '700', '', 'Split Westinghouse  2800W', 'Flat 004 R04', 'وحدة', 'ضمن مشروع', '1', '', '365', '', '', '', 'No File', 'No File', '1', '14', '26', '137', NULL),
(470, 12, 1, 3, 13, 'AC', 'مكيف', '700', '', 'Split Westinghouse  1800W', 'Flat 005 R01', 'وحدة', 'ضمن مشروع', '1', '', '365', '', '', '', 'No File', 'No File', '1', '14', '26', '138', NULL),
(471, 14, 1, 3, 13, 'AC', 'مكيف', '700', '', 'Split Westinghouse  1800W', 'Flat 005 R02', 'وحدة', 'ضمن مشروع', '1', '', '365', '', '', '', 'No File', 'No File', '1', '14', '26', '138', NULL),
(472, 15, 1, 3, 13, 'AC', 'مكيف', '900', '', 'Split Westinghouse  2800W', 'Flat 005 R03', 'وحدة', 'ضمن مشروع', '1', '', '365', '', '', '', 'No File', 'No File', '1', '14', '26', '138', NULL),
(473, 23, 1, 3, 13, 'AC', 'مكيف', '700', '', 'Split Westinghouse  1800W', 'Flat 005 R04', 'وحدة', 'ضمن مشروع', '1', '', '365', '', '', '', 'No File', 'No File', '1', '14', '26', '138', NULL),
(474, 12, 1, 3, 13, 'AC', 'مكيف', '700', '', 'Split Westinghouse  1800W', 'Flat 006 R01', 'وحدة', 'ضمن مشروع', '1', '', '365', '', '', '', 'No File', 'No File', '1', '14', '26', '139', NULL),
(475, 14, 1, 3, 13, 'AC', 'مكيف', '700', '', 'Split Westinghouse  1800W', 'Flat 006 R02', 'وحدة', 'ضمن مشروع', '1', '', '365', '', '', '', 'No File', 'No File', '1', '14', '26', '139', NULL),
(476, 15, 1, 3, 13, 'AC', 'مكيف', '900', '', 'Split Westinghouse  2800W', 'Flat 006 R03', 'وحدة', 'ضمن مشروع', '1', '', '365', '', '', '', 'No File', 'No File', '1', '14', '26', '139', NULL),
(477, 23, 1, 3, 13, 'AC', 'مكيف', '700', '', 'Split Westinghouse  1800W', 'Flat 006 R04', 'وحدة', 'ضمن مشروع', '1', '', '365', '', '', '', 'No File', 'No File', '1', '14', '26', '139', NULL),
(478, 12, 1, 3, 13, 'AC', 'مكيف', '700', '', 'Split Westinghouse  1800W', 'Flat 007 R01', 'وحدة', 'ضمن مشروع', '1', '', '365', '', '', '', 'No File', 'No File', '1', '14', '26', '140', NULL),
(479, 14, 1, 3, 13, 'AC', 'مكيف', '700', '', 'Split Westinghouse  1800W', 'Flat 007 R02', 'وحدة', 'ضمن مشروع', '1', '', '365', '', '', '', 'No File', 'No File', '1', '14', '26', '140', NULL),
(480, 15, 1, 3, 13, 'AC', 'مكيف', '900', '', 'Split Westinghouse  2800W', 'Flat 007 R03', 'وحدة', 'ضمن مشروع', '1', '', '365', '', '', '', 'No File', 'No File', '1', '14', '26', '140', NULL),
(481, 23, 1, 3, 13, 'AC', 'مكيف', '700', '', 'Split Westinghouse  1800W', 'Flat 007 R04', 'وحدة', 'ضمن مشروع', '1', '', '365', '', '', '', 'No File', 'No File', '1', '14', '26', '140', NULL),
(482, 12, 1, 3, 13, 'AC', 'مكيف', '700', '', 'Split Westinghouse  1800W', 'Flat 008 R01', 'وحدة', 'ضمن مشروع', '1', '', '365', '', '', '', 'No File', 'No File', '1', '14', '26', '141', NULL),
(483, 14, 1, 3, 13, 'AC', 'مكيف', '700', '', 'Split Westinghouse  1800W', 'Flat 008 R02', 'وحدة', 'ضمن مشروع', '1', '', '365', '', '', '', 'No File', 'No File', '1', '14', '26', '141', NULL),
(484, 15, 1, 3, 13, 'AC', 'مكيف', '900', '', 'Split Westinghouse  2800W', 'Flat 008 R03', 'وحدة', 'ضمن مشروع', '1', '', '365', '', '', '', 'No File', 'No File', '1', '14', '26', '141', NULL),
(485, 23, 1, 3, 13, 'AC', 'مكيف', '700', '', 'Split Westinghouse  1800W', 'Flat 008 R04', 'وحدة', 'ضمن مشروع', '1', '', '365', '', '', '', 'No File', 'No File', '1', '14', '26', '141', NULL),
(486, 12, 1, 3, 13, 'AC', 'مكيف', '700', '', 'Split Westinghouse  1800W', 'Flat 009 R01', 'وحدة', 'ضمن مشروع', '1', '', '365', '', '', '', 'No File', 'No File', '1', '14', '26', '142', NULL),
(487, 14, 1, 3, 13, 'AC', 'مكيف', '700', '', 'Split Westinghouse  1800W', 'Flat 009 R02', 'وحدة', 'ضمن مشروع', '1', '', '365', '', '', '', 'No File', 'No File', '1', '14', '26', '142', NULL),
(488, 15, 1, 3, 13, 'AC', 'مكيف', '900', '', 'Split Westinghouse  2800W', 'Flat 009 R03', 'وحدة', 'ضمن مشروع', '1', '', '365', '', '', '', 'No File', 'No File', '1', '14', '26', '142', NULL),
(489, 23, 1, 3, 13, 'AC', 'مكيف', '700', '', 'Split Westinghouse  1800W', 'Flat 009 R04', 'وحدة', 'ضمن مشروع', '1', '', '365', '', '', '', 'No File', 'No File', '1', '14', '26', '142', NULL),
(490, 12, 1, 3, 13, 'AC', 'مكيف', '700', '', 'Split Westinghouse  1800W', 'Flat 010 R01', 'وحدة', 'ضمن مشروع', '1', '', '365', '', '', '', 'No File', 'No File', '1', '14', '26', '143', NULL),
(491, 14, 1, 3, 13, 'AC', 'مكيف', '700', '', 'Split Westinghouse  1800W', 'Flat 010 R02', 'وحدة', 'ضمن مشروع', '1', '', '365', '', '', '', 'No File', 'No File', '1', '14', '26', '143', NULL),
(492, 15, 1, 3, 13, 'AC', 'مكيف', '900', '', 'Split Westinghouse  2800W', 'Flat 010 R03', 'وحدة', 'ضمن مشروع', '1', '', '365', '', '', '', 'No File', 'No File', '1', '14', '26', '143', NULL),
(493, 23, 1, 3, 13, 'AC', 'مكيف', '700', '', 'Split Westinghouse  1800W', 'Flat 010 R04', 'وحدة', 'ضمن مشروع', '1', '', '365', '', '', '', 'No File', 'No File', '1', '14', '26', '143', NULL);

-- --------------------------------------------------------

--
-- Table structure for table `asset_condition`
--

CREATE TABLE `asset_condition` (
  `Asset_Condition_Id` int(11) NOT NULL,
  `Asset_English_Condition` varchar(200) NOT NULL,
  `Asset_Arabic_Condition` varchar(200) NOT NULL
) ENGINE=InnoDB DEFAULT CHARSET=utf8;

--
-- Dumping data for table `asset_condition`
--

INSERT INTO `asset_condition` (`Asset_Condition_Id`, `Asset_English_Condition`, `Asset_Arabic_Condition`) VALUES
(1, 'new ', 'جديد'),
(3, 'used', 'مستعمل');

-- --------------------------------------------------------

--
-- Table structure for table `asset_location`
--

CREATE TABLE `asset_location` (
  `Asset_Location_Id` int(11) NOT NULL,
  `Asset_English_Location` varchar(200) NOT NULL,
  `Asset_Arabic_Location` varchar(200) NOT NULL
) ENGINE=InnoDB DEFAULT CHARSET=utf8;

--
-- Dumping data for table `asset_location`
--

INSERT INTO `asset_location` (`Asset_Location_Id`, `Asset_English_Location`, `Asset_Arabic_Location`) VALUES
(1, 'Undefined', 'غير محدد'),
(2, 'main entry ', 'الساحة الرئيسيه '),
(5, 'Main Entrance ', 'المدخل الرئيسي'),
(6, 'First Floor', 'الطابق الأول'),
(7, 'Second Floor ', 'الطابق الثاني'),
(8, 'Third Floor ', 'الطابق الثالث'),
(9, 'Fifth Floor', 'الطابق الخامس'),
(10, 'Sixth Floor', 'الطابق السادس'),
(11, 'Seventh Floor', 'الطابق السابع'),
(12, 'Room 1', 'الغرفة 1'),
(14, 'Room 2', 'الغرفة 2'),
(15, 'Room 3', 'الغرفة 3'),
(16, 'Living Room', 'الصالة'),
(17, 'Kitchen', 'المطبخ'),
(18, 'Liftroom', 'غرفة المصعد'),
(19, 'Penthouse', 'غرفة السطح'),
(20, 'Fourth Floor', 'الطابق الرابع'),
(21, 'Living Room 2', 'الصالة 2'),
(22, 'Guard Room', 'غرفة حارس'),
(23, 'Room 4', 'الغرفة 4');

-- --------------------------------------------------------

--
-- Table structure for table `asset_type`
--

CREATE TABLE `asset_type` (
  `Asset_Type_Id` int(11) NOT NULL,
  `Asset_English_Type` varchar(200) NOT NULL,
  `Asset_Arabic_Type` varchar(200) NOT NULL
) ENGINE=InnoDB DEFAULT CHARSET=utf8;

--
-- Dumping data for table `asset_type`
--

INSERT INTO `asset_type` (`Asset_Type_Id`, `Asset_English_Type`, `Asset_Arabic_Type`) VALUES
(1, 'x', 'ب');

-- --------------------------------------------------------

--
-- Table structure for table `bank`
--

CREATE TABLE `bank` (
  `Bank_Id` int(11) NOT NULL,
  `Bank_Arabic_Name` varchar(200) NOT NULL,
  `Bank_English_Name` varchar(200) NOT NULL
) ENGINE=InnoDB DEFAULT CHARSET=utf8;

--
-- Dumping data for table `bank`
--

INSERT INTO `bank` (`Bank_Id`, `Bank_Arabic_Name`, `Bank_English_Name`) VALUES
(1, ' بنك قطر الوطني', 'QNB'),
(2, ' البنك التجاري', 'CBQ'),
(3, ' بنك الدوحة', 'DOHA BANK'),
(4, ' البنك األهلي', 'AHLI BANK'),
(5, ' بنك قطر الدولي', 'IBQ'),
(6, 'بنك الخليج التجاري', 'AL KHALIJI BANK'),
(7, ' بنك قطر للتنمية', 'QDB'),
(8, 'مصرف قطر الاسالمي', 'QIB'),
(9, 'بنك قطر الدولي الاسالمي', 'QIIB'),
(10, 'بنك بروة', 'BARWA BANK'),
(11, 'مصرف الريان', 'AL RAYAN BANK'),
(12, ' البنك العربي المحدود', 'ARAB BANK'),
(13, 'بنك المشرق', 'MASHREQ BANK'),
(14, 'بنك ستاندرد تشارترد', 'STANDARD CHARTERD BANK'),
(15, 'بنك اتش اس بى سى الشرق الاوسط', 'HSBC '),
(16, ' بنك يونايتد المحدود', 'UNITED BANK LTD '),
(17, ' بنك صادرات ايران', 'BSI'),
(18, ' بنك بي أن بي باريبا', 'BNP PARIBAS BANK');

-- --------------------------------------------------------

--
-- Table structure for table `building`
--

CREATE TABLE `building` (
  `Building_Id` int(11) NOT NULL,
  `Half_Building_ID` varchar(50) DEFAULT NULL,
  `owner_ship_Owner_Ship_Id` int(11) NOT NULL,
  `building_condition_Building_Condition_Id` int(11) NOT NULL,
  `building_type_Building_Type_Id` int(11) NOT NULL,
  `Building_English_Name` varchar(200) NOT NULL,
  `Building_Arabic_Name` varchar(200) NOT NULL,
  `electricity_meter` varchar(200) DEFAULT NULL,
  `Water_meter` varchar(200) DEFAULT NULL,
  `Building_NO` varchar(200) DEFAULT NULL,
  `Construction_Area` varchar(200) DEFAULT NULL,
  `Maintenance_status` varchar(200) DEFAULT NULL,
  `Building_Value` varchar(200) DEFAULT NULL,
  `Construction_Completion_Date` varchar(200) DEFAULT NULL,
  `Building_Photo` varchar(200) DEFAULT NULL,
  `Building_Photo_Path` varchar(200) DEFAULT NULL,
  `Entrance_Photo` varchar(200) DEFAULT NULL,
  `Entrance_Photo_Path` varchar(200) DEFAULT NULL,
  `Statement` varchar(200) DEFAULT NULL,
  `Statement_Path` varchar(200) DEFAULT NULL,
  `Building_Permit` varchar(200) DEFAULT NULL,
  `Building_Permit_Path` varchar(200) DEFAULT NULL,
  `certificate_of_completion` varchar(200) DEFAULT NULL,
  `certificate_of_completion_Path` varchar(200) DEFAULT NULL,
  `Image` varchar(200) DEFAULT NULL,
  `Image_Path` varchar(200) DEFAULT NULL,
  `Map` varchar(200) DEFAULT NULL,
  `Map_path` varchar(200) DEFAULT NULL,
  `Plan` varchar(200) DEFAULT NULL,
  `Plano_Path` varchar(200) DEFAULT NULL,
  `Active` varchar(45) DEFAULT NULL,
  `IsRealEsataeInvesment` varchar(50) DEFAULT NULL
) ENGINE=InnoDB DEFAULT CHARSET=utf8;

--
-- Dumping data for table `building`
--

INSERT INTO `building` (`Building_Id`, `Half_Building_ID`, `owner_ship_Owner_Ship_Id`, `building_condition_Building_Condition_Id`, `building_type_Building_Type_Id`, `Building_English_Name`, `Building_Arabic_Name`, `electricity_meter`, `Water_meter`, `Building_NO`, `Construction_Area`, `Maintenance_status`, `Building_Value`, `Construction_Completion_Date`, `Building_Photo`, `Building_Photo_Path`, `Entrance_Photo`, `Entrance_Photo_Path`, `Statement`, `Statement_Path`, `Building_Permit`, `Building_Permit_Path`, `certificate_of_completion`, `certificate_of_completion_Path`, `Image`, `Image_Path`, `Map`, `Map_path`, `Plan`, `Plano_Path`, `Active`, `IsRealEsataeInvesment`) VALUES
(8, '8', 4, 1, 15, 'Building apartments and shops Fareej Al Ghanem', 'شقق فندقية فريج الغانم', '1261848', '1217626', '8-15', '6092.14', 'مصان', '20284774', '2018', 'No File', 'No File', 'DSC_4150.JPG', '/English/Main_Application/Building_File/Entrace_Photo/DSC_4150.JPG', 'No File', 'No File', 'رخصة بناء الغانم.pdf', '/English/Main_Application/Building_File/Building_Permit/رخصة بناء الغانم.pdf', 'اتمام بناءالغانم القديم الشيخ  فهد.pdf', '/English/Main_Application/Building_File/certificate_completion/اتمام بناءالغانم القديم الشيخ  فهد.pdf', 'DSC_4155.JPG', '/English/Main_Application/Building_File/Image/DSC_4155.JPG', 'typical floor.pdf', '/English/Main_Application/Building_File/Map/typical floor.pdf', 'No File', 'No File', '1', '1'),
(11, '11', 6, 6, 7, 'Fereej Abdulaziz Twin Buildings', 'عمارة عبد العزيز القديمة ', '125146', '91760', '82', '466.8', ' قيد الدراسة ', '1265396', '2002', 'No File', 'No File', '٢٠٢٢٠٣٢١_١١٣٤٠٤.jpg', '/English/Main_Application/Building_File/Entrace_Photo/٢٠٢٢٠٣٢١_١١٣٤٠٤.jpg', 'No File', 'No File', 'رخصة بناء فريج عبدالعزيز.pdf', '/English/Main_Application/Building_File/Building_Permit/رخصة بناء فريج عبدالعزيز.pdf', 'اتمام بناء عمارة فريج عبدالعزيز.pdf', '/English/Main_Application/Building_File/certificate_completion/اتمام بناء عمارة فريج عبدالعزيز.pdf', 'DSC_4158.JPG', '/English/Main_Application/Building_File/Image/DSC_4158.JPG', 'SITE PLAN.pdf', '/English/Main_Application/Building_File/Map/SITE PLAN.pdf', 'No File', 'No File', '1', '0'),
(18, '18', 6, 6, 7, 'Fereej Abdulaziz Twin Buildings', 'عمارة عبد العزبز الجديدة ', '127153', '97763', '80', '', 'دراسة صيانة ', '1701000', '2018', 'No File', 'No File', '٢٠٢٢٠٣٢١_١١٣٤٠٤.jpg', '/English/Main_Application/Building_File/Entrace_Photo/٢٠٢٢٠٣٢١_١١٣٤٠٤.jpg', 'No File', 'No File', 'رخصة بناء فريج عبدالعزيز.pdf', '/English/Main_Application/Building_File/Building_Permit/رخصة بناء فريج عبدالعزيز.pdf', 'اتمام بناء عمارة فريج عبدالعزيز.pdf', '/English/Main_Application/Building_File/certificate_completion/اتمام بناء عمارة فريج عبدالعزيز.pdf', 'DSC_4159.JPG', '/English/Main_Application/Building_File/Image/DSC_4159.JPG', 'GroundFloor.pdf', '/English/Main_Application/Building_File/Map/GroundFloor.pdf', 'No File', 'No File', '1', '1'),
(19, '19', 8, 1, 7, 'Bin Dirham Al Kubraa', 'بن درهم الكبرى', '1181995', '', '14', '1944.55', 'مصان ', '6287000', '2015', 'No File', 'No File', '٢٠٢٢٠٣١٤_١١٤٩٢٧.jpg', '/English/Main_Application/Building_File/Entrace_Photo/٢٠٢٢٠٣١٤_١١٤٩٢٧.jpg', 'No File', 'No File', 'رخصة بناء بن درهم.pdf', '/English/Main_Application/Building_File/Building_Permit/رخصة بناء بن درهم.pdf', 'اتمام بناء عمارة فريج بن درهم الكبرى ارضي+6مكرر.pdf', '/English/Main_Application/Building_File/certificate_completion/اتمام بناء عمارة فريج بن درهم الكبرى ارضي+6مكرر.pdf', '٢٠٢٢٠٣١٤_١١٤٩٥٥.jpg', '/English/Main_Application/Building_File/Image/٢٠٢٢٠٣١٤_١١٤٩٥٥.jpg', 'Site plan1.pdf', '/English/Main_Application/Building_File/Map/Site plan1.pdf', 'No File', 'No File', '1', '1'),
(20, '20', 9, 5, 16, 'Al Najma Building  AL Makhbez', 'عمارة النجمة  المخبز', '', '25188', '19', '352', 'قيد متابعة ', '1710755', '2015', '20220320_082151.jpg', '/English/Main_Application/Building_File/Building_Photo/20220320_082151.jpg', '20220320_082306.jpg', '/English/Main_Application/Building_File/Entrace_Photo/20220320_082306.jpg', 'No File', 'No File', 'رخصة بناء نجمة المخبز.pdf', '/English/Main_Application/Building_File/Building_Permit/رخصة بناء نجمة المخبز.pdf', 'اتمام النجمة المخبز.pdf', '/English/Main_Application/Building_File/certificate_completion/اتمام النجمة المخبز.pdf', '20220320_082402.jpg', '/English/Main_Application/Building_File/Image/20220320_082402.jpg', 'No File', 'No File', 'No File', 'No File', '1', '0'),
(22, '22', 10, 8, 15, 'Al Najma Two Stores and Shop', 'عمارة دورين ومحل', '90580', '', '51', '432', 'مشروع صيانة', '0', '1990', 'No File', 'No File', 'DSC_4176.JPG', '/English/Main_Application/Building_File/Entrace_Photo/DSC_4176.JPG', 'No File', 'No File', 'رخصة بناء النجمة دورين ومحل.pdf', '/English/Main_Application/Building_File/Building_Permit/رخصة بناء النجمة دورين ومحل.pdf', 'شهادة اتمام النجمة دورين ومحل.pdf', '/English/Main_Application/Building_File/certificate_completion/شهادة اتمام النجمة دورين ومحل.pdf', 'DSC_4174.JPG', '/English/Main_Application/Building_File/Image/DSC_4174.JPG', 'خرائط النجمة دورين ومحل.pdf', '/English/Main_Application/Building_File/Map/خرائط النجمة دورين ومحل.pdf', 'No File', 'No File', '1', '0'),
(23, '23', 11, 1, 2, ' Al Najma Shops  ', 'محلات النجمة', '1183416', '1146796', '23', '120', '', '858000', '2019', 'No File', 'No File', 'DSC_4177.JPG', '/English/Main_Application/Building_File/Entrace_Photo/DSC_4177.JPG', 'No File', 'No File', 'رخصة بناء محلات النجمة.pdf', '/English/Main_Application/Building_File/Building_Permit/رخصة بناء محلات النجمة.pdf', 'شهادة اتمام بناء.pdf', '/English/Main_Application/Building_File/certificate_completion/شهادة اتمام بناء.pdf', 'DSC_4179.JPG', '/English/Main_Application/Building_File/Image/DSC_4179.JPG', 'No File', 'No File', 'No File', 'No File', '1', '0'),
(25, '25', 12, 1, 7, 'Sanyo', 'سانيو', '18915', '8175', '8', '645', 'مصان', '3249178', '2019', 'WhatsApp Image 2023-02-26 at 10.21.07 AM (3).jpeg', '/English/Main_Application/Building_File/Building_Photo/WhatsApp Image 2023-02-26 at 10.21.07 AM (3).jpeg', 'WhatsApp Image 2023-02-26 at 10.21.07 AM (4).jpeg', '/English/Main_Application/Building_File/Entrace_Photo/WhatsApp Image 2023-02-26 at 10.21.07 AM (4).jpeg', 'No File', 'No File', 'رخصة بناء سانيو.pdf', '/English/Main_Application/Building_File/Building_Permit/رخصة بناء سانيو.pdf', 'شهادة اتمام بناء سانيو..pdf', '/English/Main_Application/Building_File/certificate_completion/شهادة اتمام بناء سانيو..pdf', 'No File', 'No File', 'No File', 'No File', 'No File', 'No File', '1', '1'),
(26, '26', 14, 5, 7, 'Um Ghuwailina Hospital', 'أم غويلينة المستشفى', '18996', '8890', '107', '1800', 'قيد متابعة ', '4357500', '2014', 'No File', 'No File', 'DSC_4195.JPG', '/English/Main_Application/Building_File/Entrace_Photo/DSC_4195.JPG', 'No File', 'No File', 'رخصة بناء المستشفى.pdf', '/English/Main_Application/Building_File/Building_Permit/رخصة بناء المستشفى.pdf', 'اتمام بناء المستشفى.pdf', '/English/Main_Application/Building_File/certificate_completion/اتمام بناء المستشفى.pdf', 'DSC_4193.JPG', '/English/Main_Application/Building_File/Image/DSC_4193.JPG', 'No File', 'No File', 'No File', 'No File', '1', '0'),
(27, '27', 15, 6, 16, 'Um Ghuwailina Al Sughra', 'أم غويلينة الصغرى', '183302', '152797', '111', '403', 'دراسة صيانة ', '1086000', '2006', 'No File', 'No File', '20220320_092622.jpg', '/English/Main_Application/Building_File/Entrace_Photo/20220320_092622.jpg', 'No File', 'No File', 'رخصة بناء ام غويلينة الصغرى.pdf', '/English/Main_Application/Building_File/Building_Permit/رخصة بناء ام غويلينة الصغرى.pdf', 'شهادة اتمام بناء ام غويلينا الصغرى.pdf', '/English/Main_Application/Building_File/certificate_completion/شهادة اتمام بناء ام غويلينا الصغرى.pdf', '20220320_092539.jpg', '/English/Main_Application/Building_File/Image/20220320_092539.jpg', 'site plan.pdf', '/English/Main_Application/Building_File/Map/site plan.pdf', 'No File', 'No File', '1', '0'),
(28, '28', 16, 6, 16, 'Um Ghuwailina Al Jadida ', 'أم غويلينة الجديدة', '1089709', '', '15', '3474.2', 'دارسة صيانة ', '11333000', '2010', '20220321_095547.jpg', '/English/Main_Application/Building_File/Building_Photo/20220321_095547.jpg', '20220321_095328.jpg', '/English/Main_Application/Building_File/Entrace_Photo/20220321_095328.jpg', 'No File', 'No File', 'No File', 'No File', 'اتمام بناء الجديدة.pdf', '/English/Main_Application/Building_File/certificate_completion/اتمام بناء الجديدة.pdf', '20220321_095547.jpg', '/English/Main_Application/Building_File/Image/20220321_095547.jpg', 'site plan new.pdf', '/English/Main_Application/Building_File/Map/site plan new.pdf', 'No File', 'No File', '1', '0'),
(29, '29', 17, 1, 17, 'Um Ghuwailina Al Kubraa', 'أم غويلينة الكبرى', '1026729', '940665', '55', '403.17', 'مصان ', '7935781', '2008', '٢٠٢٢٠٣٢١_١٠٢٤٥٣.jpg', '/English/Main_Application/Building_File/Building_Photo/٢٠٢٢٠٣٢١_١٠٢٤٥٣.jpg', '٢٠٢٢٠٣٢١_١٠٢٥٥٢.jpg', '/English/Main_Application/Building_File/Entrace_Photo/٢٠٢٢٠٣٢١_١٠٢٥٥٢.jpg', 'No File', 'No File', 'No File', 'No File', 'اتمام بناء ام غويلينا الكبرى.pdf', '/English/Main_Application/Building_File/certificate_completion/اتمام بناء ام غويلينا الكبرى.pdf', '٢٠٢٢٠٣٢١_١٠٢٥٢٦.jpg', '/English/Main_Application/Building_File/Image/٢٠٢٢٠٣٢١_١٠٢٥٢٦.jpg', 'SITE PLAN al k.pdf', '/English/Main_Application/Building_File/Map/SITE PLAN al k.pdf', 'No File', 'No File', '1', '0'),
(30, '30', 17, 1, 17, 'Um Ghuwailina Al Kubraa', 'بيت الشوك', '34137', '56703', '3', '2808', 'جديد', '8194325', '2021', '٢٠٢٢٠٣٢١_١٠٢٧٠٠.jpg', '/English/Main_Application/Building_File/Building_Photo/٢٠٢٢٠٣٢١_١٠٢٧٠٠.jpg', '٢٠٢٢٠٣٢١_١٠٢٧٥٥.jpg', '/English/Main_Application/Building_File/Entrace_Photo/٢٠٢٢٠٣٢١_١٠٢٧٥٥.jpg', 'No File', 'No File', 'رخصة بناء الشوك.pdf', '/English/Main_Application/Building_File/Building_Permit/رخصة بناء الشوك.pdf', 'شهادة اتمام بناء الشوك 2 العمارة الجديدة.pdf', '/English/Main_Application/Building_File/certificate_completion/شهادة اتمام بناء الشوك 2 العمارة الجديدة.pdf', '٢٠٢٢٠٣٢١_١٠٢٧٢١.jpg', '/English/Main_Application/Building_File/Image/٢٠٢٢٠٣٢١_١٠٢٧٢١.jpg', 'site plan al shok.pdf', '/English/Main_Application/Building_File/Map/site plan al shok.pdf', 'No File', 'No File', '1', '1'),
(31, '31', 18, 1, 10, 'Two Villas in Khalifa City North  ', 'فيلتان مدينة خليفة الشمالية', '1218994', '1160000', '3،5', '', 'جديد', '1720339', '2017', 'No File', 'No File', 'WhatsApp Image 2021-03-21 at 11.15.21 AM.jpeg', '/English/Main_Application/Building_File/Entrace_Photo/WhatsApp Image 2021-03-21 at 11.15.21 AM.jpeg', 'No File', 'No File', 'No File', 'No File', 'شهادة اتمام بناء مدينة خليفة ش المنارة.pdf', '/English/Main_Application/Building_File/certificate_completion/شهادة اتمام بناء مدينة خليفة ش المنارة.pdf', 'DSC_4217.JPG', '/English/Main_Application/Building_File/Image/DSC_4217.JPG', 'No File', 'No File', 'No File', 'No File', '1', '0'),
(32, '32', 19, 7, 11, 'Villa Zawia', 'فيلا زاوية', '85999', '59387', '32', '', 'دراسة متابعة ', '1056307', '1989', 'DSC_4221.JPG', '/English/Main_Application/Building_File/Building_Photo/DSC_4221.JPG', 'DSC_4222.JPG', '/English/Main_Application/Building_File/Entrace_Photo/DSC_4222.JPG', 'No File', 'No File', 'No File', 'No File', 'شهادة اتمام بناء فيلا م خ شمالية.pdf', '/English/Main_Application/Building_File/certificate_completion/شهادة اتمام بناء فيلا م خ شمالية.pdf', 'DSC_4220.JPG', '/English/Main_Application/Building_File/Image/DSC_4220.JPG', 'No File', 'No File', 'No File', 'No File', '1', '0'),
(33, '33', 20, 7, 11, 'VillasYumna Wusta', 'فلل يمنى وسطى', '164915', '	125816', '30،28', '', 'دراسة صيانة ', '1916200', '2000', 'DSC_4227.JPG', '/English/Main_Application/Building_File/Building_Photo/DSC_4227.JPG', 'DSC_4225.JPG', '/English/Main_Application/Building_File/Entrace_Photo/DSC_4225.JPG', 'No File', 'No File', 'رخصة بناء فيلا يمنى وسطى مدينة خليفة الشمالية.pdf', '/English/Main_Application/Building_File/Building_Permit/رخصة بناء فيلا يمنى وسطى مدينة خليفة الشمالية.pdf', 'No File', 'No File', 'DSC_4223.JPG', '/English/Main_Application/Building_File/Image/DSC_4223.JPG', 'No File', 'No File', 'No File', 'No File', '1', '0'),
(34, '34', 21, 6, 11, 'Villas Sharqiat Gharbiat  Al Jamea', 'فلل شرقية غربية  الجامعة', '1052468', '962922', '45،47', '', 'دراسة صيانة ', '1916200', '2009', 'DSC_4231.JPG', '/English/Main_Application/Building_File/Building_Photo/DSC_4231.JPG', 'DSC_4229.JPG', '/English/Main_Application/Building_File/Entrace_Photo/DSC_4229.JPG', 'No File', 'No File', 'رخصة بناء فلل شرقية غربية الجامعة.pdf', '/English/Main_Application/Building_File/Building_Permit/رخصة بناء فلل شرقية غربية الجامعة.pdf', 'شهادة اتمام بناء شرقية وغربية مدينة خ ش.pdf', '/English/Main_Application/Building_File/certificate_completion/شهادة اتمام بناء شرقية وغربية مدينة خ ش.pdf', 'DSC_4231.JPG', '/English/Main_Application/Building_File/Image/DSC_4231.JPG', 'No File', 'No File', 'No File', 'No File', '1', '0'),
(35, '35', 22, 1, 7, 'Khalifa City Building Al Wadhia', 'عمارة مدينة خليفة  الوضيحية', '1355153', '1286323', '24،17', ' 1,321 ', 'مصان ', '5589156', '2019', 'DSC_4236.JPG', '/English/Main_Application/Building_File/Building_Photo/DSC_4236.JPG', 'DSC_4238.JPG', '/English/Main_Application/Building_File/Entrace_Photo/DSC_4238.JPG', 'No File', 'No File', 'رخصة بناء مدينة خليفة.pdf', '/English/Main_Application/Building_File/Building_Permit/رخصة بناء مدينة خليفة.pdf', 'شهادة اتمام بناء عمارة مدينة خليفة.pdf', '/English/Main_Application/Building_File/certificate_completion/شهادة اتمام بناء عمارة مدينة خليفة.pdf', 'DSC_4242.JPG', '/English/Main_Application/Building_File/Image/DSC_4242.JPG', 'الوضيحية.jpg', '/English/Main_Application/Building_File/Map/الوضيحية.jpg', 'No File', 'No File', '1', '1'),
(36, '36', 23, 1, 19, 'Khalifa City North House', 'منزل مدينة خليفة الشمالية', '24063', '', '9', '909', 'جديد', '156100', '2011', 'DSC_4251.JPG', '/English/Main_Application/Building_File/Building_Photo/DSC_4251.JPG', 'DSC_4252.JPG', '/English/Main_Application/Building_File/Entrace_Photo/DSC_4252.JPG', 'No File', 'No File', 'رخصة بناء منزل مدينة خليفة الشمالية.pdf', '/English/Main_Application/Building_File/Building_Permit/رخصة بناء منزل مدينة خليفة الشمالية.pdf', 'No File', 'No File', 'DSC_4250.JPG', '/English/Main_Application/Building_File/Image/DSC_4250.JPG', 'site plan house city.pdf', '/English/Main_Application/Building_File/Map/site plan house city.pdf', 'No File', 'No File', '1', '0'),
(37, '37', 24, 7, 19, ' Gharnata House', 'منزل غرناطة', '46176', '78202', '19', '', 'دراسة صيانة ', '1218000', '1980', 'DSC_4262.JPG', '/English/Main_Application/Building_File/Building_Photo/DSC_4262.JPG', 'DSC_4263.JPG', '/English/Main_Application/Building_File/Entrace_Photo/DSC_4263.JPG', 'No File', 'No File', 'No File', 'No File', 'No File', 'No File', 'DSC_4264.JPG', '/English/Main_Application/Building_File/Image/DSC_4264.JPG', 'No File', 'No File', 'No File', 'No File', '1', '0'),
(38, '38', 25, 7, 19, 'House in front of Al Murur ', 'منزل مقابل المرور', '55958', '33568', '109', '', 'دراسة صيانة ', '200000', '1982', 'DSC_4254.JPG', '/English/Main_Application/Building_File/Building_Photo/DSC_4254.JPG', 'DSC_4257.JPG', '/English/Main_Application/Building_File/Entrace_Photo/DSC_4257.JPG', 'No File', 'No File', 'No File', 'No File', 'اتمام بناء منزل مقابل المرور.pdf', '/English/Main_Application/Building_File/certificate_completion/اتمام بناء منزل مقابل المرور.pdf', 'DSC_4255.JPG', '/English/Main_Application/Building_File/Image/DSC_4255.JPG', 'No File', 'No File', 'No File', 'No File', '1', '0'),
(39, '39', 26, 5, 11, 'Two detached villas', 'فيلتان متلاصقتان', '1007565', '908027', '35،33', '754', 'جديد ', '3000000', '2007', 'DSC_4208.JPG', '/English/Main_Application/Building_File/Building_Photo/DSC_4208.JPG', 'DSC_4201.JPG', '/English/Main_Application/Building_File/Entrace_Photo/DSC_4201.JPG', 'No File', 'No File', 'رخصة بناء فلل المطار.pdf', '/English/Main_Application/Building_File/Building_Permit/رخصة بناء فلل المطار.pdf', 'شهادة اتمام بناء المطار العتيق.pdf', '/English/Main_Application/Building_File/certificate_completion/شهادة اتمام بناء المطار العتيق.pdf', 'DSC_4204.JPG', '/English/Main_Application/Building_File/Image/DSC_4204.JPG', 'site plan al lsd.pdf', '/English/Main_Application/Building_File/Map/site plan al lsd.pdf', 'No File', 'No File', '1', '0'),
(40, '40', 27, 5, 11, 'Western Villa', 'فيلا غربية', '1055459', '966396', '88', '', 'دراسة صيانة', '1258521', '2009', 'No File', 'No File', 'DSC_4270.JPG', '/English/Main_Application/Building_File/Entrace_Photo/DSC_4270.JPG', 'No File', 'No File', 'رخصة بناء ازغوى غربية.pdf', '/English/Main_Application/Building_File/Building_Permit/رخصة بناء ازغوى غربية.pdf', 'شهادة اتمام بناء ازغوى غربية.pdf', '/English/Main_Application/Building_File/certificate_completion/شهادة اتمام بناء ازغوى غربية.pdf', 'No File', 'No File', 'No File', 'No File', 'No File', 'No File', '1', '1'),
(41, '41', 29, 5, 11, 'Eastern Villa    ', 'فيلا شرقية', '1060966', '970330', '86', '443', 'دراسة صيانة ', '1225000', '2009', 'DSC_4267.JPG', '/English/Main_Application/Building_File/Building_Photo/DSC_4267.JPG', 'DSC_4266.JPG', '/English/Main_Application/Building_File/Entrace_Photo/DSC_4266.JPG', 'No File', 'No File', 'رخصة بناء ازغوى شرقية.pdf', '/English/Main_Application/Building_File/Building_Permit/رخصة بناء ازغوى شرقية.pdf', 'شهادة اتمام بناء ازغوى شرقية.pdf', '/English/Main_Application/Building_File/certificate_completion/شهادة اتمام بناء ازغوى شرقية.pdf', '20220317_105950.jpg', '/English/Main_Application/Building_File/Image/20220317_105950.jpg', 'site plan ازغوى.pdf', '/English/Main_Application/Building_File/Map/site plan ازغوى.pdf', 'No File', 'No File', '1', '0'),
(42, '42', 35, 6, 11, 'Villa Ain Khaled ', 'فيلا عين خالد', '119612', '1073819', '79', '422', 'دراسة صيانة ', '3513452', '1998', 'DSC_4210.JPG', '/English/Main_Application/Building_File/Building_Photo/DSC_4210.JPG', 'DSC_4214.JPG', '/English/Main_Application/Building_File/Entrace_Photo/DSC_4214.JPG', 'No File', 'No File', 'No File', 'No File', 'شهادة اتمام بناء عين خالد.pdf', '/English/Main_Application/Building_File/certificate_completion/شهادة اتمام بناء عين خالد.pdf', 'DSC_4209.JPG', '/English/Main_Application/Building_File/Image/DSC_4209.JPG', 'site plan aen kaled.pdf', '/English/Main_Application/Building_File/Map/site plan aen kaled.pdf', 'No File', 'No File', '1', '0'),
(44, '44', 36, 1, 20, 'New Industrial Garage', 'كراج الصناعية الجديد', '128624', '104618', '177', '', '', '20000000', '2000', '٢٠٢٢٠٣٢١_١٦٢٠٥٧.jpg', '/English/Main_Application/Building_File/Building_Photo/٢٠٢٢٠٣٢١_١٦٢٠٥٧.jpg', '3a266a79-a822-4cc5-a099-90790f36e9e7.jpg', '/English/Main_Application/Building_File/Entrace_Photo/3a266a79-a822-4cc5-a099-90790f36e9e7.jpg', 'No File', 'No File', 'رخصة بناء الصناعية .pdf', '/English/Main_Application/Building_File/Building_Permit/رخصة بناء الصناعية .pdf', 'اتمام بناء الصناعية.pdf', '/English/Main_Application/Building_File/certificate_completion/اتمام بناء الصناعية.pdf', '٢٠٢٢٠٣٢١_١٦٢٠٥٧.jpg', '/English/Main_Application/Building_File/Image/٢٠٢٢٠٣٢١_١٦٢٠٥٧.jpg', 'No File', 'No File', 'No File', 'No File', '1', '0'),
(45, '45', 43, 6, 11, 'Villa Al Dafna', 'فيلا الدفنة', '178907', '137757', '193', '540', 'دراسة صيانة', '1974000', '2005', '20220323_123016.jpg', '/English/Main_Application/Building_File/Building_Photo/20220323_123016.jpg', '20220323_122912.jpg', '/English/Main_Application/Building_File/Entrace_Photo/20220323_122912.jpg', 'No File', 'No File', '66160121 (1).pdf', '/English/Main_Application/Building_File/Building_Permit/66160121 (1).pdf', 'اتمام بناء فيلا الدفنة.pdf', '/English/Main_Application/Building_File/certificate_completion/اتمام بناء فيلا الدفنة.pdf', '20220323_123006.jpg', '/English/Main_Application/Building_File/Image/20220323_123006.jpg', '66160121 drawing.pdf', '/English/Main_Application/Building_File/Map/66160121 drawing.pdf', 'No File', 'No File', '1', '0'),
(47, '47', 38, 1, 11, 'Villa Al Khaysa', 'فيلا الخيسة', '1044652', '959164', '7', '', '', '1396698', '2006', 'No File', 'No File', 'DSC_4298.JPG', '/English/Main_Application/Building_File/Entrace_Photo/DSC_4298.JPG', 'No File', 'No File', 'رخصة بناء.pdf', '/English/Main_Application/Building_File/Building_Permit/رخصة بناء.pdf', 'شهادة اتمام بناء.pdf', '/English/Main_Application/Building_File/certificate_completion/شهادة اتمام بناء.pdf', 'DSC_4295.JPG', '/English/Main_Application/Building_File/Image/DSC_4295.JPG', 'Site plan الخيسة .pdf', '/English/Main_Application/Building_File/Map/Site plan الخيسة .pdf', 'No File', 'No File', '1', '1'),
(48, '48', 44, 1, 18, 'Ravdat Al Hamamah', 'روضة الحمامة', '', '', '39', '', 'أرض فضاء', '0', '', 'No File', 'No File', 'No File', 'No File', 'No File', 'No File', 'No File', 'No File', 'اتمام روضة الحمامة.pdf', '/English/Main_Application/Building_File/certificate_completion/اتمام روضة الحمامة.pdf', 'No File', 'No File', 'No File', 'No File', 'No File', 'No File', '1', '0'),
(49, '49', 40, 6, 11, ' Al Ruweys Villas', 'فلل الرويس', '966696', '1057331', '47', '1110', 'دراسة صيانة', '1963082', '2009', 'No File', 'No File', 'No File', 'No File', 'No File', 'No File', 'رخصة بناء الرويس.pdf', '/English/Main_Application/Building_File/Building_Permit/رخصة بناء الرويس.pdf', 'شهادة اتمام بناء الرويس.pdf', '/English/Main_Application/Building_File/certificate_completion/شهادة اتمام بناء الرويس.pdf', 'No File', 'No File', 'Site planالرويس .pdf', '/English/Main_Application/Building_File/Map/Site planالرويس .pdf', 'No File', 'No File', '1', '0'),
(50, '50', 41, 1, 11, 'Villa Al Vakeer', 'فيلا الوكير', '1361895', '1291269', '494', '', 'جديد ', '1408095', '2019', 'IMG-20220324-WA0002.jpg', '/English/Main_Application/Building_File/Building_Photo/IMG-20220324-WA0002.jpg', 'IMG-20220324-WA0001.jpg', '/English/Main_Application/Building_File/Entrace_Photo/IMG-20220324-WA0001.jpg', 'No File', 'No File', 'رخصة بناء فيلا الوكير.pdf', '/English/Main_Application/Building_File/Building_Permit/رخصة بناء فيلا الوكير.pdf', 'شهادة اتمام بناء الوكير.pdf', '/English/Main_Application/Building_File/certificate_completion/شهادة اتمام بناء الوكير.pdf', 'IMG-20220324-WA0003.jpg', '/English/Main_Application/Building_File/Image/IMG-20220324-WA0003.jpg', 'No File', 'No File', 'No File', 'No File', '1', '0'),
(51, '51', 37, 1, 2, 'Palm Tower Offices', 'مكاتب برج النخلة ', '1056105', '997132', '3،4،5', '140*3', '', '11754965', '2004', 'No File', 'No File', 'No File', 'No File', 'No File', 'No File', 'سند+اتمام بناء+رخصة الدفاع المدني مكاتب الدفنة.pdf', '/English/Main_Application/Building_File/Building_Permit/سند+اتمام بناء+رخصة الدفاع المدني مكاتب الدفنة.pdf', 'No File', 'No File', 'No File', 'No File', 'خرائط.PDF', '/English/Main_Application/Building_File/Map/خرائط.PDF', 'No File', 'No File', '1', '0'),
(52, '52', 13, 1, 16, 'HSBC', 'أم غويلينة أتش أس بي سي', '1361066', '1290744', '48', '2674', 'جديد', '9828046', '2019', 'DSC_4183.JPG', '/English/Main_Application/Building_File/Building_Photo/DSC_4183.JPG', 'DSC_4182.JPG', '/English/Main_Application/Building_File/Entrace_Photo/DSC_4182.JPG', 'No File', 'No File', 'رخصة بناء  hsbc.pdf', '/English/Main_Application/Building_File/Building_Permit/رخصة بناء  hsbc.pdf', 'إتمام بناء hsbc.pdf', '/English/Main_Application/Building_File/certificate_completion/إتمام بناء hsbc.pdf', 'DSC_4186.JPG', '/English/Main_Application/Building_File/Image/DSC_4186.JPG', 'No File', 'No File', 'No File', 'No File', '1', '1'),
(54, '54', 39, 5, 11, 'Al Qatifia Villa', ' فلة القطيفية', ' 1184490', '1183318', '101', '٦١٣.٤', 'قيد متابعة ', '17989000', '2015', 'DSC_4312.JPG', '/English/Main_Application/Building_File/Building_Photo/DSC_4312.JPG', 'DSC_4315.JPG', '/English/Main_Application/Building_File/Entrace_Photo/DSC_4315.JPG', 'No File', 'No File', 'رخصة بناء القطيفية.pdf', '/English/Main_Application/Building_File/Building_Permit/رخصة بناء القطيفية.pdf', 'شهادة اتمام بناء لقطيفية  البحيرة.pdf', '/English/Main_Application/Building_File/certificate_completion/شهادة اتمام بناء لقطيفية  البحيرة.pdf', 'DSC_4307.JPG', '/English/Main_Application/Building_File/Image/DSC_4307.JPG', 'site plan alqtifea.pdf', '/English/Main_Application/Building_File/Map/site plan alqtifea.pdf', 'No File', 'No File', '1', '0'),
(62, '28', 16, 1, 16, 'Half Building :أم غويلينة الجديدة', '1 شقق في البناء : أم غويلينة الجديدة', NULL, NULL, '15', NULL, NULL, NULL, NULL, NULL, NULL, NULL, NULL, NULL, NULL, NULL, NULL, NULL, NULL, NULL, NULL, NULL, NULL, NULL, NULL, '0', '0'),
(63, '11', 6, 1, 7, 'Half Building :عمارتين فريج عبدالعزيز ', '4 شقق في البناء : عمارتين فريج عبدالعزيز ', NULL, NULL, '82', NULL, NULL, NULL, NULL, NULL, NULL, NULL, NULL, NULL, NULL, NULL, NULL, NULL, NULL, NULL, NULL, NULL, NULL, NULL, NULL, '0', '0'),
(64, '28', 16, 1, 16, 'Half Building :أم غويلينة الجديدة', '3 شقق في البناء : أم غويلينة الجديدة', NULL, NULL, '15', NULL, NULL, NULL, NULL, NULL, NULL, NULL, NULL, NULL, NULL, NULL, NULL, NULL, NULL, NULL, NULL, NULL, NULL, NULL, NULL, '0', '0'),
(65, '28', 16, 1, 16, 'Half Building :أم غويلينة الجديدة', '8 شقق في البناء : أم غويلينة الجديدة', NULL, NULL, '15', NULL, NULL, NULL, NULL, NULL, NULL, NULL, NULL, NULL, NULL, NULL, NULL, NULL, NULL, NULL, NULL, NULL, NULL, NULL, NULL, '0', '0'),
(66, '31', 18, 1, 10, 'Half Building :فيلتان مدينة خليفة الشمالية', '2 فيلا في البناء : فيلتان مدينة خليفة الشمالية', NULL, NULL, '3،5', NULL, NULL, NULL, NULL, NULL, NULL, NULL, NULL, NULL, NULL, NULL, NULL, NULL, NULL, NULL, NULL, NULL, NULL, NULL, NULL, '0', '0'),
(67, '11', 6, 1, 7, 'Half Building :عمارتين فريج عبدالعزيز ', '3 شقق في البناء : عمارتين فريج عبدالعزيز ', NULL, NULL, '82', NULL, NULL, NULL, NULL, NULL, NULL, NULL, NULL, NULL, NULL, NULL, NULL, NULL, NULL, NULL, NULL, NULL, NULL, NULL, NULL, '0', '0'),
(68, '28', 16, 1, 16, 'Half Building :أم غويلينة الجديدة', '3 شقق في البناء : أم غويلينة الجديدة', NULL, NULL, '15', NULL, NULL, NULL, NULL, NULL, NULL, NULL, NULL, NULL, NULL, NULL, NULL, NULL, NULL, NULL, NULL, NULL, NULL, NULL, NULL, '0', '0'),
(69, '20', 9, 1, 16, 'Half Building :عمارة النجمة  المخبز', '3 شقق في البناء : عمارة النجمة  المخبز', NULL, NULL, '19', NULL, NULL, NULL, NULL, NULL, NULL, NULL, NULL, NULL, NULL, NULL, NULL, NULL, NULL, NULL, NULL, NULL, NULL, NULL, NULL, '0', '0'),
(70, '20', 9, 1, 16, 'Half Building :عمارة النجمة  المخبز', '3 شقق في البناء : عمارة النجمة  المخبز', NULL, NULL, '19', NULL, NULL, NULL, NULL, NULL, NULL, NULL, NULL, NULL, NULL, NULL, NULL, NULL, NULL, NULL, NULL, NULL, NULL, NULL, NULL, '0', '0'),
(71, '29', 17, 1, 15, 'Half Building :أم غويلينة الكبرى', '11 شقق في البناء : أم غويلينة الكبرى', NULL, NULL, '55', NULL, NULL, NULL, NULL, NULL, NULL, NULL, NULL, NULL, NULL, NULL, NULL, NULL, NULL, NULL, NULL, NULL, NULL, NULL, NULL, '0', '0'),
(72, '8', 4, 1, 15, 'Half Building :شقق فندقية فريج الغانم', '10 محلات في البناء : شقق فندقية فريج الغانم', NULL, NULL, '8-15', NULL, NULL, NULL, NULL, NULL, NULL, NULL, NULL, NULL, NULL, NULL, NULL, NULL, NULL, NULL, NULL, NULL, NULL, NULL, NULL, '0', '0'),
(73, '18', 6, 6, 7, 'Half Building :عمارتين فريج عبدالعزيز 80', '3 شقق في البناء : عمارتين فريج عبدالعزيز 80', NULL, NULL, '80', NULL, NULL, NULL, NULL, NULL, NULL, NULL, NULL, NULL, NULL, NULL, NULL, NULL, NULL, NULL, NULL, NULL, NULL, NULL, NULL, '0', '0'),
(74, '18', 6, 6, 7, 'Half Building :عمارتين فريج عبدالعزيز 80', '3 شقق في البناء : عمارتين فريج عبدالعزيز 80', NULL, NULL, '80', NULL, NULL, NULL, NULL, NULL, NULL, NULL, NULL, NULL, NULL, NULL, NULL, NULL, NULL, NULL, NULL, NULL, NULL, NULL, NULL, '0', '0'),
(75, '18', 6, 6, 7, 'Half Building :عمارتين فريج عبدالعزيز 80', '3 شقق في البناء : عمارتين فريج عبدالعزيز 80', NULL, NULL, '80', NULL, NULL, NULL, NULL, NULL, NULL, NULL, NULL, NULL, NULL, NULL, NULL, NULL, NULL, NULL, NULL, NULL, NULL, NULL, NULL, '0', '0'),
(76, '76', 45, 1, 11, 'vaill Graft al rayyan', 'فيلا غرافة الريان ', '1145485', '1078480', '494', '', 'جديد ', '1154500', '2013', 'DSC_4282.JPG', '/English/Main_Application/Building_File/Building_Photo/DSC_4282.JPG', 'DSC_4283.JPG', '/English/Main_Application/Building_File/Entrace_Photo/DSC_4283.JPG', 'No File', 'No File', 'رخصة بناء غرافة الريان.pdf', '/English/Main_Application/Building_File/Building_Permit/رخصة بناء غرافة الريان.pdf', 'شهادة اتمام بناء غرافة الريان.pdf', '/English/Main_Application/Building_File/certificate_completion/شهادة اتمام بناء غرافة الريان.pdf', 'DSC_4282.JPG', '/English/Main_Application/Building_File/Image/DSC_4282.JPG', 'No File', 'No File', 'No File', 'No File', '1', '1'),
(77, '28', 16, 6, 16, 'Half Building :أم غويلينة الجديدة', '2 شقق في البناء : أم غويلينة الجديدة', NULL, NULL, NULL, NULL, NULL, NULL, NULL, NULL, NULL, NULL, NULL, NULL, NULL, NULL, NULL, NULL, NULL, NULL, NULL, NULL, NULL, NULL, NULL, '0', '0'),
(78, '28', 16, 6, 16, 'Half Building :أم غويلينة الجديدة', '2 شقق في البناء : أم غويلينة الجديدة', NULL, NULL, NULL, NULL, NULL, NULL, NULL, NULL, NULL, NULL, NULL, NULL, NULL, NULL, NULL, NULL, NULL, NULL, NULL, NULL, NULL, NULL, NULL, '0', '0'),
(79, '79', 46, 1, 11, 'Villa new Al Khaysa', 'فيلا الخيسة الجديدة ', '', '', '36', '', '', '1171415', '2016', 'DSC_4301.JPG', '/English/Main_Application/Building_File/Building_Photo/DSC_4301.JPG', 'DSC_4300.JPG', '/English/Main_Application/Building_File/Entrace_Photo/DSC_4300.JPG', 'No File', 'No File', 'رخصة بناء فلا الخيسة الجديدة.pdf', '/English/Main_Application/Building_File/Building_Permit/رخصة بناء فلا الخيسة الجديدة.pdf', '٧٠٠٦١١١٤  اتمام بناء الخيسة.pdf', '/English/Main_Application/Building_File/certificate_completion/٧٠٠٦١١١٤  اتمام بناء الخيسة.pdf', 'DSC_4304.JPG', '/English/Main_Application/Building_File/Image/DSC_4304.JPG', 'No File', 'No File', 'No File', 'No File', '1', '1'),
(81, '81', 48, 5, 11, 'Al Gharafa Villa', 'فيلا الغرافة ', '197001', '165906', '48', '', 'متابعة', '1586863', '2006', 'No File', 'No File', 'No File', 'No File', 'No File', 'No File', 'رخصة بناء فيلا الغرافة.pdf', '/English/Main_Application/Building_File/Building_Permit/رخصة بناء فيلا الغرافة.pdf', 'شهادة اتمام بناء فيلا الغرافة.pdf', '/English/Main_Application/Building_File/certificate_completion/شهادة اتمام بناء فيلا الغرافة.pdf', 'No File', 'No File', 'No File', 'No File', 'No File', 'No File', '1', '0'),
(82, '82', 47, 1, 11, 'Izghawa Housing', 'ازغوى اسكان', '184479', '149024', '59', '615', 'جديد', '1584957', '2006', 'DSC_4286.JPG', '/English/Main_Application/Building_File/Building_Photo/DSC_4286.JPG', 'DSC_4289.JPG', '/English/Main_Application/Building_File/Entrace_Photo/DSC_4289.JPG', 'No File', 'No File', '٧١٠٨٠٤٣٦.pdf', '/English/Main_Application/Building_File/Building_Permit/٧١٠٨٠٤٣٦.pdf', '71080436 شهادة اتمام.pdf', '/English/Main_Application/Building_File/certificate_completion/71080436 شهادة اتمام.pdf', 'DSC_4285.JPG', '/English/Main_Application/Building_File/Image/DSC_4285.JPG', 'No File', 'No File', 'No File', 'No File', '1', '0'),
(84, '39', 26, 5, 11, 'Half Building :فيلتان متلاصقتان', '2 فيلا في البناء : فيلتان متلاصقتان', NULL, NULL, '35،33', NULL, NULL, NULL, NULL, NULL, NULL, NULL, NULL, NULL, NULL, NULL, NULL, NULL, NULL, NULL, NULL, NULL, NULL, NULL, NULL, '0', '0'),
(85, '39', 26, 5, 11, 'Half Building :فيلتان متلاصقتان', '2 فيلا في البناء : فيلتان متلاصقتان', NULL, NULL, '35،33', NULL, NULL, NULL, NULL, NULL, NULL, NULL, NULL, NULL, NULL, NULL, NULL, NULL, NULL, NULL, NULL, NULL, NULL, NULL, NULL, '0', '0'),
(86, '37', 24, 7, 19, 'Half Building :منزل غرناطة', '3 بيت شعبي في البناء : منزل غرناطة', NULL, NULL, '19', NULL, NULL, NULL, NULL, NULL, NULL, NULL, NULL, NULL, NULL, NULL, NULL, NULL, NULL, NULL, NULL, NULL, NULL, NULL, NULL, '0', '0'),
(87, '37', 24, 7, 19, 'Half Building :منزل غرناطة', '3 بيت شعبي في البناء : منزل غرناطة', NULL, NULL, '19', NULL, NULL, NULL, NULL, NULL, NULL, NULL, NULL, NULL, NULL, NULL, NULL, NULL, NULL, NULL, NULL, NULL, NULL, NULL, NULL, '0', '0'),
(88, '31', 18, 1, 10, 'Half Building :فيلتان مدينة خليفة الشمالية', '2 فيلا في البناء : فيلتان مدينة خليفة الشمالية', NULL, NULL, '3،5', NULL, NULL, NULL, NULL, NULL, NULL, NULL, NULL, NULL, NULL, NULL, NULL, NULL, NULL, NULL, NULL, NULL, NULL, NULL, NULL, '0', '0'),
(89, '35', 22, 1, 7, 'Half Building :عمارة مدينة خليفة  الوضيحية', '8 شقق في البناء : عمارة مدينة خليفة  الوضيحية', NULL, NULL, '24،17', NULL, NULL, NULL, NULL, NULL, NULL, NULL, NULL, NULL, NULL, NULL, NULL, NULL, NULL, NULL, NULL, NULL, NULL, NULL, NULL, '0', '0'),
(90, '35', 22, 1, 7, 'Half Building :عمارة مدينة خليفة  الوضيحية', '8 شقق في البناء : عمارة مدينة خليفة  الوضيحية', NULL, NULL, '24،17', NULL, NULL, NULL, NULL, NULL, NULL, NULL, NULL, NULL, NULL, NULL, NULL, NULL, NULL, NULL, NULL, NULL, NULL, NULL, NULL, '0', '0'),
(91, '52', 13, 1, 16, 'Half Building :أم غويلينة أتش أس بي سي', '12 شقق في البناء : أم غويلينة أتش أس بي سي', NULL, NULL, '48', NULL, NULL, NULL, NULL, NULL, NULL, NULL, NULL, NULL, NULL, NULL, NULL, NULL, NULL, NULL, NULL, NULL, NULL, NULL, NULL, '0', '0'),
(92, '26', 14, 5, 7, 'Half Building :أم غويلينة المستشفى', '10 شقق في البناء : أم غويلينة المستشفى', NULL, NULL, '107', NULL, NULL, NULL, NULL, NULL, NULL, NULL, NULL, NULL, NULL, NULL, NULL, NULL, NULL, NULL, NULL, NULL, NULL, NULL, NULL, '0', '0'),
(93, '26', 14, 5, 7, 'Half Building :أم غويلينة المستشفى', '10 شقق في البناء : أم غويلينة المستشفى', NULL, NULL, '107', NULL, NULL, NULL, NULL, NULL, NULL, NULL, NULL, NULL, NULL, NULL, NULL, NULL, NULL, NULL, NULL, NULL, NULL, NULL, NULL, '0', '0'),
(94, '31', 18, 1, 10, 'Half Building :فيلتان مدينة خليفة الشمالية', '1 محل في البناء : فيلتان مدينة خليفة الشمالية', NULL, NULL, '3،5', NULL, NULL, NULL, NULL, NULL, NULL, NULL, NULL, NULL, NULL, NULL, NULL, NULL, NULL, NULL, NULL, NULL, NULL, NULL, NULL, '0', '0'),
(97, '54', 39, 5, 11, 'Half Building : فلة القطيفية', '5 فيلا في البناء :  فلة القطيفية', NULL, NULL, '101', NULL, NULL, NULL, NULL, NULL, NULL, NULL, NULL, NULL, NULL, NULL, NULL, NULL, NULL, NULL, NULL, NULL, NULL, NULL, NULL, '0', '0'),
(99, '18', 6, 6, 7, 'Half Building :عمارتين فريج عبدالعزيز 80', '3 شقق في البناء : عمارتين فريج عبدالعزيز 80', NULL, NULL, '80', NULL, NULL, NULL, NULL, NULL, NULL, NULL, NULL, NULL, NULL, NULL, NULL, NULL, NULL, NULL, NULL, NULL, NULL, NULL, NULL, '0', '0'),
(100, '29', 17, 1, 17, 'Half Building :أم غويلينة الكبرى', '11 شقق في البناء : أم غويلينة الكبرى', NULL, NULL, '55', NULL, NULL, NULL, NULL, NULL, NULL, NULL, NULL, NULL, NULL, NULL, NULL, NULL, NULL, NULL, NULL, NULL, NULL, NULL, NULL, '0', '0'),
(101, '101', 50, 1, 11, 'Villa Alkheesa Hajar', 'فيلا الخيسة حجر', '1309427', '1165319', '35', '540', 'جديد', '1337021', '2019', 'No File', 'No File', 'No File', 'No File', 'No File', 'No File', 'رخصة بناء فيلا الخيسة حجر.pdf', '/English/Main_Application/Building_File/Building_Permit/رخصة بناء فيلا الخيسة حجر.pdf', 'اتمام بناء فيلا الخيسة حجر.pdf', '/English/Main_Application/Building_File/certificate_completion/اتمام بناء فيلا الخيسة حجر.pdf', 'No File', 'No File', 'No File', 'No File', 'No File', 'No File', '1', '1'),
(102, '28', 16, 6, 16, 'Half Building :أم غويلينة الجديدة', '2 شقة  في البناء : أم غويلينة الجديدة', NULL, NULL, '15', NULL, NULL, NULL, NULL, NULL, NULL, NULL, NULL, NULL, NULL, NULL, NULL, NULL, NULL, NULL, NULL, NULL, NULL, NULL, NULL, '0', NULL),
(103, '103', 55, 1, 11, 'villa al keehsa school', ' فيلا الخيسة مدرسة ', '1351973', '', '11', '560', '', '1363543', '2018', 'No File', 'No File', 'No File', 'No File', 'No File', 'No File', 'No File', 'No File', 'No File', 'No File', 'No File', 'No File', 'No File', 'No File', 'No File', 'No File', '1', '0'),
(104, '11', 6, 6, 7, 'Half Building :عمارة عبد العزيز القديمة ', '3 شقة  في البناء : عمارة عبد العزيز القديمة ', NULL, NULL, '82', NULL, NULL, NULL, NULL, NULL, NULL, NULL, NULL, NULL, NULL, NULL, NULL, NULL, NULL, NULL, NULL, NULL, NULL, NULL, NULL, '0', NULL),
(105, '105', 58, 1, 11, ' Al Khaysa22', 'الخيسة 22', '', '', '22', '620', 'جديد', '1168004', '2013', 'No File', 'No File', 'No File', 'No File', 'No File', 'No File', 'No File', 'No File', 'No File', 'No File', 'No File', 'No File', 'No File', 'No File', 'No File', 'No File', '1', '0'),
(106, '11', 6, 6, 7, 'Half Building :عمارة عبد العزيز القديمة ', '3 شقة  في البناء : عمارة عبد العزيز القديمة ', NULL, NULL, '82', NULL, NULL, NULL, NULL, NULL, NULL, NULL, NULL, NULL, NULL, NULL, NULL, NULL, NULL, NULL, NULL, NULL, NULL, NULL, NULL, '0', NULL),
(107, '28', 16, 6, 16, 'Half Building :أم غويلينة الجديدة', '3 شقة  في البناء : أم غويلينة الجديدة', NULL, NULL, '15', NULL, NULL, NULL, NULL, NULL, NULL, NULL, NULL, NULL, NULL, NULL, NULL, NULL, NULL, NULL, NULL, NULL, NULL, NULL, NULL, '0', NULL),
(108, '18', 6, 6, 7, 'Half Building :عمارة عبد العزبز الجديدة ', '3 شقة  في البناء : عمارة عبد العزبز الجديدة ', NULL, NULL, '80', NULL, NULL, NULL, NULL, NULL, NULL, NULL, NULL, NULL, NULL, NULL, NULL, NULL, NULL, NULL, NULL, NULL, NULL, NULL, NULL, '0', NULL),
(109, '109', 61, 1, 11, 'Um Silal Villa', 'فيلا أم صلال', '', '', '	26', '450', '', '1002600', '2024', 'No File', 'No File', 'No File', 'No File', 'No File', 'No File', 'No File', 'No File', 'No File', 'No File', 'No File', 'No File', 'No File', 'No File', 'No File', 'No File', '1', '0'),
(110, '110', 60, 1, 11, 'Villa AlThumama', 'فيلا الثمامة', '1285113', '', '3', '450', '', '1050684', '2024', 'No File', 'No File', 'No File', 'No File', 'No File', 'No File', 'No File', 'No File', 'No File', 'No File', 'No File', 'No File', 'No File', 'No File', 'No File', 'No File', '1', '0');

-- --------------------------------------------------------

--
-- Table structure for table `building_cash_amount`
--

CREATE TABLE `building_cash_amount` (
  `Cash_Amount_ID` int(11) NOT NULL,
  `Cash_Amount` varchar(200) DEFAULT NULL,
  `Cash_Date` varchar(200) DEFAULT NULL,
  `tenant_Id` varchar(200) DEFAULT NULL,
  `Contract_Id` varchar(200) DEFAULT NULL,
  `Satuts` varchar(200) DEFAULT NULL,
  `Collection_Date` varchar(200) DEFAULT NULL
) ENGINE=InnoDB DEFAULT CHARSET=utf8mb4;

--
-- Dumping data for table `building_cash_amount`
--

INSERT INTO `building_cash_amount` (`Cash_Amount_ID`, `Cash_Amount`, `Cash_Date`, `tenant_Id`, `Contract_Id`, `Satuts`, `Collection_Date`) VALUES
(1, '9000', '10/06/2022', '49', '42', 'غير محصل', NULL),
(2, '9000', '10/07/2022', '49', '42', 'محصل', '10/07/2022'),
(3, '9000', '10/08/2022', '49', '42', 'غير محصل', NULL),
(4, '9000', '10/09/2022', '49', '42', 'غير محصل', NULL),
(5, '9000', '10/10/2022', '49', '42', 'غير محصل', NULL),
(6, '9000', '10/11/2022', '49', '42', 'غير محصل', NULL),
(7, '9000', '10/12/2022', '49', '42', 'غير محصل', NULL),
(9, '9000', '10/01/2023', '49', '42', 'محصل', '10/01/2023'),
(10, '9000', '10/02/2023', '49', '42', 'محصل', '10/02/2023'),
(11, '9000', '10/03/2023', '49', '42', 'محصل', '10/03/2023'),
(12, '9000', '10/04/2023', '49', '42', 'محصل', '10/04/2023'),
(13, '9000', '10/05/2023', '49', '42', 'محصل', '10/05/2023'),
(15, '9600', '10/10/2023', '8', '51', 'محصل', '01/12/2023'),
(16, '9600', '10/11/2023', '8', '51', 'محصل', ''),
(17, '9600', '10/12/2023', '8', '51', 'محصل', ''),
(18, '9600', '10/01/2024', '8', '51', 'محصل', ''),
(19, '8500', '01/01/2024', '69', '84', 'محصل', '01/01/2024'),
(20, '8500', '01/02/2024', '69', '84', 'محصل', ''),
(21, '8500', '01/03/2024', '69', '84', 'غير محصل', NULL);

-- --------------------------------------------------------

--
-- Table structure for table `building_cheques`
--

CREATE TABLE `building_cheques` (
  `Cheques_Id` int(11) NOT NULL,
  `Cheques_No` varchar(200) CHARACTER SET utf8mb4 DEFAULT NULL,
  `Cheques_Date` varchar(200) CHARACTER SET utf8mb4 DEFAULT NULL,
  `Cheques_Amount` varchar(200) CHARACTER SET utf8mb4 DEFAULT NULL,
  `Cheque_Owner` varchar(200) CHARACTER SET utf8mb4 DEFAULT NULL,
  `beneficiary_person` varchar(200) DEFAULT NULL,
  `Cheques_Status` varchar(45) NOT NULL,
  `Collect_Type` varchar(200) DEFAULT NULL,
  `Collection_Date` varchar(50) DEFAULT NULL,
  `tenants_Tenants_ID` int(11) NOT NULL,
  `cheque_type_Cheque_Type_id` int(11) NOT NULL,
  `bank_Bank_Id` int(11) NOT NULL,
  `building_contract_Contract_Id` int(11) NOT NULL
) ENGINE=InnoDB DEFAULT CHARSET=utf8;

--
-- Dumping data for table `building_cheques`
--

INSERT INTO `building_cheques` (`Cheques_Id`, `Cheques_No`, `Cheques_Date`, `Cheques_Amount`, `Cheque_Owner`, `beneficiary_person`, `Cheques_Status`, `Collect_Type`, `Collection_Date`, `tenants_Tenants_ID`, `cheque_type_Cheque_Type_id`, `bank_Bank_Id`, `building_contract_Contract_Id`) VALUES
(30, '1002379', '10/09/2022', '130000', 'بروبرتي فنشر', NULL, 'محصل', 'محصل بالشيك', '10/09/2022', 41, 1, 3, 23),
(31, '1002380', '10/10/2022', '130000', 'بروبرتي فنشر', NULL, 'محصل', 'محصل بالشيك', '10/10/2022', 41, 1, 3, 23),
(32, '1002381', '10/11/2022', '130000', 'بروبرتي فنشر', NULL, 'محصل', 'محصل بالشيك', '10/11/2022', 41, 1, 3, 23),
(33, '1002382', '10/12/2022', '130000', 'بروبرتي فنشر', NULL, 'محصل', 'محصل بالشيك', '10/12/2022', 41, 1, 3, 23),
(34, '1002383', '10/01/2023', '130000', 'بروبرتي فنشر', NULL, 'محصل', 'محصل بالشيك', '10/01/2023', 41, 1, 3, 23),
(35, '1002384', '10/02/2023', '130000', 'بروبرتي فنشر', NULL, 'محصل', 'محصل بالشيك', '10/02/2023', 41, 1, 3, 23),
(36, '1002385', '10/03/2023', '130000', 'بروبرتي فنشر', NULL, 'محصل', 'محصل بالشيك', '10/03/2023', 41, 1, 3, 23),
(37, '1002386', '10/04/2023', '130000', 'بروبرتي فنشر', NULL, 'محصل', 'محصل بالشيك', '10/04/2023', 41, 1, 3, 23),
(38, '1002387', '10/05/2023', '130000', 'بروبرتي فنشر', NULL, 'محصل', 'محصل بالشيك', '10/05/2023', 41, 1, 3, 23),
(39, '1002388', '10/06/2023', '130000', 'بروبرتي فنشر', NULL, 'محصل', 'محصل بالشيك', '10/06/2023', 41, 1, 3, 23),
(40, '1002389', '10/07/2023', '130000', 'بروبرتي فنشر', NULL, 'محصل', 'محصل بالشيك', '10/07/2023', 41, 1, 3, 23),
(41, '1002390', '10/08/2023', '130000', 'بروبرتي فنشر', NULL, 'محصل', 'محصل بالشيك', '10/08/2023', 41, 1, 3, 23),
(42, '1002391', '10/09/2023', '130000', 'بروبرتي فنشر', NULL, 'محصل', 'محصل بالشيك', '10/09/2023', 41, 1, 3, 23),
(43, '1002392', '10/10/2023', '130000', 'بروبرتي فنشر', NULL, 'محصل', 'محصل بالشيك', '10/10/2023', 41, 1, 3, 23),
(44, '1002393', '10/11/2023', '130000', 'بروبرتي فنشر', NULL, 'محصل', 'محصل بالشيك', '10/11/2023', 41, 1, 3, 23),
(45, '1002394', '10/12/2023', '130000', 'بروبرتي فنشر', NULL, 'محصل', 'محصل بالشيك', '10/12/2023', 41, 1, 3, 23),
(46, '1002395', '10/01/2024', '130000', 'بروبرتي فنشر', NULL, 'محصل', 'محصل بالشيك', '10/01/2024', 41, 1, 3, 23),
(47, '1002396', '10/02/2024', '130000', 'بروبرتي فنشر', NULL, 'محصل', 'محصل بالشيك', '', 41, 1, 3, 23),
(48, '1002397', '10/03/2024', '130000', 'بروبرتي فنشر', NULL, 'غير محصل', NULL, '', 41, 1, 3, 23),
(49, '1002398', '10/04/2024', '130000', 'بروبرتي فنشر', NULL, 'غير محصل', NULL, '', 41, 1, 3, 23),
(50, '1002399', '10/05/2024', '130000', 'بروبرتي فنشر', NULL, 'غير محصل', NULL, '', 41, 1, 3, 23),
(51, '1002400', '10/06/2024', '130000', 'بروبرتي فنشر', NULL, 'غير محصل', NULL, '', 41, 1, 3, 23),
(52, '1002401', '10/07/2024', '130000', 'بروبرتي فنشر', NULL, 'غير محصل', NULL, '', 41, 1, 3, 23),
(53, '1002402', '10/08/2024', '130000', 'بروبرتي فنشر', NULL, 'غير محصل', NULL, '', 41, 1, 3, 23),
(114, '415', '10/09/2022', '35000', 'قمر السماء للتجارة والمقاولات', NULL, 'محصل', 'محصل بالشيك', '10/09/2022', 61, 1, 1, 26),
(115, '416', '10/10/2022', '35000', 'قمر السماء للتجارة والمقاولات', NULL, 'محصل', 'محصل بالشيك', '10/10/2022', 61, 1, 1, 26),
(116, '417', '10/11/2022', '35000', 'قمر السماء للتجارة والمقاولات', NULL, 'محصل', 'محصل بالشيك', '10/11/2022', 61, 1, 1, 26),
(117, '418', '10/12/2022', '35000', 'قمر السماء للتجارة والمقاولات', NULL, 'محصل', 'محصل بالشيك', '10/12/2022', 61, 1, 1, 26),
(118, '419', '10/01/2023', '35000', 'قمر السماء للتجارة والمقاولات', NULL, 'محصل', 'محصل بالشيك', '10/01/2023', 61, 1, 1, 26),
(119, '420', '10/02/2023', '35000', 'قمر السماء للتجارة والمقاولات', NULL, 'محصل', 'محصل بالشيك', '10/02/2023', 61, 1, 1, 26),
(120, '421', '10/03/2023', '35000', 'قمر السماء للتجارة والمقاولات', NULL, 'محصل', 'محصل بالشيك', '10/03/2023', 61, 1, 1, 26),
(121, '422', '10/04/2023', '35000', 'قمر السماء للتجارة والمقاولات', NULL, 'محصل', 'محصل بالشيك', '10/04/2023', 61, 1, 1, 26),
(122, '423', '10/05/2023', '35000', 'قمر السماء للتجارة والمقاولات', NULL, 'محصل', 'محصل بالشيك', '10/05/2023', 61, 1, 1, 26),
(123, '424', '10/06/2023', '35000', 'قمر السماء للتجارة والمقاولات', NULL, 'محصل', 'محصل بالشيك', '10/07/2023', 61, 1, 1, 26),
(124, '425', '10/07/2023', '35000', 'قمر السماء للتجارة والمقاولات', NULL, 'محصل', 'محصل بالشيك', '10/07/2023', 61, 1, 1, 26),
(125, '426', '10/08/2023', '35000', 'قمر السماء للتجارة والمقاولات', NULL, 'محصل', 'محصل بالشيك', '10/08/2023', 61, 1, 1, 26),
(162, '1000649', '10/08/2022', '10000', 'هادوك تريدينغ', NULL, 'محصل', 'محصل بالشيك', '10/08/2022', 48, 1, 2, 30),
(163, '1000650', '10/09/2022', '10000', 'هادوك تريدينغ', NULL, 'محصل', 'محصل بالشيك', '10/09/2022', 48, 1, 2, 30),
(164, '1000651', '10/10/2022', '10000', 'هادوك تريدينغ', NULL, 'محصل', 'محصل بالشيك', '10/10/2022', 48, 1, 2, 30),
(165, '1000652', '10/11/2022', '10000', 'هادوك تريدينغ', NULL, 'محصل', 'محصل بالشيك', '10/11/2022', 48, 1, 2, 30),
(166, '1000653', '10/12/2022', '10000', 'هادوك تريدينغ', NULL, 'محصل', 'محصل بالشيك', '10/12/2022', 48, 1, 2, 30),
(167, '1000654', '10/01/2023', '10000', 'هادوك تريدينغ', NULL, 'محصل', 'محصل بالشيك', '10/01/2023', 48, 1, 2, 30),
(168, '1000181', '10/02/2023', '10000', 'هادوك تريدينغ', NULL, 'محصل', 'محصل بالشيك', '10/02/2023', 48, 1, 2, 30),
(169, '1000182', '10/03/2023', '10000', 'هادوك تريدينغ', NULL, 'محصل', 'محصل بالشيك', '10/03/2023', 48, 1, 2, 30),
(170, '1000183', '10/04/2023', '10000', 'هادوك تريدينغ', NULL, 'محصل', 'محصل بالشيك', '10/04/2023', 48, 1, 2, 30),
(171, '1000184', '10/05/2023', '10000', 'هادوك تريدينغ', NULL, 'محصل', 'محصل بالشيك', '10/05/2023', 48, 1, 2, 30),
(172, '1000185', '10/06/2023', '10000', 'هادوك تريدينغ', NULL, 'محصل', 'محصل بالشيك', '10/06/2023', 48, 1, 2, 30),
(173, '1000186', '10/07/2023', '10000', 'هادوك تريدينغ', NULL, 'محصل', 'محصل بالشيك', '10/07/2023', 48, 1, 2, 30),
(175, 'تحويل ', '01/03/2023', '74400', 'ادارة الاسكان والمباني', NULL, 'محصل', 'محصل بالشيك', '01/03/2023', 52, 1, 11, 33),
(176, 'تحويل ', '01/03/2023', '80400', 'اداراة الاسكان والمباني ', NULL, 'محصل', 'محصل بالتحويل', '01/03/2023', 52, 1, 11, 34),
(187, '138', '10/01/2023', '37600', 'اي كي ام اسكندر', NULL, 'محصل', 'محصل بالشيك', '10/01/2023', 9, 1, 9, 40),
(188, '139', '10/02/2023', '37600', 'اي كي ام اسكندر', NULL, 'محصل', 'محصل بالشيك', '10/02/2023', 9, 1, 9, 40),
(189, '140', '10/03/2023', '37600', 'اي كي ام اسكندر', NULL, 'محصل', 'محصل بالشيك', '10/03/2023', 9, 1, 9, 40),
(190, '141', '10/04/2023', '37600', 'اي كي ام اسكندر', NULL, 'محصل', 'محصل بالشيك', '10/04/2023', 9, 1, 9, 40),
(191, '142', '10/05/2023', '37600', 'اي كي ام اسكندر', NULL, 'محصل', 'محصل بالشيك', '10/05/2023', 9, 1, 9, 40),
(192, '143', '10/06/2023', '37600', 'اي كي ام اسكندر', NULL, 'محصل', 'محصل بالشيك', '10/06/2023', 9, 1, 9, 40),
(193, '144', '10/07/2023', '37600', 'اي كي ام اسكندر', NULL, 'محصل', 'محصل بالشيك', '10/07/2023', 9, 1, 9, 40),
(194, '145', '10/08/2023', '37600', 'اي كي ام اسكندر', NULL, 'محصل', 'محصل بالشيك', '10/08/2023', 9, 1, 9, 40),
(195, '146', '10/09/2023', '37600', 'اي كي ام اسكندر', NULL, 'محصل', 'محصل بالشيك', '10/09/2023', 9, 1, 9, 40),
(196, '147', '10/10/2023', '37600', 'اي كي ام اسكندر', NULL, 'محصل', 'محصل بالشيك', '10/10/2023', 9, 1, 9, 40),
(197, '148', '10/11/2023', '37600', 'اي كي ام اسكندر', NULL, 'محصل', 'محصل بالشيك', '10/11/2023', 9, 1, 9, 40),
(198, '149', '10/12/2023', '37600', 'اي كي ام اسكندر', NULL, 'محصل', 'محصل بالشيك', '10/12/2023', 9, 1, 9, 40),
(199, '0100701', '25/04/2025', '32000', 'دار الوداد للعقارات', NULL, 'غير محصل', NULL, '', 67, 4, 2, 41),
(200, '01000500', '25/04/2025', '36000', 'دار الوداد للعقارات', NULL, 'غير محصل', NULL, '', 67, 4, 2, 41),
(201, '1000877', '25/04/2022', '26000', 'دار الوداد للعقارات', NULL, 'محصل', 'محصل بالشيك', '25/04/2022', 67, 1, 2, 41),
(202, '1000878', '25/05/2022', '26000', 'دار الوداد للعقارات', NULL, 'محصل', 'محصل بالشيك', '25/05/2022', 67, 1, 2, 41),
(203, '1000879', '25/06/2022', '26000', 'دار الوداد للعقارات', NULL, 'محصل', 'محصل بالشيك', '25/06/2022', 67, 1, 2, 41),
(204, '1000880', '25/07/2022', '26000', 'دار الوداد للعقارات', NULL, 'محصل', 'محصل بالشيك', '25/07/2022', 67, 1, 2, 41),
(205, '1000881', '25/08/2022', '26000', 'دار الوداد للعقارات', NULL, 'محصل', 'محصل بالشيك', '25/08/2022', 67, 1, 2, 41),
(206, '1000882', '25/09/2022', '26000', 'دار الوداد للعقارات', NULL, 'محصل', 'محصل بالشيك', '25/09/2022', 67, 1, 2, 41),
(207, '1000883', '25/10/2022', '26000', 'دار الوداد للعقارات', NULL, 'محصل', 'محصل بالشيك', '25/10/2022', 67, 1, 2, 41),
(208, '1000884', '25/11/2022', '26000', 'دار الوداد للعقارات', NULL, 'محصل', 'محصل بالشيك', '25/11/2022', 67, 1, 2, 41),
(209, '1000885', '25/12/2022', '26000', 'دار الوداد للعقارات', NULL, 'محصل', 'محصل بالشيك', '25/12/2022', 67, 1, 2, 41),
(210, '1000886', '25/01/2023', '26000', 'دار الوداد للعقارات', NULL, 'محصل', 'محصل بالشيك', '25/01/2023', 67, 1, 2, 41),
(211, '1000887', '25/02/2023', '26000', 'دار الوداد للعقارات', NULL, 'محصل', 'محصل بالشيك', '25/02/2023', 67, 1, 2, 41),
(212, '1000888', '25/03/2023', '26000', 'دار الوداد للعقارات', NULL, 'محصل', 'محصل بالشيك', '25/03/2023', 67, 1, 2, 41),
(213, '1000889', '25/04/2023', '26000', 'دار الوداد للعقارات', NULL, 'محصل', 'محصل بالشيك', '25/04/2023', 67, 1, 2, 41),
(214, '1000890', '25/05/2023', '26000', 'دار الوداد للعقارات', NULL, 'محصل', 'محصل بالشيك', '25/05/2023', 67, 1, 2, 41),
(215, '1000891', '25/06/2023', '26000', 'دار الوداد للعقارات', NULL, 'محصل', 'محصل بالشيك', '25/06/2023', 67, 1, 2, 41),
(216, '1000892', '25/07/2023', '26000', 'دار الوداد للعقارات', NULL, 'محصل', 'محصل بالشيك', '25/07/2023', 67, 1, 2, 41),
(217, '1000893', '25/08/2023', '26000', 'دار الوداد للعقارات', NULL, 'محصل', 'محصل بالشيك', '25/08/2023', 67, 1, 2, 41),
(218, '1000894', '25/09/2023', '26000', 'دار الوداد للعقارات', NULL, 'محصل', 'محصل بالشيك', '25/09/2023', 67, 1, 2, 41),
(219, '1000895', '25/10/2023', '26000', 'دار الوداد للعقارات', NULL, 'محصل', 'محصل بالشيك', '25/10/2023', 67, 1, 2, 41),
(220, '1000896', '25/11/2023', '26000', 'دار الوداد للعقارات', NULL, 'محصل', 'محصل بالشيك', '25/11/2023', 67, 1, 2, 41),
(221, '1000897', '25/12/2023', '26000', 'دار الوداد للعقارات', NULL, 'محصل', 'محصل بالشيك', '25/12/2023', 67, 1, 2, 41),
(222, '1000898', '25/01/2024', '26000', 'دار الوداد للعقارات', NULL, 'محصل', 'محصل بالشيك', '25/01/2024', 67, 1, 2, 41),
(223, '1000899', '25/02/2024', '26000', 'دار الوداد للعقارات', NULL, 'محصل', 'محصل بالشيك', '', 67, 1, 2, 41),
(224, '1000900', '25/03/2024', '26000', 'دار الوداد للعقارات', NULL, 'غير محصل', NULL, '', 67, 1, 2, 41),
(225, '1000801', '25/04/2024', '26000', 'دار الوداد للعقارات', NULL, 'غير محصل', NULL, '', 67, 1, 2, 41),
(226, '1000802', '25/05/2024', '26000', 'دار الوداد للعقارات', NULL, 'غير محصل', NULL, '', 67, 1, 2, 41),
(227, '1000803', '25/06/2024', '26000', 'دار الوداد للعقارات', NULL, 'غير محصل', NULL, '', 67, 1, 2, 41),
(228, '1000804', '25/07/2024', '26000', 'دار الوداد للعقارات', NULL, 'غير محصل', NULL, '', 67, 1, 2, 41),
(229, '1000805', '25/08/2024', '26000', 'دار الوداد للعقارات', NULL, 'غير محصل', NULL, '', 67, 1, 2, 41),
(230, '1000806', '25/09/2024', '26000', 'دار الوداد للعقارات', NULL, 'غير محصل', NULL, '', 67, 1, 2, 41),
(231, '1000807', '25/10/2024', '26000', 'دار الوداد للعقارات', NULL, 'غير محصل', NULL, '', 67, 1, 2, 41),
(232, '1000808', '25/11/2024', '26000', 'دار الوداد للعقارات', NULL, 'غير محصل', NULL, '', 67, 1, 2, 41),
(233, '1000809', '25/12/2024', '26000', 'دار الوداد للعقارات', NULL, 'غير محصل', NULL, '', 67, 1, 2, 41),
(234, '1000810', '25/01/2025', '26000', 'دار الوداد للعقارات', NULL, 'غير محصل', NULL, '', 67, 1, 2, 41),
(235, '1000811', '25/02/2025', '26000', 'دار الوداد للعقارات', NULL, 'غير محصل', NULL, '', 67, 1, 2, 41),
(236, '1000812', '25/03/2025', '26000', 'دار الوداد للعقارات', NULL, 'غير محصل', NULL, '', 67, 1, 2, 41),
(237, '00684115', '05/06/2023', '108000', 'ناصر الدين محمد ادريس', NULL, 'غير محصل', NULL, '', 49, 2, 9, 42),
(238, '1000251', '09/12/2022', '14100', 'كهوكان كوربان', NULL, 'محصل', 'محصل بالشيك', '09/12/2022', 3, 1, 2, 43),
(239, '1000252', '09/01/2023', '14100', 'كهوكان كوربان', NULL, 'محصل', 'محصل بالشيك', '09/01/2023', 3, 1, 2, 43),
(240, '1000253', '09/02/2023', '14100', 'كهوكان كوربان', NULL, 'محصل', 'محصل بالشيك', '09/02/2023', 3, 1, 2, 43),
(241, '1000254', '09/03/2023', '14100', 'كهوكان كوربان', NULL, 'محصل', 'محصل بالشيك', '09/03/2023', 3, 1, 2, 43),
(242, '1000255', '09/04/2023', '14100', 'كهوكان كوربان', NULL, 'محصل', 'محصل بالشيك', '09/04/2023', 3, 1, 2, 43),
(243, '1000256', '09/05/2023', '14100', 'كهوكان كوربان', NULL, 'محصل', 'محصل بالشيك', '09/05/2023', 3, 1, 2, 43),
(244, '1000257', '09/06/2023', '14100', 'كهوكان كوربان', NULL, 'محصل', 'محصل بالشيك', '09/06/2023', 3, 1, 2, 43),
(245, '1000258', '09/07/2023', '14100', 'كهوكان كوربان', NULL, 'محصل', 'محصل بالشيك', '09/07/2023', 3, 1, 2, 43),
(246, '1000259', '09/08/2023', '14100', 'كهوكان كوربان', NULL, 'محصل', 'محصل بالشيك', '09/08/2023', 3, 1, 2, 43),
(247, '1000260', '09/09/2023', '14100', 'كهوكان كوربان', NULL, 'مودع', '', '', 3, 1, 2, 43),
(248, '1000261', '09/10/2023', '14100', 'كهوكان كوربان', NULL, 'غير محصل', NULL, '', 3, 1, 2, 43),
(249, '1000262', '09/11/2023', '14100', 'كهوكان كوربان', NULL, 'غير محصل', NULL, '', 3, 1, 2, 43),
(250, '01000019', '30/11/2023', '9400', 'كهوكان كوربان', NULL, 'غير محصل', NULL, '', 3, 4, 2, 43),
(251, '01000020', '30/11/2023', '4700', 'كهوكان كوربان', NULL, 'غير محصل', NULL, '', 3, 4, 2, 43),
(252, '01000025', '30/11/2023', '6000', 'الالمحمد رحمان', NULL, 'محصل', 'محصل بالشيك', '30/11/2023', 53, 4, 2, 45),
(253, '1000128', '10/12/2022', '9000', 'الالمحمد رحمان', NULL, 'محصل', 'محصل بالشيك', '10/12/2022', 53, 1, 3, 45),
(254, '1000129', '10/01/2023', '9000', 'الالمحمد رحمان', NULL, 'محصل', 'محصل بالشيك', '10/01/2023', 53, 1, 3, 45),
(255, '1000130', '10/02/2023', '9000', 'الالمحمد رحمان', NULL, 'محصل', 'محصل بالشيك', '10/02/2023', 53, 1, 3, 45),
(256, '1000131', '10/03/2023', '9000', 'الالمحمد رحمان', NULL, 'محصل', 'محصل بالشيك', '10/03/2023', 53, 1, 3, 45),
(257, '1000132', '10/04/2023', '9000', 'الالمحمد رحمان', NULL, 'محصل', 'محصل بالشيك', '10/04/2023', 53, 1, 3, 45),
(258, '1000133', '10/05/2023', '9000', 'الالمحمد رحمان', NULL, 'محصل', 'محصل بالشيك', '10/05/2023', 53, 1, 3, 45),
(259, '1000134', '10/06/2023', '9000', 'الالمحمد رحمان', NULL, 'محصل', 'محصل بالشيك', '10/06/2023', 53, 1, 3, 45),
(260, '1000135', '10/07/2023', '9000', 'الالمحمد رحمان', NULL, 'محصل', 'محصل بالشيك', '10/07/2023', 53, 1, 3, 45),
(261, '1000136', '10/08/2023', '9000', 'الالمحمد رحمان', NULL, 'محصل', 'محصل بالشيك', '10/08/2023', 53, 1, 3, 45),
(262, '1000137', '10/09/2023', '9000', 'الالمحمد رحمان', NULL, 'محصل', 'محصل بالشيك', '10/09/2023', 53, 1, 3, 45),
(263, '1000138', '10/10/2023', '9000', 'الالمحمد رحمان', NULL, 'محصل', 'محصل بالشيك', '10/10/2023', 53, 1, 3, 45),
(264, '1000139', '10/11/2023', '9000', 'الالمحمد رحمان', NULL, 'محصل', 'محصل بالشيك', '10/11/2023', 53, 1, 3, 45),
(265, '100051', '08/08/2022', '36580', 'برهان محمد', NULL, 'محصل', 'محصل بالشيك', '08/08/2022', 20, 1, 3, 46),
(266, '100052', '08/09/2022', '36580', 'برهان محمد', NULL, 'محصل', 'محصل بالشيك', '08/09/2022', 20, 1, 3, 46),
(267, '100053', '08/10/2022', '36580', 'برهان محمد', NULL, 'محصل', 'محصل بالشيك', '08/10/2022', 20, 1, 3, 46),
(268, '100054', '08/11/2022', '36580', 'برهان محمد', NULL, 'محصل', 'محصل بالشيك', '08/11/2022', 20, 1, 3, 46),
(269, '100055', '08/12/2022', '36580', 'برهان محمد', NULL, 'محصل', 'محصل بالشيك', '08/12/2022', 20, 1, 3, 46),
(270, '100056', '08/01/2023', '36580', 'برهان محمد', NULL, 'محصل', 'محصل بالشيك', '08/01/2023', 20, 1, 3, 46),
(271, '100057', '08/02/2023', '36580', 'برهان محمد', NULL, 'محصل', 'محصل بالشيك', '08/02/2023', 20, 1, 3, 46),
(272, '100058', '08/03/2023', '36580', 'برهان محمد', NULL, 'محصل', 'محصل بالشيك', '08/03/2023', 20, 1, 3, 46),
(273, '100059', '08/04/2023', '36580', 'برهان محمد', NULL, 'محصل', 'محصل بالشيك', '08/04/2023', 20, 1, 3, 46),
(274, '100060', '08/05/2023', '36580', 'برهان محمد', NULL, 'محصل', 'محصل بالشيك', '08/05/2023', 20, 1, 3, 46),
(275, '100061', '08/06/2023', '36580', 'برهان محمد', NULL, 'محصل', 'محصل بالشيك', '08/06/2023', 20, 1, 3, 46),
(276, '100062', '08/07/2023', '36580', 'برهان محمد', NULL, 'محصل', 'محصل بالشيك', '08/07/2023', 20, 1, 3, 46),
(277, '1000480', '01/01/2023', '40000', 'البركة العالمية', NULL, 'محصل', 'محصل بالشيك', '01/01/2023', 43, 1, 3, 47),
(278, '1000481', '01/02/2023', '40000', 'البركة العالمية', NULL, 'محصل', 'محصل بالشيك', '01/02/2023', 43, 1, 3, 47),
(279, '1000482', '01/03/2023', '40000', 'البركة العالمية', NULL, 'محصل', 'محصل بالشيك', '01/03/2023', 43, 1, 3, 47),
(280, '1000483', '01/04/2023', '40000', 'البركة العالمية', NULL, 'محصل', 'محصل بالشيك', '01/04/2023', 43, 1, 3, 47),
(281, '1000484', '01/05/2023', '40000', 'البركة العالمية', NULL, 'محصل', 'محصل بالشيك', '01/05/2023', 43, 1, 3, 47),
(282, '1000485', '01/06/2023', '40000', 'البركة العالمية', NULL, 'محصل', 'محصل بالشيك', '01/06/2023', 43, 1, 3, 47),
(283, '1000486', '01/07/2023', '40000', 'البركة العالمية', NULL, 'محصل', 'محصل بالشيك', '01/07/2023', 43, 1, 3, 47),
(284, '1000487', '01/08/2023', '40000', 'البركة العالمية', NULL, 'محصل', 'محصل بالشيك', '01/08/2023', 43, 1, 3, 47),
(285, '1000488', '01/09/2023', '40000', 'البركة العالمية', NULL, 'محصل', 'محصل بالشيك', '01/09/2023', 43, 1, 3, 47),
(286, '1000489', '01/10/2023', '40000', 'البركة العالمية', NULL, 'محصل', 'محصل بالشيك', '01/10/2023', 43, 1, 3, 47),
(287, '1000490', '01/11/2023', '40000', 'البركة العالمية', NULL, 'محصل', 'محصل بالشيك', '01/11/2023', 43, 1, 3, 47),
(288, '1000491', '01/12/2023', '40000', 'البركة العالمية', NULL, 'محصل', 'محصل بالشيك', '01/12/2023', 43, 1, 3, 47),
(289, '1000492', '01/01/2024', '40000', 'البركة العالمية', NULL, 'محصل', 'محصل بالشيك', '01/01/2024', 43, 1, 3, 47),
(290, '1000493', '01/02/2024', '40000', 'البركة العالمية', NULL, 'محصل', 'محصل بالشيك', '', 43, 1, 3, 47),
(291, '1000494', '01/03/2024', '40000', 'البركة العالمية', NULL, 'غير محصل', NULL, '', 43, 1, 3, 47),
(292, '1000495', '01/04/2024', '40000', 'البركة العالمية', NULL, 'غير محصل', NULL, '', 43, 1, 3, 47),
(293, '1000496', '01/05/2024', '40000', 'البركة العالمية', NULL, 'غير محصل', NULL, '', 43, 1, 3, 47),
(294, '1000497', '01/06/2024', '40000', 'البركة العالمية', NULL, 'غير محصل', NULL, '', 43, 1, 3, 47),
(295, '1000498', '01/07/2024', '40000', 'البركة العالمية', NULL, 'غير محصل', NULL, '', 43, 1, 3, 47),
(296, '1000499', '01/08/2024', '40000', 'البركة العالمية', NULL, 'غير محصل', NULL, '', 43, 1, 3, 47),
(297, '1000500', '01/09/2024', '40000', 'البركة العالمية', NULL, 'غير محصل', NULL, '', 43, 1, 3, 47),
(298, '1000501', '01/10/2024', '40000', 'البركة العالمية', NULL, 'غير محصل', NULL, '', 43, 1, 3, 47),
(299, '1000502', '01/11/2024', '40000', 'البركة العالمية', NULL, 'غير محصل', NULL, '', 43, 1, 3, 47),
(300, '1000503', '01/12/2024', '40000', 'البركة العالمية', NULL, 'غير محصل', NULL, '', 43, 1, 3, 47),
(301, '1000504', '01/01/2025', '40000', 'البركة العالمية', NULL, 'غير محصل', NULL, '', 43, 1, 3, 47),
(302, '1000505', '01/02/2025', '40000', 'البركة العالمية', NULL, 'غير محصل', NULL, '', 43, 1, 3, 47),
(303, '1000506', '01/03/2025', '40000', 'البركة العالمية', NULL, 'غير محصل', NULL, '', 43, 1, 3, 47),
(304, '1000507', '01/04/2025', '40000', 'البركة العالمية', NULL, 'غير محصل', NULL, '', 43, 1, 3, 47),
(305, '1000508', '01/05/2025', '40000', 'البركة العالمية', NULL, 'غير محصل', NULL, '', 43, 1, 3, 47),
(306, '1000509', '01/06/2025', '40000', 'البركة العالمية', NULL, 'غير محصل', NULL, '', 43, 1, 3, 47),
(307, '1000510', '01/07/2025', '40000', 'البركة العالمية', NULL, 'غير محصل', NULL, '', 43, 1, 3, 47),
(308, '1000511', '01/08/2025', '40000', 'البركة العالمية', NULL, 'غير محصل', NULL, '', 43, 1, 3, 47),
(309, '1000512', '01/09/2025', '40000', 'البركة العالمية', NULL, 'غير محصل', NULL, '', 43, 1, 3, 47),
(310, '1000513', '01/10/2025', '40000', 'البركة العالمية', NULL, 'غير محصل', NULL, '', 43, 1, 3, 47),
(311, '1000514', '01/11/2025', '40000', 'البركة العالمية', NULL, 'غير محصل', NULL, '', 43, 1, 3, 47),
(312, '1000515', '01/12/2025', '40000', 'البركة العالمية', NULL, 'غير محصل', NULL, '', 43, 1, 3, 47),
(313, '1000516', '01/01/2026', '40000', 'البركة العالمية', NULL, 'غير محصل', NULL, '', 43, 1, 3, 47),
(314, '1000517', '01/02/2026', '40000', 'البركة العالمية', NULL, 'غير محصل', NULL, '', 43, 1, 3, 47),
(315, '1000518', '01/03/2026', '40000', 'البركة العالمية', NULL, 'غير محصل', NULL, '', 43, 1, 3, 47),
(316, '1000519', '01/04/2026', '40000', 'البركة العالمية', NULL, 'غير محصل', NULL, '', 43, 1, 3, 47),
(317, '1000520', '01/05/2026', '40000', 'البركة العالمية', NULL, 'غير محصل', NULL, '', 43, 1, 3, 47),
(318, '1000521', '01/06/2026', '40000', 'البركة العالمية', NULL, 'غير محصل', NULL, '', 43, 1, 3, 47),
(319, '1000522', '01/07/2026', '40000', 'البركة العالمية', NULL, 'غير محصل', NULL, '', 43, 1, 3, 47),
(320, '1000523', '01/08/2026', '40000', 'البركة العالمية', NULL, 'غير محصل', NULL, '', 43, 1, 3, 47),
(321, '1000524', '01/09/2026', '40000', 'البركة العالمية', NULL, 'غير محصل', NULL, '', 43, 1, 3, 47),
(322, '1000525', '01/10/2026', '40000', 'البركة العالمية', NULL, 'غير محصل', NULL, '', 43, 1, 3, 47),
(323, '1000526', '01/11/2026', '40000', 'البركة العالمية', NULL, 'غير محصل', NULL, '', 43, 1, 3, 47),
(324, '1000527', '01/12/2026', '40000', 'البركة العالمية', NULL, 'غير محصل', NULL, '', 43, 1, 3, 47),
(325, '1000528', '01/01/2027', '40000', 'البركة العالمية', NULL, 'غير محصل', NULL, '', 43, 1, 3, 47),
(326, '1000529', '01/02/2027', '40000', 'البركة العالمية', NULL, 'غير محصل', NULL, '', 43, 1, 3, 47),
(327, '1000530', '01/03/2027', '40000', 'البركة العالمية', NULL, 'غير محصل', NULL, '', 43, 1, 3, 47),
(328, '1000531', '01/04/2027', '40000', 'البركة العالمية', NULL, 'غير محصل', NULL, '', 43, 1, 3, 47),
(329, '1000532', '01/05/2027', '40000', 'البركة العالمية', NULL, 'غير محصل', NULL, '', 43, 1, 3, 47),
(330, '1000533', '01/06/2027', '40000', 'البركة العالمية', NULL, 'غير محصل', NULL, '', 43, 1, 3, 47),
(331, '1000534', '01/07/2027', '40000', 'البركة العالمية', NULL, 'غير محصل', NULL, '', 43, 1, 3, 47),
(332, '1000535', '01/08/2027', '40000', 'البركة العالمية', NULL, 'غير محصل', NULL, '', 43, 1, 3, 47),
(333, '1000536', '01/09/2027', '40000', 'البركة العالمية', NULL, 'غير محصل', NULL, '', 43, 1, 3, 47),
(334, '1000537', '01/10/2027', '40000', 'البركة العالمية', NULL, 'غير محصل', NULL, '', 43, 1, 3, 47),
(335, '1000538', '01/11/2027', '40000', 'البركة العالمية', NULL, 'غير محصل', NULL, '', 43, 1, 3, 47),
(336, '1000539', '01/12/2027', '40000', 'البركة العالمية', NULL, 'غير محصل', NULL, '', 43, 1, 3, 47),
(337, '1000092', '10/02/2023', '9600', 'مصطفى كوتي', NULL, 'محصل', 'محصل بالشيك', '10/02/2023', 8, 1, 3, 51),
(338, '1000093', '10/03/2023', '9600', 'مصطفى كوتي', NULL, 'محصل', 'محصل بالشيك', '', 8, 1, 3, 51),
(339, '1000094', '10/04/2023', '9600', 'مصطفى كوتي', NULL, 'محصل', 'محصل بالشيك', '', 8, 1, 3, 51),
(340, '1000095', '10/05/2023', '9600', 'مصطفى كوتي', NULL, 'محصل', 'محصل بالشيك', '', 8, 1, 3, 51),
(341, '1000096', '10/06/2023', '9600', 'مصطفى كوتي', NULL, 'محصل', 'محصل بالشيك', '', 8, 1, 3, 51),
(342, '1000097', '10/07/2023', '9600', 'مصطفى كوتي', NULL, 'محصل', 'محصل بالشيك', '', 8, 1, 3, 51),
(343, '1000098', '10/08/2023', '9600', 'مصطفى كوتي', NULL, 'محصل', 'محصل بالشيك', '10/08/2023', 8, 1, 3, 51),
(344, '1000099', '10/09/2023', '9600', 'مصطفى كوتي', NULL, 'محصل', 'محصل بالشيك', '', 8, 1, 3, 51),
(353, '1002100', '01/01/2020', '30000', 'بروبرتي فنشر', 'شركة المناراة للصيانة والتجارة', 'محصل', 'محصل بالشيك', '01/01/2020', 41, 1, 3, 58),
(354, '1002101', '01/02/2020', '30000', 'بروبرتي فنشر', 'شركة المناراة للصيانة والتجارة', 'محصل', 'محصل بالشيك', '01/02/2020', 41, 1, 3, 58),
(355, '1002102', '01/03/2020', '30000', 'بروبرتي فنشر', 'شركة المناراة للصيانة والتجارة', 'محصل', 'محصل بالشيك', '01/03/2020', 41, 1, 3, 58),
(356, '1002103', '01/04/2020', '30000', 'بروبرتي فنشر', 'شركة المناراة للصيانة والتجارة', 'محصل', 'محصل بالشيك', '01/04/2020', 41, 1, 3, 58),
(357, '1002104', '01/05/2020', '30000', 'بروبرتي فنشر', 'شركة المناراة للصيانة والتجارة', 'محصل', 'محصل بالشيك', '01/05/2020', 41, 1, 3, 58),
(358, '1002105', '01/06/2020', '30000', 'بروبرتي فنشر', 'شركة المناراة للصيانة والتجارة', 'محصل', 'محصل بالشيك', '01/06/2020', 41, 1, 3, 58),
(359, '1002106', '01/07/2020', '30000', 'بروبرتي فنشر', 'شركة المناراة للصيانة والتجارة', 'محصل', 'محصل بالشيك', '01/07/2020', 41, 1, 3, 58),
(360, '1002107', '01/08/2020', '30000', 'بروبرتي فنشر', 'شركة المناراة للصيانة والتجارة', 'محصل', 'محصل بالشيك', '01/08/2020', 41, 1, 3, 58),
(361, '1002108', '01/09/2020', '30000', 'بروبرتي فنشر', 'شركة المناراة للصيانة والتجارة', 'محصل', 'محصل بالشيك', '01/09/2020', 41, 1, 3, 58),
(362, '1002109', '01/10/2020', '30000', 'بروبرتي فنشر', 'شركة المناراة للصيانة والتجارة', 'محصل', 'محصل بالشيك', '01/10/2020', 41, 1, 3, 58),
(363, '1002110', '01/11/2020', '30000', 'بروبرتي فنشر', 'شركة المناراة للصيانة والتجارة', 'محصل', 'محصل بالشيك', '01/11/2020', 41, 1, 3, 58),
(364, '1002111', '01/12/2020', '30000', 'بروبرتي فنشر', 'شركة المناراة للصيانة والتجارة', 'محصل', 'محصل بالشيك', '01/12/2020', 41, 1, 3, 58),
(365, '1002112', '01/01/2021', '30000', 'بروبرتي فنشر', 'شركة المناراة للصيانة والتجارة', 'محصل', 'محصل بالشيك', '01/01/2021', 41, 1, 3, 58),
(366, '1002113', '01/02/2021', '30000', 'بروبرتي فنشر', 'شركة المناراة للصيانة والتجارة', 'محصل', 'محصل بالشيك', '01/02/2021', 41, 1, 3, 58),
(367, '1002114', '01/03/2021', '30000', 'بروبرتي فنشر', 'شركة المناراة للصيانة والتجارة', 'محصل', 'محصل بالشيك', '01/03/2021', 41, 1, 3, 58),
(368, '1002115', '01/04/2021', '30000', 'بروبرتي فنشر', 'شركة المناراة للصيانة والتجارة', 'محصل', 'محصل بالشيك', '01/04/2021', 41, 1, 3, 58),
(385, '1001317', '01/04/2020', '78000', 'بروبرتي فنشر', 'المناراة للصيانة', 'محصل', 'محصل بالشيك', '23/01/2020', 41, 1, 3, 60),
(386, '1001318', '01/05/2020', '78000', 'بروبرتي فنشر', 'المناراة للصيانة', 'محصل', 'محصل بالشيك', '31/01/2020', 41, 1, 3, 60),
(387, '1001319', '01/06/2020', '78000', 'بروبرتي فنشر', 'المناراة للصيانة', 'محصل', 'محصل بالشيك', '31/01/2020', 41, 1, 3, 60),
(388, '1001320', '01/07/2020', '78000', 'بروبرتي فنشر', 'المناراة للصيانة', 'محصل', 'محصل بالشيك', '23/08/2020', 41, 1, 3, 60),
(389, '1001321', '01/08/2020', '78000', 'بروبرتي فنشر', 'المناراة للصيانة', 'محصل', 'محصل بالشيك', '06/10/2020', 41, 1, 3, 60),
(390, '1001322', '01/09/2020', '78000', 'بروبرتي فنشر', 'المناراة للصيانة', 'محصل', 'محصل بالشيك', '18/01/2020', 41, 1, 3, 60),
(391, '1001323', '01/10/2020', '78000', 'بروبرتي فنشر', 'المناراة للصيانة', 'محصل', 'محصل بالشيك', '11/11/2020', 41, 1, 3, 60),
(392, '1001324', '01/11/2020', '78000', 'بروبرتي فنشر', 'المناراة للصيانة', 'محصل', 'محصل بالشيك', '03/12/2020', 41, 1, 3, 60),
(393, '1001325', '01/12/2020', '78000', 'بروبرتي فنشر', 'المناراة للصيانة', 'محصل', 'محصل بالشيك', '29/12/2020', 41, 1, 3, 60),
(394, '1001326', '01/01/2021', '78000', 'بروبرتي فنشر', 'المناراة للصيانة', 'محصل', 'محصل بالشيك', '31/01/2021', 41, 1, 3, 60),
(395, '1001327', '01/02/2021', '78000', 'بروبرتي فنشر', 'المناراة للصيانة', 'محصل', 'محصل بالشيك', '21/02/2021', 41, 1, 3, 60),
(396, '1001328', '01/03/2021', '78000', 'بروبرتي فنشر', 'المناراة للصيانة', 'محصل', 'محصل بالشيك', '23/03/2021', 41, 1, 3, 60),
(397, '1001329', '01/04/2021', '78000', 'بروبرتي فنشر', 'المناراة للصيانة', 'محصل', 'محصل بالشيك', '18/04/2021', 41, 1, 3, 60),
(398, '1001330', '01/05/2021', '78000', 'بروبرتي فنشر', 'المناراة للصيانة', 'محصل', 'محصل بالشيك', '25/05/2021', 41, 1, 3, 60),
(399, '1001331', '01/06/2021', '39000', 'بروبرتي فنشر', 'المناراة للصيانة', 'محصل', 'محصل بالشيك', '21/06/2021', 41, 1, 3, 60),
(400, '1002876', '10/12/2021', '60000', 'سما القلمون', 'الشيخ فهد ال ثاني', 'محصل', 'محصل بالشيك', '10/12/2021', 88, 1, 3, 65),
(401, '1002877', '10/01/2022', '60000', 'سما القلمون', 'الشيخ فهد ال ثاني', 'محصل', 'محصل بالشيك', '10/01/2022', 88, 1, 3, 65),
(402, '1002878', '10/02/2022', '60000', 'سما القلمون', 'الشيخ فهد ال ثاني', 'محصل', 'محصل بالشيك', '10/02/2022', 88, 1, 3, 65),
(403, '1002879', '10/03/2022', '60000', 'سما القلمون', 'الشيخ فهد ال ثاني', 'محصل', 'محصل بالشيك', '10/03/2022', 88, 1, 3, 65),
(404, '1002880', '10/04/2022', '60000', 'سما القلمون', 'الشيخ فهد ال ثاني', 'محصل', 'محصل بالشيك', '10/04/2022', 88, 1, 3, 65),
(405, '1002881', '10/05/2022', '60000', 'سما القلمون', 'الشيخ فهد ال ثاني', 'محصل', 'محصل بالشيك', '10/05/2022', 88, 1, 3, 65),
(406, '1002882', '10/06/2022', '60000', 'سما القلمون', 'الشيخ فهد ال ثاني', 'محصل', 'محصل بالشيك', '10/06/2022', 88, 1, 3, 65),
(407, '1002883', '10/07/2022', '60000', 'سما القلمون', 'الشيخ فهد ال ثاني', 'محصل', 'محصل بالشيك', '10/07/2022', 88, 1, 3, 65),
(408, '1002884', '10/08/2022', '60000', 'سما القلمون', 'الشيخ فهد ال ثاني', 'محصل', 'محصل بالشيك', '10/08/2022', 88, 1, 3, 65),
(409, '1002885', '10/09/2022', '60000', 'سما القلمون', 'الشيخ فهد ال ثاني', 'محصل', 'محصل بالشيك', '10/09/2022', 88, 1, 3, 65),
(410, '1002886', '10/10/2022', '60000', 'سما القلمون', 'الشيخ فهد ال ثاني', 'محصل', 'محصل بالشيك', '10/10/2022', 88, 1, 3, 65),
(411, '1002887', '10/11/2022', '60000', 'سما القلمون', 'الشيخ فهد ال ثاني', 'محصل', 'محصل بالشيك', '10/11/2022', 88, 1, 3, 65),
(412, '1002888', '10/12/2022', '60000', 'سما القلمون', 'الشيخ فهد ال ثاني', 'محصل', 'محصل بالشيك', '10/12/2022', 88, 1, 3, 65),
(413, '1002889', '10/01/2023', '60000', 'سما القلمون', 'الشيخ فهد ال ثاني', 'محصل', 'محصل بالشيك', '10/01/2023', 88, 1, 3, 65),
(414, '1002890', '10/02/2023', '60000', 'سما القلمون', 'الشيخ فهد ال ثاني', 'محصل', 'محصل بالشيك', '10/02/2023', 88, 1, 3, 65),
(415, '1002891', '10/03/2023', '60000', 'سما القلمون', 'الشيخ فهد ال ثاني', 'محصل', 'محصل بالشيك', '10/03/2023', 88, 1, 3, 65),
(416, '1002892', '10/04/2023', '60000', 'سما القلمون', 'الشيخ فهد ال ثاني', 'محصل', 'محصل بالشيك', '10/04/2023', 88, 1, 3, 65),
(417, '1002893', '10/05/2023', '60000', 'سما القلمون', 'الشيخ فهد ال ثاني', 'محصل', 'محصل بالشيك', '10/05/2023', 88, 1, 3, 65),
(418, '1002894', '10/06/2023', '60000', 'سما القلمون', 'الشيخ فهد ال ثاني', 'محصل', 'محصل بالشيك', '10/06/2023', 88, 1, 3, 65),
(419, '1002895', '10/07/2023', '60000', 'سما القلمون', 'الشيخ فهد ال ثاني', 'محصل', 'محصل بالشيك', '10/07/2023', 88, 1, 3, 65),
(420, '1002896', '10/08/2023', '60000', 'سما القلمون', 'الشيخ فهد ال ثاني', 'محصل', 'محصل بالشيك', '10/08/2023', 88, 1, 3, 65),
(421, '1002897', '10/09/2023', '60000', 'سما القلمون', 'الشيخ فهد ال ثاني', 'محصل', 'محصل بالشيك', '10/09/2023', 88, 1, 3, 65),
(422, '1002898', '10/10/2023', '60000', 'سما القلمون', 'الشيخ فهد ال ثاني', 'محصل', 'محصل بالشيك', '10/10/2023', 88, 1, 3, 65),
(423, '1002899', '10/11/2023', '60000', 'سما القلمون', 'الشيخ فهد ال ثاني', 'محصل', 'محصل بالشيك', '10/11/2023', 88, 1, 3, 65),
(424, '1000102', '08/08/2023', '36850', 'برهان محمد', 'الشيخ فهد ال ثاني', 'محصل', 'محصل بالشيك', '08/08/2023', 20, 1, 3, 70),
(425, '1000103', '08/09/2023', '36850', 'برهان محمد', 'الشيخ فهد ال ثاني', 'محصل', 'محصل بالشيك', '08/09/2023', 20, 1, 3, 70),
(426, '1000104', '08/10/2023', '36850', 'برهان محمد', 'الشيخ فهد ال ثاني', 'محصل', 'محصل بالشيك', '08/10/2023', 20, 1, 3, 70),
(427, '1000105', '08/11/2023', '36850', 'برهان محمد', 'الشيخ فهد ال ثاني', 'محصل', 'محصل بالشيك', '08/11/2023', 20, 1, 3, 70),
(428, '1000106', '08/12/2023', '36850', 'برهان محمد', 'الشيخ فهد ال ثاني', 'محصل', 'محصل بالشيك', '08/12/2023', 20, 1, 3, 70),
(429, '1000107', '08/01/2024', '36850', 'برهان محمد', 'الشيخ فهد ال ثاني', 'محصل', 'محصل نقداً', '01/02/2024', 20, 1, 3, 70),
(430, '1000108', '08/02/2024', '36850', 'برهان محمد', 'الشيخ فهد ال ثاني', 'محصل', 'محصل بالشيك', '08/02/2024', 20, 1, 3, 70),
(431, '1000109', '08/03/2024', '36850', 'برهان محمد', 'الشيخ فهد ال ثاني', 'غير محصل', NULL, NULL, 20, 1, 3, 70),
(432, '1000110', '08/04/2024', '36850', 'برهان محمد', 'الشيخ فهد ال ثاني', 'غير محصل', NULL, NULL, 20, 1, 3, 70),
(433, '1000111', '08/05/2024', '36850', 'برهان محمد', 'الشيخ فهد ال ثاني', 'غير محصل', NULL, NULL, 20, 1, 3, 70),
(434, '1000112', '08/06/2024', '36850', 'برهان محمد', 'الشيخ فهد ال ثاني', 'غير محصل', NULL, NULL, 20, 1, 3, 70),
(435, '1000113', '08/07/2024', '36850', 'برهان محمد', 'الشيخ فهد ال ثاني', 'غير محصل', NULL, NULL, 20, 1, 3, 70),
(436, '75', '08/06/2023', '18000', 'ايمن ايوب', 'الشيخ فهد ال ثاني', 'محصل', 'محصل بالشيك', '08/06/2023', 114, 1, 1, 71),
(437, '76', '08/07/2023', '18000', 'ايمن ايوب', 'الشيخ فهد ال ثاني', 'محصل', 'محصل بالشيك', '08/07/2023', 114, 1, 1, 71),
(438, '77', '08/08/2023', '18000', 'ايمن ايوب', 'الشيخ فهد ال ثاني', 'محصل', 'محصل بالشيك', '08/08/2023', 114, 1, 1, 71),
(439, '78', '08/09/2023', '18000', 'ايمن ايوب', 'الشيخ فهد ال ثاني', 'محصل', 'محصل بالشيك', '08/09/2023', 114, 1, 1, 71),
(440, '79', '08/10/2023', '18000', 'ايمن ايوب', 'الشيخ فهد ال ثاني', 'محصل', 'محصل بالشيك', '08/10/2023', 114, 1, 1, 71),
(441, '80', '08/11/2023', '18000', 'ايمن ايوب', 'الشيخ فهد ال ثاني', 'محصل', 'محصل بالشيك', '08/11/2023', 114, 1, 1, 71),
(442, '81', '08/12/2023', '18000', 'ايمن ايوب', 'الشيخ فهد ال ثاني', 'محصل', 'محصل بالشيك', '08/12/2023', 114, 1, 1, 71),
(443, '82', '08/01/2024', '18000', 'ايمن ايوب', 'الشيخ فهد ال ثاني', 'محصل', 'محصل بالشيك', '', 114, 1, 1, 71),
(444, '83', '08/02/2024', '18000', 'ايمن ايوب', 'الشيخ فهد ال ثاني', 'محصل', 'محصل بالشيك', '', 114, 1, 1, 71),
(445, '84', '08/03/2024', '18000', 'ايمن ايوب', 'الشيخ فهد ال ثاني', 'غير محصل', NULL, NULL, 114, 1, 1, 71),
(446, '85', '08/04/2024', '18000', 'ايمن ايوب', 'الشيخ فهد ال ثاني', 'غير محصل', NULL, NULL, 114, 1, 1, 71),
(447, '26', '08/05/2024', '18000', 'ايمن ايوب', 'الشيخ فهد ال ثاني', 'غير محصل', NULL, NULL, 114, 1, 1, 71),
(448, '27', '08/06/2024', '18000', 'ايمن ايوب', 'الشيخ فهد ال ثاني', 'غير محصل', NULL, NULL, 114, 1, 1, 71),
(449, '28', '08/07/2024', '18000', 'ايمن ايوب', 'الشيخ فهد ال ثاني', 'غير محصل', NULL, NULL, 114, 1, 1, 71),
(450, '29', '08/08/2024', '18000', 'ايمن ايوب', 'الشيخ فهد ال ثاني', 'غير محصل', NULL, NULL, 114, 1, 1, 71),
(451, '30', '08/09/2024', '18000', 'ايمن ايوب', 'الشيخ فهد ال ثاني', 'غير محصل', NULL, NULL, 114, 1, 1, 71),
(452, '31', '08/10/2024', '18000', 'ايمن ايوب', 'الشيخ فهد ال ثاني', 'غير محصل', NULL, NULL, 114, 1, 1, 71),
(453, '32', '08/11/2024', '18000', 'ايمن ايوب', 'الشيخ فهد ال ثاني', 'غير محصل', NULL, NULL, 114, 1, 1, 71),
(454, '33', '08/12/2024', '18000', 'ايمن ايوب', 'الشيخ فهد ال ثاني', 'غير محصل', NULL, NULL, 114, 1, 1, 71),
(455, '34', '08/01/2025', '18000', 'ايمن ايوب', 'الشيخ فهد ال ثاني', 'غير محصل', NULL, NULL, 114, 1, 1, 71),
(456, '35', '08/02/2025', '18000', 'ايمن ايوب', 'الشيخ فهد ال ثاني', 'غير محصل', NULL, NULL, 114, 1, 1, 71),
(457, '36', '08/03/2025', '18000', 'ايمن ايوب', 'الشيخ فهد ال ثاني', 'غير محصل', NULL, NULL, 114, 1, 1, 71),
(458, '37', '08/04/2025', '18000', 'ايمن ايوب', 'الشيخ فهد ال ثاني', 'غير محصل', NULL, NULL, 114, 1, 1, 71),
(459, '38', '08/05/2025', '18000', 'ايمن ايوب', 'الشيخ فهد ال ثاني', 'غير محصل', NULL, NULL, 114, 1, 1, 71),
(460, '39', '08/06/2025', '18000', 'ايمن ايوب', 'الشيخ فهد ال ثاني', 'غير محصل', NULL, NULL, 114, 1, 1, 71),
(461, '40', '08/07/2025', '18000', 'ايمن ايوب', 'الشيخ فهد ال ثاني', 'غير محصل', NULL, NULL, 114, 1, 1, 71),
(462, '41', '08/08/2025', '18000', 'ايمن ايوب', 'الشيخ فهد ال ثاني', 'غير محصل', NULL, NULL, 114, 1, 1, 71),
(463, '42', '08/09/2025', '18000', 'ايمن ايوب', 'الشيخ فهد ال ثاني', 'غير محصل', NULL, NULL, 114, 1, 1, 71),
(464, '43', '08/10/2025', '18000', 'ايمن ايوب', 'الشيخ فهد ال ثاني', 'غير محصل', NULL, NULL, 114, 1, 1, 71),
(465, '44', '08/11/2025', '18000', 'ايمن ايوب', 'الشيخ فهد ال ثاني', 'غير محصل', NULL, NULL, 114, 1, 1, 71),
(466, '45', '08/12/2025', '18000', 'ايمن ايوب', 'الشيخ فهد ال ثاني', 'غير محصل', NULL, NULL, 114, 1, 1, 71),
(467, '46', '08/01/2026', '18000', 'ايمن ايوب', 'الشيخ فهد ال ثاني', 'غير محصل', NULL, NULL, 114, 1, 1, 71),
(468, '47', '08/02/2026', '18000', 'ايمن ايوب', 'الشيخ فهد ال ثاني', 'غير محصل', NULL, NULL, 114, 1, 1, 71),
(469, '48', '08/03/2026', '18000', 'ايمن ايوب', 'الشيخ فهد ال ثاني', 'غير محصل', NULL, NULL, 114, 1, 1, 71),
(470, '49', '08/04/2026', '18000', 'ايمن ايوب', 'الشيخ فهد ال ثاني', 'غير محصل', NULL, NULL, 114, 1, 1, 71),
(471, '50', '08/05/2026', '18000', 'ايمن ايوب', 'الشيخ فهد ال ثاني', 'غير محصل', NULL, NULL, 114, 1, 1, 71),
(472, '00000024', '01/07/2026', '18000', 'ايمن ايوب', 'الشيخ فهد ال ثاني', 'غير محصل', NULL, NULL, 114, 2, 1, 71),
(473, '1000039', '09/07/2023', '9400', 'شهد', 'الشيخ فهد ال ثاني', 'محصل', 'محصل بالشيك', '09/07/2023', 2, 1, 2, 72),
(474, '1000040', '09/08/2023', '9400', 'شهد', 'الشيخ فهد ال ثاني', 'محصل', 'محصل بالشيك', '09/08/2023', 2, 1, 2, 72),
(475, '1000041', '09/09/2023', '9400', 'شهد', 'الشيخ فهد ال ثاني', 'محصل', 'محصل بالشيك', '09/09/2023', 2, 1, 2, 72),
(476, '1000042', '09/10/2023', '9400', 'شهد', 'الشيخ فهد ال ثاني', 'محصل', 'محصل بالشيك', '09/10/2023', 2, 1, 2, 72),
(477, '1000043', '09/11/2023', '9400', 'شهد', 'الشيخ فهد ال ثاني', 'محصل', 'محصل بالشيك', '09/11/2023', 2, 1, 2, 72),
(478, '1000044', '09/12/2023', '9400', 'شهد', 'الشيخ فهد ال ثاني', 'محصل', 'محصل بالشيك', '09/12/2023', 2, 1, 2, 72),
(479, '1000045', '09/01/2024', '9400', 'شهد', 'الشيخ فهد ال ثاني', 'محصل', 'محصل بالشيك', '09/01/2024', 2, 1, 2, 72),
(480, '1000046', '09/02/2024', '9400', 'شهد', 'الشيخ فهد ال ثاني', 'محصل', 'محصل بالشيك', '', 2, 1, 2, 72),
(481, '1000047', '09/03/2024', '9400', 'شهد', 'الشيخ فهد ال ثاني', 'غير محصل', NULL, NULL, 2, 1, 2, 72),
(482, '1000048', '09/04/2024', '9400', 'شهد', 'الشيخ فهد ال ثاني', 'غير محصل', NULL, NULL, 2, 1, 2, 72),
(483, '1000049', '09/05/2024', '9400', 'شهد', 'الشيخ فهد ال ثاني', 'غير محصل', NULL, NULL, 2, 1, 2, 72),
(484, '1000050', '09/06/2024', '9400', 'شهد', 'الشيخ فهد ال ثاني', 'غير محصل', NULL, NULL, 2, 1, 2, 72),
(485, '196', '05/09/2022', '35000', 'قمر السماء', 'الشيخ فهد ال ثاني', 'غير محصل', NULL, NULL, 61, 1, 1, 73),
(486, '197', '05/10/2022', '35000', 'قمر السماء', 'الشيخ فهد ال ثاني', 'غير محصل', NULL, NULL, 61, 1, 1, 73),
(487, '198', '05/11/2022', '35000', 'قمر السماء', 'الشيخ فهد ال ثاني', 'غير محصل', NULL, NULL, 61, 1, 1, 73),
(488, '199', '05/12/2022', '35000', 'قمر السماء', 'الشيخ فهد ال ثاني', 'غير محصل', NULL, NULL, 61, 1, 1, 73),
(489, '200', '05/01/2023', '35000', 'قمر السماء', 'الشيخ فهد ال ثاني', 'محصل', 'محصل بالشيك', '05/01/2023', 61, 1, 1, 73),
(490, '201', '05/02/2023', '35000', 'قمر السماء', 'الشيخ فهد ال ثاني', 'غير محصل', NULL, NULL, 61, 1, 1, 73),
(491, '202', '05/03/2023', '35000', 'قمر السماء', 'الشيخ فهد ال ثاني', 'غير محصل', NULL, NULL, 61, 1, 1, 73),
(492, '203', '05/04/2023', '35000', 'قمر السماء', 'الشيخ فهد ال ثاني', 'غير محصل', NULL, NULL, 61, 1, 1, 73),
(493, '204', '05/05/2023', '35000', 'قمر السماء', 'الشيخ فهد ال ثاني', 'غير محصل', NULL, NULL, 61, 1, 1, 73),
(494, '205', '05/06/2023', '35000', 'قمر السماء', 'الشيخ فهد ال ثاني', 'غير محصل', NULL, NULL, 61, 1, 1, 73),
(495, '206', '05/07/2023', '35000', 'قمر السماء', 'الشيخ فهد ال ثاني', 'غير محصل', NULL, NULL, 61, 1, 1, 73),
(496, '207', '05/08/2023', '35000', 'قمر السماء', 'الشيخ فهد ال ثاني', 'محصل', 'محصل بالشيك', '05/08/2023', 61, 1, 1, 73),
(497, '208', '05/09/2023', '35000', 'قمر السماء', 'الشيخ فهد ال ثاني', 'مودع', '', '', 61, 1, 1, 73),
(498, '209', '05/10/2023', '35000', 'قمر السماء', 'الشيخ فهد ال ثاني', 'غير محصل', NULL, NULL, 61, 1, 1, 73),
(499, '210', '05/11/2023', '35000', 'قمر السماء', 'الشيخ فهد ال ثاني', 'غير محصل', NULL, NULL, 61, 1, 1, 73),
(500, '211', '05/12/2023', '35000', 'قمر السماء', 'الشيخ فهد ال ثاني', 'غير محصل', NULL, NULL, 61, 1, 1, 73),
(501, '212', '05/01/2024', '35000', 'قمر السماء', 'الشيخ فهد ال ثاني', 'محصل', 'محصل بالشيك', '05/01/2024', 61, 1, 1, 73),
(502, '213', '05/02/2024', '35000', 'قمر السماء', 'الشيخ فهد ال ثاني', 'محصل', 'محصل بالشيك', '05/02/2024', 61, 1, 1, 73),
(503, '214', '05/03/2024', '35000', 'قمر السماء', 'الشيخ فهد ال ثاني', 'غير محصل', NULL, NULL, 61, 1, 1, 73),
(504, '215', '05/04/2024', '35000', 'قمر السماء', 'الشيخ فهد ال ثاني', 'غير محصل', NULL, NULL, 61, 1, 1, 73),
(505, '216', '05/05/2024', '35000', 'قمر السماء', 'الشيخ فهد ال ثاني', 'غير محصل', NULL, NULL, 61, 1, 1, 73),
(506, '217', '05/06/2024', '35000', 'قمر السماء', 'الشيخ فهد ال ثاني', 'غير محصل', NULL, NULL, 61, 1, 1, 73),
(507, '218', '05/07/2024', '35000', 'قمر السماء', 'الشيخ فهد ال ثاني', 'غير محصل', NULL, NULL, 61, 1, 1, 73),
(508, '219', '05/08/2024', '35000', 'قمر السماء', 'الشيخ فهد ال ثاني', 'غير محصل', NULL, NULL, 61, 1, 1, 73),
(509, '1000033', '10/09/2023', '10000', 'هادوك', 'الشيخ فهد ال ثاني', 'محصل', 'محصل بالشيك', '10/09/2023', 48, 1, 2, 74),
(510, '1000034', '10/10/2023', '10000', 'هادوك', 'الشيخ فهد ال ثاني', 'غير محصل', NULL, NULL, 48, 1, 2, 74),
(511, '1000035', '10/11/2023', '10000', 'هادوك', 'الشيخ فهد ال ثاني', 'غير محصل', NULL, NULL, 48, 1, 2, 74),
(512, '1000036', '10/12/2023', '10000', 'هادوك', 'الشيخ فهد ال ثاني', 'غير محصل', NULL, NULL, 48, 1, 2, 74),
(513, '1000037', '10/01/2024', '10000', 'هادوك', 'الشيخ فهد ال ثاني', 'غير محصل', NULL, NULL, 48, 1, 2, 74),
(514, '1000038', '10/02/2024', '10000', 'هادوك', 'الشيخ فهد ال ثاني', 'محصل', 'محصل بالشيك', '', 48, 1, 2, 74),
(515, '1000039', '10/03/2024', '10000', 'هادوك', 'الشيخ فهد ال ثاني', 'غير محصل', NULL, NULL, 48, 1, 2, 74),
(516, '1000040', '10/04/2024', '10000', 'هادوك', 'الشيخ فهد ال ثاني', 'غير محصل', NULL, NULL, 48, 1, 2, 74),
(517, '1000041', '10/05/2024', '10000', 'هادوك', 'الشيخ فهد ال ثاني', 'غير محصل', NULL, NULL, 48, 1, 2, 74),
(518, '684116', '10/10/2023', '9000', 'ناصر ادريس', 'الشيخ فهد ال ثاني', 'غير محصل', NULL, NULL, 49, 1, 9, 75),
(519, '684117', '10/11/2023', '9000', 'ناصر ادريس', 'الشيخ فهد ال ثاني', 'غير محصل', NULL, NULL, 49, 1, 9, 75),
(520, '684118', '10/12/2023', '9000', 'ناصر ادريس', 'الشيخ فهد ال ثاني', 'غير محصل', NULL, NULL, 49, 1, 9, 75),
(521, '684119', '10/01/2024', '9000', 'ناصر ادريس', 'الشيخ فهد ال ثاني', 'غير محصل', NULL, NULL, 49, 1, 9, 75),
(522, '1004157', '10/12/2023', '61000', 'سما القلمون', 'الشيخ فهد ال ثاني', 'محصل', 'محصل بالشيك', '10/12/2023', 88, 1, 3, 76),
(523, '1004158', '10/01/2024', '61000', 'سما القلمون', 'الشيخ فهد ال ثاني', 'محصل', 'محصل بالشيك', '10/01/2024', 88, 1, 3, 76),
(524, '1004159', '10/02/2024', '61000', 'سما القلمون', 'الشيخ فهد ال ثاني', 'محصل', 'محصل بالشيك', '10/02/2024', 88, 1, 3, 76),
(525, '1004160', '10/03/2024', '61000', 'سما القلمون', 'الشيخ فهد ال ثاني', 'غير محصل', NULL, NULL, 88, 1, 3, 76),
(526, '1004161', '10/04/2024', '61000', 'سما القلمون', 'الشيخ فهد ال ثاني', 'غير محصل', NULL, NULL, 88, 1, 3, 76),
(527, '1004162', '10/05/2024', '61000', 'سما القلمون', 'الشيخ فهد ال ثاني', 'غير محصل', NULL, NULL, 88, 1, 3, 76),
(528, '1004163', '10/06/2024', '61000', 'سما القلمون', 'الشيخ فهد ال ثاني', 'غير محصل', NULL, NULL, 88, 1, 3, 76),
(529, '1004164', '10/07/2024', '61000', 'سما القلمون', 'الشيخ فهد ال ثاني', 'غير محصل', NULL, NULL, 88, 1, 3, 76),
(530, '1004165', '10/08/2024', '61000', 'سما القلمون', 'الشيخ فهد ال ثاني', 'غير محصل', NULL, NULL, 88, 1, 3, 76),
(531, '1004166', '10/09/2024', '61000', 'سما القلمون', 'الشيخ فهد ال ثاني', 'غير محصل', NULL, NULL, 88, 1, 3, 76),
(532, '1004167', '10/10/2024', '61000', 'سما القلمون', 'الشيخ فهد ال ثاني', 'غير محصل', NULL, NULL, 88, 1, 3, 76),
(533, '1004168', '10/11/2024', '61000', 'سما القلمون', 'الشيخ فهد ال ثاني', 'غير محصل', NULL, NULL, 88, 1, 3, 76),
(534, '1004169', '10/12/2024', '61000', 'سما القلمون', 'الشيخ فهد ال ثاني', 'غير محصل', NULL, NULL, 88, 1, 3, 76),
(535, '1004170', '10/01/2025', '61000', 'سما القلمون', 'الشيخ فهد ال ثاني', 'غير محصل', NULL, NULL, 88, 1, 3, 76),
(536, '1004171', '10/02/2025', '61000', 'سما القلمون', 'الشيخ فهد ال ثاني', 'غير محصل', NULL, NULL, 88, 1, 3, 76),
(537, '1004172', '10/03/2025', '61000', 'سما القلمون', 'الشيخ فهد ال ثاني', 'غير محصل', NULL, NULL, 88, 1, 3, 76),
(538, '1004173', '10/04/2025', '61000', 'سما القلمون', 'الشيخ فهد ال ثاني', 'غير محصل', NULL, NULL, 88, 1, 3, 76),
(539, '1004174', '10/05/2025', '61000', 'سما القلمون', 'الشيخ فهد ال ثاني', 'غير محصل', NULL, NULL, 88, 1, 3, 76),
(540, '1004175', '10/06/2025', '61000', 'سما القلمون', 'الشيخ فهد ال ثاني', 'غير محصل', NULL, NULL, 88, 1, 3, 76),
(541, '1004176', '10/07/2025', '61000', 'سما القلمون', 'الشيخ فهد ال ثاني', 'غير محصل', NULL, NULL, 88, 1, 3, 76),
(542, '1004177', '10/08/2025', '61000', 'سما القلمون', 'الشيخ فهد ال ثاني', 'غير محصل', NULL, NULL, 88, 1, 3, 76),
(543, '1004178', '10/09/2025', '61000', 'سما القلمون', 'الشيخ فهد ال ثاني', 'غير محصل', NULL, NULL, 88, 1, 3, 76),
(544, '1004179', '10/10/2025', '61000', 'سما القلمون', 'الشيخ فهد ال ثاني', 'غير محصل', NULL, NULL, 88, 1, 3, 76),
(545, '1004180', '10/11/2025', '61000', 'سما القلمون', 'الشيخ فهد ال ثاني', 'غير محصل', NULL, NULL, 88, 1, 3, 76),
(546, '1004181', '10/12/2025', '61000', 'سما القلمون', 'الشيخ فهد ال ثاني', 'غير محصل', NULL, NULL, 88, 1, 3, 76),
(547, '1004182', '10/01/2026', '61000', 'سما القلمون', 'الشيخ فهد ال ثاني', 'غير محصل', NULL, NULL, 88, 1, 3, 76),
(548, '1004183', '10/02/2026', '61000', 'سما القلمون', 'الشيخ فهد ال ثاني', 'غير محصل', NULL, NULL, 88, 1, 3, 76),
(549, '1004184', '10/03/2026', '61000', 'سما القلمون', 'الشيخ فهد ال ثاني', 'غير محصل', NULL, NULL, 88, 1, 3, 76),
(550, '1004185', '10/04/2026', '61000', 'سما القلمون', 'الشيخ فهد ال ثاني', 'غير محصل', NULL, NULL, 88, 1, 3, 76),
(551, '1004186', '10/05/2026', '61000', 'سما القلمون', 'الشيخ فهد ال ثاني', 'غير محصل', NULL, NULL, 88, 1, 3, 76),
(552, '1004187', '10/06/2026', '61000', 'سما القلمون', 'الشيخ فهد ال ثاني', 'غير محصل', NULL, NULL, 88, 1, 3, 76),
(553, '1004188', '10/07/2026', '61000', 'سما القلمون', 'الشيخ فهد ال ثاني', 'غير محصل', NULL, NULL, 88, 1, 3, 76),
(554, '1004189', '10/08/2026', '61000', 'سما القلمون', 'الشيخ فهد ال ثاني', 'غير محصل', NULL, NULL, 88, 1, 3, 76),
(555, '1004190', '10/09/2026', '61000', 'سما القلمون', 'الشيخ فهد ال ثاني', 'غير محصل', NULL, NULL, 88, 1, 3, 76),
(556, '1004191', '10/10/2026', '61000', 'سما القلمون', 'الشيخ فهد ال ثاني', 'غير محصل', NULL, NULL, 88, 1, 3, 76),
(557, '1004192', '10/11/2026', '61000', 'سما القلمون', 'الشيخ فهد ال ثاني', 'غير محصل', NULL, NULL, 88, 1, 3, 76),
(558, '01000033', '10/09/2023', '10000', 'هادوك تريدينغ', '', 'غير محصل', NULL, NULL, 48, 1, 2, 30),
(559, '01000034', '10/10/2023', '10000', 'هادوك تريدينغ', '', 'غير محصل', NULL, NULL, 48, 1, 2, 30),
(560, '01000035', '10/11/2023', '10000', '	هادوك تريدينغ', '', 'غير محصل', NULL, NULL, 48, 1, 2, 30),
(561, '01000036', '10/11/2023', '10000', 'هادوك تريدينغ', '', 'غير محصل', NULL, NULL, 48, 1, 2, 30),
(562, '01000037', '10/01/2024', '	10,000', '	هادوك تريدينغ', '', 'غير محصل', NULL, NULL, 48, 1, 2, 30),
(563, '01000037', '10/01/2024', '	10,000', '	هادوك تريدينغ', '', 'غير محصل', NULL, NULL, 48, 1, 2, 30),
(564, '01000037', '10/01/2024', '	10,000', '	هادوك تريدينغ', '', 'غير محصل', NULL, NULL, 48, 1, 2, 30),
(565, '01000037', '10/01/2024', '	10,000', '	هادوك تريدينغ', '', 'غير محصل', NULL, NULL, 48, 1, 2, 30),
(566, '00000014', '01/01/2024', '9000', 'سوق البيت', 'شيخ فهد', 'غير محصل', NULL, NULL, 146, 2, 1, 78),
(567, '00000006', '10/01/2024', '9000', 'سوق البيت', 'شيخ فهد', 'غير محصل', NULL, NULL, 146, 1, 1, 78),
(568, '00000005', '10/02/2024', '9000', 'سوق البيت', 'شيخ فهد', 'محصل', 'محصل بالشيك', '', 146, 1, 1, 78),
(569, '00000007', '10/03/2024', '9000', 'سوق البيت', 'شيخ فهد', 'غير محصل', NULL, NULL, 146, 1, 1, 78),
(570, '00000008', '10/04/2024', '9000', 'سوق البيت', 'شيخ فهد', 'غير محصل', NULL, NULL, 146, 1, 1, 78),
(571, '00000011', '10/05/2024', '9000', 'سوق البيت', 'شيخ فهد', 'غير محصل', NULL, NULL, 146, 1, 1, 78),
(572, '00000013', '10/06/2024', '9000', 'سوق البيت', 'شيخ فهد', 'غير محصل', NULL, NULL, 146, 1, 1, 78),
(573, '00000009', '10/07/2024', '9000', 'سوق البيت', 'شيخ فهد', 'غير محصل', NULL, NULL, 146, 1, 1, 78),
(574, '00000002', '10/08/2024', '9000', 'سوق البيت', 'شيخ فهد', 'غير محصل', NULL, NULL, 146, 1, 1, 78),
(575, '00000010', '10/09/2024', '9000', 'سوق البيت', 'شيخ فهد', 'غير محصل', NULL, NULL, 146, 1, 1, 78),
(576, '00000012', '10/10/2024', '9000', 'سوق البيت', 'شيخ فهد', 'غير محصل', NULL, NULL, 146, 1, 1, 78),
(577, '00000003', '10/11/2024', '9000', 'سوق البيت', 'شيخ فهد', 'غير محصل', NULL, NULL, 146, 1, 1, 78),
(578, '00000004', '10/12/2024', '9000', 'سوق البيت', 'شيخ فهد', 'غير محصل', NULL, NULL, 146, 1, 1, 78),
(579, '01000033', '10/09/2023', '10000', 'هادوك', '', 'غير محصل', NULL, NULL, 48, 1, 2, 77),
(580, '01000034', '10/10/2023', '10000', 'هادوك', '', 'غير محصل', NULL, NULL, 48, 1, 2, 77),
(581, '01000035', '10/11/2023', '10000', 'هادوك', '', 'غير محصل', NULL, NULL, 48, 1, 2, 77),
(583, '01000036', '10/12/2023', '10000', 'هادوك', '', 'غير محصل', NULL, NULL, 48, 1, 2, 77),
(584, '01000037', '10/01/2024', '10000', 'هادوك', '', 'غير محصل', NULL, NULL, 48, 1, 2, 77),
(585, '01000038', '10/02/2024', '10000', 'هادوك', '', 'محصل', 'محصل بالشيك', '', 48, 1, 2, 77),
(586, '01000039', '10/03/2024', '10000', 'هادوك', '', 'غير محصل', NULL, NULL, 48, 1, 2, 77),
(587, '01000040', '10/04/2024', '10000', 'هادوك', '', 'غير محصل', NULL, NULL, 48, 1, 2, 77),
(588, '01000041', '10/05/2024', '10000', 'هادوك', '', 'غير محصل', NULL, NULL, 48, 1, 2, 77),
(589, '1000451', '10/12/2023', '14100', 'كهوكان', '&nbsp;', 'غير محصل', NULL, NULL, 3, 1, 2, 80),
(590, '1000452', '10/01/2024', '14100', 'كهوكان', '&nbsp;', 'غير محصل', NULL, NULL, 3, 1, 2, 80),
(591, '1000453', '10/02/2024', '14100', 'كهوكان', '&nbsp;', 'محصل', 'محصل بالشيك', '', 3, 1, 2, 80),
(592, '1000454', '10/03/2024', '14100', 'كهوكان', '&nbsp;', 'غير محصل', NULL, NULL, 3, 1, 2, 80),
(593, '1000455', '10/04/2024', '14100', 'كهوكان', '&nbsp;', 'غير محصل', NULL, NULL, 3, 1, 2, 80),
(594, '1000456', '10/05/2024', '14100', 'كهوكان', '&nbsp;', 'غير محصل', NULL, NULL, 3, 1, 2, 80),
(595, '1000457', '10/06/2024', '14100', 'كهوكان', '&nbsp;', 'غير محصل', NULL, NULL, 3, 1, 2, 80),
(596, '1000458', '10/07/2024', '14100', 'كهوكان', '&nbsp;', 'غير محصل', NULL, NULL, 3, 1, 2, 80),
(597, '1000459', '10/08/2024', '14100', 'كهوكان', '&nbsp;', 'غير محصل', NULL, NULL, 3, 1, 2, 80),
(598, '1000460', '10/09/2024', '14100', 'كهوكان', '&nbsp;', 'غير محصل', NULL, NULL, 3, 1, 2, 80),
(599, '1000461', '10/10/2024', '14100', 'كهوكان', '&nbsp;', 'غير محصل', NULL, NULL, 3, 1, 2, 80),
(600, '1000462', '10/11/2024', '14100', 'كهوكان', '&nbsp;', 'غير محصل', NULL, NULL, 3, 1, 2, 80),
(601, '327', '10/01/2024', '37600', 'ميمي', '&nbsp;', 'غير محصل', NULL, NULL, 9, 1, 2, 81),
(602, '328', '10/02/2024', '37600', 'ميمي', '&nbsp;', 'محصل', 'محصل بالشيك', '', 9, 1, 2, 81),
(603, '329', '10/03/2024', '37600', 'ميمي', '&nbsp;', 'غير محصل', NULL, NULL, 9, 1, 2, 81),
(604, '330', '10/04/2024', '37600', 'ميمي', '&nbsp;', 'غير محصل', NULL, NULL, 9, 1, 2, 81),
(605, '331', '10/05/2024', '37600', 'ميمي', '&nbsp;', 'غير محصل', NULL, NULL, 9, 1, 2, 81),
(606, '332', '10/06/2024', '37600', 'ميمي', '&nbsp;', 'غير محصل', NULL, NULL, 9, 1, 2, 81),
(607, '333', '10/07/2024', '37600', 'ميمي', '&nbsp;', 'غير محصل', NULL, NULL, 9, 1, 2, 81),
(608, '334', '10/08/2024', '37600', 'ميمي', '&nbsp;', 'غير محصل', NULL, NULL, 9, 1, 2, 81);
INSERT INTO `building_cheques` (`Cheques_Id`, `Cheques_No`, `Cheques_Date`, `Cheques_Amount`, `Cheque_Owner`, `beneficiary_person`, `Cheques_Status`, `Collect_Type`, `Collection_Date`, `tenants_Tenants_ID`, `cheque_type_Cheque_Type_id`, `bank_Bank_Id`, `building_contract_Contract_Id`) VALUES
(609, '335', '10/09/2024', '37600', 'ميمي', '&nbsp;', 'غير محصل', NULL, NULL, 9, 1, 2, 81),
(610, '336', '10/10/2024', '37600', 'ميمي', '&nbsp;', 'غير محصل', NULL, NULL, 9, 1, 2, 81),
(611, '337', '10/11/2024', '37600', 'ميمي', '&nbsp;', 'غير محصل', NULL, NULL, 9, 1, 2, 81),
(612, '338', '10/12/2024', '37600', 'ميمي', '&nbsp;', 'غير محصل', NULL, NULL, 9, 1, 2, 81),
(613, '1000185', '10/01/2024', '9000', 'هارون', '&nbsp;', 'محصل', 'محصل بالشيك', '', 53, 1, 2, 82),
(614, '1000186', '10/02/2024', '9000', 'هارون', '&nbsp;', 'محصل', 'محصل بالشيك', '', 53, 1, 2, 82),
(615, '1000187', '10/03/2024', '9000', 'هارون', '&nbsp;', 'غير محصل', NULL, NULL, 53, 1, 2, 82),
(616, '1000188', '10/04/2024', '9000', 'هارون', '&nbsp;', 'غير محصل', NULL, NULL, 53, 1, 2, 82),
(617, '1000189', '10/05/2024', '9000', 'هارون', '&nbsp;', 'غير محصل', NULL, NULL, 53, 1, 2, 82),
(618, '1000190', '10/06/2024', '9000', 'هارون', '&nbsp;', 'غير محصل', NULL, NULL, 53, 1, 2, 82),
(619, '1000191', '10/07/2024', '9000', 'هارون', '&nbsp;', 'غير محصل', NULL, NULL, 53, 1, 2, 82),
(620, '1000192', '10/08/2024', '9000', 'هارون', '&nbsp;', 'غير محصل', NULL, NULL, 53, 1, 2, 82),
(621, '1000193', '10/09/2024', '9000', 'هارون', '&nbsp;', 'غير محصل', NULL, NULL, 53, 1, 2, 82),
(622, '1000194', '10/10/2024', '9000', 'هارون', '&nbsp;', 'غير محصل', NULL, NULL, 53, 1, 2, 82),
(623, '1000195', '10/11/2024', '9000', 'هارون', '&nbsp;', 'غير محصل', NULL, NULL, 53, 1, 2, 82),
(624, '1000196', '10/12/2024', '9000', 'هارون', '&nbsp;', 'غير محصل', NULL, NULL, 53, 1, 2, 82),
(625, '1000272', '10/02/2024', '10000', 'هادوك تريدنج', '&nbsp;', 'محصل', 'محصل بالشيك', '', 48, 1, 2, 83),
(626, '1000273', '10/03/2024', '10000', 'هادوك تريدنج', '&nbsp;', 'غير محصل', NULL, NULL, 48, 1, 2, 83),
(627, '1000274', '10/04/2024', '10000', 'هادوك تريدنج', '&nbsp;', 'غير محصل', NULL, NULL, 48, 1, 2, 83),
(628, '1000275', '10/05/2024', '10000', 'هادوك تريدنج', '&nbsp;', 'غير محصل', NULL, NULL, 48, 1, 2, 83),
(629, '1000276', '10/06/2024', '10000', 'هادوك تريدنج', '&nbsp;', 'غير محصل', NULL, NULL, 48, 1, 2, 83),
(630, '1000277', '10/07/2024', '10000', 'هادوك تريدنج', '&nbsp;', 'غير محصل', NULL, NULL, 48, 1, 2, 83),
(631, '1000278', '10/08/2024', '10000', 'هادوك تريدنج', '&nbsp;', 'غير محصل', NULL, NULL, 48, 1, 2, 83);

-- --------------------------------------------------------

--
-- Table structure for table `building_condition`
--

CREATE TABLE `building_condition` (
  `Building_Condition_Id` int(11) NOT NULL,
  `Building_English_Condition` varchar(200) NOT NULL,
  `Building_Arabic_Condition` varchar(200) NOT NULL
) ENGINE=InnoDB DEFAULT CHARSET=utf8;

--
-- Dumping data for table `building_condition`
--

INSERT INTO `building_condition` (`Building_Condition_Id`, `Building_English_Condition`, `Building_Arabic_Condition`) VALUES
(1, 'New', 'جديد'),
(5, 'Follow up', 'متابعة'),
(6, 'Maintenance Research', 'دراسة صيانة'),
(7, 'Maintenance Research Two', 'دراسة صيانة اثنان'),
(8, 'Dilapidated', 'متهالك'),
(9, 'Invalid', 'غير صالح'),
(10, 'Multiple', 'متعدد');

-- --------------------------------------------------------

--
-- Table structure for table `building_contract`
--

CREATE TABLE `building_contract` (
  `Contract_Id` int(11) NOT NULL,
  `users_user_ID` int(11) NOT NULL,
  `tenants_Tenants_ID` int(11) NOT NULL,
  `building_Building_Id` int(11) NOT NULL,
  `contract_type_Contract_Type_Id` int(11) NOT NULL,
  `contract_template_Contract_template_Id` int(11) NOT NULL,
  `payment_type_payment_type_Id` int(11) NOT NULL,
  `reason_for_rent_Reason_For_Rent_Id` int(11) NOT NULL,
  `Number_Of_Mounth` varchar(45) CHARACTER SET utf8mb4 DEFAULT NULL,
  `Number_Of_Years` varchar(45) CHARACTER SET utf8mb4 DEFAULT NULL,
  `Payment_Amount` varchar(200) CHARACTER SET utf8mb4 DEFAULT NULL,
  `Payment_Amount_L` varchar(200) CHARACTER SET utf8mb4 NOT NULL,
  `Date_Of_Sgin` varchar(200) CHARACTER SET utf8mb4 NOT NULL,
  `Start_Date` varchar(200) CHARACTER SET utf8mb4 NOT NULL,
  `End_Date` varchar(200) CHARACTER SET utf8mb4 NOT NULL,
  `Contract_Details` varchar(2000) CHARACTER SET utf8mb4 DEFAULT NULL,
  `New_ReNewed_Expaired` varchar(45) CHARACTER SET utf8mb4 NOT NULL,
  `Start_Free_Period` varchar(200) CHARACTER SET utf8mb4 DEFAULT NULL,
  `Duration_free_period` varchar(200) CHARACTER SET utf8mb4 DEFAULT NULL,
  `maintenance` varchar(45) CHARACTER SET utf8mb4 NOT NULL,
  `Rental_allowed_Or_Not_allowed` varchar(45) CHARACTER SET utf8mb4 NOT NULL,
  `Com_rep` varchar(45) CHARACTER SET utf8mb4 DEFAULT NULL,
  `Paymen_Method` varchar(200) DEFAULT NULL,
  `Real_Contract_FileName` varchar(200) DEFAULT NULL,
  `Real_Contract_Path` varchar(200) DEFAULT NULL
) ENGINE=InnoDB DEFAULT CHARSET=utf8;

--
-- Dumping data for table `building_contract`
--

INSERT INTO `building_contract` (`Contract_Id`, `users_user_ID`, `tenants_Tenants_ID`, `building_Building_Id`, `contract_type_Contract_Type_Id`, `contract_template_Contract_template_Id`, `payment_type_payment_type_Id`, `reason_for_rent_Reason_For_Rent_Id`, `Number_Of_Mounth`, `Number_Of_Years`, `Payment_Amount`, `Payment_Amount_L`, `Date_Of_Sgin`, `Start_Date`, `End_Date`, `Contract_Details`, `New_ReNewed_Expaired`, `Start_Free_Period`, `Duration_free_period`, `maintenance`, `Rental_allowed_Or_Not_allowed`, `Com_rep`, `Paymen_Method`, `Real_Contract_FileName`, `Real_Contract_Path`) VALUES
(23, 5, 41, 8, 1, 2, 2, 1, '', '2', '130000', 'مئة وثلاثنون الف', '01/09/2022', '01/09/2022', '01/09/2024', '', '1', '', '', '2', '1', '4', 'شيك', NULL, NULL),
(26, 8, 61, 26, 1, 2, 2, 2, '', '1', '35000', 'خمسة وثلاثون الاف', '01/08/2022', '01/09/2022', '15/08/2023', '', '2', '', '', '2', '1', '1', NULL, NULL, NULL),
(30, 8, 48, 18, 1, 2, 2, 2, '', '1', '10000', 'عشرة الاف ', '31/07/2022', '01/08/2022', '31/07/2023', '', '2', '', '', '2', '2', '20', NULL, NULL, NULL),
(31, 8, 52, 25, 1, 2, 2, 1, '', '5', '29700', 'تسعة وعشرون الاف وسبعمئة ', '18/02/2021', '01/08/2021', '31/07/2026', '', '1', '', '', '1', '1', 'إختر اسم الممثل ....', NULL, NULL, NULL),
(33, 9, 52, 52, 1, 2, 2, 1, '', '5', '74400', 'اربعة وسبعون الاف واربعمئة ', '23/03/2021', '01/08/2021', '31/07/2026', '', '1', '', '', '1', '1', '1', 'تحويل', '', ''),
(34, 9, 52, 19, 1, 2, 2, 1, '', '5', '80400', 'ثمانون الاف وأربعمئة ', '01/10/2020', '01/08/2021', '30/07/2026', '', '1', '', '', '1', '1', 'إختر اسم الممثل ....', 'تحويل', '', ''),
(40, 8, 9, 65, 1, 3, 2, 3, '', '1', '37600', 'سبعة وثلاثون الاف وستمئة', '01/01/2023', '01/01/2023', '31/12/2023', '', '2', '', '', '1', '1', '1', 'شيك', NULL, NULL),
(41, 8, 67, 66, 1, 3, 2, 1, '', '3', '26000', 'ستة وعشرون الاف ريال فقط ', '30/04/2021', '01/04/2022', '31/03/2025', '', '1', '', '', '1', '2', '37', 'شيك', NULL, NULL),
(42, 8, 49, 67, 1, 3, 2, 1, '', '1', '9000', 'تسعة الاف ريال فقط ', '31/05/2022', '01/06/2022', '31/05/2023', '', '1', '', '', '1', '2', '1', 'نقداً', '', ''),
(43, 8, 3, 68, 1, 3, 2, 3, '', '3', '14100', 'اربعة عشر الف ومئة ', '01/01/2021', '01/12/2020', '30/11/2023', '', '2', '', '', '1', '2', '1', 'شيك', NULL, NULL),
(45, 8, 53, 70, 1, 3, 2, 3, '', '1', '9000', 'تسعة الاف ريال ', '01/12/2022', '01/12/2022', '30/11/2023', '', '2', '', '', '1', '2', 'إختر اسم الممثل ....', 'شيك', NULL, NULL),
(46, 8, 20, 71, 1, 3, 2, 1, '', '1', '36850', 'ستة وثلاثون الاف وثمانمئة وخمسون', '01/08/2022', '01/08/2022', '31/07/2023', '', '2', '', '', '1', '2', '1', 'شيك', NULL, NULL),
(47, 8, 43, 72, 1, 3, 2, 2, '', '5', '40000', 'اربعون الاف ريال ', '01/12/2022', '01/01/2023', '31/12/2027', '', '1', '', '', '1', '2', '5', 'شيك', NULL, NULL),
(50, 8, 48, 75, 4, 3, 2, 3, '2', '', '10400', 'عشرة الاف واربع مئة ', '01/01/2021', '01/01/2021', '31/07/2022', '', '1', '', '', '1', '2', '20', 'نقداً', NULL, NULL),
(51, 8, 8, 77, 1, 3, 2, 3, '', '1', '9600', 'تسعة الاف وستمئة', '24/01/2023', '01/02/2023', '31/01/2024', '', '1', '', '', '1', '2', '1', '1', NULL, NULL),
(53, 8, 83, 84, 1, 3, 2, 1, '', '2', '16000', 'ستة عشرة الاف ريال ', '27/03/2021', '01/04/2023', '30/06/2022', '', '1', '', '', '1', '2', '1', 'شيك', NULL, NULL),
(54, 8, 114, 85, 1, 3, 2, 1, '', '3', '16000', 'ستة عشر الاف ريال ', '27/03/2021', '01/08/2021', '30/06/2023', '', '2', '', '', '1', '2', 'إختر اسم الممثل ....', 'شيك', NULL, NULL),
(55, 8, 51, 86, 1, 3, 2, 3, '', '1', '24666', 'اربعة وعشرون الاف وستمئة وسة وستون', '01/05/2021', '01/05/2021', '30/04/2022', '', '1', '', '', '1', '2', '1', 'نقداً', NULL, NULL),
(56, 8, 51, 87, 1, 3, 2, 3, '', '2', '18000', 'ثمن عشر الاف ', '28/04/2022', '01/05/2022', '30/04/2024', '', '1', '', '', '1', '2', '1', 'نقداً', NULL, NULL),
(57, 8, 67, 88, 1, 3, 1, 1, '', '1', '32000', 'اثنان وثلاثون الاف ريال ', '30/03/2019', '01/05/2020', '30/04/2021', '', '1', '', '', '1', '2', '37', 'نقداً', NULL, NULL),
(58, 8, 41, 89, 1, 3, 2, 1, '', '2', '30000', 'ثلاثون الاف ريال ', '19/09/2019', '01/01/2020', '30/04/2021', '', '1', '', '', '2', '2', '4', 'شيك', NULL, NULL),
(60, 8, 41, 91, 1, 3, 2, 1, '', '1', '78000', 'سبعة وثمون الاف ريال ', '23/11/2019', '01/01/2020', '15/06/2021', '', '1', '01/01/2020', '3', '1', '2', '4', 'شيك', NULL, NULL),
(61, 8, 61, 92, 1, 3, 5, 3, '', '1', '31666', 'واحد وثلاثون وستمئة وستون ', '11/06/2020', '01/07/2020', '31/07/2021', '', '1', '', '', '2', '2', '19', 'نقداً', NULL, NULL),
(62, 8, 61, 93, 1, 3, 2, 3, '', '1', '30000', 'ثلاثون الف ريال ', '03/06/2021', '01/08/2021', '15/09/2022', '', '1', '01/08/2022', '2', '2', '2', '19', 'نقداً', NULL, NULL),
(63, 8, 116, 94, 1, 3, 2, 2, '', '4', '2250', 'الفان ومئتان وخمسون ', '01/01/2020', '01/01/2020', '31/12/2023', '', '1', '', '', '2', '2', '42', 'نقداً', NULL, NULL),
(65, 8, 88, 97, 1, 3, 2, 1, '', '2', '60000', 'ستون الاف ريال ', '30/09/2021', '01/12/2021', '01/11/2023', '', '2', '', '', '1', '2', '45', 'شيك', NULL, NULL),
(66, 8, 88, 54, 1, 2, 5, 1, '', '2', '50000', 'خمسون الاف ريال ', '23/04/2020', '01/04/2020', '01/04/2022', 'تم دفع القيمية الايجارية عن كامل مدة التعاقد 1000000 مليون ريال', '1', '', '', '1', '2', '45', 'نقداً', NULL, NULL),
(68, 9, 52, 35, 1, 2, 3, 1, '', '5', '39600', 'تسعة وثلالثين ألف وستة مئة ريال', '18/10/2020', '01/08/2021', '01/08/2026', '', '1', '', '', '1', '1', 'إختر اسم الممثل ....', 'تحويل', '', ''),
(70, 8, 20, 71, 1, 3, 2, 1, '', '1', '36850', 'ستة وثلاثون الاف وثمانمئة وخمسون', '01/08/2022', '01/08/2022', '31/07/2024', '', '1', '', '', '1', '2', 'إختر اسم الممثل ....', 'شيك', NULL, NULL),
(71, 8, 114, 85, 1, 3, 2, 1, '', '3', '18000', 'ثمانية عشر الاف ريال ', '27/03/2021', '01/08/2021', '30/06/2026', '', '1', '', '', '2', '2', '1', 'شيك', '', ''),
(72, 8, 2, 102, 1, 3, 2, 3, '', '1', '9400', 'تسعة الاف واربعمة ريال ', '21/06/2023', '01/07/2023', '30/06/2024', '', '1', '', '', '1', '2', '1', 'شيك', NULL, NULL),
(73, 8, 61, 26, 1, 2, 2, 2, '', '1', '35000', 'خمسة وثلاثون الاف', '01/08/2022', '01/09/2023', '01/09/2024', '', '1', '', '', '2', '2', '19', 'شيك', '', ''),
(74, 8, 48, 18, 1, 2, 2, 2, '', '1', '10000', 'عشرة الاف ', '31/07/2022', '01/08/2022', '31/07/2023', '', '2', '', '', '2', '2', '20', 'شيك', NULL, NULL),
(75, 8, 49, 104, 1, 3, 2, 3, '', '1', '9000', 'تسعة الاف ريال', '09/09/2023', '01/10/2023', '30/09/2024', '', '1', '', '', '2', '2', '1', 'شيك', NULL, NULL),
(76, 8, 88, 97, 1, 3, 2, 1, '', '2', '60000', 'ستون الاف ريال ', '30/09/2021', '01/12/2021', '01/11/2023', '', '1', '', '', '2', '2', '45', 'شيك', NULL, NULL),
(77, 9, 48, 18, 1, 2, 2, 2, '', '1', '10000', 'عشرة الاف ', '31/07/2022', '01/08/2023', '01/08/2024', '', '1', '', '', '2', '1', '20', 'شيك', NULL, NULL),
(78, 9, 146, 106, 1, 3, 2, 3, '', '1', '9000', 'تسعة الاف', '20/12/2023', '01/01/2024', '31/12/2024', '', '1', '', '', '1', '2', '1', 'شيك', NULL, NULL),
(79, 9, 3, 68, 1, 3, 2, 3, '', '3', '14100', 'اربعة عشر الف ومئة ', '20/12/2023', '01/12/2023', '30/11/2024', '', '1', '', '', '2', '1', 'إختر اسم الممثل ....', 'شيك', NULL, NULL),
(80, 9, 3, 107, 1, 3, 2, 3, '', '1', '14100', 'أربعة عشر الاف ومئة ريال', '20/12/2023', '01/12/2023', '30/11/2024', '', '1', '', '', '2', '1', '1', 'شيك', NULL, NULL),
(81, 9, 9, 65, 1, 3, 2, 3, '', '1', '37600', 'سبعة وثلاثون الاف وستمئة', '01/01/2024', '01/01/2024', '01/01/2025', '', '1', '', '', '2', '2', 'إختر اسم الممثل ....', 'شيك', NULL, NULL),
(82, 9, 53, 70, 1, 3, 2, 3, '', '1', '9000', 'تسعة الاف ريال ', '01/01/2024', '01/01/2024', '01/01/2025', '', '1', '', '', '2', '1', 'إختر اسم الممثل ....', 'شيك', NULL, NULL),
(83, 9, 48, 108, 1, 3, 2, 2, '', '1', '10000', 'عشرة الاف', '01/07/2022', '01/08/2023', '01/08/2024', '', '1', '', '', '1', '1', '20', 'شيك', NULL, NULL),
(84, 9, 69, 32, 1, 2, 2, 3, '', '1', '8500', 'ثمانية الاف وخمسمئة', '01/01/2024', '01/01/2024', '31/12/2024', '', '1', '', '', '1', '1', '1', 'نقداً', NULL, NULL);

-- --------------------------------------------------------

--
-- Table structure for table `building_transformation_table`
--

CREATE TABLE `building_transformation_table` (
  `transformation_Table_ID` int(11) NOT NULL,
  `transformation_Bank_ID` varchar(200) DEFAULT NULL,
  `transformation_Date` varchar(200) DEFAULT NULL,
  `Amount` varchar(200) DEFAULT NULL,
  `Status` varchar(200) DEFAULT NULL,
  `tenant_Id` varchar(200) DEFAULT NULL,
  `Contract_Id` varchar(200) DEFAULT NULL,
  `Collection_Date` varchar(200) DEFAULT NULL,
  `transformation_No` varchar(200) DEFAULT NULL
) ENGINE=InnoDB DEFAULT CHARSET=utf8mb4;

--
-- Dumping data for table `building_transformation_table`
--

INSERT INTO `building_transformation_table` (`transformation_Table_ID`, `transformation_Bank_ID`, `transformation_Date`, `Amount`, `Status`, `tenant_Id`, `Contract_Id`, `Collection_Date`, `transformation_No`) VALUES
(1, '13', '01/08/2021', '148500', 'محصل', '52', '31', '21/12/2021', '1'),
(3, '13', '01/01/2022', '178200', 'محصل', '52', '31', '02/01/2022', '2'),
(7, '13', '01/07/2022', '178200', 'محصل', '52', '31', '01/07/2022', '3'),
(8, '13', '01/01/2023', '89100', 'محصل', '52', '31', '', '4'),
(9, '13', '01/04/2023', '89100', 'محصل', '52', '31', '03/04/2023', '5'),
(10, '13', '01/08/2021 ', '372000', 'محصل', '52', '33', '21/12/2021', '1'),
(11, '13', '01/01/2022 ', '446400', 'محصل', '52', '33', '01/01/2022', '2'),
(12, '13', '01/07/2022 ', '446400', 'محصل', '52', '33', '01/07/2022', '3'),
(13, '13', '01/01/2023 ', '223200', 'محصل', '52', '33', '01/01/2023', '4'),
(14, '13', '01/04/2023 ', '223200', 'محصل', '52', '33', '03/04/2023', '5'),
(15, '13', '01/08/2021', '402000', 'محصل', '52', '34', '21/12/2021', '1'),
(16, '13', '01/01/2022', '482400', 'محصل', '52', '34', '01/01/2022', '2'),
(17, '13', '01/07/2022', '482400', 'محصل', '52', '34', '01/07/2022', '3'),
(18, '13', '01/01/2023', '241200', 'محصل', '52', '34', '01/01/2023', '4'),
(19, '13', '01/04/2023', '241200', 'محصل', '52', '34', '03/04/2023', '5'),
(20, '13', '01/01/2022', '237600', 'محصل', '52', '68', '03/01/2022', '2'),
(21, '13', '01/07/2022', '237600', 'محصل', '52', '68', '01/07/2022', '3'),
(22, '13', '01/01/2023', '118800', 'محصل', '52', '68', '01/01/2023', '4'),
(23, '13', '01/04/2023', '118800', 'محصل', '52', '68', '03/04/2023', '5'),
(24, '13', '01/08/2021', '198000', 'محصل', '52', '68', '01/08/2021', '1'),
(25, '13', '01/07/2023', '89100', 'محصل', '52', '31', '', '6'),
(27, '13', '01/10/2023', '89100', 'محصل', '52', '31', '', '6'),
(28, '13', '01/01/2024', '89100', 'محصل', '52', '31', '', '6'),
(29, '13', '01/04/2024', '89100', 'غير محصل', '52', '31', NULL, '6'),
(30, '13', '01/07/2023', '223200', 'محصل', '52', '33', '01/07/2023', '6'),
(33, '13', '01/10/2023', '223200', 'محصل', '52', '33', '01/10/2023', '7'),
(34, '13', '01/01/2024', '223200', 'محصل', '52', '33', '01/01/2024', '8'),
(35, '13', '01/04/2024', '223200', 'غير محصل', '52', '33', NULL, '9'),
(36, '13', '01/07/2024', '223200', 'غير محصل', '52', '33', NULL, '10'),
(37, '13', '01/01/2024', '118800', 'محصل', '52', '68', '01/01/2024', '6'),
(38, '13', '01/04/2024', '118800', 'غير محصل', '52', '68', NULL, '7'),
(39, '13', '01/07/2024', '118800', 'غير محصل', '52', '68', NULL, '8'),
(40, '13', '01/10/2024', '118800', 'غير محصل', '52', '68', NULL, '9'),
(41, '13', '01/01/2024', '241200', 'محصل', '52', '34', '01/01/2024', '6'),
(42, '13', '01/04/2024', '241200', 'غير محصل', '52', '34', NULL, '7'),
(43, '13', '01/07/2024', '241200', 'غير محصل', '52', '34', NULL, '8'),
(44, '13', '01/10/2024', '241200', 'غير محصل', '52', '34', NULL, '9');

-- --------------------------------------------------------

--
-- Table structure for table `building_type`
--

CREATE TABLE `building_type` (
  `Building_Type_Id` int(11) NOT NULL,
  `Building_English_Type` varchar(200) NOT NULL,
  `Building_Arabic_Type` varchar(200) NOT NULL
) ENGINE=InnoDB DEFAULT CHARSET=utf8;

--
-- Dumping data for table `building_type`
--

INSERT INTO `building_type` (`Building_Type_Id`, `Building_English_Type`, `Building_Arabic_Type`) VALUES
(2, 'Offices', 'مكاتب'),
(7, ' MultiStory Building', 'عمارة '),
(10, 'Service Villa', 'فيلا خدمية'),
(11, 'Residential Villa', 'فيلا سكنية'),
(12, 'Commercial Villa', 'فيلا تجارية'),
(14, 'Multipurpose Building', 'عمارة متعددة الأغراض'),
(15, ' Apartments and Shops Building', 'عمارة شقق ومحلات'),
(16, 'Residential Building', 'عمارة سكنية'),
(17, 'Apartments', 'شقق'),
(18, 'No details', 'لا تفاصيل'),
(19, 'Popular house', 'بيت شعبي'),
(20, 'Garage', 'كراج'),
(21, 'SHOPS', 'محلات ');

-- --------------------------------------------------------

--
-- Table structure for table `cash_amount`
--

CREATE TABLE `cash_amount` (
  `Cash_Amount_ID` int(11) NOT NULL,
  `Cash_Amount` varchar(200) DEFAULT NULL,
  `Cash_Date` varchar(200) DEFAULT NULL,
  `tenant_Id` varchar(200) DEFAULT NULL,
  `Contract_Id` varchar(200) DEFAULT NULL,
  `Satuts` varchar(200) DEFAULT NULL,
  `Collection_Date` varchar(200) DEFAULT NULL
) ENGINE=InnoDB DEFAULT CHARSET=utf8mb4;

--
-- Dumping data for table `cash_amount`
--

INSERT INTO `cash_amount` (`Cash_Amount_ID`, `Cash_Amount`, `Cash_Date`, `tenant_Id`, `Contract_Id`, `Satuts`, `Collection_Date`) VALUES
(1, '2800', '10/01/2021', '9', '54', 'محصل', '10/01/2021'),
(2, '2500', '10/02/2021', '9', '54', 'محصل', '14/02/2021'),
(3, '2500', '10/03/2021', '9', '54', 'محصل', '18/03/2021'),
(4, '2500', '15/06/2021', '9', '54', 'محصل', '29/04/2021'),
(5, '2500', '15/07/2021', '9', '54', 'محصل', '18/07/2021'),
(6, '2500', '15/08/2021', '9', '54', 'محصل', '30/08/2021'),
(7, '2500', '15/09/2021', '9', '54', 'محصل', '19/09/2021'),
(9, '2500', '15/10/2021', '9', '54', 'محصل', '17/10/2021'),
(10, '2500', '15/11/2021', '9', '54', 'محصل', '04/11/2021'),
(11, '2500', '15/12/2021', '9', '54', 'محصل', '18/12/2021'),
(12, '2500', '15/01/2022', '9', '54', 'محصل', '31/01/2022'),
(13, '2500', '15/02/2022', '9', '54', 'محصل', '17/02/2022'),
(14, '2500', '15/03/2022', '9', '54', 'محصل', '17/03/2022'),
(15, '2500', '15/04/2022', '9', '54', 'محصل', '17/04/2022'),
(16, '2500', '15/05/2022', '9', '54', 'محصل', '15/05/2022'),
(17, '2500', '15/06/2022', '9', '54', 'محصل', '19/06/2022'),
(18, '2500', '15/07/2022', '9', '54', 'محصل', '13/07/2022'),
(19, '3000', '15/01/2021', '9', '55', 'محصل', '17/01/2021'),
(20, '3000', '15/02/2021', '9', '55', 'محصل', '16/02/2021'),
(21, '3000', '15/03/2021', '9', '55', 'محصل', '21/03/2021'),
(22, '3000', '15/04/2021', '9', '55', 'محصل', '18/04/2021'),
(23, '3000', '15/05/2021', '9', '55', 'محصل', '20/05/2021'),
(24, '3000', '15/06/2021', '9', '55', 'محصل', '20/06/2021'),
(25, '3000', '15/07/2021', '9', '55', 'محصل', '18/07/2021'),
(26, '3000', '15/08/2021', '9', '55', 'محصل', '22/08/2021'),
(27, '3000', '15/09/2021', '9', '55', 'محصل', '19/09/2021'),
(28, '3000', '15/10/2021', '9', '55', 'محصل', '17/10/2021'),
(29, '3000', '15/11/2021', '9', '55', 'محصل', '25/11/2021'),
(30, '3000', '15/12/2021', '9', '55', 'محصل', '25/12/2021'),
(31, '3000', '15/01/2022', '9', '55', 'محصل', '13/01/2022'),
(32, '3000', '15/02/2022', '9', '55', 'محصل', '17/02/2022'),
(33, '3000', '15/03/2022', '9', '55', 'محصل', '20/03/2022'),
(34, '3000', '15/04/2022', '9', '55', 'محصل', '13/04/2022'),
(35, '3000', '15/05/2022', '9', '55', 'محصل', '11/05/2022'),
(36, '3000', '15/06/2022', '9', '55', 'محصل', '19/06/2022'),
(37, '3000', '15/07/2022', '9', '55', 'محصل', '13/07/2022'),
(67, '5000', '15/06/2020', '6', '83', 'محصل', '08/06/2020'),
(68, '5000', '15/07/2020', '6', '83', 'محصل', '09/07/2020'),
(69, '5000', '15/08/2020', '6', '83', 'محصل', '09/08/2020'),
(70, '5000', '15/09/2020', '6', '83', 'محصل', '08/09/2020'),
(71, '5000', '15/10/2020', '6', '83', 'محصل', '11/10/2020'),
(72, '5000', '15/11/2020', '6', '83', 'محصل', '08/11/2020'),
(73, '5000', '15/12/2020', '6', '83', 'محصل', '10/12/2020'),
(74, '5000', '15/01/2021', '6', '83', 'محصل', '10/01/2021'),
(75, '5000', '15/02/2021', '6', '83', 'محصل', '08/02/2021'),
(77, '4700', '15/08/2021', '7', '84', 'محصل', '24/06/2021'),
(78, '4700', '15/09/2021', '7', '84', 'محصل', '09/09/2021'),
(79, '4700', '15/10/2021', '7', '84', 'محصل', '10/10/2021'),
(80, '4700', '15/11/2021', '7', '84', 'محصل', '15/11/2021'),
(81, '4700', '15/12/2021', '7', '84', 'محصل', '08/12/2021'),
(82, '4700', '15/01/2022', '7', '84', 'محصل', '09/01/2022'),
(83, '4700', '15/02/2022', '7', '84', 'محصل', '10/02/2022'),
(84, '4700', '15/03/2022', '7', '84', 'محصل', '06/03/2022'),
(85, '4700', '15/04/2022', '7', '84', 'محصل', '10/04/2022'),
(86, '4700', '15/05/2022', '7', '84', 'محصل', '06/05/2022'),
(87, '4700', '15/06/2022', '7', '84', 'محصل', '22/06/2022'),
(88, '5000', '15/02/2021', '8', '87', 'محصل', '28/02/2021'),
(89, '5000', '15/03/2021', '8', '87', 'محصل', '26/03/2021'),
(90, '5000', '15/04/2021', '8', '87', 'محصل', '29/04/2021'),
(91, '5000', '15/05/2021', '8', '87', 'محصل', '30/05/2021'),
(92, '5000', '15/06/2021', '8', '87', 'محصل', '30/06/2021'),
(93, '5000', '15/07/2021', '8', '87', 'محصل', '28/07/2021'),
(94, '5000', '15/08/2021', '8', '87', 'محصل', '30/08/2021'),
(95, '5000', '15/09/2021', '8', '87', 'محصل', '16/09/2021'),
(96, '5000', '15/10/2021', '8', '87', 'محصل', '30/10/2021'),
(97, '5000', '15/11/2021', '8', '87', 'محصل', '30/11/2021'),
(98, '5000', '15/12/2021', '8', '87', 'محصل', '28/12/2021'),
(99, '5000', '15/01/2022', '8', '87', 'محصل', '23/01/2022'),
(101, '5000', '15/06/2020', '117', '82', 'محصل', '15/06/2020'),
(102, '5000', '15/07/2020', '117', '82', 'محصل', '30/07/2020'),
(103, '5000', '15/08/2020', '117', '82', 'محصل', '10/09/2020'),
(104, '5000', '15/09/2020', '117', '82', 'محصل', '10/09/2020'),
(105, '5000', '15/10/2020', '117', '82', 'محصل', '12/10/2020'),
(106, '5000', '15/11/2020', '117', '82', 'محصل', '11/11/2020'),
(107, '5000', '15/12/2020', '117', '82', 'محصل', '10/12/2020'),
(108, '5000', '15/01/2021', '117', '82', 'محصل', '11/01/2021'),
(109, '5000', '15/02/2021', '117', '82', 'محصل', '15/02/2021'),
(110, '5000', '15/03/2021', '117', '82', 'محصل', '15/03/2021'),
(111, '5000', '15/04/2021', '117', '82', 'محصل', '26/04/2021'),
(112, '5000', '15/05/2021', '117', '82', 'محصل', '16/05/2021'),
(113, '4700', '15/02/2022', '8', '88', 'محصل', '27/02/2022'),
(114, '4700', '15/03/2022', '8', '88', 'محصل', '14/03/2022'),
(115, '4700', '15/04/2022', '8', '88', 'محصل', '23/03/2022'),
(116, '4700', '15/05/2022', '8', '88', 'محصل', '17/04/2022'),
(117, '4700', '15/06/2022', '8', '88', 'محصل', '22/06/2022'),
(118, '4700', '15/07/2022', '8', '88', 'محصل', '24/07/2022'),
(119, '4700', '15/08/2022', '8', '88', 'محصل', '17/08/2022'),
(120, '4700', '15/09/2022', '8', '88', 'محصل', '27/09/2022'),
(121, '4700', '15/10/2022', '8', '88', 'محصل', '07/11/2022'),
(122, '4700', '15/11/2022', '8', '88', 'محصل', '07/11/2022'),
(123, '4700', '15/12/2022', '8', '88', 'محصل', '31/12/2022'),
(124, '4700', '15/01/2023', '8', '88', 'محصل', '31/12/2022'),
(126, '4700', '15/04/2021', '5', '90', 'محصل', '01/03/2021'),
(127, '4700', '15/05/2021', '5', '90', 'محصل', '18/05/2021'),
(128, '4700', '15/06/2021', '5', '90', 'محصل', '24/06/2021'),
(129, '4700', '15/07/2021', '5', '90', 'محصل', '28/07/2021'),
(130, '4700', '15/08/2021', '5', '90', 'محصل', '12/08/2021'),
(131, '4700', '15/09/2021', '5', '90', 'محصل', '27/09/2021'),
(132, '4700', '15/10/2021', '5', '90', 'محصل', '12/10/2021'),
(133, '4700', '15/11/2021', '5', '90', 'محصل', '29/11/2021'),
(134, '4700', '15/12/2021', '5', '90', 'محصل', '15/12/2021'),
(135, '4700', '15/01/2022', '5', '90', 'محصل', '30/01/2022'),
(136, '4700', '15/02/2022', '5', '90', 'محصل', '10/02/2022'),
(137, '5500', '15/11/2019', '11', '92', 'محصل', '08/12/2019'),
(138, '5500', '15/12/2019', '11', '92', 'محصل', '15/12/2019'),
(139, '5500', '15/01/2020', '11', '92', 'محصل', '21/01/2020'),
(140, '5500', '15/02/2020', '11', '92', 'محصل', '16/02/2020'),
(141, '5500', '15/03/2020', '11', '92', 'محصل', '15/03/2020'),
(142, '5500', '15/04/2020', '11', '92', 'محصل', '20/04/2020'),
(143, '5500', '15/05/2020', '11', '92', 'محصل', '31/05/2020'),
(144, '5500', '15/06/2020', '11', '92', 'محصل', '30/06/2020'),
(145, '5500', '15/07/2020', '11', '92', 'محصل', '14/07/2020'),
(146, '5500', '15/08/2020', '11', '92', 'محصل', '13/09/2020'),
(147, '5500', '15/09/2020', '11', '92', 'محصل', '13/09/2020'),
(148, '5500', '15/10/2020', '11', '92', 'محصل', '22/10/2020'),
(161, '5000', '15/02/2021', '8', '99', 'محصل', '28/02/2021'),
(162, '5000', '15/03/2021', '8', '99', 'محصل', '26/03/2021'),
(163, '5000', '15/04/2021', '8', '99', 'محصل', '29/04/2021'),
(164, '5000', '15/05/2021', '8', '99', 'محصل', '30/05/2021'),
(165, '5000', '15/06/2021', '8', '99', 'محصل', '30/06/2021'),
(166, '5000', '15/07/2021', '8', '99', 'محصل', '28/07/2021'),
(167, '5000', '15/08/2021', '8', '99', 'محصل', '30/08/2021'),
(168, '5000', '15/09/2021', '8', '99', 'محصل', '16/09/2021'),
(169, '5000', '15/10/2021', '8', '99', 'محصل', '27/10/2021'),
(170, '5000', '15/11/2021', '8', '99', 'محصل', '30/11/2021'),
(171, '5000', '15/12/2021', '8', '99', 'محصل', '28/12/2021'),
(172, '5000', '15/01/2022', '8', '99', 'محصل', '23/01/2022'),
(173, '4700', '15/01/2021', '13', '101', 'محصل', '05/01/2021'),
(174, '4700', '15/02/2021', '13', '101', 'محصل', '04/02/2021'),
(175, '4700', '15/03/2021', '13', '101', 'محصل', '08/03/2021'),
(176, '4700', '15/04/2021', '13', '101', 'محصل', '11/04/2021'),
(177, '4700', '15/05/2021', '13', '101', 'محصل', '05/05/2021'),
(178, '4700', '15/06/2021', '13', '101', 'محصل', '06/06/2021'),
(179, '4700', '15/07/2021', '13', '101', 'محصل', '05/07/2021'),
(180, '4700', '15/08/2021', '13', '101', 'محصل', '05/08/2021'),
(181, '4700', '15/09/2021', '13', '101', 'محصل', '05/09/2021'),
(182, '4700', '15/10/2021', '13', '101', 'محصل', '03/10/2021'),
(183, '4700', '15/11/2021', '13', '101', 'محصل', '04/11/2021'),
(184, '4700', '15/12/2021', '13', '101', 'محصل', '06/12/2021'),
(188, '4700', '15/01/2022', '13', '102', 'محصل', '05/01/2022'),
(189, '4700', '15/02/2022', '13', '102', 'محصل', '07/02/2022'),
(190, '4700', '15/03/2022', '13', '102', 'محصل', '06/03/2022'),
(191, '4700', '15/04/2022', '13', '102', 'محصل', '06/04/2022'),
(192, '4700', '15/05/2022', '13', '102', 'محصل', '01/05/2022'),
(193, '4700', '15/06/2022', '13', '102', 'محصل', '07/06/2022'),
(194, '4700', '15/07/2022', '13', '102', 'محصل', '13/07/2022'),
(195, '4700', '15/08/2022', '13', '102', 'محصل', '07/08/2022'),
(196, '4700', '15/09/2022', '13', '102', 'محصل', '19/09/2022'),
(199, '5000', '15/08/2020', '14', '104', 'محصل', '09/08/2020'),
(200, '5000', '15/09/2020', '14', '104', 'محصل', '06/09/2020'),
(201, '5000', '15/10/2020', '14', '104', 'محصل', '05/10/2020'),
(202, '5000', '15/11/2020', '14', '104', 'محصل', '08/11/2020'),
(203, '5000', '15/12/2020', '14', '104', 'محصل', '01/12/2020'),
(204, '5000', '15/01/2021', '14', '104', 'محصل', '05/01/2021'),
(205, '5000', '15/02/2021', '14', '104', 'محصل', '04/02/2021'),
(206, '5000', '15/03/2021', '14', '104', 'محصل', '01/03/2021'),
(207, '5000', '15/04/2021', '14', '104', 'محصل', '30/03/2021'),
(208, '5000', '15/05/2021', '14', '104', 'محصل', '05/05/2021'),
(209, '5000', '15/06/2021', '14', '104', 'محصل', '30/05/2021'),
(210, '5000', '15/07/2021', '14', '104', 'محصل', '05/07/2021'),
(211, '4700', '15/08/2021', '14', '105', 'محصل', '22/08/2021'),
(212, '4700', '15/09/2021', '14', '105', 'محصل', '29/08/2021'),
(213, '4700', '15/10/2021', '14', '105', 'محصل', '30/10/2021'),
(214, '4700', '15/11/2021', '14', '105', 'محصل', '31/10/2021'),
(215, '4700', '15/12/2021', '14', '105', 'محصل', '29/11/2021'),
(218, '4700', '15/01/2022', '14', '105', 'محصل', '12/01/2022'),
(219, '4700', '15/02/2022', '14', '105', 'محصل', '07/02/2022'),
(220, '4700', '15/03/2022', '14', '105', 'محصل', '06/03/2022'),
(221, '4700', '15/04/2022', '14', '105', 'محصل', '05/04/2022'),
(222, '4700', '15/05/2022', '14', '105', 'محصل', '01/05/2022'),
(223, '4700', '15/06/2022', '14', '105', 'محصل', '05/05/2022'),
(224, '4700', '15/07/2022', '14', '105', 'محصل', '03/07/2022'),
(225, '4700', '15/01/2020', '2', '107', 'محصل', '24/02/2020'),
(226, '4700', '15/02/2020', '2', '107', 'محصل', '07/04/2020'),
(227, '4700', '15/03/2020', '2', '107', 'محصل', '03/05/2020'),
(228, '4700', '15/04/2020', '2', '107', 'محصل', '31/05/2020'),
(229, '4700', '15/05/2020', '2', '107', 'محصل', '31/05/2020'),
(230, '4700', '15/06/2020', '2', '107', 'محصل', '30/06/2020'),
(231, '4700', '15/07/2020', '2', '107', 'محصل', '20/09/2020'),
(232, '4700', '15/08/2020', '2', '107', 'محصل', '20/09/2020'),
(233, '4700', '15/09/2020', '2', '107', 'محصل', '05/11/2020'),
(234, '4700', '15/10/2020', '2', '107', 'محصل', '05/11/2020'),
(235, '4700', '15/11/2020', '2', '107', 'محصل', '31/12/2020'),
(236, '4700', '15/12/2020', '2', '107', 'محصل', '31/12/2020'),
(237, '4700', '15/01/2021', '2', '108', 'محصل', '14/02/2021'),
(238, '4700', '15/02/2021', '2', '108', 'محصل', '26/03/2021'),
(239, '4700', '15/03/2021', '2', '108', 'محصل', '29/04/2021'),
(240, '4700', '15/04/2021', '2', '108', 'محصل', '30/05/2021'),
(241, '4700', '15/05/2021', '2', '108', 'محصل', '30/06/2021'),
(242, '4700', '15/06/2021', '2', '108', 'محصل', '29/07/2021'),
(243, '4700', '15/07/2021', '2', '108', 'محصل', '29/08/2021'),
(244, '4700', '15/08/2021', '2', '108', 'محصل', '19/09/2021'),
(245, '4700', '15/09/2021', '2', '108', 'محصل', '24/10/2021'),
(246, '4700', '15/10/2021', '2', '108', 'محصل', '30/11/2021'),
(247, '4700', '15/11/2021', '2', '108', 'محصل', '28/12/2021'),
(248, '4700', '15/12/2021', '2', '108', 'محصل', '31/12/2021'),
(250, '5000', '15/06/2020', '118', '110', 'محصل', '30/06/2020'),
(251, '5000', '15/07/2020', '118', '110', 'محصل', '15/07/2020'),
(253, '5000', '15/08/2020', '118', '110', 'محصل', '11/08/2020'),
(254, '5000', '15/09/2020', '118', '110', 'محصل', '24/09/2020'),
(255, '5000', '15/10/2020', '118', '110', 'محصل', '11/10/2020'),
(256, '5000', '15/11/2020', '118', '110', 'محصل', '10/11/2020'),
(257, '5000', '15/12/2020', '118', '110', 'محصل', '31/12/2020'),
(258, '5000', '15/01/2021', '118', '110', 'محصل', '10/01/2021'),
(259, '5000', '15/02/2021', '118', '110', 'محصل', '24/02/2021'),
(260, '5000', '15/03/2021', '118', '110', 'محصل', '10/03/2021'),
(261, '5000', '15/04/2021', '118', '110', 'محصل', '12/04/2021'),
(264, '4700', '15/09/2021', '9', '111', 'محصل', '25/08/2021'),
(265, '4700', '15/10/2021', '9', '111', 'محصل', '17/10/2021'),
(266, '4700', '15/11/2021', '9', '111', 'محصل', '18/11/2021'),
(267, '4700', '15/12/2021', '9', '111', 'محصل', '13/12/2021'),
(268, '4700', '15/01/2022', '9', '111', 'محصل', '16/01/2022'),
(269, '4700', '15/02/2022', '9', '111', 'محصل', '10/02/2022'),
(270, '4700', '15/03/2022', '9', '111', 'محصل', '20/03/2022'),
(271, '4700', '15/04/2022', '9', '111', 'محصل', '17/04/2022'),
(272, '4700', '15/05/2022', '9', '111', 'محصل', '15/05/2022'),
(273, '4700', '15/06/2022', '9', '111', 'محصل', '09/06/2022'),
(274, '4700', '15/07/2022', '9', '111', 'محصل', '13/07/2022'),
(275, '4700', '15/08/2022', '9', '111', 'محصل', '08/08/2022'),
(276, '5000', '15/11/2020', '15', '112', 'محصل', '12/11/2020'),
(277, '5000', '15/12/2020', '15', '112', 'محصل', '12/12/2020'),
(278, '5000', '15/01/2021', '15', '112', 'محصل', '10/01/2021'),
(279, '5000', '15/02/2021', '15', '112', 'محصل', '14/02/2021'),
(280, '5000', '15/03/2021', '15', '112', 'محصل', '08/03/2021'),
(281, '5000', '15/04/2021', '15', '112', 'محصل', '11/04/2021'),
(282, '5000', '15/05/2021', '15', '112', 'محصل', '09/05/2021'),
(283, '5000', '15/06/2021', '15', '112', 'محصل', '13/06/2021'),
(284, '5000', '15/07/2021', '15', '112', 'محصل', '07/11/2021'),
(285, '5000', '15/08/2021', '15', '112', 'محصل', '12/08/2021'),
(286, '5000', '15/09/2021', '15', '112', 'محصل', '05/09/2021'),
(287, '5000', '15/10/2021', '15', '112', 'محصل', '06/10/2021'),
(288, '4700', '15/11/2021', '15', '113', 'محصل', '07/11/2021'),
(289, '4700', '15/12/2021', '15', '113', 'محصل', '08/12/2021'),
(290, '4700', '15/01/2022', '15', '113', 'محصل', '09/01/2022'),
(291, '4700', '15/02/2022', '15', '113', 'محصل', '27/02/2022'),
(292, '4700', '15/03/2022', '15', '113', 'محصل', '06/03/2022'),
(293, '4700', '15/04/2022', '15', '113', 'محصل', '10/04/2022'),
(294, '4700', '15/05/2022', '15', '113', 'محصل', '08/05/2022'),
(295, '4700', '15/06/2022', '15', '113', 'محصل', '06/06/2022'),
(296, '4700', '15/07/2022', '15', '113', 'محصل', '14/08/2022'),
(297, '4700', '15/08/2022', '15', '113', 'محصل', '28/08/2022'),
(298, '4700', '15/09/2022', '15', '113', 'محصل', '07/09/2022'),
(300, '2500', '15/02/2021', '63', '115', 'محصل', '16/02/2021'),
(301, '2500', '15/03/2021', '63', '115', 'محصل', '10/03/2021'),
(302, '2500', '15/04/2021', '63', '115', 'محصل', '11/04/2021'),
(303, '2500', '15/05/2021', '63', '115', 'محصل', '10/05/2021'),
(304, '2500', '15/06/2021', '63', '115', 'محصل', '10/05/2021'),
(305, '2500', '15/07/2021', '63', '115', 'محصل', '11/07/2021'),
(306, '2500', '15/08/2021', '63', '115', 'محصل', '12/08/2021'),
(307, '2500', '15/09/2021', '63', '115', 'محصل', '13/09/2021'),
(308, '2500', '15/10/2021', '63', '115', 'محصل', '12/10/2021'),
(309, '2500', '15/11/2021', '63', '115', 'محصل', '14/11/2021'),
(310, '2500', '15/12/2021', '63', '115', 'محصل', '06/12/2021'),
(311, '2500', '15/01/2022', '63', '115', 'محصل', '12/01/2022'),
(312, '2800', '15/01/2020', '62', '117', 'محصل', '13/01/2020'),
(313, '2800', '15/02/2020', '62', '117', 'محصل', '20/02/2020'),
(314, '2800', '15/03/2020', '62', '117', 'محصل', '11/03/2020'),
(315, '2800', '15/04/2020', '62', '117', 'محصل', '13/04/2020'),
(316, '2800', '15/05/2020', '62', '117', 'محصل', '14/05/2020'),
(317, '2800', '15/06/2020', '62', '117', 'محصل', '11/06/2020'),
(318, '2800', '15/07/2020', '62', '117', 'محصل', '13/07/2020'),
(319, '2800', '15/08/2020', '62', '117', 'محصل', '11/08/2020'),
(320, '2800', '15/09/2020', '62', '117', 'محصل', '10/09/2020'),
(321, '2800', '15/10/2020', '62', '117', 'محصل', '11/10/2020'),
(322, '2800', '15/11/2020', '62', '117', 'محصل', '10/11/2020'),
(323, '2800', '15/12/2020', '62', '117', 'محصل', '10/12/2020'),
(324, '2800', '15/01/2021', '62', '117', 'محصل', '01/01/2021'),
(325, '2800', '15/02/2021', '62', '117', 'محصل', '14/02/2021'),
(326, '2800', '15/03/2021', '62', '117', 'محصل', '10/03/2021'),
(327, '2800', '15/04/2021', '62', '117', 'محصل', '29/04/2021'),
(328, '2800', '15/05/2021', '62', '117', 'محصل', '20/05/2021'),
(329, '2800', '15/06/2021', '62', '117', 'محصل', '27/06/2021'),
(330, '2800', '15/07/2021', '62', '117', 'محصل', '05/07/2021'),
(331, '2800', '15/08/2021', '62', '117', 'محصل', '29/08/2021'),
(332, '2800', '15/09/2021', '62', '117', 'محصل', '05/09/2021'),
(333, '2800', '15/10/2021', '62', '117', 'محصل', '21/10/2021'),
(334, '2800', '15/11/2021', '62', '117', 'محصل', '09/11/2021'),
(335, '2800', '15/12/2021', '62', '117', 'محصل', '14/12/2021'),
(336, '2500', '15/01/2020', '120', '123', 'محصل', '11/03/2020'),
(337, '2500', '15/02/2020', '120', '123', 'محصل', '13/04/2020'),
(338, '2500', '15/03/2020', '120', '123', 'محصل', '13/04/2020'),
(339, '2500', '15/04/2020', '120', '123', 'محصل', '11/06/2020'),
(340, '2500', '15/05/2020', '120', '123', 'محصل', '22/06/2020'),
(341, '2500', '15/06/2020', '120', '123', 'محصل', '30/06/2020'),
(342, '2500', '15/07/2020', '120', '123', 'محصل', '16/07/2020'),
(343, '2500', '15/08/2020', '120', '123', 'محصل', '18/08/2020'),
(344, '2500', '15/09/2020', '120', '123', 'محصل', '16/09/2020'),
(345, '2500', '15/10/2020', '120', '123', 'محصل', '15/10/2020'),
(346, '2500', '15/11/2020', '120', '123', 'محصل', '15/11/2020'),
(347, '2500', '15/12/2020', '120', '123', 'محصل', '10/12/2020'),
(348, '2500', '15/01/2021', '120', '123', 'محصل', '10/01/2021'),
(349, '2500', '15/02/2021', '120', '123', 'محصل', '14/02/2021'),
(350, '2500', '15/03/2021', '120', '123', 'محصل', '08/03/2021'),
(351, '10500', '15/04/2021', '9', '129', 'محصل', '04/04/2021'),
(352, '10500', '15/05/2021', '9', '129', 'محصل', '20/05/2021'),
(353, '10500', '15/06/2021', '9', '129', 'محصل', '20/06/2021'),
(354, '10500', '15/07/2021', '9', '129', 'محصل', '18/07/2021'),
(355, '10500', '15/08/2021', '9', '129', 'محصل', '22/08/2021'),
(356, '10500', '15/09/2021', '9', '129', 'محصل', '19/09/2021'),
(357, '10500', '15/10/2021', '9', '129', 'محصل', '17/10/2021'),
(358, '10500', '15/11/2021', '9', '129', 'محصل', '18/11/2021'),
(359, '10500', '15/12/2021', '9', '129', 'محصل', '13/12/2021'),
(364, '120000', '01/07/2019', '82', '151', 'محصل', '09/07/2019'),
(365, '5500', '15/03/2020', '6', '83', 'محصل', '15/03/2019'),
(366, '5500', '15/04/2020', '6', '83', 'محصل', '13/04/2019'),
(367, '5500', '15/05/2020', '6', '83', 'محصل', '13/05/2019'),
(368, '5000', '15/02/2020', '12', '97', 'محصل', '08/03/2020'),
(369, '5000', '15/03/2020', '12', '97', 'محصل', '30/04/2020'),
(370, '5000', '15/04/2020', '12', '97', 'محصل', '30/04/2020'),
(371, '5000', '15/05/2020', '12', '97', 'محصل', '22/06/2020'),
(372, '5000', '15/06/2020', '12', '97', 'محصل', '22/06/2020'),
(373, '5000', '15/07/2020', '12', '97', 'محصل', '22/12/2020'),
(374, '5000', '15/08/2020', '12', '97', 'محصل', '22/12/2020'),
(375, '5000', '15/09/2020', '12', '97', 'محصل', '22/12/2020'),
(376, '5000', '15/10/2020', '12', '97', 'محصل', '22/12/2020'),
(377, '5000', '15/11/2020', '12', '97', 'محصل', '31/12/2020'),
(378, '5000', '15/12/2020', '12', '97', 'محصل', '31/12/2020'),
(379, '5000', '15/01/2021', '12', '97', 'محصل', '24/06/2021'),
(380, '10500', '15/01/2022', '9', '129', 'محصل', '16/01/2022'),
(381, '10500', '15/02/2022', '9', '129', 'محصل', '17/02/2022'),
(382, '10500', '15/03/2022', '9', '129', 'محصل', '15/03/2022'),
(383, '5500', '15/05/2020', '118', '110', 'محصل', '14/05/2020'),
(384, '27900', '01/06/2020', '132', '156', 'محصل', '28/06/2020'),
(385, '27900', '31/12/2020', '132', '156', 'محصل', '31/12/2020'),
(386, '27900', '01/06/2021', '132', '156', 'محصل', '30/06/2021'),
(387, '13950', '01/12/2021', '132', '156', 'محصل', '05/12/2021'),
(388, '10000', '05/02/2020', '100', '158', 'غير محصل', NULL),
(389, '10000', '05/03/2020', '100', '158', 'محصل', '16/03/2020'),
(390, '10000', '05/04/2020', '100', '158', 'محصل', '22/06/2020'),
(391, '10000', '05/05/2020', '100', '158', 'محصل', '30/06/2020'),
(392, '10000', '05/06/2020', '100', '158', 'محصل', '30/06/2020'),
(393, '10000', '05/07/2020', '100', '158', 'محصل', '15/09/2020'),
(394, '10000', '05/08/2020', '100', '158', 'محصل', '15/10/2020'),
(395, '10000', '05/09/2020', '100', '158', 'محصل', '18/10/2020'),
(396, '10000', '05/10/2020', '100', '158', 'محصل', '16/11/2020'),
(397, '10000', '05/11/2020', '100', '158', 'محصل', '30/12/2020'),
(398, '10000', '05/12/2020', '100', '158', 'محصل', '31/12/2020'),
(399, '10000', '05/01/2021', '100', '158', 'محصل', '30/06/2021'),
(400, '10000', '05/02/2021', '100', '158', 'محصل', '30/06/2021'),
(401, '10000', '05/03/2021', '100', '158', 'محصل', '30/06/2021'),
(402, '10000', '05/04/2021', '100', '158', 'محصل', '30/06/2021'),
(403, '10000', '05/05/2021', '100', '158', 'محصل', '30/06/2021'),
(404, '10000', '05/06/2021', '100', '158', 'محصل', '30/06/2021'),
(405, '10000', '05/07/2021', '100', '158', 'محصل', '19/09/2021'),
(406, '10000', '05/08/2021', '100', '158', 'محصل', '19/09/2021'),
(407, '10000', '05/09/2021', '100', '158', 'غير محصل', ''),
(408, '10000', '05/10/2021', '100', '158', 'غير محصل', ''),
(409, '10000', '05/11/2021', '100', '158', 'محصل', '31/12/2021'),
(410, '10000', '05/12/2021', '100', '158', 'محصل', '31/12/2021'),
(411, '10000', '05/01/2022', '100', '158', 'محصل', '20/01/2022'),
(412, '5000', '05/01/2020', '4', '160', 'محصل', '23/01/2020'),
(413, '5000', '05/02/2020', '4', '160', 'محصل', '08/03/2020'),
(414, '5000', '05/03/2020', '4', '160', 'محصل', '22/03/2020'),
(415, '5000', '05/04/2020', '4', '160', 'محصل', '13/05/2020'),
(416, '5000', '05/05/2020', '4', '160', 'محصل', '13/05/2020'),
(417, '5000', '05/06/2020', '4', '160', 'محصل', '22/06/2020'),
(418, '5000', '05/07/2020', '4', '160', 'محصل', '12/07/2020'),
(419, '5000', '05/08/2020', '4', '160', 'محصل', '16/08/2020'),
(420, '5000', '05/09/2020', '4', '160', 'محصل', '08/11/2020'),
(422, '4700', '05/11/2020', '4', '160', 'محصل', '31/12/2020'),
(423, '4700', '05/12/2020', '4', '160', 'محصل', '31/12/2020'),
(424, '4700', '05/01/2021', '4', '161', 'محصل', '08/03/2021'),
(425, '4700', '05/02/2021', '4', '161', 'محصل', '06/05/2021'),
(426, '4700', '05/03/2021', '4', '161', 'محصل', '28/06/2021'),
(427, '4700', '05/04/2021', '4', '161', 'محصل', '11/07/2021'),
(428, '4700', '05/05/2021', '4', '161', 'محصل', '05/08/2021'),
(429, '4700', '05/06/2021', '4', '161', 'محصل', '22/09/2021'),
(430, '4700', '05/07/2021', '4', '161', 'محصل', '24/10/2021'),
(431, '4700', '05/08/2021', '4', '161', 'محصل', '25/11/2021'),
(432, '4700', '05/09/2021', '4', '161', 'محصل', '07/06/2022'),
(433, '4700', '05/10/2021', '4', '161', 'محصل', '07/06/2022'),
(434, '4700', '05/11/2021', '4', '161', 'محصل', '07/06/2022'),
(435, '4700', '05/12/2021', '4', '161', 'محصل', '03/07/2022'),
(436, '4700', '05/01/2022', '4', '161', 'محصل', '14/08/2022'),
(437, '4700', '05/02/2022', '4', '161', 'محصل', '14/08/2022'),
(438, '4700', '05/03/2022', '4', '161', 'محصل', '20/09/2022'),
(439, '4700', '05/04/2022', '4', '161', 'محصل', '12/10/2022'),
(440, '4700', '05/05/2022', '4', '161', 'غير محصل', NULL),
(441, '4700', '05/06/2022', '4', '161', 'غير محصل', NULL),
(442, '4700', '05/07/2022', '4', '161', 'غير محصل', NULL),
(443, '4700', '05/08/2022', '4', '161', 'غير محصل', NULL),
(444, '4700', '05/09/2022', '4', '161', 'غير محصل', NULL),
(445, '4700', '05/10/2022', '4', '161', 'غير محصل', NULL),
(446, '4700', '05/11/2022', '4', '161', 'غير محصل', NULL),
(447, '4700', '05/12/2022', '4', '161', 'غير محصل', NULL),
(448, '4700', '01/01/2023', '4', '162', 'غير محصل', NULL),
(449, '4700', '01/02/2023', '4', '162', 'غير محصل', NULL),
(450, '4700', '01/03/2023', '4', '162', 'غير محصل', NULL),
(451, '4700', '01/04/2023', '4', '162', 'غير محصل', NULL),
(452, '4700', '05/10/2020', '4', '160', 'محصل', '31/12/2020'),
(453, '20000', '05/05/2020', '85', '78', 'محصل', '17/05/2020'),
(454, '20000', '05/06/2020', '85', '78', 'محصل', '30/06/2020'),
(455, '20000', '05/07/2020', '85', '78', 'محصل', '19/07/2020'),
(456, '20000', '05/09/2020', '85', '78', 'محصل', '24/09/2020'),
(457, '20000', '05/10/2020', '85', '78', 'محصل', '20/10/2020'),
(458, '20000', '05/11/2020', '85', '78', 'محصل', '10/12/2020'),
(459, '20000', '05/12/2020', '85', '78', 'محصل', '28/12/2020'),
(460, '20000', '05/01/2021', '85', '78', 'محصل', '25/01/2021'),
(461, '20000', '05/02/2021', '85', '78', 'محصل', '24/02/2021'),
(462, '20000', '05/03/2021', '85', '78', 'محصل', '21/03/2021'),
(463, '20000', '05/04/2021', '85', '78', 'محصل', '20/04/2021'),
(464, '20000', '05/05/2021', '85', '78', 'محصل', '10/05/2021'),
(465, '20000', '05/06/2021', '85', '78', 'محصل', '28/06/2021'),
(466, '20000', '05/07/2021', '85', '78', 'محصل', '26/07/2021'),
(467, '20000', '05/08/2021', '85', '78', 'محصل', '25/08/2021'),
(468, '20000', '05/09/2021', '85', '78', 'محصل', '09/10/2021'),
(469, '20000', '05/10/2021', '85', '78', 'محصل', '19/10/2021'),
(470, '20000', '05/11/2021', '85', '78', 'محصل', '25/11/2021'),
(471, '20000', '05/12/2021', '85', '78', 'محصل', '23/12/2021'),
(473, '20000', '05/01/2022', '85', '78', 'محصل', '23/01/2022'),
(474, '20000', '05/02/2022', '85', '78', 'محصل', '13/02/2022'),
(475, '20000', '05/03/2022', '85', '78', 'محصل', '15/03/2022'),
(476, '20000', '05/04/2022', '85', '78', 'محصل', '19/04/2022'),
(477, '20000', '05/05/2022', '85', '78', 'محصل', '11/05/2022'),
(478, '20000', '05/06/2022', '85', '78', 'محصل', '05/06/2022'),
(479, '20000', '05/07/2022', '85', '78', 'محصل', '24/07/2022'),
(480, '20000', '05/08/2022', '85', '78', 'محصل', '16/08/2022'),
(481, '20000', '05/09/2022', '85', '78', 'محصل', '05/09/2022'),
(482, '20000', '05/10/2022', '85', '78', 'محصل', '06/10/2022'),
(483, '20000', '05/11/2022', '85', '78', 'محصل', '13/11/2022'),
(484, '20000', '05/12/2022', '85', '78', 'محصل', '06/12/2022'),
(485, '20000', '05/01/2023', '85', '78', 'محصل', '15/01/2023'),
(486, '20000', '05/02/2023', '85', '78', 'محصل', '17/02/2023'),
(487, '20000', '05/03/2023', '85', '78', 'محصل', '16/03/2023'),
(488, '10000', '05/04/2023', '85', '78', 'محصل', '01/05/2023'),
(489, '20000', '05/08/2020', '85', '78', 'محصل', '23/08/2020'),
(490, '13000', '10/10/2019', '122', '128', 'غير محصل', NULL),
(491, '13000', '10/11/2019', '122', '128', 'غير محصل', NULL),
(492, '13000', '10/12/2019', '122', '128', 'غير محصل', NULL),
(493, '13000', '10/01/2020', '122', '128', 'غير محصل', NULL),
(494, '13000', '10/02/2020', '122', '128', 'غير محصل', NULL),
(495, '13000', '10/03/2020', '122', '128', 'غير محصل', NULL),
(496, '13000', '10/04/2020', '122', '128', 'غير محصل', NULL),
(497, '13000', '10/05/2020', '122', '128', 'غير محصل', NULL),
(498, '13000', '10/06/2020', '122', '128', 'غير محصل', NULL),
(499, '13000', '10/07/2020', '122', '128', 'غير محصل', NULL),
(500, '13000', '10/08/2020', '122', '128', 'غير محصل', NULL),
(501, '13000', '10/09/2020', '122', '128', 'غير محصل', NULL),
(502, '13000', '10/10/2020', '122', '128', 'غير محصل', NULL),
(503, '13000', '10/11/2020', '122', '128', 'غير محصل', NULL),
(504, '13000', '10/12/2020', '122', '128', 'غير محصل', NULL),
(505, '13000', '10/01/2021', '122', '128', 'غير محصل', NULL),
(506, '13000', '10/02/2021', '122', '128', 'غير محصل', NULL),
(507, '13000', '10/03/2021', '122', '128', 'غير محصل', NULL),
(508, '13000', '10/04/2021', '122', '128', 'غير محصل', NULL),
(509, '13000', '10/05/2021', '122', '128', 'غير محصل', NULL),
(510, '13000', '10/06/2021', '122', '128', 'غير محصل', NULL),
(511, '13000', '10/07/2021', '122', '128', 'غير محصل', NULL),
(512, '13000', '10/08/2021', '122', '128', 'غير محصل', NULL),
(513, '13000', '10/09/2021', '122', '128', 'غير محصل', NULL),
(514, '13000', '10/10/2021', '122', '128', 'غير محصل', NULL),
(515, '10000', '10/01/2021', '70', '64', 'غير محصل', NULL),
(516, '10000', '10/02/2021', '70', '64', 'غير محصل', NULL),
(517, '10000', '10/03/2021', '70', '64', 'غير محصل', NULL),
(518, '10000', '10/04/2021', '70', '64', 'غير محصل', NULL),
(519, '10000', '10/05/2021', '70', '64', 'غير محصل', NULL),
(520, '10000', '10/06/2021', '70', '64', 'غير محصل', NULL),
(521, '10000', '10/07/2021', '70', '64', 'غير محصل', NULL),
(522, '10000', '10/08/2021', '70', '64', 'غير محصل', NULL),
(523, '10000', '10/09/2021', '70', '64', 'غير محصل', NULL),
(524, '10000', '10/10/2021', '70', '64', 'غير محصل', NULL),
(525, '10000', '10/11/2021', '70', '64', 'غير محصل', NULL),
(526, '10000', '10/12/2021', '70', '64', 'غير محصل', NULL),
(527, '10000', '10/01/2022', '70', '64', 'غير محصل', NULL),
(528, '10000', '10/02/2022', '70', '64', 'غير محصل', NULL),
(529, '10000', '10/03/2022', '70', '64', 'غير محصل', NULL),
(530, '10000', '10/04/2022', '70', '64', 'غير محصل', NULL),
(531, '10000', '10/05/2022', '70', '64', 'غير محصل', NULL),
(532, '10000', '10/06/2022', '70', '64', 'غير محصل', NULL),
(533, '10000', '10/07/2022', '70', '64', 'غير محصل', NULL),
(534, '10000', '10/08/2022', '70', '64', 'غير محصل', NULL),
(535, '10000', '10/09/2022', '70', '64', 'غير محصل', NULL),
(536, '10000', '10/10/2022', '70', '64', 'غير محصل', NULL),
(537, '10000', '10/11/2022', '70', '64', 'غير محصل', NULL),
(538, '10000', '10/12/2022', '70', '64', 'غير محصل', NULL),
(539, '10000', '10/01/2023', '70', '64', 'غير محصل', NULL),
(540, '10000', '10/02/2023', '70', '64', 'غير محصل', NULL),
(541, '10000', '10/03/2023', '70', '64', 'غير محصل', NULL),
(542, '10000', '10/04/2023', '70', '64', 'غير محصل', NULL),
(555, '2500', '	10/01/2024', '63', '220', 'محصل', ''),
(556, '2500', '01/02/2024', '66', '122', 'غير محصل', NULL),
(557, '2500', '01/01/2024', '66', '122', 'محصل', ''),
(558, '2500', '01/12/2023', '66', '122', 'محصل', ''),
(559, '2500', '01/11/2023', '66', '122', 'غير محصل', NULL),
(560, '2500', '01/10/2023', '66', '122', 'غير محصل', NULL),
(561, '2500', '01/09/2023', '66', '122', 'غير محصل', NULL),
(563, '1500', '20/01/2024', '148', '216', 'محصل', ''),
(564, '3,500', '01/01/2024', '141', '194', 'محصل', '01/01/2024'),
(565, '4,000', '01/01/2024', '110', '76', 'محصل', '01/01/2024'),
(566, '1375', '01/01/2024', '40', '252', 'محصل', '01/01/2024'),
(567, '1375', '01/02/2024', '40', '252', 'محصل', '01/02/2024'),
(568, '1375', '01/03/2024', '40', '252', 'غير محصل', NULL),
(569, '1375', '01/04/2024', '40', '252', 'غير محصل', NULL),
(570, '1375', '01/05/2024', '40', '252', 'غير محصل', NULL),
(571, '1375', '01/06/2024', '40', '252', 'غير محصل', NULL),
(572, '1375', '01/07/2024', '40', '252', 'غير محصل', NULL),
(573, '1375', '01/08/2024', '40', '252', 'غير محصل', NULL),
(574, '1375', '01/09/2024', '40', '252', 'غير محصل', NULL),
(575, '1375', '01/10/2024', '40', '252', 'غير محصل', NULL),
(576, '1375', '01/11/2024', '40', '252', 'غير محصل', NULL),
(577, '1375', '01/12/2024', '40', '252', 'غير محصل', NULL);

-- --------------------------------------------------------

--
-- Table structure for table `cheques`
--

CREATE TABLE `cheques` (
  `Cheques_Id` int(11) NOT NULL,
  `Cheques_No` varchar(200) CHARACTER SET utf8mb4 DEFAULT NULL,
  `Cheques_Date` varchar(200) CHARACTER SET utf8mb4 DEFAULT NULL,
  `Cheques_Amount` varchar(200) CHARACTER SET utf8mb4 DEFAULT NULL,
  `Cheque_Owner` varchar(200) CHARACTER SET utf8mb4 DEFAULT NULL,
  `beneficiary_person` varchar(200) DEFAULT NULL,
  `Cheques_Status` varchar(200) NOT NULL,
  `Collect_Type` varchar(200) DEFAULT NULL,
  `cheque_type_Cheque_Type_id` int(11) NOT NULL,
  `bank_Bank_Id` int(11) NOT NULL,
  `tenants_Tenants_ID` int(11) NOT NULL,
  `contract_Contract_Id` int(11) NOT NULL,
  `Collection_Date` varchar(200) DEFAULT NULL
) ENGINE=InnoDB DEFAULT CHARSET=utf8;

--
-- Dumping data for table `cheques`
--

INSERT INTO `cheques` (`Cheques_Id`, `Cheques_No`, `Cheques_Date`, `Cheques_Amount`, `Cheque_Owner`, `beneficiary_person`, `Cheques_Status`, `Collect_Type`, `cheque_type_Cheque_Type_id`, `bank_Bank_Id`, `tenants_Tenants_ID`, `contract_Contract_Id`, `Collection_Date`) VALUES
(3, '01000025', '05/01/2023', '5700', 'ابول حسن كريم ', NULL, 'محصل', 'محصل بالشيك', 1, 2, 34, 12, '09/02/2023'),
(4, '01000028', '05/02/2023', '5700', 'ابول حسن كريم', NULL, 'محصل بالشيك', 'محصل بالشيك', 1, 2, 34, 12, '10/02/2023'),
(5, '01000029', '05/03/2023', '5700', 'ابول حسن كريم', NULL, 'محصل بالشيك', NULL, 1, 2, 34, 12, '10/03/2023'),
(6, '01000026', '05/04/2023', '5700', 'ابول حسن كريم ', NULL, 'محصل', 'محصل بالشيك', 1, 2, 34, 12, '05/04/2023'),
(7, '01000032', '05/08/2023', '5700', 'ابول حسن كريم ', NULL, 'محصل', 'محصل بالشيك', 1, 2, 34, 12, '05/08/2023'),
(8, '01000031', '05/07/2023', '5700', 'ابول حسن كريم ', NULL, 'محصل', 'محصل بالشيك', 1, 2, 34, 12, '05/07/2023'),
(9, '01000030', '05/06/2023', '5700', 'ابول حسن كريم ', NULL, 'محصل', 'محصل بالشيك', 1, 2, 34, 12, '05/06/2023'),
(10, '01000027', '05/05/2023', '5700', 'ابول حسن كريم ', NULL, 'محصل', 'محصل بالشيك', 1, 2, 34, 12, '05/05/2023'),
(11, '01000036', '05/12/2023', '5700', 'ابول حسن كريم', NULL, 'محصل', 'محصل بالشيك', 1, 2, 34, 12, '05/12/2023'),
(12, '01000035', '05/11/2023', '5700', 'ابول حسن كريم', NULL, 'محصل', 'محصل بالشيك', 1, 2, 34, 12, '05/11/2023'),
(13, '01000034', '05/10/2023', '5700', 'ابول حسن كريم', NULL, 'محصل', 'محصل بالشيك', 1, 2, 34, 12, '05/10/2023'),
(14, '01000033', '09/09/2023', '5700', 'ابول حسن كريم ', NULL, 'محصل', 'محصل بالشيك', 1, 2, 34, 12, '09/09/2023'),
(19, '1000091', '03/01/2023', '3500', 'بيرومالسامي بالاسوبراامانيان', NULL, 'محصل', 'محصل بالشيك', 1, 2, 17, 18, '03/01/2023'),
(20, '1000092', '03/02/2023', '3500', 'بيرومالسامي بالاسوبراامانيان', NULL, 'محصل بالشيك', NULL, 1, 2, 17, 18, '10/02/2023'),
(21, '1000093', '03/03/2023', '3500', 'بيرومالسامي بالاسوبراامانيان', NULL, 'محصل بالشيك', NULL, 1, 2, 17, 18, '10/03/2023'),
(22, '1000094', '03/04/2023', '3500', 'بيرومالسامي بالاسوبراامانيان', NULL, 'محصل', 'محصل بالشيك', 1, 2, 17, 18, '05/04/2022'),
(23, '1000095', '03/05/2023', '3500', 'بيرومالسامي بالاسوبراامانيان', NULL, 'محصل', 'محصل بالشيك', 1, 2, 17, 18, '03/05/2023'),
(24, '1000096', '03/06/2023', '3500', 'بيرومالسامي بالاسوبراامانيان', NULL, 'محصل', 'محصل بالشيك', 1, 2, 17, 18, '03/06/2023'),
(25, '1000097', '03/07/2023', '3500', 'بيرومالسامي بالاسوبراامانيان', NULL, 'محصل', 'محصل بالشيك', 1, 2, 17, 18, '03/07/2023'),
(26, '1000098', '03/08/2023', '3500', 'بيرومالسامي بالاسوبراامانيان', NULL, 'محصل', 'محصل بالشيك', 1, 2, 17, 18, '03/08/2023'),
(27, '1000099', '03/09/2023', '3500', 'بيرومالسامي بالاسوبراامانيان', NULL, 'محصل', 'محصل بالشيك', 1, 2, 17, 18, '03/09/2023'),
(28, '1000100', '03/10/2023', '3500', 'بيرومالسامي بالاسوبراامانيان', NULL, 'محصل', 'محصل بالشيك', 1, 2, 17, 18, '03/10/2023'),
(29, '1000101', '03/11/2023', '3500', 'بيرومالسامي بالاسوبراامانيان', NULL, 'محصل', 'محصل بالشيك', 1, 2, 17, 18, '03/11/2023'),
(30, '1000102', '03/12/2023', '3500', 'بيرومالسامي بالاسوبراامانيان', NULL, 'محصل', 'محصل بالشيك', 1, 2, 17, 18, '03/12/2023'),
(31, '1000012', '05/01/2023', '5500', 'لوز فيمي اندا', NULL, 'محصل', 'محصل بالشيك', 1, 2, 33, 19, '05/01/2023'),
(32, '1000013', '05/02/2023', '5500', 'لوز فيمي اندا', NULL, 'محصل بالشيك', NULL, 1, 2, 33, 19, '10/02/2023'),
(33, '1000014', '05/03/2023', '5500', 'لوز فيمي اندا', NULL, 'محصل بالشيك', NULL, 1, 2, 33, 19, '10/03/2023'),
(34, '1000015', '05/04/2023', '5500', 'لوز فيمي اندا', NULL, 'محصل', 'محصل بالشيك', 1, 2, 33, 19, '05/04/2023'),
(35, '1000016', '05/05/2023', '5500', 'لوز فيمي اندا', NULL, 'محصل', 'محصل بالشيك', 1, 2, 33, 19, '05/05/2023'),
(36, '1000017', '05/06/2023', '5500', 'لوز فيمي اندا', NULL, 'محصل', 'محصل بالشيك', 1, 2, 33, 19, '05/06/2023'),
(37, '1000018', '05/07/2023', '5500', 'لوز فيمي اندا', NULL, 'محصل', 'محصل بالشيك', 1, 2, 33, 19, '05/07/2023'),
(38, '1000019', '05/08/2023', '5500', 'لوز فيمي اندا', NULL, 'محصل', 'محصل بالشيك', 1, 2, 33, 19, '05/08/2023'),
(39, '1000020', '05/09/2023', '5500', 'لوز فيمي اندا', NULL, 'مودع', '', 1, 2, 33, 19, ''),
(40, '1000021', '05/10/2023', '5500', 'لوز فيمي اندا', NULL, 'غير محصل', NULL, 1, 2, 33, 19, ''),
(41, '1000022', '05/11/2023', '5500', 'لوز فيمي اندا', NULL, 'غير محصل', NULL, 1, 2, 33, 19, ''),
(42, '1000023', '05/12/2023', '5500', 'لوز فيمي اندا', NULL, 'غير محصل', NULL, 1, 2, 33, 19, ''),
(43, '01000048', '01/01/2023', '3500', 'سواراكشيث كومار', NULL, 'محصل', 'محصل بالشيك', 1, 3, 31, 20, '01/01/2023'),
(44, '01000049', '01/02/2023', '3500', 'سواراكشيث كومار', NULL, 'محصل بالشيك', NULL, 1, 3, 31, 20, '10/02/2023'),
(45, '1000071', '01/03/2023', '3500', 'سواراكشيث كومار', NULL, 'محصل بالشيك', NULL, 1, 3, 31, 20, '10/03/2023'),
(46, '1000072', '01/04/2023', '3500', 'سواراكشيث كومار', NULL, 'محصل', 'محصل بالشيك', 1, 3, 31, 20, '01/04/2023'),
(47, '1000073', '01/05/2023', '3500', 'سواراكشيث كومار', NULL, 'محصل', 'محصل بالشيك', 1, 3, 31, 20, '01/05/2023'),
(48, '1000074', '01/06/2023', '3500', 'سواراكشيث كومار', NULL, 'محصل', 'محصل بالشيك', 1, 3, 31, 20, '01/06/2023'),
(49, '1000075', '01/07/2023', '3500', 'سواراكشيث كومار', NULL, 'محصل', 'محصل بالشيك', 1, 3, 31, 20, '01/07/2023'),
(50, '1000076', '01/08/2023', '3500', 'سواراكشيث كومار', NULL, 'محصل', 'محصل بالشيك', 1, 3, 31, 20, '01/08/2023'),
(51, '1000077', '01/09/2023', '3500', 'سواراكشيث كومار', NULL, 'محصل', 'محصل بالشيك', 1, 3, 31, 20, '01/09/2023'),
(52, '1000078', '01/10/2023', '3500', 'سواراكشيث كومار', NULL, 'محصل', 'محصل بالشيك', 1, 3, 31, 20, '01/10/2023'),
(53, '1000079', '01/11/2023', '3500', 'سواراكشيث كومار', NULL, 'محصل', 'محصل بالشيك', 1, 3, 31, 20, '01/11/2023'),
(54, '1000080', '01/12/2023', '3500', 'سواراكشيث كومار', NULL, 'محصل', 'محصل بالشيك', 1, 3, 31, 20, '01/12/2023'),
(55, '1000027', '01/01/2023', '3400', 'جكاد ياشواره ردي', NULL, 'محصل', 'محصل بالشيك', 1, 2, 22, 23, '01/01/2023'),
(56, '1000039', '01/02/2023', '3400', 'جكاد ياشواره ردي', NULL, 'محصل بالشيك', NULL, 1, 2, 22, 23, '10/02/2023'),
(57, '1000040', '01/03/2023', '3400', 'جكاد ياشواره ردي', NULL, 'محصل بالشيك', NULL, 1, 2, 22, 23, '10/03/2023'),
(58, '1000041', '01/04/2023', '3400', 'جكاد ياشواره ردي', NULL, 'محصل', 'محصل بالشيك', 1, 2, 22, 23, '01/04/2023'),
(59, '1000042', '01/05/2023', '3400', 'جكاد ياشواره ردي', NULL, 'محصل', 'محصل بالشيك', 1, 2, 22, 23, '01/05/2023'),
(60, '1000043', '01/06/2023', '3400', 'جكاد ياشواره ردي', NULL, 'محصل', 'محصل بالشيك', 1, 2, 22, 23, '01/06/2023'),
(61, '1000044', '01/07/2023', '3400', 'جكاد ياشواره ردي', NULL, 'محصل', 'محصل بالشيك', 1, 2, 22, 23, '01/07/2023'),
(62, '1000045', '01/08/2023', '3400', 'جكاد ياشواره ردي', NULL, 'محصل', 'محصل بالشيك', 1, 2, 22, 23, '01/08/2023'),
(63, '1000046', '01/09/2023', '3400', 'جكاد ياشواره ردي', NULL, 'محصل', 'محصل بالشيك', 1, 2, 22, 23, '01/09/2023'),
(64, '1000047', '01/10/2023', '3400', 'جكاد ياشواره ردي', NULL, 'محصل', 'محصل بالشيك', 1, 2, 22, 23, '01/10/2023'),
(65, '1000048', '01/11/2023', '3400', 'جكاد ياشواره ردي', NULL, 'محصل', 'محصل بالشيك', 1, 2, 22, 23, '01/11/2023'),
(66, '1000050', '01/12/2023', '3400', 'جكاد ياشواره ردي', NULL, 'محصل', 'محصل بالشيك', 1, 2, 22, 23, '01/12/2023'),
(67, '1000014', '07/01/2023', '4500', 'راجيش بت يان', NULL, 'محصل', 'محصل بالشيك', 1, 3, 24, 24, '07/01/2023'),
(68, '1000015', '07/02/2023', '4500', 'راجيش بت يان', NULL, 'محصل بالشيك', NULL, 1, 3, 24, 24, '10/02/2023'),
(69, '1000016', '07/03/2023', '4500', 'راجيش بت يان', NULL, 'محصل بالشيك', NULL, 1, 3, 24, 24, '10/03/2023'),
(70, '1000017', '07/04/2023', '4500', 'راجيش بت يان', NULL, 'محصل', 'محصل بالشيك', 1, 3, 24, 24, '07/04/2023'),
(71, '1000018', '07/05/2023', '4500', 'راجيش بت يان', NULL, 'محصل', 'محصل بالشيك', 1, 3, 24, 24, '07/05/2023'),
(72, '1000019', '07/06/2023', '4500', 'راجيش بت يان', NULL, 'محصل', 'محصل بالشيك', 1, 3, 24, 24, '07/06/2023'),
(73, '1000020', '07/07/2023', '4500', 'راجيش بت يان', NULL, 'محصل', 'محصل بالشيك', 1, 3, 24, 24, '07/07/2023'),
(74, '1000021', '07/08/2023', '4500', 'راجيش بت يان', NULL, 'محصل', 'محصل بالشيك', 1, 3, 24, 24, '07/08/2023'),
(75, '1000022', '07/09/2023', '4500', 'راجيش بت يان', NULL, 'محصل', 'محصل بالشيك', 1, 3, 24, 24, '07/09/2023'),
(76, '1000023', '07/10/2023', '4500', 'راجيش بت يان', NULL, 'محصل', 'محصل بالشيك', 1, 3, 24, 24, '07/10/2023'),
(77, '1000024', '07/11/2023', '4500', 'راجيش بت يان', NULL, 'محصل', 'محصل بالشيك', 1, 3, 24, 24, '07/11/2023'),
(78, '1000025', '07/12/2023', '4500', 'راجيش بت يان', NULL, 'محصل', 'محصل بالشيك', 1, 3, 24, 24, '07/12/2023'),
(79, '1000035', '06/01/2023', '4300', 'احمد نبيل عبد العزيز', NULL, 'محصل', 'محصل بالشيك', 1, 2, 29, 25, '06/01/2023'),
(80, '1000036', '06/02/2023', '4300', 'احمد نبيل عبد العزيز', NULL, 'محصل بالشيك', NULL, 1, 2, 29, 25, '10/02/2023'),
(81, '1000037', '06/03/2023', '4300', 'احمد نبيل عبد العزيز', NULL, 'محصل بالشيك', NULL, 1, 2, 29, 25, '10/03/2023'),
(82, '1000038', '06/04/2023', '4300', 'احمد نبيل عبد العزيز', NULL, 'محصل', 'محصل بالشيك', 1, 2, 29, 25, '06/04/2023'),
(83, '1000039', '06/05/2023', '4300', 'احمد نبيل عبد العزيز', NULL, 'محصل', 'محصل بالشيك', 1, 2, 29, 25, '06/05/2023'),
(84, '1000040', '06/06/2023', '4300', 'احمد نبيل عبد العزيز', NULL, 'محصل', 'محصل بالشيك', 1, 2, 29, 25, '06/06/2023'),
(85, '1000041', '06/07/2023', '4300', 'احمد نبيل عبد العزيز', NULL, 'محصل', 'محصل بالشيك', 1, 2, 29, 25, '06/07/2023'),
(86, '1000042', '06/08/2023', '4300', 'احمد نبيل عبد العزيز', NULL, 'محصل', 'محصل بالشيك', 1, 2, 29, 25, '06/08/2023'),
(87, '1000043', '06/09/2023', '4300', 'احمد نبيل عبد العزيز', NULL, 'محصل', 'محصل بالشيك', 1, 2, 29, 25, '06/09/2023'),
(88, '1000044', '06/10/2023', '4300', 'احمد نبيل عبد العزيز', NULL, 'محصل', 'محصل بالشيك', 1, 2, 29, 25, '06/10/2023'),
(89, '1000045', '06/11/2023', '4300', 'احمد نبيل عبد العزيز', NULL, 'محصل', 'محصل بالشيك', 1, 2, 29, 25, '06/11/2023'),
(90, '1000046', '06/12/2023', '4300', 'احمد نبيل عبد العزيز', NULL, 'محصل', 'محصل بالشيك', 1, 2, 29, 25, '06/12/2023'),
(103, '1000013', '10/01/2023', '4300', 'محمد قابيل محمد علي', NULL, 'محصل', 'محصل بالشيك', 1, 2, 26, 28, '10/01/2023'),
(104, '1000014', '10/02/2023', '4300', 'محمد قابيل محمد علي', NULL, 'محصل بالشيك', NULL, 1, 2, 26, 28, '10/02/2023'),
(105, '1000015', '10/03/2023', '4300', 'محمد قابيل محمد علي', NULL, 'محصل بالشيك', NULL, 1, 2, 26, 28, '10/03/2023'),
(106, '1000016', '10/04/2023', '4300', 'محمد قابيل محمد علي', NULL, 'محصل', 'محصل بالشيك', 1, 2, 26, 28, '10/04/2023'),
(107, '1000017', '10/05/2023', '4300', 'محمد قابيل محمد علي', NULL, 'محصل', 'محصل بالشيك', 1, 2, 26, 28, '10/05/2023'),
(108, '1000018', '10/06/2023', '4300', 'محمد قابيل محمد علي', NULL, 'محصل', 'محصل بالشيك', 1, 2, 26, 28, '10/06/2023'),
(109, '1000019', '10/07/2023', '4300', 'محمد قابيل محمد علي', NULL, 'محصل', 'محصل بالشيك', 1, 2, 26, 28, '10/07/2023'),
(110, '1000020', '10/08/2023', '4300', 'محمد قابيل محمد علي', NULL, 'محصل', 'محصل بالشيك', 1, 2, 26, 28, '10/08/2023'),
(111, '1000021', '10/09/2023', '4300', 'محمد قابيل محمد علي', NULL, 'محصل', 'محصل بالشيك', 1, 2, 26, 28, '10/09/2023'),
(112, '1000022', '10/10/2023', '4300', 'محمد قابيل محمد علي', NULL, 'محصل', 'محصل بالشيك', 1, 2, 26, 28, '10/10/2023'),
(113, '1000023', '10/11/2023', '4300', 'محمد قابيل محمد علي', NULL, 'غير محصل', NULL, 1, 2, 26, 28, ''),
(114, '1000024', '10/12/2023', '4300', 'محمد قابيل محمد علي', NULL, 'غير محصل', NULL, 1, 2, 26, 28, ''),
(128, '01000063', '01/02/2023', '4500', 'ايدورد موجادو بير دوس', NULL, 'محصل بالشيك', NULL, 1, 3, 18, 34, '10/02/2023'),
(129, '1000064', '05/03/2023', '4500', 'ايدورد موجادو بير دوس', NULL, 'محصل بالشيك', NULL, 1, 3, 18, 34, '10/03/2023'),
(130, '1000065', '05/04/2023', '4500', 'ايدورد موجادو بير دوس', NULL, 'محصل', 'محصل بالشيك', 1, 3, 18, 34, '05/04/2023'),
(131, '1000066', '05/05/2023', '4500', 'ايدورد موجادو بير دوس', NULL, 'محصل', 'محصل بالشيك', 1, 3, 18, 34, '05/05/2023'),
(132, '1000067', '05/06/2023', '4500', 'ايدورد موجادو بير دوس', NULL, 'محصل', 'محصل بالشيك', 1, 3, 18, 34, '05/06/2023'),
(133, '1000068', '05/07/2023', '4500', 'ايدورد موجادو بير دوس', NULL, 'محصل', 'محصل بالشيك', 1, 3, 18, 34, '05/07/2023'),
(134, '1000069', '05/08/2023', '4500', 'ايدورد موجادو بير دوس', NULL, 'محصل', 'محصل بالشيك', 1, 3, 18, 34, '05/08/2023'),
(135, '1000070', '05/09/2023', '4500', 'ايدورد موجادو بير دوس', NULL, 'محصل', 'محصل بالشيك', 1, 3, 18, 34, '05/09/2023'),
(136, '1000071', '05/10/2023', '4500', 'ايدورد موجادو بير دوس', NULL, 'محصل', 'محصل بالشيك', 1, 3, 18, 34, '05/10/2023'),
(137, '1000072', '05/11/2023', '4500', 'ايدورد موجادو بير دوس', NULL, 'محصل', 'محصل بالشيك', 1, 3, 18, 34, '05/11/2023'),
(138, '1000073', '05/12/2023', '4500', 'ايدورد موجادو بير دوس', NULL, 'محصل', 'محصل بالشيك', 1, 3, 18, 34, '05/12/2023'),
(139, '1000074', '05/01/2024', '4500', 'ايدورد موجادو بير دوس', NULL, 'محصل', 'محصل بالشيك', 1, 3, 18, 34, '05/01/2024'),
(140, '98', '06/01/2023', '4300', 'احمد سعيد عبد السلام', NULL, 'محصل', 'محصل بالشيك', 1, 1, 32, 35, '06/01/2023'),
(141, '99', '06/02/2023', '4300', 'احمد سعيد عبد السلام', NULL, 'محصل بالشيك', NULL, 1, 1, 32, 35, '10/02/2023'),
(142, '100', '06/03/2023', '4300', 'احمد سعيد عبد السلام', NULL, 'محصل بالشيك', NULL, 1, 1, 32, 35, '10/02/2023'),
(143, '102', '06/04/2023', '4300', 'احمد سعيد عبد السلام', NULL, 'محصل', 'محصل بالشيك', 1, 1, 32, 35, '06/04/2023'),
(144, '103', '06/05/2023', '4300', 'احمد سعيد عبد السلام', NULL, 'محصل', 'محصل بالشيك', 1, 1, 32, 35, '06/05/2023'),
(145, '104', '06/06/2023', '4300', 'احمد سعيد عبد السلام', NULL, 'محصل', 'محصل بالشيك', 1, 1, 32, 35, '06/06/2023'),
(146, '105', '06/07/2023', '4300', 'احمد سعيد عبد السلام', NULL, 'محصل', 'محصل بالشيك', 1, 1, 32, 35, '06/07/2023'),
(147, '106', '06/08/2023', '4300', 'احمد سعيد عبد السلام', NULL, 'محصل', 'محصل بالشيك', 1, 1, 32, 35, '06/08/2023'),
(148, '107', '06/09/2023', '4300', 'احمد سعيد عبد السلام', NULL, 'محصل', 'محصل بالشيك', 1, 1, 32, 35, '06/09/2023'),
(149, '108', '06/10/2023', '4300', 'احمد سعيد عبد السلام', NULL, 'محصل', 'محصل بالشيك', 1, 1, 32, 35, '06/10/2023'),
(150, '109', '06/11/2023', '4300', 'احمد سعيد عبد السلام', NULL, 'محصل', 'محصل بالشيك', 1, 1, 32, 35, '06/11/2023'),
(151, '110', '06/12/2023', '4300', 'احمد سعيد عبد السلام', NULL, 'محصل', 'محصل بالشيك', 1, 1, 32, 35, '06/12/2023'),
(169, '1000039', '05/02/2023', '4500', 'بيفين فيجيناراه', NULL, 'محصل بالشيك', NULL, 1, 2, 23, 39, '10/02/2023'),
(170, '1000040', '05/03/2023', '4500', 'بيفين فيجيناراه', NULL, 'محصل بالشيك', NULL, 1, 2, 23, 39, '10/02/2023'),
(171, '1000041', '05/04/2023', '4500', 'بيفين فيجيناراه', NULL, 'محصل', 'محصل بالشيك', 1, 2, 23, 39, '05/04/2023'),
(172, '1000042', '05/05/2023', '4500', 'بيفين فيجيناراه', NULL, 'محصل', 'محصل بالشيك', 1, 2, 23, 39, '05/05/2023'),
(173, '1000043', '05/06/2023', '4500', 'بيفين فيجيناراه', NULL, 'محصل', 'محصل بالشيك', 1, 2, 23, 39, '05/06/2023'),
(174, '1000044', '05/07/2023', '4500', 'بيفين فيجيناراه', NULL, 'محصل', 'محصل بالشيك', 1, 2, 23, 39, '05/07/2023'),
(175, '1000045', '05/08/2023', '4500', 'بيفين فيجيناراه', NULL, 'محصل', 'محصل بالشيك', 1, 2, 23, 39, '05/08/2023'),
(176, '1000046', '05/09/2023', '4500', 'بيفين فيجيناراه', NULL, 'محصل', 'محصل بالشيك', 1, 2, 23, 39, '05/09/2023'),
(177, '1000047', '05/10/2023', '4500', 'بيفين فيجيناراه', NULL, 'محصل', 'محصل بالشيك', 1, 2, 23, 39, '05/10/2023'),
(178, '1000048', '05/11/2023', '4500', 'بيفين فيجيناراه', NULL, 'محصل', 'محصل بالشيك', 1, 2, 23, 39, '05/11/2023'),
(179, '1000049', '05/12/2023', '4500', 'بيفين فيجيناراه', NULL, 'محصل', 'محصل بالشيك', 1, 2, 23, 39, '05/12/2023'),
(180, '1000050', '05/01/2024', '4500', 'بيفين فيجيناراه', NULL, 'محصل', 'محصل بالشيك', 1, 2, 23, 39, '05/01/2024'),
(193, '1000034', '08/01/2023', '4700', 'اشوك لاما', '', 'محصل', 'محصل بالشيك', 1, 2, 13, 41, '08/01/2023'),
(194, '1000035', '08/02/2023', '4700', 'اشوك لاما', NULL, 'محصل بالشيك', NULL, 1, 2, 13, 41, '10/02/2023'),
(195, '1000036', '08/03/2023', '4700', 'اشوك لاما', NULL, 'محصل بالشيك', NULL, 1, 2, 13, 41, '10/02/2023'),
(196, '1000037', '08/04/2023', '4700', 'اشوك لاما', NULL, 'محصل', 'محصل بالشيك', 1, 2, 13, 41, '08/04/2023'),
(197, '1000038', '08/05/2023', '4700', 'اشوك لاما', NULL, 'محصل', 'محصل بالشيك', 1, 2, 13, 41, '08/05/2023'),
(198, '1000039', '08/06/2023', '4700', 'اشوك لاما', NULL, 'محصل', 'محصل بالشيك', 1, 2, 13, 41, '08/06/2023'),
(199, '1000040', '08/07/2023', '4700', 'اشوك لاما', NULL, 'محصل', 'محصل بالشيك', 1, 2, 13, 41, '08/07/2023'),
(200, '01000019', '08/08/2023', '4700', 'اشوك لاما', 'الشيخ فهد ال ثاني ', 'محصل', 'محصل بالشيك', 1, 2, 13, 41, '08/08/2023'),
(201, '01000020', '08/09/2023', '4700', 'اشوك لاما', 'الشيخ فهد ال ثاني ', 'محصل', 'محصل بالشيك', 1, 2, 13, 41, '08/09/2023'),
(202, '01000021', '08/10/2023', '4700', 'اشوك لاما', 'الشيخ فهد ال ثاني ', 'محصل', 'محصل بالشيك', 1, 2, 13, 41, '08/10/2023'),
(203, '01000022', '08/11/2023', '4700', 'اشوك لاما', 'الشيخ فهد ال ثاني ', 'محصل', 'محصل بالشيك', 1, 2, 13, 41, '08/11/2023'),
(204, '01000023', '08/12/2023', '4700', 'اشوك لاما', 'الشيخ فهد ال ثاني ', 'محصل', 'محصل بالشيك', 1, 2, 13, 41, '08/12/2023'),
(205, '12', '10/01/2023', '4700', 'افزال كريم', NULL, 'محصل', 'محصل بالشيك', 1, 1, 15, 42, '10/01/2023'),
(206, '13', '10/02/2023', '4700', 'افزال كريم', NULL, 'محصل بالشيك', NULL, 1, 1, 15, 42, '10/02/2023'),
(207, '14', '10/03/2023', '4700', 'افزال كريم', NULL, 'محصل بالشيك', NULL, 1, 1, 15, 42, '10/02/2023'),
(208, '15', '10/04/2023', '4700', 'افزال كريم', NULL, 'محصل', 'محصل بالشيك', 1, 1, 15, 42, '10/04/2023'),
(209, '16', '10/05/2023', '4700', 'افزال كريم', NULL, 'محصل', 'محصل بالشيك', 1, 1, 15, 42, '10/05/2023'),
(210, '17', '10/06/2023', '4700', 'افزال كريم', NULL, 'محصل', 'محصل بالشيك', 1, 1, 15, 42, '10/06/2023'),
(211, '18', '10/07/2023', '4700', 'افزال كريم', NULL, 'محصل', 'محصل بالشيك', 1, 1, 15, 42, '10/07/2023'),
(212, '19', '10/08/2023', '4700', 'افزال كريم', NULL, 'محصل', 'محصل بالشيك', 1, 1, 15, 42, '10/08/2023'),
(213, '20', '10/09/2023', '4700', 'افزال كريم', NULL, 'محصل', 'محصل بالشيك', 1, 1, 15, 42, '10/09/2023'),
(214, '21', '10/10/2023', '4700', 'افزال كريم', NULL, 'محصل', 'محصل بالشيك', 1, 1, 15, 42, '10/10/2023'),
(215, '22', '10/11/2023', '4700', 'افزال كريم', NULL, 'محصل', 'محصل بالشيك', 1, 1, 15, 42, '10/11/2023'),
(216, '23', '10/12/2023', '4700', 'افزال كريم', NULL, 'محصل', 'محصل بالشيك', 1, 1, 15, 42, '10/12/2023'),
(217, '1000005', '05/02/2023', '4300', 'مشيل بولس ندها عبد المسيح', NULL, 'محصل بالشيك', NULL, 1, 2, 102, 45, '10/02/2023'),
(218, '1000006', '05/03/2023', '4300', 'مشيل بولس ندها عبد المسيح', NULL, 'محصل بالشيك', NULL, 1, 2, 102, 45, '10/03/2023'),
(219, '1000007', '05/04/2023', '4300', 'مشيل بولس ندها عبد المسيح', NULL, 'محصل', 'محصل بالشيك', 1, 2, 102, 45, '05/04/2023'),
(220, '1000008', '05/05/2023', '4300', 'مشيل بولس ندها عبد المسيح', NULL, 'محصل', 'محصل بالشيك', 1, 2, 102, 45, '05/05/2023'),
(221, '01000009', '05/06/2023', '4300', 'مشيل بولس ندها عبد المسيح', NULL, 'محصل', 'محصل بالشيك', 1, 2, 102, 45, '05/06/2023'),
(222, '1000011', '05/07/2023', '4300', 'مشيل بولس ندها عبد المسيح', NULL, 'محصل', 'محصل بالشيك', 1, 2, 102, 45, '05/07/2023'),
(223, '1000012', '05/08/2023', '4300', 'مشيل بولس ندها عبد المسيح', NULL, 'محصل', 'محصل بالشيك', 1, 2, 102, 45, '05/08/2023'),
(224, '1000013', '05/09/2023', '4300', 'مشيل بولس ندها عبد المسيح', NULL, 'مودع', '', 1, 2, 102, 45, ''),
(225, '1000014', '05/10/2023', '4300', 'مشيل بولس ندها عبد المسيح', NULL, 'غير محصل', NULL, 1, 2, 102, 45, ''),
(226, '1000015', '05/11/2023', '4300', 'مشيل بولس ندها عبد المسيح', NULL, 'غير محصل', NULL, 1, 2, 102, 45, ''),
(227, '1000016', '05/12/2023', '4300', 'مشيل بولس ندها عبد المسيح', NULL, 'غير محصل', NULL, 1, 2, 102, 45, ''),
(228, '1000017', '05/01/2024', '4300', 'مشيل بولس ندها عبد المسيح', NULL, 'محصل', 'محصل بالشيك', 1, 2, 102, 45, ''),
(229, '01000018', '01/5/2024', '4300', 'مشيل بولس ندها عبد المسيح', NULL, 'غير محصل', NULL, 4, 2, 102, 45, ''),
(230, '1000001', '03/02/2023', '3300', 'سوداكار يلوو شيفاجي', NULL, 'محصل بالشيك', NULL, 1, 2, 101, 46, '10/02/2023'),
(231, '1000002', '03/03/2023', '3300', 'سوداكار يلوو شيفاجي', NULL, 'محصل بالشيك', NULL, 1, 2, 101, 46, '10/03/2023'),
(232, '1000003', '03/04/2023', '3300', 'سوداكار يلوو شيفاجي', NULL, 'محصل', 'محصل بالشيك', 1, 2, 101, 46, '03/04/2023'),
(233, '1000004', '03/05/2023', '3300', 'سوداكار يلوو شيفاجي', NULL, 'محصل', 'محصل بالشيك', 1, 2, 101, 46, '03/05/2023'),
(234, '1000005', '03/06/2023', '3300', 'سوداكار يلوو شيفاجي', NULL, 'محصل', 'محصل بالشيك', 1, 2, 101, 46, '03/06/2023'),
(235, '1000006', '03/07/2023', '3300', 'سوداكار يلوو شيفاجي', NULL, 'محصل', 'محصل بالشيك', 1, 2, 101, 46, '03/07/2023'),
(236, '1000007', '03/08/2023', '3300', 'سوداكار يلوو شيفاجي', NULL, 'محصل', 'محصل بالشيك', 1, 2, 101, 46, '03/08/2023'),
(237, '1000008', '03/09/2023', '3300', 'سوداكار يلوو شيفاجي', NULL, 'محصل', 'محصل بالشيك', 1, 2, 101, 46, '03/09/2023'),
(238, '1000009', '03/10/2023', '3300', 'سوداكار يلوو شيفاجي', NULL, 'محصل', 'محصل بالشيك', 1, 2, 101, 46, '03/10/2023'),
(239, '1000010', '03/11/2023', '3300', 'سوداكار يلوو شيفاجي', NULL, 'محصل', 'محصل بالشيك', 1, 2, 101, 46, '03/11/2023'),
(240, '1000011', '03/12/2023', '3300', 'سوداكار يلوو شيفاجي', NULL, 'محصل', 'محصل بالشيك', 1, 2, 101, 46, '03/12/2023'),
(241, '1000012', '03/01/2024', '3300', 'سوداكار يلوو شيفاجي', NULL, 'محصل', 'محصل بالشيك', 1, 2, 101, 46, '03/01/2024'),
(242, '01000014', '03/02/2024', '3300', 'سوداكار يلوو شيفاجي', NULL, 'محصل', 'محصل بالشيك', 4, 2, 101, 46, ''),
(243, '1002253', '08/02/2023', '10000', 'مطعم المرخية', NULL, 'محصل بالشيك', NULL, 1, 3, 74, 47, '10/02/2023'),
(244, '1002254', '08/03/2023', '10000', 'مطعم المرخية', NULL, 'محصل بالشيك', NULL, 1, 3, 74, 47, '10/03/2023'),
(245, '1002255', '08/04/2023', '10000', 'مطعم المرخية', NULL, 'محصل', 'محصل بالشيك', 1, 3, 74, 47, '08/04/2023'),
(246, '1002256', '08/05/2023', '10000', 'مطعم المرخية', NULL, 'غير محصل', NULL, 1, 3, 74, 47, ''),
(247, '1002257', '08/06/2023', '10000', 'مطعم المرخية', NULL, 'غير محصل', NULL, 1, 3, 74, 47, ''),
(248, '1002258', '08/07/2023', '10000', 'مطعم المرخية', NULL, 'غير محصل', NULL, 1, 3, 74, 47, ''),
(249, '1002259', '08/08/2023', '10000', 'مطعم المرخية', NULL, 'محصل', 'محصل بالشيك', 1, 3, 74, 47, '08/08/2023'),
(250, '1002260', '08/09/2023', '10000', 'مطعم المرخية', NULL, 'مودع', '', 1, 3, 74, 47, ''),
(251, '1002261', '08/10/2023', '10000', 'مطعم المرخية', NULL, 'غير محصل', NULL, 1, 3, 74, 47, ''),
(252, '1002262', '08/11/2023', '10000', 'مطعم المرخية', NULL, 'غير محصل', NULL, 1, 3, 74, 47, ''),
(253, '1002263', '08/12/2023', '10000', 'مطعم المرخية', NULL, 'غير محصل', NULL, 1, 3, 74, 47, ''),
(254, '1002252', '08/01/2024', '10000', 'مطعم المرخية', NULL, 'محصل', 'محصل بالشيك', 1, 3, 74, 47, '08/01/2024'),
(262, '00000244', '01/12/2022', '13000', 'عبدالله فهد النعيمي', NULL, 'محصل بالشيك', NULL, 1, 8, 75, 49, '10/12/2022'),
(263, '00000245', '30/01/2023', '10000', 'عبدالله فهد النعيمي', NULL, 'محصل بالشيك', NULL, 1, 8, 75, 49, '10/01/2023'),
(264, '246', '05/02/2023', '10000', 'عبدالله فهد النعيمي', NULL, 'محصل بالشيك', NULL, 1, 8, 75, 49, '10/02/2023'),
(265, '247', '05/03/2023', '10000', 'عبدالله فهد النعيمي', NULL, 'محصل بالشيك', NULL, 1, 8, 75, 49, '10/03/2023'),
(266, '248', '05/04/2023', '10000', 'عبدالله فهد النعيمي', NULL, 'غير محصل', NULL, 1, 8, 75, 49, ''),
(267, '249', '05/05/2023', '10000', 'عبدالله فهد النعيمي', NULL, 'غير محصل', NULL, 1, 8, 75, 49, ''),
(275, '1002340', '05/02/2023', '7500', 'كنجو محمد راشد', NULL, 'محصل بالشيك', NULL, 1, 2, 82, 51, '10/02/2023'),
(276, '1002341', '05/03/2023', '7500', 'كنجو محمد راشد', NULL, 'محصل بالشيك', NULL, 1, 2, 82, 51, '10/03/2023'),
(277, '1002342', '05/04/2023', '7500', 'كنجو محمد راشد', NULL, 'محصل', 'محصل بالشيك', 1, 2, 82, 51, '05/04/2023'),
(278, '1002343', '05/05/2023', '7500', 'كنجو محمد راشد', NULL, 'غير محصل', NULL, 1, 2, 82, 51, ''),
(279, '1002344', '05/06/2023', '7500', 'كنجو محمد راشد', NULL, 'غير محصل', NULL, 1, 2, 82, 51, ''),
(280, '1002345', '05/07/2023', '7500', 'كنجو محمد راشد', NULL, 'غير محصل', NULL, 1, 2, 82, 51, ''),
(281, '1002346', '05/08/2023', '7500', 'كنجو محمد راشد', NULL, 'محصل', 'محصل بالشيك', 1, 2, 82, 51, '05/08/2023'),
(282, '1002347', '05/09/2023', '7500', 'كنجو محمد راشد', NULL, 'مودع', '', 1, 2, 82, 51, ''),
(283, '1002348', '05/10/2023', '7500', 'كنجو محمد راشد', NULL, 'غير محصل', NULL, 1, 2, 82, 51, ''),
(284, '1002349', '05/11/2023', '7500', 'كنجو محمد راشد', NULL, 'غير محصل', NULL, 1, 2, 82, 51, ''),
(285, '1002350', '05/12/2023', '7500', 'كنجو محمد راشد', NULL, 'غير محصل', NULL, 1, 2, 82, 51, ''),
(286, '1002351', '05/01/2024', '7500', 'كنجو محمد راشد', NULL, 'غير محصل', NULL, 1, 2, 82, 51, ''),
(287, '01002352', '05/02/2024', '7500', 'كنجو محمد راشد', NULL, 'محصل', 'محصل بالشيك', 1, 2, 82, 51, ''),
(288, '1000063', '05/08/2023', '132000', 'محمد ظروف احمد ابي', NULL, 'محصل', 'محصل بالشيك', 2, 3, 80, 52, '05/08/2023'),
(289, '00000001', '07/01/2023', '9000', 'رويال كير', NULL, 'محصل', 'محصل بالشيك', 1, 1, 103, 53, '07/01/2023'),
(290, '00000002', '07/02/2023', '9000', 'رويال كير', NULL, 'محصل', 'محصل بالشيك', 1, 1, 103, 53, '07/02/2023'),
(291, '00000003', '07/03/2023', '9000', 'رويال كير', NULL, 'محصل', 'محصل بالشيك', 1, 1, 103, 53, '07/03/2023'),
(292, '00000005', '07/04/2023', '9000', 'رويال كير', NULL, 'محصل', 'محصل بالشيك', 1, 1, 103, 53, '07/04/2023'),
(293, '6', '07/05/2023', '9000', 'رويال كير', NULL, 'محصل', 'محصل بالشيك', 1, 1, 103, 53, '07/05/2023'),
(294, '7', '07/06/2023', '9000', 'رويال كير', NULL, 'محصل', 'محصل بالشيك', 1, 1, 103, 53, '07/06/2023'),
(295, '8', '07/07/2023', '9000', 'رويال كير', NULL, 'محصل', 'محصل بالشيك', 1, 1, 103, 53, '07/07/2023'),
(296, '9', '07/08/2023', '9000', 'رويال كير', NULL, 'محصل', 'محصل بالشيك', 1, 1, 103, 53, '07/08/2023'),
(297, '10', '07/09/2023', '9000', 'رويال كير', NULL, 'محصل', 'محصل بالشيك', 1, 1, 103, 53, '07/09/2023'),
(298, '11', '07/10/2023', '9000', 'رويال كير', NULL, 'محصل', 'محصل بالشيك', 1, 1, 103, 53, '07/10/2023'),
(299, '12', '07/11/2023', '9000', 'رويال كير', NULL, 'محصل', 'محصل بالشيك', 1, 1, 103, 53, '07/11/2023'),
(300, '00000014', '07/12/2023', '9000', 'رويال كير', NULL, 'محصل', 'محصل بالشيك', 4, 1, 103, 53, '07/12/2023'),
(301, '00000096', '08/03/2023', '2500', 'ايه كي اسكندر', NULL, 'محصل', 'محصل بالشيك', 1, 9, 9, 54, '08/03/2023'),
(302, '00000096', '03/03/2023', '3000', 'ايه كي اسكندر', NULL, 'محصل', 'محصل بالشيك', 1, 9, 9, 55, '03/03/2023'),
(303, '0000001', '01/09/2020', '96000', 'ليلاس للمفروشات', NULL, 'محصل', 'محصل بالشيك', 1, 1, 87, 56, '01/09/2020'),
(304, '0000002', '01/09/2021', '96000', 'ليلاس للمفروشات', NULL, 'محصل', 'محصل بالشيك', 1, 1, 87, 56, '01/09/2021'),
(305, '0000099', '01/09/2022', '32000', 'ليلاس للمفروشات', NULL, 'محصل', 'محصل بالشيك', 1, 1, 87, 56, '01/09/2022'),
(306, '0000100', '01/01/2023', '32000', 'ليلاس للمفروشات', NULL, 'محصل', 'محصل بالشيك', 1, 1, 87, 56, '01/01/2023'),
(307, '0000101', '01/05/2023', '32000', 'ليلاس للمفروشات', '', 'غير محصل', NULL, 1, 1, 87, 56, ''),
(308, '0000103', '01/01/2024', '32000', 'ليلاس للمفروشات', '', 'محصل', 'محصل بالشيك', 1, 1, 87, 56, '01/01/2024'),
(309, '0000104', '01/05/2024', '32000', 'ليلاس للمفروشات', '', 'غير محصل', NULL, 1, 1, 87, 56, ''),
(310, '0000109', '01/09/2024', '32000', 'ليلاس للمفروشات', '', 'غير محصل', NULL, 1, 1, 87, 56, ''),
(311, '0000105', '29/05/2025', '8000', 'ليلاس للمفروشات', '', 'غير محصل', NULL, 4, 1, 87, 56, ''),
(312, '1000176', '05/08/2022', '4700', 'مكتر حسين', NULL, 'محصل', 'محصل بالشيك', 1, 2, 5, 57, '05/08/2023'),
(313, '1000177', '05/09/2022', '4700', 'مكتر حسين', NULL, 'محصل', 'محصل بالشيك', 1, 2, 5, 57, '05/09/2022'),
(314, '1000178', '05/10/2022', '4700', 'مكتر حسين', NULL, 'محصل', 'محصل بالشيك', 1, 2, 5, 57, '05/10/2022'),
(315, '1000179', '05/11/2022', '4700', 'مكتر حسين', NULL, 'محصل', 'محصل بالشيك', 1, 2, 5, 57, '05/11/2022'),
(316, '1000180', '05/12/2022', '4700', 'مكتر حسين', NULL, 'محصل', 'محصل بالشيك', 1, 2, 5, 57, '05/12/2022'),
(317, '1000181', '05/01/2023', '4700', 'مكتر حسين', NULL, 'محصل', 'محصل بالشيك', 1, 2, 5, 57, '05/01/2022'),
(318, '1000182', '05/02/2023', '4700', 'مكتر حسين', NULL, 'محصل بالشيك', NULL, 1, 2, 5, 57, '10/02/2023'),
(319, '1000183', '05/03/2023', '4700', 'مكتر حسين', NULL, 'محصل بالشيك', NULL, 1, 2, 5, 57, '10/03/2023'),
(320, '1000184', '05/04/2023', '4700', 'مكتر حسين', NULL, 'محصل', 'محصل بالشيك', 1, 2, 5, 57, '05/04/2023'),
(321, '1000185', '05/05/2023', '4700', 'مكتر حسين', NULL, 'محصل', 'محصل بالشيك', 1, 2, 5, 57, '05/05/2023'),
(323, '1000187', '05/07/2023', '4700', 'مكتر حسين', NULL, 'محصل', 'محصل بالشيك', 1, 2, 5, 57, '05/07/2023'),
(324, '1000051', '24/08/2023', '4700', 'مكتر حسين', '', 'محصل', 'محصل بالشيك', 2, 2, 5, 57, '24/08/2023'),
(325, '1', '10/10/2022', '4700', 'افزال كريم', NULL, 'محصل', 'محصل بالشيك', 1, 1, 15, 58, '10/10/2022'),
(326, '2', '10/11/2022', '4700', 'افزال كريم', NULL, 'محصل', 'محصل بالشيك', 1, 1, 15, 58, '10/11/2022'),
(327, '3', '10/12/2022', '4700', 'افزال كريم', NULL, 'محصل', 'محصل بالشيك', 1, 1, 15, 58, '10/12/2022'),
(328, '4', '10/01/2023', '4700', 'افزال كريم', NULL, 'محصل', 'محصل بالشيك', 1, 1, 15, 58, '10/01/2023'),
(329, '5', '10/02/2023', '4700', 'افزال كريم', NULL, 'محصل', 'محصل بالشيك', 1, 1, 15, 58, '10/02/2023'),
(330, '6', '10/03/2023', '4700', 'افزال كريم', NULL, 'محصل', 'محصل بالشيك', 1, 1, 15, 58, '10/03/2023'),
(331, '7', '10/04/2023', '4700', 'افزال كريم', NULL, 'محصل', 'محصل بالشيك', 1, 1, 15, 58, '10/04/2023'),
(332, '8', '10/05/2023', '4700', 'افزال كريم', NULL, 'محصل', 'محصل بالشيك', 1, 1, 15, 58, '10/05/2023'),
(333, '9', '10/06/2023', '4700', 'افزال كريم', NULL, 'محصل', 'محصل بالشيك', 1, 1, 15, 58, '10/06/2023'),
(334, '10', '10/07/2023', '4700', 'افزال كريم', NULL, 'محصل', 'محصل بالشيك', 1, 1, 15, 58, '10/07/2023'),
(335, '11', '10/08/2023', '4700', 'افزال كريم', NULL, 'محصل', 'محصل بالشيك', 1, 1, 15, 58, '10/08/2023'),
(336, '12', '10/09/2023', '4700', 'افزال كريم', NULL, 'محصل', 'محصل بالشيك', 1, 1, 15, 58, '10/09/2023'),
(337, '1000166', '08/03/2023', '4700', 'مكتر حسين', NULL, 'محصل', 'محصل بالشيك', 1, 2, 5, 59, '08/03/2023'),
(338, '01000289', '08/05/2023', '4700', 'مكتر حسين', NULL, 'محصل', 'محصل بالشيك', 1, 2, 5, 59, '08/05/2023'),
(339, '01000288', '08/04/2023', '4700', 'مكتر حسين', NULL, 'محصل', 'محصل بالشيك', 1, 2, 5, 59, '08/04/2023'),
(340, '01000290', '08/06/2023', '4700', 'مكتر حسين', NULL, 'محصل', 'محصل بالشيك', 1, 2, 5, 59, '08/06/2023'),
(341, '01000292', '08/07/2023', '4700', 'مكتر حسين', NULL, 'محصل', 'محصل بالشيك', 1, 2, 5, 59, '08/07/2023'),
(342, '01000165', '08/08/2023', '4700', 'مكتر حسين', NULL, 'محصل', 'محصل بالشيك', 1, 2, 5, 59, '08/08/2023'),
(343, '01000295', '08/09/2023', '4700', 'مكتر حسين', NULL, 'محصل', 'محصل بالشيك', 1, 2, 5, 59, '08/09/2023'),
(344, '01000296', '08/10/2023', '4700', 'مكتر حسين', NULL, 'محصل', 'محصل بالشيك', 1, 2, 5, 59, '08/10/2023'),
(345, '01000297', '08/11/2023', '4700', 'مكتر حسين', NULL, 'محصل', 'محصل بالشيك', 1, 2, 5, 59, '08/11/2023'),
(346, '01000298', '08/12/2023', '4700', 'مكتر حسين', NULL, 'محصل', 'محصل بالشيك', 1, 2, 5, 59, '08/12/2023'),
(347, '01000299', '08/01/2024', '4700', 'مكتر حسين', NULL, 'غير محصل', NULL, 1, 2, 5, 59, ''),
(348, '01000300', '08/02/2024', '4700', 'مكتر حسين', NULL, 'محصل', 'محصل بالشيك', 1, 2, 5, 59, ''),
(349, '70', '07/06/2023', '2000', 'شركة ق للحلول', NULL, 'محصل', 'محصل بالشيك', 1, 11, 104, 61, '07/06/2023'),
(350, '71', '07/07/2023', '2000', 'شركة ق للحلول', NULL, 'محصل', 'محصل بالشيك', 1, 11, 104, 61, '07/07/2023'),
(351, '72', '07/08/2023', '2000', 'شركة ق للحلول', NULL, 'محصل', 'محصل بالشيك', 1, 11, 104, 61, '07/08/2023'),
(352, '73', '07/09/2023', '2000', 'شركة ق للحلول', NULL, 'محصل', 'محصل بالشيك', 1, 11, 104, 61, '07/09/2023'),
(353, '74', '07/10/2023', '2000', 'شركة ق للحلول', NULL, 'محصل', 'محصل بالشيك', 1, 11, 104, 61, '07/10/2023'),
(354, '75', '07/11/2023', '2000', 'شركة ق للحلول', NULL, 'محصل', 'محصل بالشيك', 1, 11, 104, 61, '07/11/2023'),
(355, '76', '07/12/2023', '2000', 'شركة ق للحلول', NULL, 'محصل', 'محصل بالشيك', 1, 11, 104, 61, '07/12/2023'),
(361, '1000694', '10/06/2021', '10000', 'مهدي  رحيمانيان', NULL, 'محصل', 'محصل بالشيك', 1, 2, 73, 65, '10/06/2021'),
(362, '1000695', '10/07/2021', '10000', 'مهدي  رحيمانيان', NULL, 'محصل', 'محصل بالشيك', 1, 2, 73, 65, '10/07/2021'),
(363, '1000696', '10/08/2021', '10000', 'مهدي  رحيمانيان', NULL, 'محصل', 'محصل بالشيك', 1, 2, 73, 65, '10/08/2021'),
(364, '1000697', '10/09/2021', '10000', 'مهدي  رحيمانيان', NULL, 'محصل', 'محصل بالشيك', 1, 2, 73, 65, '10/09/2021'),
(365, '1000698', '10/10/2021', '10000', 'مهدي  رحيمانيان', NULL, 'محصل', 'محصل بالشيك', 1, 2, 73, 65, '10/10/2021'),
(366, '1000699', '10/11/2021', '10000', 'مهدي  رحيمانيان', NULL, 'محصل', 'محصل بالشيك', 1, 2, 73, 65, '10/11/2021'),
(367, '1000700', '10/12/2021', '10000', 'مهدي  رحيمانيان', NULL, 'محصل', 'محصل بالشيك', 1, 2, 73, 65, '10/12/2021'),
(368, '1000701', '10/01/2022', '10000', 'مهدي  رحيمانيان', NULL, 'محصل', 'محصل بالشيك', 1, 2, 73, 65, '10/01/2022'),
(369, '1000702', '10/02/2022', '10000', 'مهدي  رحيمانيان', NULL, 'محصل', 'محصل بالشيك', 1, 2, 73, 65, '10/02/2022'),
(370, '1000703', '10/03/2022', '10000', 'مهدي  رحيمانيان', NULL, 'محصل', 'محصل بالشيك', 1, 2, 73, 65, '10/03/2022'),
(371, '1000704', '10/04/2022', '10000', 'مهدي  رحيمانيان', NULL, 'محصل', 'محصل بالشيك', 1, 2, 73, 65, '10/04/2022'),
(372, '1000705', '10/05/2022', '10000', 'مهدي  رحيمانيان', NULL, 'محصل', 'محصل بالشيك', 1, 2, 73, 65, '10/05/2022'),
(373, '1000706', '10/06/2022', '10000', 'مهدي  رحيمانيان', NULL, 'محصل', 'محصل بالشيك', 1, 2, 73, 65, '10/06/2022'),
(374, '1000707', '10/07/2022', '10000', 'مهدي  رحيمانيان', NULL, 'محصل', 'محصل بالشيك', 1, 2, 73, 65, '10/07/2022'),
(375, '1000708', '10/08/2022', '10000', 'مهدي  رحيمانيان', NULL, 'محصل', 'محصل بالشيك', 1, 2, 73, 65, '10/08/2022'),
(376, '1000709', '10/09/2022', '10000', 'مهدي  رحيمانيان', NULL, 'محصل', 'محصل بالشيك', 1, 2, 73, 65, '10/09/2022'),
(377, '1000710', '10/10/2022', '10000', 'مهدي  رحيمانيان', NULL, 'محصل', 'محصل بالشيك', 1, 2, 73, 65, '10/10/2022'),
(378, '1000711', '10/11/2022', '10000', 'مهدي  رحيمانيان', NULL, 'محصل', 'محصل بالشيك', 1, 2, 73, 65, '10/11/2022'),
(379, '1000712', '10/12/2022', '10000', 'مهدي  رحيمانيان', NULL, 'محصل', 'محصل بالشيك', 1, 2, 73, 65, '10/12/2022'),
(380, '1000653', '10/11/2022', '10000', 'مهدي  رحيمانيان', NULL, 'غير محصل', NULL, 1, 2, 73, 65, NULL),
(381, '1000654', '10/12/2022', '10000', 'مهدي  رحيمانيان', NULL, 'غير محصل', NULL, 1, 2, 73, 65, NULL),
(382, '1000655', '10/01/2023', '10000', 'مهدي  رحيمانيان', NULL, 'محصل', 'محصل بالشيك', 1, 2, 73, 65, '10/01/2023'),
(383, '1000656', '10/02/2023', '10000', 'مهدي  رحيمانيان', NULL, 'محصل', 'محصل بالشيك', 1, 2, 73, 65, '10/02/2023'),
(384, '1000657', '10/03/2023', '10000', 'مهدي  رحيمانيان', NULL, 'محصل', 'محصل بالشيك', 1, 2, 73, 65, '10/03/2023'),
(385, '1000658', '10/04/2023', '10000', 'مهدي  رحيمانيان', NULL, 'محصل', 'محصل بالشيك', 1, 2, 73, 65, '10/04/2023'),
(386, '1000659', '10/05/2023', '10000', 'مهدي  رحيمانيان', NULL, 'غير محصل', NULL, 1, 2, 73, 65, NULL),
(387, '1000660', '10/06/2023', '10000', 'مهدي  رحيمانيان', NULL, 'غير محصل', NULL, 1, 2, 73, 65, NULL),
(388, '1000661', '10/07/2023', '10000', 'مهدي  رحيمانيان', NULL, 'غير محصل', NULL, 1, 2, 73, 65, NULL),
(389, '1000662', '10/08/2023', '10000', 'مهدي  رحيمانيان', NULL, 'محصل', 'محصل بالشيك', 1, 2, 73, 65, '10/08/2023'),
(390, '1000663', '10/09/2023', '10000', 'مهدي  رحيمانيان', NULL, 'مودع', '', 1, 2, 73, 65, ''),
(391, '1000664', '10/10/2023', '10000', 'مهدي  رحيمانيان', NULL, 'غير محصل', NULL, 1, 2, 73, 65, NULL),
(406, '1000003', '03/04/2023', '3700', 'كمال ششيريا', NULL, 'محصل', 'محصل بالشيك', 1, 2, 105, 67, '03/04/2023'),
(407, '1000004', '03/05/2023', '3700', 'كمال ششيريا', NULL, 'محصل', 'محصل بالشيك', 1, 2, 105, 67, '03/05/2023'),
(408, '1000005', '03/06/2023', '3700', 'كمال ششيريا', NULL, 'محصل', 'محصل بالشيك', 1, 2, 105, 67, '03/06/2023'),
(409, '1000006', '03/07/2023', '3700', 'كمال ششيريا', NULL, 'محصل', 'محصل بالشيك', 1, 2, 105, 67, '03/07/2023'),
(410, '1000007', '03/08/2023', '3700', 'كمال ششيريا', NULL, 'محصل', 'محصل بالشيك', 1, 2, 105, 67, '03/08/2023'),
(411, '01000008', '03/09/2023', '3700', 'كمال ششيريا', NULL, 'مودع', '', 1, 2, 105, 67, ''),
(412, '1000010', '03/10/2023', '3700', 'كمال ششيريا', NULL, 'غير محصل', NULL, 1, 2, 105, 67, NULL),
(413, '1000011', '03/11/2023', '3700', 'كمال ششيريا', NULL, 'غير محصل', NULL, 1, 2, 105, 67, NULL),
(414, '1000012', '03/12/2023', '3700', 'كمال ششيريا', NULL, 'غير محصل', NULL, 1, 2, 105, 67, NULL),
(415, '1000013', '03/01/2024', '3700', 'كمال ششيريا', NULL, 'محصل', 'محصل بالشيك', 1, 2, 105, 67, ''),
(416, '1000014', '03/02/2024', '3700', 'كمال ششيريا', NULL, 'محصل', 'محصل بالشيك', 1, 2, 105, 67, ''),
(417, '01000001', '03/10/2023', '3700', 'كمال ششيريا', NULL, 'غير محصل', NULL, 4, 2, 105, 67, NULL),
(418, '1000457', '10/03/2023', '4200', 'ناجير ناصر', NULL, 'محصل', 'محصل بالشيك', 1, 2, 30, 70, '10/03/2023'),
(419, '1000458', '10/04/2023', '4200', 'ناجير ناصر', NULL, 'محصل', 'محصل بالشيك', 1, 2, 30, 70, '10/04/2023'),
(420, '1000459', '10/05/2023', '4200', 'ناجير ناصر', NULL, 'محصل', 'محصل بالشيك', 1, 2, 30, 70, '10/05/2023'),
(421, '1000460', '10/06/2023', '4200', 'ناجير ناصر', NULL, 'محصل', 'محصل بالشيك', 1, 2, 30, 70, '10/06/2023'),
(422, '1000461', '10/07/2023', '4200', 'ناجير ناصر', NULL, 'محصل', 'محصل بالشيك', 1, 2, 30, 70, '10/07/2023'),
(423, '1000462', '10/08/2023', '4200', 'ناجير ناصر', NULL, 'محصل', 'محصل بالشيك', 1, 2, 30, 70, '10/08/2023'),
(424, '1000463', '10/09/2023', '4200', 'ناجير ناصر', NULL, 'مودع', '', 1, 2, 30, 70, ''),
(425, '1000464', '10/10/2023', '4200', 'ناجير ناصر', NULL, 'غير محصل', NULL, 1, 2, 30, 70, NULL),
(426, '1000465', '10/11/2023', '4200', 'ناجير ناصر', NULL, 'غير محصل', NULL, 1, 2, 30, 70, NULL),
(427, '1000466', '10/12/2023', '4200', 'ناجير ناصر', NULL, 'غير محصل', NULL, 1, 2, 30, 70, NULL),
(428, '1000467', '10/01/2024', '4200', 'ناجير ناصر', NULL, 'محصل', 'محصل بالشيك', 1, 2, 30, 70, ''),
(429, '1000468', '10/02/2024', '4200', 'ناجير ناصر', NULL, 'محصل', 'محصل بالشيك', 1, 2, 30, 70, ''),
(430, '60', '08/03/2023', '4100', 'امجد ابو زيد', 'الشيخ فهد', 'محصل', 'محصل بالشيك', 1, 1, 19, 73, '08/03/2023'),
(431, '61', '08/04/2023', '4100', 'امجد ابو زيد', 'الشيخ فهد', 'محصل', 'محصل بالشيك', 1, 1, 19, 73, '08/04/2023'),
(432, '62', '08/05/2023', '4100', 'امجد ابو زيد', 'الشيخ فهد', 'محصل', 'محصل بالشيك', 1, 1, 19, 73, '08/05/2023'),
(433, '63', '08/06/2023', '4100', 'امجد ابو زيد', 'الشيخ فهد', 'محصل', 'محصل بالشيك', 1, 1, 19, 73, '08/06/2023'),
(434, '65', '08/07/2023', '4100', 'امجد ابو زيد', 'الشيخ فهد', 'محصل', 'محصل بالشيك', 1, 1, 19, 73, '08/07/2023'),
(435, '66', '08/08/2023', '4100', 'امجد ابو زيد', 'الشيخ فهد', 'محصل', 'محصل بالشيك', 1, 1, 19, 73, '08/08/2023'),
(436, '67', '08/09/2023', '4100', 'امجد ابو زيد', 'الشيخ فهد', 'محصل', 'محصل بالشيك', 1, 1, 19, 73, '08/09/2023'),
(437, '68', '08/10/2023', '4100', 'امجد ابو زيد', 'الشيخ فهد', 'محصل', 'محصل بالشيك', 1, 1, 19, 73, '08/10/2023'),
(438, '69', '08/11/2023', '4100', 'امجد ابو زيد', 'الشيخ فهد', 'محصل', 'محصل بالشيك', 1, 1, 19, 73, '08/11/2023'),
(439, '74', '08/12/2023', '4100', 'امجد ابو زيد', 'الشيخ فهد', 'محصل', 'محصل بالشيك', 1, 1, 19, 73, '08/12/2023'),
(440, '72', '08/01/2024', '4100', 'امجد ابو زيد', 'الشيخ فهد', 'محصل', 'محصل بالشيك', 1, 1, 19, 73, '08/01/2024'),
(441, '73', '08/02/2024', '4100', 'امجد ابو زيد', 'الشيخ فهد', 'محصل', 'محصل بالشيك', 1, 1, 19, 73, ''),
(442, '01000035', '05/02/2024', '4000', 'علاء سلامة حامد عوضين', NULL, 'محصل', 'محصل بالشيك', 1, 2, 110, 76, ''),
(443, '1000001', '05/03/2024', '4000', 'علاء سلامة حامد عوضين', NULL, 'غير محصل', NULL, 1, 2, 110, 76, NULL),
(444, '1000002', '05/04/2024', '4000', 'علاء سلامة حامد عوضين', NULL, 'غير محصل', NULL, 1, 2, 110, 76, NULL),
(445, '1000003', '05/05/2024', '4000', 'علاء سلامة حامد عوضين', NULL, 'غير محصل', NULL, 1, 2, 110, 76, NULL),
(446, '1000004', '05/06/2024', '4000', 'علاء سلامة حامد عوضين', NULL, 'غير محصل', NULL, 1, 2, 110, 76, NULL),
(447, '1000005', '05/07/2024', '4000', 'علاء سلامة حامد عوضين', NULL, 'غير محصل', NULL, 1, 2, 110, 76, NULL),
(448, '1000006', '05/08/2024', '4000', 'علاء سلامة حامد عوضين', NULL, 'غير محصل', NULL, 1, 2, 110, 76, NULL),
(449, '1000007', '05/09/2024', '4000', 'علاء سلامة حامد عوضين', NULL, 'غير محصل', NULL, 1, 2, 110, 76, NULL),
(450, '1000008', '05/10/2024', '4000', 'علاء سلامة حامد عوضين', NULL, 'غير محصل', NULL, 1, 2, 110, 76, NULL),
(451, '1000009', '05/11/2024', '4000', 'علاء سلامة حامد عوضين', NULL, 'غير محصل', NULL, 1, 2, 110, 76, NULL),
(452, '1000010', '05/12/2024', '4000', 'علاء سلامة حامد عوضين', NULL, 'غير محصل', NULL, 1, 2, 110, 76, NULL),
(453, '1000011', '05/01/2025', '4000', 'علاء سلامة حامد عوضين', NULL, 'غير محصل', NULL, 1, 2, 110, 76, NULL),
(454, '1000012', '05/02/2025', '4000', 'علاء سلامة حامد عوضين', NULL, 'غير محصل', NULL, 1, 2, 110, 76, NULL),
(455, '1000013', '05/03/2025', '4000', 'علاء سلامة حامد عوضين', NULL, 'غير محصل', NULL, 1, 2, 110, 76, NULL),
(456, '1000014', '05/04/2025', '4000', 'علاء سلامة حامد عوضين', NULL, 'غير محصل', NULL, 1, 2, 110, 76, NULL),
(457, '1000015', '05/05/2025', '4000', 'علاء سلامة حامد عوضين', NULL, 'غير محصل', NULL, 1, 2, 110, 76, NULL),
(458, '1000016', '05/06/2025', '4000', 'علاء سلامة حامد عوضين', NULL, 'غير محصل', NULL, 1, 2, 110, 76, NULL),
(459, '1000017', '05/07/2025', '4000', 'علاء سلامة حامد عوضين', NULL, 'غير محصل', NULL, 1, 2, 110, 76, NULL),
(460, '1000018', '05/08/2025', '4000', 'علاء سلامة حامد عوضين', NULL, 'غير محصل', NULL, 1, 2, 110, 76, NULL),
(461, '1000019', '05/09/2025', '4000', 'علاء سلامة حامد عوضين', NULL, 'غير محصل', NULL, 1, 2, 110, 76, NULL),
(462, '1000020', '05/10/2025', '4000', 'علاء سلامة حامد عوضين', NULL, 'غير محصل', NULL, 1, 2, 110, 76, NULL),
(463, '1000021', '05/11/2025', '4000', 'علاء سلامة حامد عوضين', NULL, 'غير محصل', NULL, 1, 2, 110, 76, NULL),
(464, '1000022', '05/12/2025', '4000', 'علاء سلامة حامد عوضين', NULL, 'غير محصل', NULL, 1, 2, 110, 76, NULL),
(465, '1000023', '05/01/2026', '4000', 'علاء سلامة حامد عوضين', NULL, 'غير محصل', NULL, 1, 2, 110, 76, NULL),
(466, '1000024', '05/02/2026', '4000', 'علاء سلامة حامد عوضين', NULL, 'غير محصل', NULL, 1, 2, 110, 76, NULL),
(467, '1000025', '05/03/2026', '4000', 'علاء سلامة حامد عوضين', NULL, 'غير محصل', NULL, 1, 2, 110, 76, NULL),
(468, '1000026', '05/04/2026', '4000', 'علاء سلامة حامد عوضين', NULL, 'غير محصل', NULL, 1, 2, 110, 76, NULL),
(469, '1000027', '05/05/2026', '4000', 'علاء سلامة حامد عوضين', NULL, 'غير محصل', NULL, 1, 2, 110, 76, NULL),
(470, '1000028', '05/06/2026', '4000', 'علاء سلامة حامد عوضين', NULL, 'غير محصل', NULL, 1, 2, 110, 76, NULL),
(471, '1000029', '05/07/2026', '4000', 'علاء سلامة حامد عوضين', NULL, 'غير محصل', NULL, 1, 2, 110, 76, NULL),
(472, '1000030', '05/08/2026', '4000', 'علاء سلامة حامد عوضين', NULL, 'غير محصل', NULL, 1, 2, 110, 76, NULL),
(473, '1000031', '05/09/2026', '4000', 'علاء سلامة حامد عوضين', NULL, 'غير محصل', NULL, 1, 2, 110, 76, NULL),
(474, '1000032', '05/10/2026', '4000', 'علاء سلامة حامد عوضين', NULL, 'غير محصل', NULL, 1, 2, 110, 76, NULL),
(475, '1000033', '05/11/2026', '4000', 'علاء سلامة حامد عوضين', NULL, 'غير محصل', NULL, 1, 2, 110, 76, NULL),
(476, '1000034', '05/12/2026', '4000', 'علاء سلامة حامد عوضين', NULL, 'غير محصل', NULL, 1, 2, 110, 76, NULL),
(477, '1000036', '30/01/2027', '4000', 'علاء سلامة حامد عوضين', NULL, 'غير محصل', NULL, 4, 2, 110, 76, NULL),
(478, 'نقدي', '31/12/2023', '5000', 'محمد شمسو مياه', 'الشيخ فهد ال ثاني', 'غير محصل', NULL, 4, 9, 10, 91, NULL),
(479, '000070', '01/01/2023', '6000', 'اسماعيل نلكات', 'الشيخ فهد ال ثاني', 'محصل', 'محصل بالشيك', 4, 8, 11, 92, '01/01/2023'),
(480, '000070', '01/01/2023', '6000', 'اسماعيل نلكات', 'الشيخ فهد ال ثاني', 'غير محصل', NULL, 4, 8, 11, 93, NULL),
(481, '000070', '01/01/2023', '6000', 'اسماعيل نلكات', 'الشيخ فهد ال ثاني', 'غير محصل', NULL, 4, 1, 11, 94, NULL),
(483, '123', '05/02/2020', '2500', 'كانيون', 'الشيخ فهد ال ثاني', 'محصل', 'محصل بالشيك', 1, 1, 65, 121, '05/02/2020'),
(484, '124', '05/03/2020', '2500', 'كانيون', 'الشيخ فهد ال ثاني', 'محصل', 'محصل بالشيك', 1, 1, 65, 121, '05/03/2020'),
(485, '125', '05/04/2020', '2500', 'كانيون', 'الشيخ فهد ال ثاني', 'محصل', 'محصل بالشيك', 1, 1, 65, 121, '05/04/2020'),
(486, '126', '05/05/2020', '2500', 'كانيون', 'الشيخ فهد ال ثاني', 'محصل', 'محصل بالشيك', 1, 1, 65, 121, '05/05/2020'),
(487, '127', '05/06/2020', '2500', 'كانيون', 'الشيخ فهد ال ثاني', 'محصل', 'محصل بالشيك', 1, 1, 65, 121, '19/07/2020'),
(488, '128', '05/07/2020', '2500', 'كانيون', 'الشيخ فهد ال ثاني', 'محصل', 'محصل بالشيك', 1, 1, 65, 121, '19/07/2020'),
(489, '129', '05/08/2020', '2500', 'كانيون', 'الشيخ فهد ال ثاني', 'محصل', 'محصل بالشيك', 1, 1, 65, 121, '23/08/2020'),
(490, '130', '05/09/2020', '2500', 'كانيون', 'الشيخ فهد ال ثاني', 'محصل', 'محصل بالشيك', 1, 1, 65, 121, '01/06/2021'),
(491, '131', '05/10/2020', '2500', 'كانيون', 'الشيخ فهد ال ثاني', 'محصل', 'محصل بالشيك', 1, 1, 65, 121, '06/12/2020'),
(492, '132', '05/11/2020', '2500', 'كانيون', 'الشيخ فهد ال ثاني', 'محصل', 'محصل بالشيك', 1, 1, 65, 121, '06/12/2020'),
(493, '133', '05/12/2020', '2500', 'كانيون', 'الشيخ فهد ال ثاني', 'محصل', 'محصل بالشيك', 1, 1, 65, 121, '06/12/2020'),
(494, '134', '05/01/2021', '2500', 'كانيون', 'الشيخ فهد ال ثاني', 'غير محصل', NULL, 1, 1, 65, 121, NULL),
(495, '135', '05/02/2021', '2500', 'كانيون', 'الشيخ فهد ال ثاني', 'محصل', 'محصل بالشيك', 1, 1, 65, 121, '25/04/2021'),
(496, '136', '05/03/2021', '2500', 'كانيون', 'الشيخ فهد ال ثاني', 'محصل', 'محصل بالشيك', 1, 1, 65, 121, '25/04/2021'),
(497, '137', '05/04/2021', '2500', 'كانيون', 'الشيخ فهد ال ثاني', 'محصل', 'محصل بالشيك', 1, 1, 65, 121, '25/04/2021'),
(498, '138', '05/05/2021', '2500', 'كانيون', 'الشيخ فهد ال ثاني', 'محصل', 'محصل بالشيك', 1, 1, 65, 121, '25/04/2021'),
(499, '139', '05/06/2021', '2500', 'كانيون', 'الشيخ فهد ال ثاني', 'محصل', 'محصل بالشيك', 1, 1, 65, 121, '01/06/2021'),
(500, '140', '05/07/2021', '2500', 'كانيون', 'الشيخ فهد ال ثاني', 'محصل', 'محصل بالشيك', 1, 1, 65, 121, '01/06/2021'),
(501, '141', '05/08/2021', '2500', 'كانيون', 'الشيخ فهد ال ثاني', 'محصل', 'محصل بالشيك', 1, 1, 65, 121, '01/06/2021'),
(502, '142', '05/09/2021', '2500', 'كانيون', 'الشيخ فهد ال ثاني', 'محصل', 'محصل بالشيك', 1, 1, 65, 121, '01/06/2021'),
(503, '143', '05/10/2021', '2500', 'كانيون', 'الشيخ فهد ال ثاني', 'محصل', 'محصل بالشيك', 1, 1, 65, 121, '31/12/2021'),
(504, '144', '05/11/2021', '2500', 'كانيون', 'الشيخ فهد ال ثاني', 'محصل', 'محصل بالشيك', 1, 1, 65, 121, '31/12/2021'),
(505, '145', '05/12/2021', '2500', 'كانيون', 'الشيخ فهد ال ثاني', 'محصل', 'محصل بالشيك', 1, 1, 65, 121, '31/12/2021'),
(506, '146', '05/01/2022', '2500', 'كانيون', 'الشيخ فهد ال ثاني', 'محصل', 'محصل بالشيك', 1, 1, 65, 121, '12/01/2022'),
(507, '147', '05/02/2022', '2500', 'كانيون', 'الشيخ فهد ال ثاني', 'محصل', 'محصل بالشيك', 1, 1, 65, 121, '27/04/2022'),
(508, '148', '05/03/2022', '2500', 'كانيون', 'الشيخ فهد ال ثاني', 'محصل', 'محصل بالشيك', 1, 1, 65, 121, '27/04/2022'),
(509, '149', '05/04/2022', '2500', 'كانيون', 'الشيخ فهد ال ثاني', 'محصل', 'محصل بالشيك', 1, 1, 65, 121, '27/04/2022'),
(510, '150', '05/05/2022', '2500', 'كانيون', 'الشيخ فهد ال ثاني', 'محصل', 'محصل بالشيك', 1, 1, 65, 121, '08/05/2022'),
(511, '151', '05/06/2022', '2500', 'كانيون', 'الشيخ فهد ال ثاني', 'محصل', 'محصل بالشيك', 1, 1, 65, 121, '01/06/2022'),
(512, '152', '05/07/2022', '2500', 'كانيون', 'الشيخ فهد ال ثاني', 'محصل', 'محصل بالشيك', 1, 1, 65, 121, '05/07/2022'),
(513, '153', '05/08/2022', '2500', 'كانيون', 'الشيخ فهد ال ثاني', 'محصل', 'محصل بالشيك', 1, 1, 65, 121, '02/08/2022'),
(514, '154', '05/09/2022', '2500', 'كانيون', 'الشيخ فهد ال ثاني', 'محصل', 'محصل بالشيك', 1, 1, 65, 121, '01/09/2022'),
(515, '155', '05/10/2022', '2500', 'كانيون', 'الشيخ فهد ال ثاني', 'محصل', 'محصل بالشيك', 1, 1, 65, 121, '03/10/2022'),
(516, '156', '05/11/2022', '2500', 'كانيون', 'الشيخ فهد ال ثاني', 'محصل', 'محصل بالشيك', 1, 1, 65, 121, '01/11/2022'),
(517, '157', '05/12/2022', '2500', 'كانيون', 'الشيخ فهد ال ثاني', 'محصل', 'محصل بالشيك', 1, 1, 65, 121, '01/12/2022'),
(518, '158', '05/01/2023', '2500', 'كانيون', 'الشيخ فهد ال ثاني', 'غير محصل', NULL, 1, 1, 65, 121, NULL),
(519, '00000082', '12/04/2023', '2500', 'ديدار عزيز الله ', 'الشيخ فهد ال ثاني ', 'محصل', 'محصل بالشيك', 1, 1, 63, 116, '12/04/2023'),
(520, '00000081', '12/05/2023', '2500', 'ديدرا عزيز الله ', 'الشيخ فهد ال ثاني ', 'محصل', 'محصل بالشيك', 1, 1, 63, 116, '12/05/2023'),
(521, '00000080', '12/06/2023', '2500', 'ديدرا عزيز الله ', 'الشيخ فهد ال ثاني ', 'محصل', 'محصل بالشيك', 1, 1, 63, 116, '12/06/2023'),
(522, '00000079', '12/07/2023', '2500', 'ديدرا عزيز الله ', 'الشيخ فهد ال ثاني ', 'محصل', 'محصل بالشيك', 1, 1, 63, 116, '12/07/2023'),
(596, '01000575', '08/05/2024', '10500', 'اي كي ام اسكندر', 'الشيخ فهد ال ثاني', 'غير محصل', NULL, 4, 2, 9, 136, NULL),
(597, '147', '08/11/2022', '10500', 'اي كي ام اسكندر', 'الشيخ فهد ال ثاني', 'محصل', 'محصل بالشيك', 1, 2, 9, 136, '08/11/2022'),
(598, '148', '08/12/2022', '10500', 'اي كي ام اسكندر', 'الشيخ فهد ال ثاني', 'محصل', 'محصل بالشيك', 1, 2, 9, 136, '08/12/2022'),
(599, '149', '08/01/2023', '10500', 'اي كي ام اسكندر', 'الشيخ فهد ال ثاني', 'محصل', 'محصل بالشيك', 1, 2, 9, 136, '08/01/2023'),
(600, '150', '08/02/2023', '10500', 'اي كي ام اسكندر', 'الشيخ فهد ال ثاني', 'محصل', 'محصل بالشيك', 1, 2, 9, 136, '08/02/2023'),
(601, '151', '08/03/2023', '10500', 'اي كي ام اسكندر', 'الشيخ فهد ال ثاني', 'محصل', 'محصل بالشيك', 1, 2, 9, 136, '08/03/2023'),
(602, '152', '08/04/2023', '10500', 'اي كي ام اسكندر', 'الشيخ فهد ال ثاني', 'محصل', 'محصل بالشيك', 1, 2, 9, 136, '08/04/2023'),
(603, '153', '08/05/2023', '10500', 'اي كي ام اسكندر', 'الشيخ فهد ال ثاني', 'محصل', 'محصل بالشيك', 1, 2, 9, 136, '08/05/2023'),
(604, '154', '08/06/2023', '10500', 'اي كي ام اسكندر', 'الشيخ فهد ال ثاني', 'محصل', 'محصل بالشيك', 1, 2, 9, 136, '08/06/2023'),
(605, '155', '08/07/2023', '10500', 'اي كي ام اسكندر', 'الشيخ فهد ال ثاني', 'محصل', 'محصل بالشيك', 1, 2, 9, 136, '08/07/2023'),
(606, '156', '08/08/2023', '10500', 'اي كي ام اسكندر', 'الشيخ فهد ال ثاني', 'محصل', 'محصل بالشيك', 1, 2, 9, 136, '08/08/2023'),
(607, '163', '08/09/2023', '10500', 'اي كي ام اسكندر', 'الشيخ فهد ال ثاني', 'محصل', 'محصل بالشيك', 1, 2, 9, 136, '08/09/2023'),
(608, '164', '08/10/2023', '10500', 'اي كي ام اسكندر', 'الشيخ فهد ال ثاني', 'محصل', 'محصل بالشيك', 1, 2, 9, 136, '08/10/2023'),
(609, '165', '08/11/2023', '10500', 'اي كي ام اسكندر', 'الشيخ فهد ال ثاني', 'محصل', 'محصل بالشيك', 1, 2, 9, 136, '08/11/2023'),
(610, '166', '08/12/2023', '10500', 'اي كي ام اسكندر', 'الشيخ فهد ال ثاني', 'محصل', 'محصل بالشيك', 1, 2, 9, 136, '08/12/2023'),
(611, '167', '08/01/2024', '10500', 'اي كي ام اسكندر', 'الشيخ فهد ال ثاني', 'غير محصل', NULL, 1, 2, 9, 136, NULL),
(612, '168', '08/02/2024', '10500', 'اي كي ام اسكندر', 'الشيخ فهد ال ثاني', 'محصل', 'محصل بالشيك', 1, 2, 9, 136, '08/02/2024');
INSERT INTO `cheques` (`Cheques_Id`, `Cheques_No`, `Cheques_Date`, `Cheques_Amount`, `Cheque_Owner`, `beneficiary_person`, `Cheques_Status`, `Collect_Type`, `cheque_type_Cheque_Type_id`, `bank_Bank_Id`, `tenants_Tenants_ID`, `contract_Contract_Id`, `Collection_Date`) VALUES
(613, '169', '08/03/2024', '10500', 'اي كي ام اسكندر', 'الشيخ فهد ال ثاني', 'غير محصل', NULL, 1, 2, 9, 136, NULL),
(614, '1', '10/04/2023', '9000', 'جورخا بايك', 'الشيخ فهد ال ثاني', 'محصل', 'محصل بالشيك', 1, 8, 59, 143, '10/04/2023'),
(615, '2', '10/05/2023', '9000', 'جورخا بايك', 'الشيخ فهد ال ثاني', 'محصل', 'محصل بالشيك', 1, 8, 59, 143, '10/05/2023'),
(616, '3', '10/06/2023', '9000', 'جورخا بايك', 'الشيخ فهد ال ثاني', 'محصل', 'محصل بالشيك', 1, 8, 59, 143, '10/06/2023'),
(617, '4', '10/07/2023', '9000', 'جورخا بايك', 'الشيخ فهد ال ثاني', 'محصل', 'محصل بالشيك', 1, 8, 59, 143, '10/07/2023'),
(618, '5', '10/08/2023', '9000', 'جورخا بايك', 'الشيخ فهد ال ثاني', 'محصل', 'محصل بالشيك', 1, 8, 59, 143, '10/08/2023'),
(619, '6', '10/09/2023', '9000', 'جورخا بايك', 'الشيخ فهد ال ثاني', 'محصل', 'محصل بالشيك', 1, 8, 59, 143, '10/09/2023'),
(620, '7', '10/10/2023', '9000', 'جورخا بايك', 'الشيخ فهد ال ثاني', 'محصل', 'محصل بالشيك', 1, 8, 59, 143, '10/10/2023'),
(621, '8', '10/11/2023', '9000', 'جورخا بايك', 'الشيخ فهد ال ثاني', 'محصل', 'محصل بالشيك', 1, 8, 59, 143, '10/11/2023'),
(622, '9', '10/12/2023', '9000', 'جورخا بايك', 'الشيخ فهد ال ثاني', 'محصل', 'محصل بالشيك', 1, 8, 59, 143, '10/12/2023'),
(623, '10', '10/01/2024', '9000', 'جورخا بايك', 'الشيخ فهد ال ثاني', 'غير محصل', NULL, 1, 8, 59, 143, NULL),
(624, '11', '10/02/2024', '9000', 'جورخا بايك', 'الشيخ فهد ال ثاني', 'غير محصل', NULL, 1, 8, 59, 143, NULL),
(625, '12', '10/03/2024', '9000', 'جورخا بايك', 'الشيخ فهد ال ثاني', 'غير محصل', NULL, 1, 8, 59, 143, NULL),
(626, '00000013', '10/04/2024', '9000', 'جورخا بايك', 'الشيخ فهد ال ثاني', 'غير محصل', NULL, 4, 8, 59, 143, NULL),
(627, '1000008', '01/03/2023', '1000', 'محمد راشد  باركوت', 'الشيخ فهد ال ثاني', 'محصل', 'محصل بالشيك', 1, 2, 126, 145, '01/03/2023'),
(628, '1000009', '01/04/2023', '1000', 'محمد راشد  باركوت', 'الشيخ فهد ال ثاني', 'محصل', 'محصل بالشيك', 1, 2, 126, 145, '01/04/2023'),
(629, '1000010', '01/05/2023', '1000', 'محمد راشد  باركوت', 'الشيخ فهد ال ثاني', 'محصل', 'محصل بالشيك', 1, 2, 126, 145, '01/05/2023'),
(630, '1000012', '10/06/2023', '1000', 'محمد راشد  باركوت', 'الشيخ فهد ال ثاني', 'محصل', 'محصل بالشيك', 1, 2, 126, 145, '10/06/2023'),
(631, '1000013', '10/07/2023', '1000', 'محمد راشد  باركوت', 'الشيخ فهد ال ثاني', 'محصل', 'محصل بالشيك', 1, 2, 126, 145, '10/07/2023'),
(632, '1000014', '10/08/2023', '1000', 'محمد راشد  باركوت', 'الشيخ فهد ال ثاني', 'محصل', 'محصل بالشيك', 1, 2, 126, 145, '10/08/2023'),
(633, '1000015', '10/09/2023', '1000', 'محمد راشد  باركوت', 'الشيخ فهد ال ثاني', 'مودع', '', 1, 2, 126, 145, ''),
(634, '1000016', '10/10/2023', '1000', 'محمد راشد  باركوت', 'الشيخ فهد ال ثاني', 'غير محصل', NULL, 1, 2, 126, 145, NULL),
(635, '1000017', '10/11/2023', '1000', 'محمد راشد  باركوت', 'الشيخ فهد ال ثاني', 'غير محصل', NULL, 1, 2, 126, 145, NULL),
(636, '1000018', '10/12/2023', '1000', 'محمد راشد  باركوت', 'الشيخ فهد ال ثاني', 'غير محصل', NULL, 1, 2, 126, 145, NULL),
(637, '1000019', '10/01/2024', '1000', 'محمد راشد  باركوت', 'الشيخ فهد ال ثاني', 'غير محصل', NULL, 1, 2, 126, 145, NULL),
(639, '00000172', '15/04/2023', '3000', 'علاء شعبان عطا', 'الشيخ فهد ال ثاني', 'محصل', 'محصل بالشيك', 1, 9, 127, 146, '15/04/2023'),
(640, '162', '15/05/2023', '3000', 'علاء شعبان عطا', 'الشيخ فهد ال ثاني', 'محصل', 'محصل بالشيك', 1, 9, 127, 146, '15/05/2023'),
(641, '163', '15/06/2023', '3000', 'علاء شعبان عطا', 'الشيخ فهد ال ثاني', 'محصل', 'محصل بالشيك', 1, 9, 127, 146, '15/06/2023'),
(642, '164', '15/07/2023', '3000', 'علاء شعبان عطا', 'الشيخ فهد ال ثاني', 'محصل', 'محصل بالشيك', 1, 9, 127, 146, '15/07/2023'),
(643, '165', '15/08/2023', '3000', 'علاء شعبان عطا', 'الشيخ فهد ال ثاني', 'محصل', 'محصل بالشيك', 1, 9, 127, 146, '15/08/2023'),
(644, '166', '15/09/2023', '3000', 'علاء شعبان عطا', 'الشيخ فهد ال ثاني', 'محصل', 'محصل بالشيك', 1, 9, 127, 146, '15/09/2023'),
(645, '167', '15/10/2023', '3000', 'علاء شعبان عطا', 'الشيخ فهد ال ثاني', 'غير محصل', NULL, 1, 9, 127, 146, NULL),
(646, '168', '15/11/2023', '3000', 'علاء شعبان عطا', 'الشيخ فهد ال ثاني', 'غير محصل', NULL, 1, 9, 127, 146, NULL),
(647, '169', '15/12/2023', '3000', 'علاء شعبان عطا', 'الشيخ فهد ال ثاني', 'غير محصل', NULL, 1, 9, 127, 146, NULL),
(648, '170', '15/01/2024', '3000', 'علاء شعبان عطا', 'الشيخ فهد ال ثاني', 'محصل', 'محصل بالشيك', 1, 9, 127, 146, '15/01/2024'),
(649, '171', '15/02/2024', '3000', 'علاء شعبان عطا', 'الشيخ فهد ال ثاني', 'محصل', 'محصل بالشيك', 1, 9, 127, 146, ''),
(663, '01000022', '08/04/2023', '2500', 'محمد رشيد ', 'الشيخ فهد ال ثاني ', 'محصل', 'محصل بالشيك', 1, 2, 125, 144, '08/04/2023'),
(664, '01000023', '08/05/2023', '2500', 'محمد رشيد ', 'الشيخ فهد ال ثاني ', 'محصل', 'محصل بالشيك', 1, 2, 125, 144, '08/05/2023'),
(665, '01000024', '08/06/2023', '2500', 'محمد رشيد ', 'الشيخ فهد ال ثاني ', 'غير محصل', NULL, 1, 2, 125, 144, NULL),
(666, '01000025', '08/07/2023', '2500', 'محمد رشيد ', 'الشيخ فهد ال ثاني ', 'محصل', 'محصل بالشيك', 1, 2, 125, 144, '08/07/2023'),
(667, '01000026', '08/08/2023', '2500', 'محمد رشيد ', 'الشيخ فهد ال ثاني ', 'محصل', 'محصل بالشيك', 1, 2, 125, 144, '08/08/2023'),
(668, '01000027', '08/09/2023', '2500', 'محمد رشيد ', 'الشيخ فهد ال ثاني ', 'مودع', '', 1, 2, 125, 144, ''),
(669, '01000036', '08/10/2023', '2500', 'محمد رشيد ', 'الشيخ فهد ال ثاني ', 'غير محصل', NULL, 1, 2, 125, 144, NULL),
(670, '01000029', '08/11/2023', '2500', 'محمد رشيد ', 'الشيخ فهد ال ثاني ', 'غير محصل', NULL, 1, 2, 125, 144, NULL),
(671, '01000035', '08/12/2023', '2500', 'محمد رشيد ', 'الشيخ فهد ال ثاني ', 'غير محصل', NULL, 1, 2, 125, 144, NULL),
(672, '01000031', '08/01/2024', '2500', 'محمد رشيد ', 'الشيخ فهد ال ثاني ', 'محصل', 'محصل بالشيك', 1, 2, 125, 144, ''),
(675, '01000037', '08/04/2023', '2500', 'محمد رشيد ', 'الشيخ فهد ال ثاني ', 'غير محصل', NULL, 2, 2, 125, 144, NULL),
(676, '01000064', '08/08/2023', '8000', 'مستفيرور الرحمان ', 'الشيخ فهد ال ثاني ', 'محصل', 'محصل بالشيك', 1, 2, 129, 147, '08/08/2023'),
(677, '01000063', '08/10/2023', '8000', 'مستفيرور الرحمان ', 'الشيخ فهد ال ثاني ', 'غير محصل', NULL, 1, 2, 129, 147, NULL),
(678, '01000065', '08/12/2023', '8000', 'مستفيرو الرحمان ', 'الشيخ فهد ال ثاني ', 'غير محصل', NULL, 1, 2, 129, 147, NULL),
(679, '01000066', '08/02/2024', '8000', 'مستفيرو الرحمان ', 'الشيخ فهد ال ثاني ', 'محصل', 'محصل بالشيك', 1, 2, 129, 147, ''),
(683, '1000117', '10/03/2023', '3000', 'مستفزور الرحمان', 'الشيخ فهد بن عبدالله ال ثاني', 'مرتجع', '', 1, 2, 129, 149, ''),
(684, '1000118', '10/04/2023', '3000', 'مستفزور الرحمان', 'الشيخ فهد بن عبدالله ال ثاني', 'محصل', 'محصل بالشيك', 1, 2, 129, 149, '10/04/2023'),
(685, '1000119', '10/05/2023', '3000', 'مستفزور الرحمان', 'الشيخ فهد بن عبدالله ال ثاني', 'محصل', 'محصل بالشيك', 1, 2, 129, 149, '10/05/2023'),
(686, '1000120', '10/06/2023', '3000', 'مستفزور الرحمان', 'الشيخ فهد بن عبدالله ال ثاني', 'محصل', 'محصل بالشيك', 1, 2, 129, 149, '10/06/2023'),
(687, '1000121', '10/07/2023', '3000', 'مستفزور الرحمان', 'الشيخ فهد بن عبدالله ال ثاني', 'محصل', 'محصل بالشيك', 1, 2, 129, 149, '10/07/2023'),
(688, '1000122', '10/08/2023', '3000', 'مستفزور الرحمان', 'الشيخ فهد بن عبدالله ال ثاني', 'محصل', 'محصل بالشيك', 1, 2, 129, 149, '10/08/2023'),
(689, '1000123', '10/09/2023', '3000', 'مستفزور الرحمان', 'الشيخ فهد بن عبدالله ال ثاني', 'مودع', '', 1, 2, 129, 149, ''),
(690, '1000124', '10/10/2023', '3000', 'مستفزور الرحمان', 'الشيخ فهد بن عبدالله ال ثاني', 'غير محصل', NULL, 1, 2, 129, 149, NULL),
(691, '1000125', '10/11/2023', '3000', 'مستفزور الرحمان', 'الشيخ فهد بن عبدالله ال ثاني', 'غير محصل', NULL, 1, 2, 129, 149, NULL),
(692, '01000116', '10/12/2023', '3000', 'مستفزور الرحمان', 'الشيخ فهد بن عبدالله ال ثاني', 'غير محصل', NULL, 1, 2, 129, 149, NULL),
(693, '01000052', '10/01/2024', '3000', 'مستفزور الرحمان', 'الشيخ فهد بن عبدالله ال ثاني', 'غير محصل', NULL, 1, 2, 129, 149, NULL),
(694, '01000051', '10/02/2024', '3000', 'مستفزور الرحمان', 'الشيخ فهد بن عبدالله ال ثاني', 'محصل', 'محصل بالشيك', 2, 2, 129, 149, ''),
(695, '1000039', '12/06/2023', '9000', 'اسد الرحمان', 'الشيخ فهد ال ثاني', 'غير محصل', NULL, 1, 2, 100, 159, NULL),
(696, '1000040', '12/07/2023', '9000', 'اسد الرحمان', 'الشيخ فهد ال ثاني', 'غير محصل', NULL, 1, 2, 100, 159, NULL),
(697, '1000041', '12/08/2023', '9000', 'اسد الرحمان', 'الشيخ فهد ال ثاني', 'محصل', 'محصل بالشيك', 1, 2, 100, 159, '12/08/2023'),
(698, '1000042', '12/09/2023', '9000', 'اسد الرحمان', 'الشيخ فهد ال ثاني', 'مودع', '', 1, 2, 100, 159, ''),
(699, '1000043', '12/10/2023', '9000', 'اسد الرحمان', 'الشيخ فهد ال ثاني', 'غير محصل', NULL, 1, 2, 100, 159, NULL),
(700, '1000044', '12/11/2023', '9000', 'اسد الرحمان', 'الشيخ فهد ال ثاني', 'غير محصل', NULL, 1, 2, 100, 159, NULL),
(701, '1000045', '12/12/2023', '9000', 'اسد الرحمان', 'الشيخ فهد ال ثاني', 'غير محصل', NULL, 1, 2, 100, 159, NULL),
(702, '00000588', '10/07/2023', '15000', 'صحارى ستي للعقارات', 'الشيخ فهد ال ثاني ', 'محصل', 'محصل بالشيك', 1, 1, 133, 165, '10/07/2023'),
(703, '00000589', '10/08/2023', '15000', 'صحارى سيتي للعقارات', 'الشيخ فهد ال ثاني ', 'محصل', 'محصل بالشيك', 1, 1, 133, 165, '10/08/2023'),
(704, '00000590', '10/09/2023', '15000', 'صحارى ستي للعقارات ', 'الشيخ فهد ال ثاني ', 'محصل', 'محصل بالشيك', 1, 1, 133, 165, '10/09/2023'),
(705, '00000591', '10/10/2023', '15000', 'صحارى ستي للعقارات', 'الشيخ فهد ال ثاني ', 'محصل', 'محصل بالشيك', 1, 1, 133, 165, '10/10/2023'),
(706, '00000592', '10/11/2023', '15000', 'صحارى ستي للعقارات', 'الشيخ فهد ال ثاني ', 'محصل', 'محصل بالشيك', 1, 1, 133, 165, '10/11/2023'),
(707, '00000593', '10/12/2023', '15000', 'صحارى ستي للعقارات ', 'الشيخ فهد ال ثاني ', 'محصل', 'محصل بالشيك', 1, 1, 133, 165, '10/12/2023'),
(708, '00000594', '10/01/2024', '15000', 'صحارى ستي للعقارات ', 'الشيخ فهد ال ثاني ', 'محصل', 'محصل بالشيك', 1, 1, 133, 165, '10/01/2024'),
(709, '00000595', '10/02/2024', '15000', 'صحارى ستي للعقارات', 'الشيخ فهد ال ثاني ', 'محصل', 'محصل بالشيك', 1, 1, 133, 165, ''),
(710, '00000596', '10/03/2024', '15000', 'صحارى ستي للعقارات ', 'الشيخ فهد ال ثاني ', 'غير محصل', NULL, 1, 1, 133, 165, NULL),
(711, '00000597', '10/04/2024', '15000', 'صحارى ستي للعقارات ', 'الشيخ فهد ال ثاني ', 'غير محصل', NULL, 1, 1, 133, 165, NULL),
(712, '00000598', '10/05/2024', '15000', 'صحارى ستي للعقارات ', 'الشيخ فهد ال ثاني', 'غير محصل', NULL, 1, 1, 133, 165, NULL),
(713, '00000599', '10/06/2024', '15000', 'صحارى ستي للعقارات', 'الشيخ فهد ال ثاني ', 'غير محصل', NULL, 1, 1, 133, 165, NULL),
(714, '00000600', '10/07/2024', '15000', 'صحارى ستي للعقارات ', 'الشيخ فهد ال ثاني ', 'غير محصل', NULL, 1, 1, 133, 165, NULL),
(715, '00000601', '10/08/2024', '15000', 'صحارى ستي للعقارات ', 'الشيخ فهد ال ثاني ', 'غير محصل', NULL, 1, 1, 133, 165, NULL),
(716, '00000602', '10/09/2024', '15000', 'صحارى ستي للعقارات ', 'الشيخ فهد ال ثاني ', 'غير محصل', NULL, 1, 1, 133, 165, NULL),
(717, '00000603', '10/10/2024', '15000', 'صحارى ستي للعقارات ', 'الشيخ فهد ال ثاني ', 'غير محصل', NULL, 1, 1, 133, 165, NULL),
(718, '00000604', '10/11/2024', '15000', 'صحارى ستي للعقارات ', 'الشيخ فهد ال ثاني ', 'غير محصل', NULL, 1, 1, 133, 165, NULL),
(719, '00000605', '10/12/2024', '15000', 'صحارى ستي للعقارات ', 'الشيخ فهد ال ثاني ', 'غير محصل', NULL, 1, 1, 133, 165, NULL),
(720, '00000606', '10/01/2025', '15000', 'صحارى ستي للعقارات ', 'الشيخ فهد ال ثاني', 'غير محصل', NULL, 1, 1, 133, 165, NULL),
(721, '00000607', '10/02/2025', '15000', 'صحارى ستي للعقارات ', 'الشيخ فهد ال ثاني ', 'غير محصل', NULL, 1, 1, 133, 165, NULL),
(722, '00000608', '10/03/2025', '15000', 'صحارى ستي للعقارات ', 'الشيخ فهد ال ثاني ', 'غير محصل', NULL, 1, 1, 133, 165, NULL),
(723, '00000609', '10/04/2025', '15000', 'صحارى ستي للعقارات ', 'الشيخ فهد ال ثاني ', 'غير محصل', NULL, 1, 1, 133, 165, NULL),
(724, '00000610', '10/05/2025', '15000', 'صحارى ستي للعقارات ', 'الشيخ فهد ال ثاني ', 'غير محصل', NULL, 1, 1, 133, 165, NULL),
(725, '00000611', '10/06/2025', '15000', 'صحارى ستي للعقارات ', 'الشيخ فهد ال ثاني ', 'غير محصل', NULL, 1, 1, 133, 165, NULL),
(726, '00000612', '10/07/2025', '15000', 'صحارى ستي للعقارات ', 'الشيخ فهد ال ثاني ', 'غير محصل', NULL, 2, 1, 133, 165, NULL),
(728, '01000002', '08/06/2023', '2500', 'نشا تاكوت امانويل ', 'الشيخ فهد ال ثاني', 'غير محصل', NULL, 1, 3, 136, 176, NULL),
(729, '01000003', '08/07/2023', '2500', 'نشا تاكوت امانويل ', 'الشيخ فهد ال ثاني', 'غير محصل', NULL, 1, 3, 136, 176, NULL),
(730, '01000004', '08/08/2023', '2500', 'نشا تاكوت امانويل ', 'الشيخ فهد ال ثاني ', 'محصل', 'محصل بالشيك', 1, 3, 136, 176, '08/08/2023'),
(731, '01000005', '08/09/2023', '2500', 'نشا تاكوت امانويل ', 'الشيخ فهد ال ثاني ', 'مودع', '', 1, 3, 136, 176, ''),
(732, '01000006', '08/10/2023', '2500', 'نشا تاكوت امانويل ', 'الشيخ فهد ال ثاني ', 'غير محصل', NULL, 1, 3, 136, 176, NULL),
(733, '01000007', '08/11/2023', '2500', 'نشا تاكوت امانويل ', 'الشيخ فهد ال ثاني ', 'غير محصل', NULL, 1, 3, 136, 176, NULL),
(734, '01000008', '08/12/2023', '2500', 'نشا تاكوت امانويل ', 'الشيخ فهد ال ثاني ', 'غير محصل', NULL, 1, 3, 136, 176, NULL),
(735, '01000009', '08/01/2024', '2500', 'نشا تاكوت امانويل ', 'الشيخ فهد ال ثاني ', 'محصل', 'محصل بالشيك', 1, 3, 136, 176, ''),
(736, '01000010', '08/02/2024', '2500', 'نشا تاكوت امانويل ', 'الشيخ فهد ال ثاني ', 'محصل', 'محصل بالشيك', 1, 3, 136, 176, ''),
(737, '01000011', '08/03/2024', '2500', 'نشا تاكوت امانويل ', 'الشيخ فهد ال ثاني ', 'غير محصل', NULL, 1, 3, 136, 176, NULL),
(738, '01000012', '08/04/2024', '2500', 'نشا تاكوت امانويل ', 'الشيخ فهد ال ثاني ', 'غير محصل', NULL, 1, 3, 136, 176, NULL),
(739, '01000013', '08/05/2024', '2500', 'نشا تاكوت امانويل ', 'الشيخ فهد ال ثاني ', 'غير محصل', NULL, 1, 3, 136, 176, NULL),
(740, '01000014', '08/06/2024', '2500', 'نشا تاكوت امانويل ', 'الشيخ فهد ال ثاني ', 'غير محصل', NULL, 2, 3, 136, 176, NULL),
(741, '00000202', '01/06/2023', '2500', 'علي جاسم الجابر ', 'الشيخ فهد ال ثاني ', 'غير محصل', NULL, 1, 1, 65, 121, NULL),
(742, '00000203', '01/07/2023', '2500', 'على جاسم الجابر ', 'الشيخ فهد ال ثاني ', 'غير محصل', NULL, 1, 1, 65, 121, NULL),
(743, '00000204', '01/08/2023', '2500', 'علي جاسم الجابر ', 'الشيخ فهد ال ثاني ', 'محصل', 'محصل بالشيك', 1, 1, 65, 121, '01/08/2023'),
(744, '00000205', '01/09/2023', '2500', 'علي جاسم الجابر ', 'الشيخ فهد ال ثاني ', 'مودع', '', 1, 1, 65, 121, ''),
(745, '00000206', '01/10/2023', '2500', 'علي جاسم الجابر ', 'الشيخ فهد ال ثاني ', 'غير محصل', NULL, 1, 1, 65, 121, NULL),
(746, '00000207', '01/11/2023', '2500', 'علي جاسم الجابر ', 'الشيخ فهد ال ثاني ', 'غير محصل', NULL, 1, 1, 65, 121, NULL),
(747, '00000208', '01/12/2023', '2500', 'علي جابر الجاسم ', 'الشيخ فهد ال ثاني ', 'غير محصل', NULL, 1, 1, 65, 121, NULL),
(748, '00000209', '01/01/2024', '2500', 'علي جاسم الجابر ', 'الشيخ فهد ال ثاني ', 'محصل', 'محصل بالشيك', 1, 1, 65, 121, ''),
(749, '00000102', '01/09/2023', '32000', 'ليلاس للمفروشات ', 'الشيخ فهد ال ثاني ', 'مودع', '', 1, 1, 87, 56, ''),
(750, '01000313', '11/06/2023', '4700', 'مكتر حسين ', 'الشيخ فهد ال ثاني ', 'محصل', 'محصل بالشيك', 1, 2, 5, 57, '11/06/2023'),
(751, '1000044', '09/07/2023', '4700', 'شهد', 'الشيخ فهد ال ثاني', 'محصل', 'محصل بالشيك', 1, 2, 2, 177, '09/07/2023'),
(752, '1000045', '09/08/2023', '4700', 'شهد', 'الشيخ فهد ال ثاني', 'محصل', 'محصل بالشيك', 1, 2, 2, 177, '09/08/2023'),
(753, '1000046', '09/09/2023', '4700', 'شهد', 'الشيخ فهد ال ثاني', 'محصل', 'محصل بالشيك', 1, 2, 2, 177, '09/09/2023'),
(754, '1000047', '09/10/2023', '4700', 'شهد', 'الشيخ فهد ال ثاني', 'محصل', 'محصل بالشيك', 1, 2, 2, 177, '09/10/2023'),
(755, '1000048', '09/11/2023', '4700', 'شهد', 'الشيخ فهد ال ثاني', 'محصل', 'محصل بالشيك', 1, 2, 2, 177, '09/11/2023'),
(756, '1000049', '09/12/2023', '4700', 'شهد', 'الشيخ فهد ال ثاني', 'محصل', 'محصل بالشيك', 1, 2, 2, 177, '09/12/2023'),
(757, '1000050', '09/01/2024', '4700', 'شهد', 'الشيخ فهد ال ثاني', 'غير محصل', NULL, 1, 2, 2, 177, NULL),
(758, '35', '09/02/2024', '4700', 'شهد', 'الشيخ فهد ال ثاني', 'محصل', 'محصل بالشيك', 1, 2, 2, 177, ''),
(759, '36', '09/03/2024', '4700', 'شهد', 'الشيخ فهد ال ثاني', 'غير محصل', '', 1, 2, 2, 177, ''),
(760, '37', '09/04/2024', '4700', 'شهد', 'الشيخ فهد ال ثاني', 'غير محصل', NULL, 1, 2, 2, 177, NULL),
(761, '38', '09/05/2024', '4700', 'شهد', 'الشيخ فهد ال ثاني', 'غير محصل', NULL, 1, 2, 2, 177, NULL),
(762, '39', '09/06/2024', '4700', 'شهد', 'الشيخ فهد ال ثاني', 'غير محصل', NULL, 1, 2, 2, 177, NULL),
(763, '1000201', '10/07/2023', '3000', 'نيو برايت', 'الشيخ فهد ال ثاني', 'محصل', 'محصل بالشيك', 1, 2, 139, 179, '10/07/2023'),
(764, '1000202', '10/08/2023', '3000', 'نيو برايت', 'الشيخ فهد ال ثاني', 'محصل', 'محصل بالشيك', 1, 2, 139, 179, '10/08/2023'),
(765, '1000203', '10/09/2023', '3000', 'نيو برايت', 'الشيخ فهد ال ثاني', 'مودع', '', 1, 2, 139, 179, ''),
(766, '1000204', '10/10/2023', '3000', 'نيو برايت', 'الشيخ فهد ال ثاني', 'غير محصل', NULL, 1, 2, 139, 179, NULL),
(767, '1000205', '10/11/2023', '3000', 'نيو برايت', 'الشيخ فهد ال ثاني', 'غير محصل', NULL, 1, 2, 139, 179, NULL),
(768, '1000206', '10/12/2023', '3000', 'نيو برايت', 'الشيخ فهد ال ثاني', 'غير محصل', NULL, 1, 2, 139, 179, NULL),
(769, '1000207', '10/01/2024', '3000', 'نيو برايت', 'الشيخ فهد ال ثاني', 'محصل', 'محصل بالشيك', 1, 2, 139, 179, '10/01/2024'),
(770, '1000208', '10/02/2024', '3000', 'نيو برايت', 'الشيخ فهد ال ثاني', 'محصل', 'محصل بالشيك', 1, 2, 139, 179, ''),
(771, '1000209', '10/03/2024', '3000', 'نيو برايت', 'الشيخ فهد ال ثاني', 'غير محصل', NULL, 1, 2, 139, 179, NULL),
(772, '1000210', '10/04/2024', '3000', 'نيو برايت', 'الشيخ فهد ال ثاني', 'غير محصل', NULL, 1, 2, 139, 179, NULL),
(773, '1000211', '10/05/2024', '3000', 'نيو برايت', 'الشيخ فهد ال ثاني', 'غير محصل', NULL, 1, 2, 139, 179, NULL),
(774, '1000212', '10/06/2024', '3000', 'نيو برايت', 'الشيخ فهد ال ثاني', 'غير محصل', NULL, 1, 2, 139, 179, NULL),
(775, '00000314', '08/09/2023', '9200', 'اماسي للضيافة ', 'الشيخ فهد ال ثاني ', 'محصل', 'محصل بالشيك', 1, 8, 137, 178, '08/09/2023'),
(776, '00000313', '08/10/2023', '9200', 'اماسي للضيافة ', 'الشيخ فهد ال ثاني ', 'محصل', 'محصل بالشيك', 1, 8, 137, 178, '08/10/2023'),
(777, '00000312', '08/11/2023', '9200', 'اماسي للضيافة ', 'الشيخ فهد ال ثاني ', 'محصل', 'محصل بالشيك', 1, 8, 137, 178, '08/11/2023'),
(778, '00000311', '08/12/2023', '9200', 'اماسي للضيافة ', 'الشيخ فهد ال ثاني ', 'محصل', 'محصل بالشيك', 1, 8, 137, 178, '08/12/2023'),
(779, '00000310', '08/01/2024', '9200', 'اماسي للضيافة ', 'الشيخ فهد ال ثاني ', 'محصل', 'محصل بالشيك', 1, 8, 137, 178, '08/01/2024'),
(780, '00000309', '08/02/2024', '9200', 'اماسي للضيافة ', 'الشيخ فهد ال ثاني ', 'محصل', 'محصل بالشيك', 1, 8, 137, 178, '08/02/2024'),
(781, '00000308', '08/03/2024', '9200', 'اماسي للضيافة ', 'الشيخ فهد ال ثاني ', 'غير محصل', NULL, 1, 8, 137, 178, NULL),
(782, '00000307', '08/04/2024', '9200', 'اماسي للضيافة ', 'الشيخ فهد ال ثاني ', 'غير محصل', NULL, 1, 8, 137, 178, NULL),
(783, '00000306', '08/05/2024', '9200', 'اماسي للضيافة ', 'الشيخ فهد ال ثاني ', 'غير محصل', NULL, 1, 8, 137, 178, NULL),
(784, '00000305', '08/06/2024', '9200', 'اماسي للضيافة ', 'الشيخ فهد ال ثاني ', 'غير محصل', NULL, 1, 8, 137, 178, NULL),
(785, '00000304', '08/07/2024', '9200', 'اماسي للضيافة ', 'الشيخ فهد ال ثاني ', 'غير محصل', NULL, 1, 8, 137, 178, NULL),
(786, '00000302', '01/08/2024', '9200', 'اماسي للضيافة ', 'الشيخ فهد ال ثاني ', 'غير محصل', NULL, 2, 8, 137, 178, NULL),
(787, '00000026', '25/08/2023', '10000', 'فرندز برجر', 'الشيخ فهد ال ثاني', 'غير محصل', NULL, 1, 1, 140, 180, NULL),
(788, '27', '09/09/2023', '10000', 'فرندز برجر', 'الشيخ فهد ال ثاني', 'مودع', '', 1, 1, 140, 180, ''),
(789, '28', '09/10/2023', '10000', 'فرندز برجر', 'الشيخ فهد ال ثاني', 'غير محصل', NULL, 1, 1, 140, 180, NULL),
(790, '29', '09/11/2023', '10000', 'فرندز برجر', 'الشيخ فهد ال ثاني', 'غير محصل', NULL, 1, 1, 140, 180, NULL),
(791, '30', '09/12/2023', '10000', 'فرندز برجر', 'الشيخ فهد ال ثاني', 'غير محصل', NULL, 1, 1, 140, 180, NULL),
(792, '31', '09/01/2024', '10000', 'فرندز برجر', 'الشيخ فهد ال ثاني', 'محصل', 'محصل بالشيك', 1, 1, 140, 180, '09/01/2024'),
(793, '32', '09/02/2024', '10000', 'فرندز برجر', 'الشيخ فهد ال ثاني', 'محصل', 'محصل بالشيك', 1, 1, 140, 180, ''),
(794, '33', '09/03/2024', '10000', 'فرندز برجر', 'الشيخ فهد ال ثاني', 'غير محصل', NULL, 1, 1, 140, 180, NULL),
(795, '34', '09/04/2024', '10000', 'فرندز برجر', 'الشيخ فهد ال ثاني', 'غير محصل', NULL, 1, 1, 140, 180, NULL),
(796, '35', '09/05/2024', '10000', 'فرندز برجر', 'الشيخ فهد ال ثاني', 'غير محصل', NULL, 1, 1, 140, 180, NULL),
(797, '36', '09/06/2024', '10000', 'فرندز برجر', 'الشيخ فهد ال ثاني', 'غير محصل', NULL, 1, 1, 140, 180, NULL),
(798, '37', '09/07/2024', '10000', 'فرندز برجر', 'الشيخ فهد ال ثاني', 'غير محصل', NULL, 1, 1, 140, 180, NULL),
(799, '00000038', '09/08/2024', '10000', 'فرندز برجر', 'الشيخ فهد ال ثاني', 'غير محصل', NULL, 2, 1, 140, 180, NULL),
(800, '00000039', '09/08/2024', '10000', 'فرندز برجر', 'الشيخ فهد ال ثاني', 'غير محصل', NULL, 4, 1, 140, 180, NULL),
(801, '15', '07/09/2023', '5500', 'عبدالرحمن سمور', 'الشيخ فهد ال ثاني', 'محصل', 'محصل بالشيك', 1, 1, 91, 182, '07/09/2023'),
(802, '16', '07/10/2023', '5500', 'عبدالرحمن سمور', 'الشيخ فهد ال ثاني', 'محصل', 'محصل بالشيك', 1, 1, 91, 182, '07/10/2023'),
(803, '17', '07/11/2023', '5500', 'عبدالرحمن سمور', 'الشيخ فهد ال ثاني', 'محصل', 'محصل بالشيك', 1, 1, 91, 182, '07/11/2023'),
(804, '18', '07/12/2023', '5500', 'عبدالرحمن سمور', 'الشيخ فهد ال ثاني', 'محصل', 'محصل بالشيك', 1, 1, 91, 182, '07/12/2023'),
(805, '19', '07/01/2024', '5500', 'عبدالرحمن سمور', 'الشيخ فهد ال ثاني', 'محصل', 'محصل بالشيك', 1, 1, 91, 182, '07/01/2024'),
(806, '20', '07/02/2024', '5500', 'عبدالرحمن سمور', 'الشيخ فهد ال ثاني', 'محصل', 'محصل بالشيك', 1, 1, 91, 182, ''),
(807, '21', '07/03/2024', '5500', 'عبدالرحمن سمور', 'الشيخ فهد ال ثاني', 'غير محصل', NULL, 1, 1, 91, 182, NULL),
(808, '22', '07/04/2024', '5500', 'عبدالرحمن سمور', 'الشيخ فهد ال ثاني', 'غير محصل', NULL, 1, 1, 91, 182, NULL),
(809, '23', '07/05/2024', '5500', 'عبدالرحمن سمور', 'الشيخ فهد ال ثاني', 'غير محصل', NULL, 1, 1, 91, 182, NULL),
(810, '24', '07/06/2024', '5500', 'عبدالرحمن سمور', 'الشيخ فهد ال ثاني', 'غير محصل', NULL, 1, 1, 91, 182, NULL),
(811, '25', '07/07/2024', '5500', 'عبدالرحمن سمور', 'الشيخ فهد ال ثاني', 'غير محصل', NULL, 1, 1, 91, 182, NULL),
(812, '15', '07/09/2023', '5500', 'عبدالرحمن سمور', 'الشيخ فهد ال ثاني', 'غير محصل', NULL, 1, 1, 91, 183, NULL),
(813, '16', '07/10/2023', '5500', 'عبدالرحمن سمور', 'الشيخ فهد ال ثاني', 'غير محصل', NULL, 1, 1, 91, 183, NULL),
(814, '17', '07/11/2023', '5500', 'عبدالرحمن سمور', 'الشيخ فهد ال ثاني', 'غير محصل', NULL, 1, 1, 91, 183, NULL),
(815, '18', '07/12/2023', '5500', 'عبدالرحمن سمور', 'الشيخ فهد ال ثاني', 'غير محصل', NULL, 1, 1, 91, 183, NULL),
(816, '19', '07/01/2024', '5500', 'عبدالرحمن سمور', 'الشيخ فهد ال ثاني', 'غير محصل', NULL, 1, 1, 91, 183, NULL),
(817, '20', '07/02/2024', '5500', 'عبدالرحمن سمور', 'الشيخ فهد ال ثاني', 'محصل', 'محصل بالشيك', 1, 1, 91, 183, ''),
(818, '21', '07/03/2024', '5500', 'عبدالرحمن سمور', 'الشيخ فهد ال ثاني', 'غير محصل', NULL, 1, 1, 91, 183, NULL),
(819, '22', '07/04/2024', '5500', 'عبدالرحمن سمور', 'الشيخ فهد ال ثاني', 'غير محصل', NULL, 1, 1, 91, 183, NULL),
(820, '23', '07/05/2024', '5500', 'عبدالرحمن سمور', 'الشيخ فهد ال ثاني', 'غير محصل', NULL, 1, 1, 91, 183, NULL),
(821, '24', '07/06/2024', '5500', 'عبدالرحمن سمور', 'الشيخ فهد ال ثاني', 'غير محصل', NULL, 1, 1, 91, 183, NULL),
(822, '25', '07/07/2024', '5500', 'عبدالرحمن سمور', 'الشيخ فهد ال ثاني', 'غير محصل', NULL, 1, 1, 91, 183, NULL),
(823, '01000064', '10/05/2023', '4700', 'كمال  ششيريا', 'الشيخ فهد ال ثاني ', 'محصل', 'محصل بالشيك', 1, 2, 105, 157, '10/05/2023'),
(824, '01000065', '10/06/2023', '4700', 'كمال ششيريا', 'الشيخ فهد ال ثاني ', 'محصل', 'محصل بالشيك', 1, 2, 105, 157, '10/06/2023'),
(825, '01000066', '10/07/2023', '4700', 'كمال ششيريا', 'الشيخ فهد ال ثاني ', 'محصل', 'محصل بالشيك', 1, 2, 105, 157, '10/07/2023'),
(826, '01000067', '10/08/2023', '4700', 'كمال ششيريا', 'الشيخ فهد ال ثاني ', 'محصل', 'محصل بالشيك', 1, 2, 105, 157, '10/08/2023'),
(827, '01000068', '10/09/2023', '4700', 'كمال ششيريا', 'الشيخ فهد ال ثاني ', 'محصل', 'محصل بالشيك', 1, 2, 105, 157, '10/09/2023'),
(828, '01000069', '10/10/2023', '4700', 'كمال ششيريا', 'الشيخ فهد ال ثاني ', 'محصل', 'محصل بالشيك', 1, 2, 105, 157, '10/10/2023'),
(829, '01000070', '10/11/2023', '4700', 'كمال ششيريا', 'الشيخ فهد ال ثاني ', 'محصل', 'محصل بالشيك', 1, 2, 105, 157, '10/11/2023'),
(830, '01000071', '10/12/2023', '4700', 'كمال ششيريا', 'الشيخ فهد ال ثاني ', 'محصل', 'محصل بالشيك', 1, 2, 105, 157, '10/12/2023'),
(831, '01000073', '10/01/2024', '4700', 'كمال ششيريا', 'الشيخ فهد ال ثاني ', 'غير محصل', NULL, 1, 2, 105, 157, NULL),
(832, '01000074', '10/02/2024', '4700', 'كمال ششيريا', 'الشيخ فهد ال ثاني ', 'محصل', 'محصل بالشيك', 1, 2, 105, 157, ''),
(833, '01000075', '10/03/2024', '4700', 'كمال ششيريا', 'الشيخ فهد ال ثاني ', 'غير محصل', NULL, 1, 2, 105, 157, NULL),
(834, '01000081', '10/04/2024', '4700', 'كمال ششيريا', 'الشيخ فهد ال ثاني ', 'غير محصل', NULL, 1, 2, 105, 157, NULL),
(835, '01000082', '10/05/2024', '4700', 'كمال ششيريا', 'الشيخ فهد ال ثاني ', 'غير محصل', NULL, 2, 2, 105, 157, NULL),
(836, '126', '10/07/2023', '4700', 'محمد نيهل اكتر', 'الشيخ فهد ال ثاني', 'محصل', 'محصل بالشيك', 1, 1, 7, 184, '10/07/2023'),
(837, '127', '10/08/2023', '4700', 'محمد نيهل اكتر', 'الشيخ فهد ال ثاني', 'محصل', 'محصل بالشيك', 1, 1, 7, 184, '10/08/2023'),
(838, '128', '10/09/2023', '4700', 'محمد نيهل اكتر', 'الشيخ فهد ال ثاني', 'محصل', 'محصل بالشيك', 1, 1, 7, 184, '10/09/2023'),
(839, '129', '10/10/2023', '4700', 'محمد نيهل اكتر', 'الشيخ فهد ال ثاني', 'غير محصل', NULL, 1, 1, 7, 184, NULL),
(840, '130', '10/11/2023', '4700', 'محمد نيهل اكتر', 'الشيخ فهد ال ثاني', 'غير محصل', NULL, 1, 1, 7, 184, NULL),
(841, '131', '10/12/2023', '4700', 'محمد نيهل اكتر', 'الشيخ فهد ال ثاني', 'غير محصل', NULL, 1, 1, 7, 184, NULL),
(842, '132', '10/01/2024', '4700', 'محمد نيهل اكتر', 'الشيخ فهد ال ثاني', 'غير محصل', NULL, 1, 1, 7, 184, NULL),
(843, '133', '10/02/2024', '4700', 'محمد نيهل اكتر', 'الشيخ فهد ال ثاني', 'محصل', 'محصل بالشيك', 1, 1, 7, 184, ''),
(844, '134', '10/03/2024', '4700', 'محمد نيهل اكتر', 'الشيخ فهد ال ثاني', 'غير محصل', NULL, 1, 1, 7, 184, NULL),
(845, '135', '10/04/2024', '4700', 'محمد نيهل اكتر', 'الشيخ فهد ال ثاني', 'غير محصل', NULL, 1, 1, 7, 184, NULL),
(846, '136', '10/05/2024', '4700', 'محمد نيهل اكتر', 'الشيخ فهد ال ثاني', 'غير محصل', NULL, 1, 1, 7, 184, NULL),
(847, '137', '10/06/2024', '4700', 'محمد نيهل اكتر', 'الشيخ فهد ال ثاني', 'غير محصل', NULL, 1, 1, 7, 184, NULL),
(861, '01000189', '08/08/2023', '4700', 'مكتر حسين', 'الشيخ فهد ال ثاني', 'محصل', 'محصل بالشيك', 1, 2, 5, 186, '08/08/2023'),
(862, '01000190', '08/09/2023', '4700', 'مكتر حسين', 'الشيخ فهد ال ثاني', 'محصل', 'محصل بالشيك', 1, 2, 5, 186, '08/09/2023'),
(863, '01000322', '08/10/2023', '4700', 'مكتر حسين', 'الشيخ فهد ال ثاني', 'محصل', 'محصل بالشيك', 1, 2, 5, 186, '08/10/2023'),
(864, '01000315', '08/11/2023', '4700', 'مكتر حسين', 'الشيخ فهد ال ثاني', 'غير محصل', NULL, 1, 2, 5, 186, NULL),
(865, '01000314', '08/12/2023', '4700', 'مكتر حسين', 'الشيخ فهد ال ثاني', 'غير محصل', NULL, 1, 2, 5, 186, NULL),
(866, '1000317', '08/01/2024', '4700', 'مكتر حسين', 'الشيخ فهد ال ثاني', 'غير محصل', NULL, 1, 2, 5, 186, NULL),
(867, '1000318', '08/02/2024', '4700', 'مكتر حسين', 'الشيخ فهد ال ثاني', 'محصل', 'محصل بالشيك', 1, 2, 5, 186, ''),
(868, '1000319', '08/03/2024', '4700', 'مكتر حسين', 'الشيخ فهد ال ثاني', 'غير محصل', NULL, 1, 2, 5, 186, NULL),
(869, '1000320', '08/04/2024', '4700', 'مكتر حسين', 'الشيخ فهد ال ثاني', 'غير محصل', NULL, 1, 2, 5, 186, NULL),
(870, '01000325', '08/05/2024', '4700', 'مكتر حسين', 'الشيخ فهد ال ثاني', 'غير محصل', NULL, 1, 2, 5, 186, NULL),
(871, '01000167', '08/06/2024', '4700', 'مكتر حسين', 'الشيخ فهد ال ثاني', 'غير محصل', NULL, 1, 2, 5, 186, NULL),
(872, '01000191', '08/07/2024', '4700', 'مكتر حسين', 'الشيخ فهد ال ثاني', 'غير محصل', NULL, 1, 2, 5, 186, NULL),
(873, '01000051', '31/08/2024', '4700', 'مكتر حسين', 'الشيخ فهد ال ثاني', 'غير محصل', NULL, 2, 2, 5, 186, NULL),
(874, '01000023', '31/03/2024', '4700', 'مكتر حسين ', 'الشيخ فهد ال ثاني ', 'غير محصل', NULL, 2, 2, 5, 59, NULL),
(875, '01000024', '08/01/2024', '4700', 'اشوك لاما ', 'الشيخ فهد ال ثاني ', 'محصل', 'محصل بالشيك', 2, 2, 13, 41, '08/01/2024'),
(876, '1001126', '08/09/2023', '2500', 'ايه كي اسكندر', 'الشيخ فهد ال ثاني', 'محصل', 'محصل بالشيك', 1, 2, 9, 187, '08/09/2023'),
(877, '1001127', '08/10/2023', '2500', 'ايه كي اسكندر', 'الشيخ فهد ال ثاني', 'محصل', 'محصل بالشيك', 1, 2, 9, 187, '08/10/2023'),
(878, '1001128', '08/11/2023', '2500', 'ايه كي اسكندر', 'الشيخ فهد ال ثاني', 'محصل', 'محصل بالشيك', 1, 2, 9, 187, '08/11/2023'),
(879, '1001129', '08/12/2023', '2500', 'ايه كي اسكندر', 'الشيخ فهد ال ثاني', 'محصل', 'محصل بالشيك', 1, 2, 9, 187, '08/12/2023'),
(880, '1001130', '08/01/2024', '2500', 'ايه كي اسكندر', 'الشيخ فهد ال ثاني', 'محصل', 'محصل بالشيك', 1, 2, 9, 187, '08/01/2024'),
(881, '1001131', '08/02/2024', '2500', 'ايه كي اسكندر', 'الشيخ فهد ال ثاني', 'محصل', 'محصل بالشيك', 1, 2, 9, 187, ''),
(882, '1001126', '08/09/2023', '3000', 'ايه كي اسكندر', 'الشيخ فهد ال ثاني', 'محصل', 'محصل بالشيك', 1, 2, 9, 188, '08/09/2023'),
(883, '1001127', '08/10/2023', '3000', 'ايه كي اسكندر', 'الشيخ فهد ال ثاني', 'محصل', 'محصل بالشيك', 1, 2, 9, 188, '08/10/2023'),
(884, '1001128', '08/11/2023', '3000', 'ايه كي اسكندر', 'الشيخ فهد ال ثاني', 'محصل', 'محصل بالشيك', 1, 2, 9, 188, '08/11/2023'),
(885, '1001129', '08/12/2023', '3000', 'ايه كي اسكندر', 'الشيخ فهد ال ثاني', 'محصل', 'محصل بالشيك', 1, 2, 9, 188, '08/12/2023'),
(886, '1001130', '08/01/2024', '3000', 'ايه كي اسكندر', 'الشيخ فهد ال ثاني', 'غير محصل', NULL, 1, 2, 9, 188, NULL),
(887, '1001131', '08/02/2024', '3000', 'ايه كي اسكندر', 'الشيخ فهد ال ثاني', 'محصل', 'محصل بالشيك', 1, 2, 9, 188, ''),
(888, '01000015', '08/01/2023', '4400', 'شويتا ', 'الشيخ فهد ال ثاني ', 'محصل', 'محصل بالشيك', 1, 2, 28, 31, '08/01/2023'),
(889, '01000016', '08/02/2023', '4400', 'شويتا ', 'الشيخ فهد ال ثاني ', 'محصل', 'محصل بالشيك', 1, 2, 28, 31, '08/02/2023'),
(890, '01000017', '08/03/2023', '4400', 'شويتا ', 'الشيخ فهد ال ثاني ', 'محصل', 'محصل بالشيك', 1, 2, 28, 31, '08/03/2023'),
(891, '01000018', '08/04/2023', '4400', 'شويتا ', 'الشيخ فهد ال ثاني ', 'محصل', 'محصل بالشيك', 1, 2, 28, 31, '08/04/2023'),
(892, '01000019', '08/05/2023', '4400', 'شويتا ', 'الشيخ فهد ال ثاني ', 'محصل', 'محصل بالشيك', 1, 2, 28, 31, '08/05/2023'),
(893, '01000020', '08/06/2023', '4400', 'شويتا ', 'الشيخ فهد ال ثاني ', 'محصل', 'محصل بالشيك', 1, 2, 28, 31, '08/06/2023'),
(894, '01000021', '08/07/2023', '4400', 'شويتا ', 'الشيخ فهد ال ثاني ', 'محصل', 'محصل بالشيك', 1, 2, 28, 31, '08/07/2023'),
(895, '01000022', '08/08/2023', '4400', 'شويتا ', 'الشيخ فهد ال ثاني ', 'محصل', 'محصل بالشيك', 1, 2, 28, 31, '08/08/2023'),
(898, '01000001', '08/09/2023', '4400', 'شويتا كرستي ', 'الشيخ فهد ال ثاني ', 'محصل', 'محصل بالشيك', 1, 2, 28, 31, '08/09/2023'),
(899, '01000002', '08/10/2023', '4400', 'شويتنا كرستي ', 'الشيخ فهد ال ثاني ', 'محصل', 'محصل بالشيك', 1, 2, 28, 31, '08/10/2023'),
(900, '01000003', '08/11/2023', '4400', 'شويتنا كرستي', 'الشيخ فهد ال ثاني ', 'محصل', 'محصل بالشيك', 1, 2, 28, 31, '08/11/2023'),
(901, '01000004', '08/12/2023', '4400', 'شويتنا كرستي', 'الشيخ فهد ال ثاني ', 'محصل', 'محصل بالشيك', 1, 2, 28, 31, '08/12/2023'),
(902, '01000005', '07/01/2024', '4400', 'شويتنا كرستي', 'الشيخ فهد ال ثاني ', 'محصل', 'محصل بالشيك', 2, 2, 28, 31, '07/01/2024'),
(903, '00000008', '10/09/2023', '10000', 'ناثان', 'الشيخ فهد ال ثاني ', 'مودع', '', 1, 1, 70, 175, ''),
(904, '00000009', '10/10/2023', '10000', 'ناثان', 'الشيخ فهد ال ثاني ', 'غير محصل', NULL, 1, 1, 70, 175, NULL),
(905, '00000010', '10/11/2023', '10000', 'ناثان', 'الشيخ فهد ال ثاني ', 'غير محصل', NULL, 1, 1, 70, 175, NULL),
(906, '00000011', '10/12/2023', '10000', 'ناثان', 'الشيخ فهد ال ثاني ', 'غير محصل', NULL, 1, 1, 70, 175, NULL),
(916, '1002547', '05/03/2024', '7500', 'كنجو', 'الشيخ فهد ال ثاني', 'غير محصل', NULL, 1, 2, 82, 192, NULL),
(917, '1002548', '05/04/2024', '7500', 'كنجو', 'الشيخ فهد ال ثاني', 'غير محصل', NULL, 1, 2, 82, 192, NULL),
(918, '1002549', '05/05/2024', '7500', 'كنجو', 'الشيخ فهد ال ثاني', 'غير محصل', NULL, 1, 2, 82, 192, NULL),
(919, '1002550', '05/06/2024', '7500', 'كنجو', 'الشيخ فهد ال ثاني', 'غير محصل', NULL, 1, 2, 82, 192, NULL),
(920, '1002551', '05/07/2024', '7500', 'كنجو', 'الشيخ فهد ال ثاني', 'غير محصل', NULL, 1, 2, 82, 192, NULL),
(921, '1002552', '05/08/2024', '7500', 'كنجو', 'الشيخ فهد ال ثاني', 'غير محصل', NULL, 1, 2, 82, 192, NULL),
(922, '1002553', '05/09/2024', '7500', 'كنجو', 'الشيخ فهد ال ثاني', 'غير محصل', NULL, 1, 2, 82, 192, NULL),
(923, '1002554', '05/10/2024', '7500', 'كنجو', 'الشيخ فهد ال ثاني', 'غير محصل', NULL, 1, 2, 82, 192, NULL),
(924, '1002555', '05/11/2024', '7500', 'كنجو', 'الشيخ فهد ال ثاني', 'غير محصل', NULL, 1, 2, 82, 192, NULL),
(925, '1002556', '05/12/2024', '7500', 'كنجو', 'الشيخ فهد ال ثاني', 'غير محصل', NULL, 1, 2, 82, 192, NULL),
(926, '1002557', '05/01/2025', '7500', 'كنجو', 'الشيخ فهد ال ثاني', 'غير محصل', NULL, 1, 2, 82, 192, NULL),
(927, '1002558', '05/02/2025', '7500', 'كنجو', 'الشيخ فهد ال ثاني', 'غير محصل', NULL, 1, 2, 82, 192, NULL),
(928, '1002559', '05/03/2025', '7500', 'كنجو', 'الشيخ فهد ال ثاني', 'غير محصل', NULL, 1, 2, 82, 192, NULL),
(929, '1002560', '05/04/2025', '7500', 'كنجو', 'الشيخ فهد ال ثاني', 'غير محصل', NULL, 1, 2, 82, 192, NULL),
(930, '1002561', '05/05/2025', '7500', 'كنجو', 'الشيخ فهد ال ثاني', 'غير محصل', NULL, 1, 2, 82, 192, NULL),
(931, '1002562', '05/06/2025', '7500', 'كنجو', 'الشيخ فهد ال ثاني', 'غير محصل', NULL, 1, 2, 82, 192, NULL),
(932, '1002563', '05/07/2025', '7500', 'كنجو', 'الشيخ فهد ال ثاني', 'غير محصل', NULL, 1, 2, 82, 192, NULL),
(933, '1002564', '05/08/2025', '7500', 'كنجو', 'الشيخ فهد ال ثاني', 'غير محصل', NULL, 1, 2, 82, 192, NULL),
(934, '1002565', '05/09/2025', '7500', 'كنجو', 'الشيخ فهد ال ثاني', 'غير محصل', NULL, 1, 2, 82, 192, NULL),
(935, '1002566', '05/10/2025', '7500', 'كنجو', 'الشيخ فهد ال ثاني', 'غير محصل', NULL, 1, 2, 82, 192, NULL),
(936, '1002567', '05/11/2025', '7500', 'كنجو', 'الشيخ فهد ال ثاني', 'غير محصل', NULL, 1, 2, 82, 192, NULL),
(937, '1002568', '05/12/2025', '7500', 'كنجو', 'الشيخ فهد ال ثاني', 'غير محصل', NULL, 1, 2, 82, 192, NULL),
(938, '1002569', '05/01/2026', '7500', 'كنجو', 'الشيخ فهد ال ثاني', 'غير محصل', NULL, 1, 2, 82, 192, NULL),
(939, '1002570', '05/02/2026', '7500', 'كنجو', 'الشيخ فهد ال ثاني', 'غير محصل', NULL, 1, 2, 82, 192, NULL),
(940, '1002571', '05/03/2026', '7500', 'كنجو', 'الشيخ فهد ال ثاني', 'غير محصل', NULL, 1, 2, 82, 192, NULL),
(941, '1002572', '05/04/2026', '7500', 'كنجو', 'الشيخ فهد ال ثاني', 'غير محصل', NULL, 1, 2, 82, 192, NULL),
(942, '1002573', '05/05/2026', '7500', 'كنجو', 'الشيخ فهد ال ثاني', 'غير محصل', NULL, 1, 2, 82, 192, NULL),
(943, '1002574', '05/06/2026', '7500', 'كنجو', 'الشيخ فهد ال ثاني', 'غير محصل', NULL, 1, 2, 82, 192, NULL),
(944, '1002575', '05/07/2026', '7500', 'كنجو', 'الشيخ فهد ال ثاني', 'غير محصل', NULL, 1, 2, 82, 192, NULL),
(945, '1002576', '05/08/2026', '7500', 'كنجو', 'الشيخ فهد ال ثاني', 'غير محصل', NULL, 1, 2, 82, 192, NULL),
(946, '1002577', '05/09/2026', '7500', 'كنجو', 'الشيخ فهد ال ثاني', 'غير محصل', NULL, 1, 2, 82, 192, NULL),
(947, '1002578', '05/10/2026', '7500', 'كنجو', 'الشيخ فهد ال ثاني', 'غير محصل', NULL, 1, 2, 82, 192, NULL),
(948, '1002579', '05/11/2026', '7500', 'كنجو', 'الشيخ فهد ال ثاني', 'غير محصل', NULL, 1, 2, 82, 192, NULL),
(949, '1002580', '05/12/2026', '7500', 'كنجو', 'الشيخ فهد ال ثاني', 'غير محصل', NULL, 1, 2, 82, 192, NULL),
(950, '1002581', '05/01/2027', '7500', 'كنجو', 'الشيخ فهد ال ثاني', 'غير محصل', NULL, 1, 2, 82, 192, NULL),
(951, '1002582', '05/02/2027', '7500', 'كنجو', 'الشيخ فهد ال ثاني', 'غير محصل', NULL, 1, 2, 82, 192, NULL),
(952, '01000001', '10/11/2023', '2500', 'محمد منتلا', 'الشيخ فهد', 'غير محصل', NULL, 1, 2, 119, 195, NULL),
(953, '01000006', '10/12/2023', '2500', 'محمد منتلا', 'الشيخ فهد', 'غير محصل', NULL, 1, 2, 119, 195, NULL),
(954, '01000008', '10/01/2024', '2500', 'محمد منتلا', 'الشيخ فهد', 'محصل', 'محصل بالشيك', 1, 2, 119, 195, ''),
(955, '01000009', '10/02/2024', '2500', 'محمد منتلا', 'الشيخ فهد', 'محصل', 'محصل بالشيك', 1, 2, 119, 195, ''),
(956, '1000011', '10/03/2024', '2500', 'محمد منتلا', 'الشيخ فهد', 'غير محصل', NULL, 1, 2, 119, 195, NULL),
(957, '01000012', '10/04/2024', '2500', 'محمد منتلا', 'الشيخ فهد', 'غير محصل', NULL, 1, 2, 119, 195, NULL),
(958, '01000013', '10/05/2024', '2500', 'محمد منتلا', 'الشيخ فهد', 'غير محصل', NULL, 1, 2, 119, 195, NULL),
(959, '01000007', '10/06/2024', '2500', 'محمد منتلا', 'الشيخ فهد', 'غير محصل', NULL, 1, 2, 119, 195, NULL),
(960, '01000002', '10/07/2024', '2500', 'محمد منتلا', 'الشيخ فهد', 'غير محصل', NULL, 1, 2, 119, 195, NULL),
(961, '01000003', '10/08/2024', '2500', 'محمد منتلا', 'الشيخ فهد', 'غير محصل', NULL, 1, 2, 119, 195, NULL),
(962, '01000004', '10/09/2024', '2500', 'محمد منتلا', 'الشيخ فهد', 'غير محصل', NULL, 1, 2, 119, 195, NULL),
(963, '01000004', '10/10/2024', '2500', 'محمد منتلا', 'الشيخ فهد', 'غير محصل', NULL, 1, 2, 119, 195, NULL),
(964, '01000010', '10/11/2024', '2500', 'محمد منتلا', 'الشيخ فهد', 'غير محصل', NULL, 2, 2, 119, 195, NULL),
(965, '1000813', '10/11/2023', '10000', 'مهدي رحمان', 'الشيخ فهد ال ثاني', 'غير محصل', NULL, 1, 2, 73, 196, NULL),
(966, '1000814', '10/12/2023', '10000', 'مهدي رحمان', 'الشيخ فهد ال ثاني', 'غير محصل', NULL, 1, 2, 73, 196, NULL),
(967, '1000815', '10/01/2024', '10000', 'مهدي رحمان', 'الشيخ فهد ال ثاني', 'غير محصل', NULL, 1, 2, 73, 196, NULL),
(968, '1000816', '10/02/2024', '10000', 'مهدي رحمان', 'الشيخ فهد ال ثاني', 'محصل', 'محصل بالشيك', 1, 2, 73, 196, ''),
(969, '1000817', '10/03/2024', '10000', 'مهدي رحمان', 'الشيخ فهد ال ثاني', 'غير محصل', NULL, 1, 2, 73, 196, NULL),
(970, '1000818', '10/04/2024', '10000', 'مهدي رحمان', 'الشيخ فهد ال ثاني', 'غير محصل', NULL, 1, 2, 73, 196, NULL),
(971, '1000819', '10/05/2024', '10000', 'مهدي رحمان', 'الشيخ فهد ال ثاني', 'غير محصل', NULL, 1, 2, 73, 196, NULL),
(972, '1000820', '10/06/2024', '10000', 'مهدي رحمان', 'الشيخ فهد ال ثاني', 'غير محصل', NULL, 1, 2, 73, 196, NULL),
(973, '1000821', '10/07/2024', '10000', 'مهدي رحمان', 'الشيخ فهد ال ثاني', 'غير محصل', NULL, 1, 2, 73, 196, NULL),
(974, '1000822', '10/08/2024', '10000', 'مهدي رحمان', 'الشيخ فهد ال ثاني', 'غير محصل', NULL, 1, 2, 73, 196, NULL),
(975, '1000823', '10/09/2024', '10000', 'مهدي رحمان', 'الشيخ فهد ال ثاني', 'غير محصل', NULL, 1, 2, 73, 196, NULL),
(976, '1000824', '10/10/2024', '10000', 'مهدي رحمان', 'الشيخ فهد ال ثاني', 'غير محصل', NULL, 1, 2, 73, 196, NULL),
(980, '1001452', '01/07/2022', '12000', 'شاين تكنولجي', 'الشيخ فهد ال ثاني', 'غير محصل', NULL, 1, 8, 142, 197, NULL),
(981, '1001453', '01/08/2022', '12000', 'شاين تكنولجي', 'الشيخ فهد ال ثاني', 'غير محصل', NULL, 1, 8, 142, 197, NULL),
(982, '1001454', '01/09/2022', '12000', 'شاين تكنولجي', 'الشيخ فهد ال ثاني', 'غير محصل', NULL, 1, 8, 142, 197, NULL),
(983, '1001455', '01/10/2022', '12000', 'شاين تكنولجي', 'الشيخ فهد ال ثاني', 'غير محصل', NULL, 1, 8, 142, 197, NULL),
(984, '1001456', '01/11/2022', '12000', 'شاين تكنولجي', 'الشيخ فهد ال ثاني', 'غير محصل', NULL, 1, 8, 142, 197, NULL),
(985, '1001457', '01/12/2022', '12000', 'شاين تكنولجي', 'الشيخ فهد ال ثاني', 'غير محصل', NULL, 1, 8, 142, 197, NULL),
(986, '1001458', '01/01/2023', '12000', 'شاين تكنولجي', 'الشيخ فهد ال ثاني', 'غير محصل', NULL, 1, 8, 142, 197, NULL),
(987, '1001459', '01/02/2023', '12000', 'شاين تكنولجي', 'الشيخ فهد ال ثاني', 'غير محصل', NULL, 1, 8, 142, 197, NULL),
(988, '1001460', '01/03/2023', '12000', 'شاين تكنولجي', 'الشيخ فهد ال ثاني', 'غير محصل', NULL, 1, 8, 142, 197, NULL),
(989, '1001461', '01/04/2023', '12000', 'شاين تكنولجي', 'الشيخ فهد ال ثاني', 'غير محصل', NULL, 1, 8, 142, 197, NULL),
(990, '1001462', '01/05/2023', '12000', 'شاين تكنولجي', 'الشيخ فهد ال ثاني', 'غير محصل', NULL, 1, 8, 142, 197, NULL),
(991, '1001463', '01/06/2023', '12000', 'شاين تكنولجي', 'الشيخ فهد ال ثاني', 'غير محصل', NULL, 1, 8, 142, 197, NULL),
(992, '1001464', '01/07/2023', '12000', 'شاين تكنولجي', 'الشيخ فهد ال ثاني', 'غير محصل', NULL, 1, 8, 142, 197, NULL),
(993, '1001465', '01/08/2023', '12000', 'شاين تكنولجي', 'الشيخ فهد ال ثاني', 'غير محصل', NULL, 1, 8, 142, 197, NULL),
(994, '1001466', '01/09/2023', '12000', 'شاين تكنولجي', 'الشيخ فهد ال ثاني', 'غير محصل', NULL, 1, 8, 142, 197, NULL),
(995, '1001467', '01/10/2023', '12000', 'شاين تكنولجي', 'الشيخ فهد ال ثاني', 'غير محصل', NULL, 1, 8, 142, 197, NULL),
(996, '1053', '01/11/2023', '12000', 'مركز النور الطبي', 'الشيخ فهد ال ثاني', 'غير محصل', NULL, 1, 8, 142, 197, NULL),
(997, '1054', '01/12/2023', '12000', 'مركز النور الطبي', 'الشيخ فهد ال ثاني', 'غير محصل', NULL, 1, 8, 142, 197, NULL),
(998, '1055', '01/01/2024', '12000', 'مركز النور الطبي', 'الشيخ فهد ال ثاني', 'غير محصل', NULL, 1, 8, 142, 197, NULL),
(1041, '1000026', '07/01/2024', '4500', 'نيثي جيادوان', '&nbsp;', 'محصل', 'محصل بالشيك', 1, 3, 24, 201, ''),
(1042, '1000027', '07/02/2024', '4500', 'نيثي جيادوان', '&nbsp;', 'محصل', 'محصل بالشيك', 1, 3, 24, 201, ''),
(1043, '1000028', '07/03/2024', '4500', 'نيثي جيادوان', '&nbsp;', 'غير محصل', NULL, 1, 3, 24, 201, NULL),
(1044, '1000029', '07/04/2024', '4500', 'نيثي جيادوان', '&nbsp;', 'غير محصل', NULL, 1, 3, 24, 201, NULL),
(1045, '1000030', '07/05/2024', '4500', 'نيثي جيادوان', '&nbsp;', 'غير محصل', NULL, 1, 3, 24, 201, NULL),
(1046, '1000031', '07/06/2024', '4500', 'نيثي جيادوان', '&nbsp;', 'غير محصل', NULL, 1, 3, 24, 201, NULL),
(1047, '1000032', '07/07/2024', '4500', 'نيثي جيادوان', '&nbsp;', 'غير محصل', NULL, 1, 3, 24, 201, NULL),
(1048, '1000033', '07/08/2024', '4500', 'نيثي جيادوان', '&nbsp;', 'غير محصل', NULL, 1, 3, 24, 201, NULL),
(1049, '1000034', '07/09/2024', '4500', 'نيثي جيادوان', '&nbsp;', 'غير محصل', NULL, 1, 3, 24, 201, NULL),
(1050, '1000035', '07/10/2024', '4500', 'نيثي جيادوان', '&nbsp;', 'غير محصل', NULL, 1, 3, 24, 201, NULL),
(1051, '1000036', '07/11/2024', '4500', 'نيثي جيادوان', '&nbsp;', 'غير محصل', NULL, 1, 3, 24, 201, NULL),
(1052, '1000037', '07/12/2024', '4500', 'نيثي جيادوان', '&nbsp;', 'غير محصل', NULL, 1, 3, 24, 201, NULL),
(1053, '1000026', '05/01/2024', '5500', 'لوز فيميندا', '&nbsp;', 'محصل', 'محصل بالشيك', 1, 2, 33, 202, ''),
(1054, '1000027', '05/02/2024', '5500', 'لوز فيميندا', '&nbsp;', 'محصل', 'محصل بالشيك', 1, 2, 33, 202, ''),
(1055, '1000028', '05/03/2024', '5500', 'لوز فيميندا', '&nbsp;', 'غير محصل', NULL, 1, 2, 33, 202, NULL),
(1056, '1000029', '05/04/2024', '5500', 'لوز فيميندا', '&nbsp;', 'غير محصل', NULL, 1, 2, 33, 202, NULL),
(1057, '1000030', '05/05/2024', '5500', 'لوز فيميندا', '&nbsp;', 'غير محصل', NULL, 1, 2, 33, 202, NULL),
(1058, '1000031', '05/06/2024', '5500', 'لوز فيميندا', '&nbsp;', 'غير محصل', NULL, 1, 2, 33, 202, NULL),
(1059, '1000032', '05/07/2024', '5500', 'لوز فيميندا', '&nbsp;', 'غير محصل', NULL, 1, 2, 33, 202, NULL),
(1060, '1000033', '05/08/2024', '5500', 'لوز فيميندا', '&nbsp;', 'غير محصل', NULL, 1, 2, 33, 202, NULL),
(1061, '1000034', '05/09/2024', '5500', 'لوز فيميندا', '&nbsp;', 'غير محصل', NULL, 1, 2, 33, 202, NULL),
(1062, '1000035', '05/10/2024', '5500', 'لوز فيميندا', '&nbsp;', 'غير محصل', NULL, 1, 2, 33, 202, NULL),
(1063, '1000036', '05/11/2024', '5500', 'لوز فيميندا', '&nbsp;', 'غير محصل', NULL, 1, 2, 33, 202, NULL),
(1064, '1000037', '05/12/2024', '5500', 'لوز فيميندا', '&nbsp;', 'غير محصل', NULL, 1, 2, 33, 202, NULL),
(1065, '01002871', '01/02/2024', '3500', 'شركة الفضالة', '', 'محصل', 'محصل بالشيك', 1, 8, 141, 194, ''),
(1066, '01002872', '01/03/2024', '3500', 'شركة الفضالة', 'شيخ فهد', 'غير محصل', NULL, 1, 8, 141, 194, NULL),
(1067, '01002873', '01/04/2024', '3500', 'شركة الفضالة	', '', 'غير محصل', NULL, 1, 8, 141, 194, NULL),
(1068, '01000015', '07/03/2024', '4000', 'امير عقيل', '&nbsp;', 'غير محصل', NULL, 1, 2, 147, 203, NULL),
(1069, '01000016', '07/04/2024', '4000', 'امير عقيل', '&nbsp;', 'غير محصل', NULL, 1, 2, 147, 203, NULL),
(1070, '01000013', '07/05/2024', '4000', 'امير عقيل', '&nbsp;', 'غير محصل', NULL, 1, 2, 147, 203, NULL),
(1071, '01000012', '07/06/2024', '4000', 'امير عقيل', '&nbsp;', 'غير محصل', NULL, 1, 2, 147, 203, NULL),
(1072, '01000011', '07/07/2024', '4000', 'امير عقيل', '&nbsp;', 'غير محصل', NULL, 1, 2, 147, 203, NULL),
(1073, '01000007', '07/08/2024', '4000', 'امير عقيل', '&nbsp;', 'غير محصل', NULL, 1, 2, 147, 203, NULL),
(1074, '01000010', '07/09/2024', '4000', 'امير عقيل', '&nbsp;', 'غير محصل', NULL, 1, 2, 147, 203, NULL),
(1075, '01000009', '07/10/2024', '4000', 'امير عقيل', '&nbsp;', 'غير محصل', NULL, 1, 2, 147, 203, NULL),
(1076, '01000008', '07/11/2024', '4000', 'امير عقيل', '&nbsp;', 'غير محصل', NULL, 1, 2, 147, 203, NULL),
(1077, '01000017', '07/12/2024', '4000', 'امير عقيل', '&nbsp;', 'غير محصل', NULL, 1, 2, 147, 203, NULL),
(1078, '1000169', '10/01/2024', '4700', 'محمد فائز', '&nbsp;', 'محصل', 'محصل بالشيك', 1, 2, 15, 204, '10/01/2024'),
(1079, '1000170', '10/02/2024', '4700', 'محمد فائز', '&nbsp;', 'محصل', 'محصل بالشيك', 1, 2, 15, 204, ''),
(1080, '1000171', '10/03/2024', '4700', 'محمد فائز', '&nbsp;', 'غير محصل', NULL, 1, 2, 15, 204, NULL),
(1081, '1000172', '10/04/2024', '4700', 'محمد فائز', '&nbsp;', 'غير محصل', NULL, 1, 2, 15, 204, NULL),
(1082, '1000173', '10/05/2024', '4700', 'محمد فائز', '&nbsp;', 'غير محصل', NULL, 1, 2, 15, 204, NULL),
(1083, '1000174', '10/06/2024', '4700', 'محمد فائز', '&nbsp;', 'غير محصل', NULL, 1, 2, 15, 204, NULL),
(1084, '1000175', '10/07/2024', '4700', 'محمد فائز', '&nbsp;', 'غير محصل', NULL, 1, 2, 15, 204, NULL),
(1085, '1000081', '01/02/2024', '3500', 'سوراكيش كومار', '&nbsp;', 'محصل', 'محصل بالشيك', 1, 3, 31, 207, ''),
(1086, '1000082', '01/03/2024', '3500', 'سوراكيش كومار', '&nbsp;', 'غير محصل', NULL, 1, 3, 31, 207, NULL),
(1087, '1000083', '01/04/2024', '3500', 'سوراكيش كومار', '&nbsp;', 'غير محصل', NULL, 1, 3, 31, 207, NULL),
(1088, '1000084', '01/05/2024', '3500', 'سوراكيش كومار', '&nbsp;', 'غير محصل', NULL, 1, 3, 31, 207, NULL),
(1089, '1000085', '01/06/2024', '3500', 'سوراكيش كومار', '&nbsp;', 'غير محصل', NULL, 1, 3, 31, 207, NULL),
(1090, '1000086', '01/07/2024', '3500', 'سوراكيش كومار', '&nbsp;', 'غير محصل', NULL, 1, 3, 31, 207, NULL),
(1091, '1000087', '01/08/2024', '3500', 'سوراكيش كومار', '&nbsp;', 'غير محصل', NULL, 1, 3, 31, 207, NULL),
(1092, '1000088', '01/09/2024', '3500', 'سوراكيش كومار', '&nbsp;', 'غير محصل', NULL, 1, 3, 31, 207, NULL),
(1093, '1000089', '01/10/2024', '3500', 'سوراكيش كومار', '&nbsp;', 'غير محصل', NULL, 1, 3, 31, 207, NULL),
(1094, '1000090', '01/11/2024', '3500', 'سوراكيش كومار', '&nbsp;', 'غير محصل', NULL, 1, 3, 31, 207, NULL),
(1095, '1000091', '01/12/2024', '3500', 'سوراكيش كومار', '&nbsp;', 'غير محصل', NULL, 1, 3, 31, 207, NULL),
(1096, '01000019', '07/01/2025', '4000', 'امير عقيل', '', 'غير محصل', NULL, 1, 2, 147, 203, NULL),
(1097, '01000021', '07/02/2025', '4000', 'امير عقيل', '', 'غير محصل', NULL, 1, 2, 147, 203, NULL),
(1098, '01000018', '06/02/2025', '4000', 'امير عقيل', '', 'غير محصل', NULL, 2, 2, 147, 203, NULL),
(1099, '01000073', '05/01/2024', '3500', 'بيرومالسامي', '', 'محصل', 'محصل بالشيك', 1, 2, 17, 206, ''),
(1100, '01000074', '05/02/2024', '3500', 'بيرومالسامي	', '', 'محصل', 'محصل بالشيك', 1, 2, 17, 206, ''),
(1101, '01000075', '05/03/2024', '3500', 'بيرومالسامي', '', 'غير محصل', NULL, 1, 2, 17, 206, NULL),
(1102, '01000126', '05/04/2024', '3500', 'بيرومالسامي', '', 'غير محصل', NULL, 1, 2, 17, 206, NULL),
(1103, '01000127', '05/05/2024', '3500', 'بيرومالسامي', '', 'غير محصل', NULL, 1, 2, 17, 206, NULL),
(1104, '01000128', '05/06/2024', '3500', 'بيرومالسامي', '', 'غير محصل', NULL, 1, 2, 17, 206, NULL),
(1105, '01000130', '05/07/2024', '3500', 'بيرومالسامي', '', 'غير محصل', NULL, 1, 2, 17, 206, NULL),
(1106, '01000129', '05/08/2024', '3500', 'بيرومالسامي', '', 'غير محصل', NULL, 1, 2, 17, 206, NULL),
(1107, '01000131', '05/09/2024', '3500', 'بيرومالسامي', '', 'غير محصل', NULL, 1, 2, 17, 206, NULL),
(1108, '01000132', '05/10/2024', '3500', 'بيرومالسامي', '', 'غير محصل', NULL, 1, 2, 17, 206, NULL),
(1109, '01000133', '05/11/2024', '3500', 'بيرومالسامي', '', 'غير محصل', NULL, 1, 2, 17, 206, NULL),
(1110, '01000134', '05/12/2024', '3500', 'بيرومالسامي', '', 'غير محصل', NULL, 1, 2, 17, 206, NULL),
(1111, '1000025', '10/01/2024', '4300', 'محمد قابيل', '&nbsp;', 'محصل', 'محصل بالشيك', 1, 2, 26, 208, ''),
(1112, '1000026', '10/02/2024', '4300', 'محمد قابيل', '&nbsp;', 'محصل', 'محصل بالشيك', 1, 2, 26, 208, ''),
(1113, '1000027', '10/03/2024', '4300', 'محمد قابيل', '&nbsp;', 'غير محصل', NULL, 1, 2, 26, 208, NULL),
(1114, '1000028', '10/04/2024', '4300', 'محمد قابيل', '&nbsp;', 'غير محصل', NULL, 1, 2, 26, 208, NULL),
(1115, '1000029', '10/05/2024', '4300', 'محمد قابيل', '&nbsp;', 'غير محصل', NULL, 1, 2, 26, 208, NULL),
(1116, '1000030', '10/06/2024', '4300', 'محمد قابيل', '&nbsp;', 'غير محصل', NULL, 1, 2, 26, 208, NULL),
(1117, '1000031', '10/07/2024', '4300', 'محمد قابيل', '&nbsp;', 'غير محصل', NULL, 1, 2, 26, 208, NULL),
(1118, '1000032', '10/08/2024', '4300', 'محمد قابيل', '&nbsp;', 'غير محصل', NULL, 1, 2, 26, 208, NULL),
(1119, '1000033', '10/09/2024', '4300', 'محمد قابيل', '&nbsp;', 'غير محصل', NULL, 1, 2, 26, 208, NULL),
(1120, '1000034', '10/10/2024', '4300', 'محمد قابيل', '&nbsp;', 'غير محصل', NULL, 1, 2, 26, 208, NULL),
(1121, '1000035', '10/11/2024', '4300', 'محمد قابيل', '&nbsp;', 'غير محصل', NULL, 1, 2, 26, 208, NULL),
(1122, '1000036', '10/12/2024', '4300', 'محمد قابيل', '&nbsp;', 'غير محصل', NULL, 1, 2, 26, 208, NULL),
(1123, '111', '06/01/2024', '4300', 'احمد سعيد', '&nbsp;', 'محصل', 'محصل بالشيك', 1, 1, 32, 209, '06/01/2024'),
(1124, '112', '06/02/2024', '4300', 'احمد سعيد', '&nbsp;', 'محصل', 'محصل بالشيك', 1, 1, 32, 209, ''),
(1125, '113', '06/03/2024', '4300', 'احمد سعيد', '&nbsp;', 'غير محصل', NULL, 1, 1, 32, 209, NULL),
(1126, '114', '06/04/2024', '4300', 'احمد سعيد', '&nbsp;', 'غير محصل', NULL, 1, 1, 32, 209, NULL),
(1127, '115', '06/05/2024', '4300', 'احمد سعيد', '&nbsp;', 'غير محصل', NULL, 1, 1, 32, 209, NULL),
(1128, '116', '06/06/2024', '4300', 'احمد سعيد', '&nbsp;', 'غير محصل', NULL, 1, 1, 32, 209, NULL),
(1129, '117', '06/07/2024', '4300', 'احمد سعيد', '&nbsp;', 'غير محصل', NULL, 1, 1, 32, 209, NULL),
(1130, '118', '06/08/2024', '4300', 'احمد سعيد', '&nbsp;', 'غير محصل', NULL, 1, 1, 32, 209, NULL),
(1131, '119', '06/09/2024', '4300', 'احمد سعيد', '&nbsp;', 'غير محصل', NULL, 1, 1, 32, 209, NULL),
(1132, '120', '06/10/2024', '4300', 'احمد سعيد', '&nbsp;', 'غير محصل', NULL, 1, 1, 32, 209, NULL),
(1133, '121', '06/11/2024', '4300', 'احمد سعيد', '&nbsp;', 'غير محصل', NULL, 1, 1, 32, 209, NULL),
(1134, '122', '06/12/2024', '4300', 'احمد سعيد', '&nbsp;', 'غير محصل', NULL, 1, 1, 32, 209, NULL),
(1135, '1000059', '05/01/2024', '3400', 'جكاد', '&nbsp;', 'محصل', 'محصل بالشيك', 1, 2, 22, 210, ''),
(1136, '1000060', '05/02/2024', '3400', 'جكاد', '&nbsp;', 'محصل', 'محصل بالشيك', 1, 2, 22, 210, '');
INSERT INTO `cheques` (`Cheques_Id`, `Cheques_No`, `Cheques_Date`, `Cheques_Amount`, `Cheque_Owner`, `beneficiary_person`, `Cheques_Status`, `Collect_Type`, `cheque_type_Cheque_Type_id`, `bank_Bank_Id`, `tenants_Tenants_ID`, `contract_Contract_Id`, `Collection_Date`) VALUES
(1137, '1000061', '05/03/2024', '3400', 'جكاد', '&nbsp;', 'غير محصل', NULL, 1, 2, 22, 210, NULL),
(1138, '1000062', '05/04/2024', '3400', 'جكاد', '&nbsp;', 'غير محصل', NULL, 1, 2, 22, 210, NULL),
(1139, '1000063', '05/05/2024', '3400', 'جكاد', '&nbsp;', 'غير محصل', NULL, 1, 2, 22, 210, NULL),
(1140, '1000064', '05/06/2024', '3400', 'جكاد', '&nbsp;', 'غير محصل', NULL, 1, 2, 22, 210, NULL),
(1141, '1000065', '05/07/2024', '3400', 'جكاد', '&nbsp;', 'غير محصل', NULL, 1, 2, 22, 210, NULL),
(1142, '1000066', '05/08/2024', '3400', 'جكاد', '&nbsp;', 'غير محصل', NULL, 1, 2, 22, 210, NULL),
(1143, '1000067', '05/09/2024', '3400', 'جكاد', '&nbsp;', 'غير محصل', NULL, 1, 2, 22, 210, NULL),
(1144, '1000068', '05/10/2024', '3400', 'جكاد', '&nbsp;', 'غير محصل', NULL, 1, 2, 22, 210, NULL),
(1145, '1000069', '05/11/2024', '3400', 'جكاد', '&nbsp;', 'غير محصل', NULL, 1, 2, 22, 210, NULL),
(1146, '1000070', '05/12/2024', '3400', 'جكاد', '&nbsp;', 'غير محصل', NULL, 1, 2, 22, 210, NULL),
(1147, '1000047', '06/01/2024', '4300', 'احمد نبيل', '&nbsp;', 'محصل', 'محصل بالشيك', 1, 2, 29, 211, ''),
(1148, '1000048', '06/02/2024', '4300', 'احمد نبيل', '&nbsp;', 'محصل', 'محصل بالشيك', 1, 2, 29, 211, ''),
(1149, '1000049', '06/03/2024', '4300', 'احمد نبيل', '&nbsp;', 'غير محصل', NULL, 1, 2, 29, 211, NULL),
(1150, '1000050', '06/04/2024', '4300', 'احمد نبيل', '&nbsp;', 'غير محصل', NULL, 1, 2, 29, 211, NULL),
(1151, '1000052', '06/05/2024', '4300', 'احمد نبيل', '&nbsp;', 'غير محصل', NULL, 1, 2, 29, 211, NULL),
(1152, '1000053', '06/06/2024', '4300', 'احمد نبيل', '&nbsp;', 'غير محصل', NULL, 1, 2, 29, 211, NULL),
(1153, '1000054', '06/07/2024', '4300', 'احمد نبيل', '&nbsp;', 'غير محصل', NULL, 1, 2, 29, 211, NULL),
(1154, '1000055', '06/08/2024', '4300', 'احمد نبيل', '&nbsp;', 'غير محصل', NULL, 1, 2, 29, 211, NULL),
(1155, '1000056', '06/09/2024', '4300', 'احمد نبيل', '&nbsp;', 'غير محصل', NULL, 1, 2, 29, 211, NULL),
(1156, '1000057', '06/10/2024', '4300', 'احمد نبيل', '&nbsp;', 'غير محصل', NULL, 1, 2, 29, 211, NULL),
(1157, '1000058', '06/11/2024', '4300', 'احمد نبيل', '&nbsp;', 'غير محصل', NULL, 1, 2, 29, 211, NULL),
(1158, '1000059', '06/12/2024', '4300', 'احمد نبيل', '&nbsp;', 'غير محصل', NULL, 1, 2, 29, 211, NULL),
(1159, '1000085', '10/02/2024', '4700', 'كمال شيربا', '&nbsp;', 'محصل', 'محصل بالشيك', 1, 2, 13, 212, ''),
(1160, '1000086', '10/03/2024', '4700', 'كمال شيربا', '&nbsp;', 'غير محصل', NULL, 1, 2, 13, 212, NULL),
(1161, '1000087', '10/04/2024', '4700', 'كمال شيربا', '&nbsp;', 'غير محصل', NULL, 1, 2, 13, 212, NULL),
(1162, '1000088', '10/05/2024', '4700', 'كمال شيربا', '&nbsp;', 'غير محصل', NULL, 1, 2, 13, 212, NULL),
(1163, '1000089', '10/06/2024', '4700', 'كمال شيربا', '&nbsp;', 'غير محصل', NULL, 1, 2, 13, 212, NULL),
(1164, '1000090', '10/07/2024', '4700', 'كمال شيربا', '&nbsp;', 'غير محصل', NULL, 1, 2, 13, 212, NULL),
(1165, '1000091', '10/08/2024', '4700', 'كمال شيربا', '&nbsp;', 'غير محصل', NULL, 1, 2, 13, 212, NULL),
(1166, '1000092', '10/09/2024', '4700', 'كمال شيربا', '&nbsp;', 'غير محصل', NULL, 1, 2, 13, 212, NULL),
(1167, '1000093', '10/10/2024', '4700', 'كمال شيربا', '&nbsp;', 'غير محصل', NULL, 1, 2, 13, 212, NULL),
(1168, '1000094', '10/11/2024', '4700', 'كمال شيربا', '&nbsp;', 'غير محصل', NULL, 1, 2, 13, 212, NULL),
(1169, '1000095', '10/12/2024', '4700', 'كمال شيربا', '&nbsp;', 'غير محصل', NULL, 1, 2, 13, 212, NULL),
(1170, '1000083', '10/01/2024', '4700', 'كمال شيربا', '&nbsp;', 'محصل', 'محصل بالشيك', 1, 2, 13, 212, '10/01/2024'),
(1171, '01000096', '10/01/2024', '4700', 'كمال شيربا', '&nbsp;', 'غير محصل', NULL, 2, 2, 13, 212, NULL),
(1172, '010001069', '10/01/2024', '4700', 'محمد فائز', '', 'غير محصل', NULL, 1, 2, 15, 205, NULL),
(1173, '010001070', '10/02/2024', '4700', 'محمد فائز', '', 'محصل', 'محصل بالشيك', 1, 2, 15, 205, ''),
(1174, '010001071', '10/03/2024', '4700', 'محمد فائز', '', 'غير محصل', NULL, 1, 2, 15, 205, NULL),
(1175, '010001072', '10/04/2024', '4700', 'محمد فائز', '', 'غير محصل', NULL, 1, 2, 15, 205, NULL),
(1176, '010001073', '10/05/2024', '4700', 'محمد فائز', '', 'غير محصل', NULL, 1, 2, 15, 205, NULL),
(1177, '010001074', '10/06/2024', '4700', 'محمد فائز', '', 'غير محصل', NULL, 1, 2, 15, 205, NULL),
(1178, '010001075', '10/07/2024', '4700', 'محمد فائز', '', 'غير محصل', NULL, 1, 2, 15, 205, NULL),
(1179, '1000051', '05/02/2024', '4500', 'بيفين', '&nbsp;', 'محصل', 'محصل بالشيك', 1, 2, 23, 215, ''),
(1180, '1000052', '05/03/2024', '4500', 'بيفين', '&nbsp;', 'غير محصل', NULL, 1, 2, 23, 215, NULL),
(1181, '1000053', '05/04/2024', '4500', 'بيفين', '&nbsp;', 'غير محصل', NULL, 1, 2, 23, 215, NULL),
(1182, '1000054', '05/05/2024', '4500', 'بيفين', '&nbsp;', 'غير محصل', NULL, 1, 2, 23, 215, NULL),
(1183, '1000055', '05/06/2024', '4500', 'بيفين', '&nbsp;', 'غير محصل', NULL, 1, 2, 23, 215, NULL),
(1184, '01000064', '05/07/2024', '4500', 'بيفين', '&nbsp;', 'غير محصل', NULL, 1, 2, 23, 215, NULL),
(1185, '1000057', '05/08/2024', '4500', 'بيفين', '&nbsp;', 'غير محصل', NULL, 1, 2, 23, 215, NULL),
(1186, '1000058', '05/09/2024', '4500', 'بيفين', '&nbsp;', 'غير محصل', NULL, 1, 2, 23, 215, NULL),
(1187, '1000059', '05/10/2024', '4500', 'بيفين', '&nbsp;', 'غير محصل', NULL, 1, 2, 23, 215, NULL),
(1188, '1000061', '05/12/2024', '4500', 'بيفين', '&nbsp;', 'غير محصل', NULL, 1, 2, 23, 215, NULL),
(1189, '1000062', '05/01/2025', '4500', 'بيفين', '&nbsp;', 'غير محصل', NULL, 1, 2, 23, 215, NULL),
(1190, '1000065', '05/11/2024', '4500', 'بيفين', '&nbsp;', 'غير محصل', NULL, 1, 2, 23, 215, NULL),
(1191, '1000116', '10/02/2024', '5500', 'ايفو', '&nbsp;', 'محصل', 'محصل بالشيك', 1, 2, 148, 216, ''),
(1192, '1000117', '10/03/2024', '5500', 'ايفو', '&nbsp;', 'غير محصل', NULL, 1, 2, 148, 216, NULL),
(1193, '1000118', '10/04/2024', '5500', 'ايفو', '&nbsp;', 'غير محصل', NULL, 1, 2, 148, 216, NULL),
(1194, '1000119', '10/05/2024', '5500', 'ايفو', '&nbsp;', 'غير محصل', NULL, 1, 2, 148, 216, NULL),
(1195, '1000120', '10/06/2024', '5500', 'ايفو', '&nbsp;', 'غير محصل', NULL, 1, 2, 148, 216, NULL),
(1196, '1000121', '10/07/2024', '5500', 'ايفو', '&nbsp;', 'غير محصل', NULL, 1, 2, 148, 216, NULL),
(1197, '1000122', '10/08/2024', '5500', 'ايفو', '&nbsp;', 'غير محصل', NULL, 1, 2, 148, 216, NULL),
(1198, '1000123', '10/09/2024', '5500', 'ايفو', '&nbsp;', 'غير محصل', NULL, 1, 2, 148, 216, NULL),
(1199, '1000124', '10/10/2024', '5500', 'ايفو', '&nbsp;', 'غير محصل', NULL, 1, 2, 148, 216, NULL),
(1200, '1000125', '10/11/2024', '5500', 'ايفو', '&nbsp;', 'غير محصل', NULL, 1, 2, 148, 216, NULL),
(1201, '1000126', '10/12/2024', '5500', 'ايفو', '&nbsp;', 'غير محصل', NULL, 1, 2, 148, 216, NULL),
(1202, '1000127', '10/01/2025', '5500', 'ايفو', '&nbsp;', 'غير محصل', NULL, 1, 2, 148, 216, NULL),
(1203, '01000128', '10/02/2025', '5500', 'ايفو', '&nbsp;', 'غير محصل', NULL, 2, 2, 148, 216, NULL),
(1204, '01000025', '05/03/2024', '3300', 'سوداكار', '&nbsp;', 'غير محصل', NULL, 1, 2, 101, 219, NULL),
(1205, '1000026', '05/04/2024', '3300', 'سوداكار', '&nbsp;', 'غير محصل', NULL, 1, 2, 101, 219, NULL),
(1206, '1000027', '05/05/2024', '3300', 'سوداكار', '&nbsp;', 'غير محصل', NULL, 1, 2, 101, 219, NULL),
(1207, '1000028', '05/06/2024', '3300', 'سوداكار', '&nbsp;', 'غير محصل', NULL, 1, 2, 101, 219, NULL),
(1208, '1000029', '05/07/2024', '3300', 'سوداكار', '&nbsp;', 'غير محصل', NULL, 1, 2, 101, 219, NULL),
(1209, '1000030', '05/08/2024', '3300', 'سوداكار', '&nbsp;', 'غير محصل', NULL, 1, 2, 101, 219, NULL),
(1210, '1000031', '05/09/2024', '3300', 'سوداكار', '&nbsp;', 'غير محصل', NULL, 1, 2, 101, 219, NULL),
(1211, '1000032', '05/10/2024', '3300', 'سوداكار', '&nbsp;', 'غير محصل', NULL, 1, 2, 101, 219, NULL),
(1212, '1000033', '05/11/2024', '3300', 'سوداكار', '&nbsp;', 'غير محصل', NULL, 1, 2, 101, 219, NULL),
(1213, '1000034', '05/12/2024', '3300', 'سوداكار', '&nbsp;', 'غير محصل', NULL, 1, 2, 101, 219, NULL),
(1214, '1000035', '05/01/2025', '3300', 'سوداكار', '&nbsp;', 'غير محصل', NULL, 1, 2, 101, 219, NULL),
(1215, '3300', '05/02/2024', '3300', 'تحويل', 'تحويل', 'محصل', 'محصل بالشيك', 1, 2, 101, 219, ''),
(1216, '00000016', '10/02/2024', '5000', 'ديدار', '&nbsp;', 'محصل', 'محصل بالشيك', 1, 1, 63, 220, ''),
(1217, '00000017', '10/03/2024', '5000', 'ديدار', '&nbsp;', 'غير محصل', NULL, 1, 1, 63, 220, NULL),
(1218, '19', '10/05/2024', '2500', 'ديدار', '&nbsp;', 'غير محصل', NULL, 1, 1, 63, 220, NULL),
(1219, '20', '10/06/2024', '2500', 'ديدار', '&nbsp;', 'غير محصل', NULL, 1, 1, 63, 220, NULL),
(1220, '21', '10/07/2024', '2500', 'ديدار', '&nbsp;', 'غير محصل', NULL, 1, 1, 63, 220, NULL),
(1221, '22', '10/08/2024', '2500', 'ديدار', '&nbsp;', 'غير محصل', NULL, 1, 1, 63, 220, NULL),
(1222, '23', '10/09/2024', '2500', 'ديدار', '&nbsp;', 'غير محصل', NULL, 1, 1, 63, 220, NULL),
(1223, '24', '10/10/2024', '2500', 'ديدار', '&nbsp;', 'غير محصل', NULL, 1, 1, 63, 220, NULL),
(1224, '25', '10/11/2024', '2500', 'ديدار', '&nbsp;', 'غير محصل', NULL, 1, 1, 63, 220, NULL),
(1225, '00000018', '10/12/2024', '2500', 'ديدار', '&nbsp;', 'غير محصل', NULL, 1, 1, 63, 220, NULL),
(1226, '01000001', '05/02/2024', '4500', 'Edward', '&nbsp;', 'محصل', 'محصل بالشيك', 1, 2, 18, 221, ''),
(1227, '1000002', '05/03/2024', '4500', 'Edward', '&nbsp;', 'غير محصل', NULL, 1, 2, 18, 221, NULL),
(1228, '1000003', '05/04/2024', '4500', 'Edward', '&nbsp;', 'غير محصل', NULL, 1, 2, 18, 221, NULL),
(1229, '1000004', '05/05/2024', '4500', 'Edward', '&nbsp;', 'غير محصل', NULL, 1, 2, 18, 221, NULL),
(1230, '1000019', '06/02/2024', '4300', 'ميشيل', '&nbsp;', 'محصل', 'محصل بالشيك', 1, 2, 102, 223, ''),
(1231, '1000020', '06/03/2024', '4300', 'ميشيل', '&nbsp;', 'غير محصل', NULL, 1, 2, 102, 223, NULL),
(1232, '1000021', '06/04/2024', '4300', 'ميشيل', '&nbsp;', 'غير محصل', NULL, 1, 2, 102, 223, NULL),
(1233, '1000022', '06/05/2024', '4300', 'ميشيل', '&nbsp;', 'غير محصل', NULL, 1, 2, 102, 223, NULL),
(1234, '1000023', '06/06/2024', '4300', 'ميشيل', '&nbsp;', 'غير محصل', NULL, 1, 2, 102, 223, NULL),
(1235, '1000024', '06/07/2024', '4300', 'ميشيل', '&nbsp;', 'غير محصل', NULL, 1, 2, 102, 223, NULL),
(1236, '1000025', '06/08/2024', '4300', 'ميشيل', '&nbsp;', 'غير محصل', NULL, 1, 2, 102, 223, NULL),
(1237, '1000026', '06/09/2024', '4300', 'ميشيل', '&nbsp;', 'غير محصل', NULL, 1, 2, 102, 223, NULL),
(1238, '1000027', '06/10/2024', '4300', 'ميشيل', '&nbsp;', 'غير محصل', NULL, 1, 2, 102, 223, NULL),
(1239, '1000028', '06/11/2024', '4300', 'ميشيل', '&nbsp;', 'غير محصل', NULL, 1, 2, 102, 223, NULL),
(1240, '1000029', '06/12/2024', '4300', 'ميشيل', '&nbsp;', 'غير محصل', NULL, 1, 2, 102, 223, NULL),
(1241, '1000030', '06/01/2025', '4300', 'ميشيل', '&nbsp;', 'غير محصل', NULL, 1, 2, 102, 223, NULL),
(1242, '79', '08/04/2024', '4100', 'امجد زبد', '&nbsp;', 'غير محصل', NULL, 1, 1, 19, 227, NULL),
(1243, '80', '08/05/2024', '4100', 'امجد زبد', '&nbsp;', 'غير محصل', NULL, 1, 1, 19, 227, NULL),
(1244, '81', '08/06/2024', '4100', 'امجد زبد', '&nbsp;', 'غير محصل', NULL, 1, 1, 19, 227, NULL),
(1245, '82', '08/07/2024', '4100', 'امجد زبد', '&nbsp;', 'غير محصل', NULL, 1, 1, 19, 227, NULL),
(1246, '83', '08/08/2024', '4100', 'امجد زبد', '&nbsp;', 'غير محصل', NULL, 1, 1, 19, 227, NULL),
(1247, '84', '08/09/2024', '4100', 'امجد زبد', '&nbsp;', 'غير محصل', NULL, 1, 1, 19, 227, NULL),
(1248, '85', '08/10/2024', '4100', 'امجد زبد', '&nbsp;', 'غير محصل', NULL, 1, 1, 19, 227, NULL),
(1249, '86', '08/11/2024', '4100', 'امجد زبد', '&nbsp;', 'غير محصل', NULL, 1, 1, 19, 227, NULL),
(1250, '87', '08/12/2024', '4100', 'امجد زبد', '&nbsp;', 'غير محصل', NULL, 1, 1, 19, 227, NULL),
(1251, '88', '08/01/2025', '4100', 'امجد زبد', '&nbsp;', 'غير محصل', NULL, 1, 1, 19, 227, NULL),
(1252, '89', '08/02/2025', '4100', 'امجد زبد', '&nbsp;', 'غير محصل', NULL, 1, 1, 19, 227, NULL),
(1253, '00000076', '08/03/2024', '4100', 'امجد زبد', '&nbsp;', 'غير محصل', NULL, 1, 1, 19, 227, NULL),
(1254, '00000201', '07/02/2024', '4800', 'civilco', '', 'محصل', 'محصل بالشيك', 1, 1, 12, 98, ''),
(1255, '00000203', '07/03/2024', '4800', 'civilco', '', 'غير محصل', NULL, 1, 5, 12, 98, NULL),
(1256, '00000204', '07/04/2024', '4800', 'civilco', '', 'غير محصل', NULL, 1, 1, 12, 98, NULL),
(1257, '00000601', '10/02/2024', '10000', 'ابراهيم', '', 'محصل', 'محصل بالشيك', 1, 8, 152, 228, '10/02/2024'),
(1258, '00000603', '10/03/2024', '10000', 'ابراهيم', '', 'غير محصل', NULL, 1, 8, 152, 228, NULL),
(1259, '00000604', '10/04/2024', '10000', 'ابراهيم', '', 'غير محصل', NULL, 1, 8, 152, 228, NULL),
(1260, '00000605', '10/05/2024', '10000', 'ابراهيم', '', 'غير محصل', NULL, 1, 8, 152, 228, NULL),
(1261, '00000606', '10/06/2024', '10000', 'ابراهيم', '', 'غير محصل', NULL, 1, 8, 152, 228, NULL),
(1262, '00000607', '10/07/2024', '10000', 'ابراهيم', '', 'غير محصل', NULL, 1, 9, 152, 228, NULL),
(1263, '00000608', '10/08/2024', '10,000', 'ابراهيم', '', 'غير محصل', NULL, 1, 8, 152, 228, NULL),
(1264, '00000608', '10/08/2024', '10,000', 'ابراهيم', '', 'غير محصل', NULL, 1, 8, 152, 228, NULL),
(1265, '00000608', '10/08/2024', '10,000', 'ابراهيم', '', 'غير محصل', NULL, 1, 8, 152, 228, NULL),
(1266, '00000608', '10/08/2024', '10,000', 'ابراهيم', '', 'غير محصل', NULL, 1, 8, 152, 228, NULL),
(1267, '1002441', '08/02/2024', '10000', 'المرخية', '&nbsp;', 'محصل', 'محصل بالشيك', 1, 3, 74, 229, '08/02/2024'),
(1268, '1002442', '08/03/2024', '10000', 'المرخية', '&nbsp;', 'غير محصل', NULL, 1, 3, 74, 229, NULL),
(1269, '1002443', '08/04/2024', '10000', 'المرخية', '&nbsp;', 'غير محصل', NULL, 1, 3, 74, 229, NULL),
(1270, '1002444', '08/05/2024', '10000', 'المرخية', '&nbsp;', 'غير محصل', NULL, 1, 3, 74, 229, NULL),
(1271, '1002445', '08/06/2024', '10000', 'المرخية', '&nbsp;', 'غير محصل', NULL, 1, 3, 74, 229, NULL),
(1272, '1002446', '08/07/2024', '10000', 'المرخية', '&nbsp;', 'غير محصل', NULL, 1, 3, 74, 229, NULL),
(1273, '1002447', '08/08/2024', '10000', 'المرخية', '&nbsp;', 'غير محصل', NULL, 1, 3, 74, 229, NULL),
(1274, '1002448', '08/09/2024', '10000', 'المرخية', '&nbsp;', 'غير محصل', NULL, 1, 3, 74, 229, NULL),
(1275, '1002449', '08/10/2024', '10000', 'المرخية', '&nbsp;', 'غير محصل', NULL, 1, 3, 74, 229, NULL),
(1276, '01002452', '08/11/2024', '10000', 'المرخية', '&nbsp;', 'غير محصل', NULL, 1, 3, 74, 229, NULL),
(1277, '1002450', '08/12/2024', '10000', 'المرخية', '&nbsp;', 'غير محصل', NULL, 1, 3, 74, 229, NULL),
(1278, '1002451', '08/01/2025', '10000', 'المرخية', '&nbsp;', 'غير محصل', NULL, 1, 3, 74, 229, NULL),
(1281, '2', '01/03/2024', '4500', 'ماندلبنكوسي', '&nbsp;', 'محصل', 'محصل بالشيك', 1, 5, 153, 233, ''),
(1282, '3', '01/04/2024', '4500', 'ماندلبنكوسي', '&nbsp;', 'غير محصل', NULL, 1, 5, 153, 233, NULL),
(1283, '4', '01/05/2024', '4500', 'ماندلبنكوسي', '&nbsp;', 'غير محصل', NULL, 1, 5, 153, 233, NULL),
(1284, '5', '01/06/2024', '4500', 'ماندلبنكوسي', '&nbsp;', 'غير محصل', NULL, 1, 5, 153, 233, NULL),
(1285, '6', '01/07/2024', '4500', 'ماندلبنكوسي', '&nbsp;', 'غير محصل', NULL, 1, 5, 153, 233, NULL),
(1286, '7', '01/08/2024', '4500', 'ماندلبنكوسي', '&nbsp;', 'غير محصل', NULL, 1, 5, 153, 233, NULL),
(1287, '8', '01/09/2024', '4500', 'ماندلبنكوسي', '&nbsp;', 'غير محصل', NULL, 1, 5, 153, 233, NULL),
(1288, '9', '01/10/2024', '4500', 'ماندلبنكوسي', '&nbsp;', 'غير محصل', NULL, 1, 5, 153, 233, NULL),
(1289, '10', '01/11/2024', '4500', 'ماندلبنكوسي', '&nbsp;', 'غير محصل', NULL, 1, 5, 153, 233, NULL),
(1290, '11', '01/12/2024', '4500', 'ماندلبنكوسي', '&nbsp;', 'غير محصل', NULL, 1, 5, 153, 233, NULL),
(1291, '12', '01/01/2025', '4500', 'ماندلبنكوسي', '&nbsp;', 'غير محصل', NULL, 1, 5, 153, 233, NULL),
(1292, '00000014', '01/02/2025', '4500', 'ماندلبنكوسي', '&nbsp;', 'غير محصل', NULL, 1, 5, 153, 233, NULL),
(1293, '00000001', '01/02/2025', '4500', 'ماندلبنكوسي', '&nbsp;', 'غير محصل', NULL, 4, 5, 153, 233, NULL),
(1294, '00000340', '08/03/2024', '3150', '	ايه كي اسكندر', 'الشيخ فهد ال ثاني', 'غير محصل', NULL, 1, 9, 9, 188, NULL),
(1295, '00000339', '08/04/2024', '3150', 'ايه كي', '', 'غير محصل', NULL, 1, 9, 9, 188, NULL),
(1296, '00000341', '08/05/2024', '3150', 'ايه كي', '', 'غير محصل', NULL, 1, 9, 9, 188, NULL),
(1297, '00000342', '08/06/2024', '3150', 'ايه كي', '', 'غير محصل', NULL, 1, 9, 9, 188, NULL),
(1298, '00000343', '08/07/2024', '3150', 'ايه كي', '', 'غير محصل', NULL, 1, 9, 9, 188, NULL),
(1299, '00000344', '08/08/2024', '3150', 'ايه كي', '', 'غير محصل', NULL, 1, 9, 9, 188, NULL),
(1300, '00000345', '08/09/2024', '18900', 'ايه كي', '', 'غير محصل', NULL, 4, 9, 9, 188, NULL),
(1301, '00000340', '08/03/2024', '2600', 'ايه كي', '', 'غير محصل', NULL, 1, 9, 9, 187, NULL),
(1302, '00000339', '08/04/2024', '2600', 'ايه كي', '', 'غير محصل', NULL, 1, 9, 9, 187, NULL),
(1303, '00000341', '08/05/2024', '2600', 'ايه كي', '', 'غير محصل', NULL, 1, 9, 9, 187, NULL),
(1304, '00000342', '08/06/2024', '2600', 'ايه كي', '', 'غير محصل', NULL, 1, 9, 9, 187, NULL),
(1305, '00000343', '08/07/2024', '2600', 'ايه كي', '', 'غير محصل', NULL, 1, 9, 9, 187, NULL),
(1306, '00000344', '08/08/2024', '2600', 'ايه كي', '', 'غير محصل', NULL, 1, 9, 9, 187, NULL),
(1307, '00000345', '08/09/2024', '15600', 'ايه كي', '', 'غير محصل', NULL, 4, 9, 9, 187, NULL),
(1308, '00000339', '08/04/2024', '10500', 'ايه كي', '', 'غير محصل', NULL, 1, 9, 9, 136, NULL),
(1309, '00000341', '08/05/2024', '10500', 'ايه كي', '', 'غير محصل', NULL, 1, 9, 9, 136, NULL),
(1310, '00000342', '08/06/2024', '10500', 'ايه كي', '', 'غير محصل', NULL, 1, 9, 9, 136, NULL),
(1311, '00000343', '08/07/2024', '10500', 'ايه كي', '', 'غير محصل', NULL, 1, 9, 9, 136, NULL),
(1312, '00000344', '08/08/2024', '10500', 'ايه كي', '', 'غير محصل', NULL, 1, 9, 9, 136, NULL),
(1313, '00000345', '08/09/2024', '63000', 'ايه كي', '', 'غير محصل', NULL, 1, 9, 9, 136, NULL),
(1314, '00000122', '08/03/2024', '10000', 'ماكتا', '', 'غير محصل', NULL, 1, 8, 150, 224, NULL),
(1315, '00000121', '08/04/2024', '10000', 'ماكتا', '', 'غير محصل', NULL, 1, 8, 150, 224, NULL),
(1316, '00000120', '08/05/2024', '10000', 'ماكتا', '', 'غير محصل', NULL, 1, 8, 150, 224, NULL),
(1317, '39', '05/03/2024', '10000', 'أديس ليموزين', '&nbsp;', 'غير محصل', NULL, 1, 8, 154, 234, NULL),
(1318, '40', '05/04/2024', '10000', 'أديس ليموزين', '&nbsp;', 'غير محصل', NULL, 1, 8, 154, 234, NULL),
(1319, '41', '05/05/2024', '10000', 'أديس ليموزين', '&nbsp;', 'غير محصل', NULL, 1, 8, 154, 234, NULL),
(1320, '42', '05/06/2024', '10000', 'أديس ليموزين', '&nbsp;', 'غير محصل', NULL, 1, 8, 154, 234, NULL),
(1321, '43', '05/07/2024', '10000', 'أديس ليموزين', '&nbsp;', 'غير محصل', NULL, 1, 8, 154, 234, NULL),
(1322, '44', '05/08/2024', '10000', 'أديس ليموزين', '&nbsp;', 'غير محصل', NULL, 1, 8, 154, 234, NULL),
(1323, '45', '05/09/2024', '10000', 'أديس ليموزين', '&nbsp;', 'غير محصل', NULL, 1, 8, 154, 234, NULL),
(1324, '46', '05/10/2024', '10000', 'أديس ليموزين', '&nbsp;', 'غير محصل', NULL, 1, 8, 154, 234, NULL),
(1325, '47', '05/11/2024', '10000', 'أديس ليموزين', '&nbsp;', 'غير محصل', NULL, 1, 8, 154, 234, NULL),
(1326, '48', '05/12/2024', '10000', 'أديس ليموزين', '&nbsp;', 'غير محصل', NULL, 1, 8, 154, 234, NULL),
(1327, '49', '05/01/2025', '10000', 'أديس ليموزين', '&nbsp;', 'غير محصل', NULL, 1, 8, 154, 234, NULL),
(1328, '50', '05/02/2025', '10000', 'أديس ليموزين', '&nbsp;', 'محصل', 'محصل بالشيك', 1, 8, 154, 234, ''),
(1329, '39', '05/03/2024', '10000', 'أديس ليموزين', '&nbsp;', 'غير محصل', NULL, 1, 8, 154, 235, NULL),
(1330, '40', '05/04/2024', '10000', 'أديس ليموزين', '&nbsp;', 'غير محصل', NULL, 1, 8, 154, 235, NULL),
(1331, '41', '05/05/2024', '10000', 'أديس ليموزين', '&nbsp;', 'غير محصل', NULL, 1, 8, 154, 235, NULL),
(1332, '42', '05/06/2024', '10000', 'أديس ليموزين', '&nbsp;', 'غير محصل', NULL, 1, 8, 154, 235, NULL),
(1333, '43', '05/07/2024', '10000', 'أديس ليموزين', '&nbsp;', 'غير محصل', NULL, 1, 8, 154, 235, NULL),
(1334, '44', '05/08/2024', '10000', 'أديس ليموزين', '&nbsp;', 'غير محصل', NULL, 1, 8, 154, 235, NULL),
(1335, '45', '05/09/2024', '10000', 'أديس ليموزين', '&nbsp;', 'غير محصل', NULL, 1, 8, 154, 235, NULL),
(1336, '46', '05/10/2024', '10000', 'أديس ليموزين', '&nbsp;', 'غير محصل', NULL, 1, 8, 154, 235, NULL),
(1337, '47', '05/11/2024', '10000', 'أديس ليموزين', '&nbsp;', 'غير محصل', NULL, 1, 8, 154, 235, NULL),
(1338, '48', '05/12/2024', '10000', 'أديس ليموزين', '&nbsp;', 'غير محصل', NULL, 1, 8, 154, 235, NULL),
(1339, '49', '05/01/2025', '10000', 'أديس ليموزين', '&nbsp;', 'غير محصل', NULL, 1, 8, 154, 235, NULL),
(1340, '50', '05/02/2025', '10000', 'أديس ليموزين', '&nbsp;', 'غير محصل', NULL, 1, 8, 154, 235, NULL),
(1341, '26', '07/03/2024', '3500', 'سناء الجميعي', '&nbsp;', 'غير محصل', NULL, 1, 1, 25, 236, NULL),
(1342, '28', '07/05/2024', '3500', 'سناء الجميعي', '&nbsp;', 'غير محصل', NULL, 1, 1, 25, 236, NULL),
(1343, '29', '07/06/2024', '3500', 'سناء الجميعي', '&nbsp;', 'غير محصل', NULL, 1, 1, 25, 236, NULL),
(1344, '30', '07/07/2024', '3500', 'سناء الجميعي', '&nbsp;', 'غير محصل', NULL, 1, 1, 25, 236, NULL),
(1345, '31', '07/08/2024', '3500', 'سناء الجميعي', '&nbsp;', 'غير محصل', NULL, 1, 1, 25, 236, NULL),
(1346, '32', '07/09/2024', '3500', 'سناء الجميعي', '&nbsp;', 'غير محصل', NULL, 1, 1, 25, 236, NULL),
(1347, '33', '07/10/2024', '3500', 'سناء الجميعي', '&nbsp;', 'غير محصل', NULL, 1, 1, 25, 236, NULL),
(1348, '34', '07/11/2024', '3500', 'سناء الجميعي', '&nbsp;', 'غير محصل', NULL, 1, 1, 25, 236, NULL),
(1349, '35', '07/12/2024', '3500', 'سناء الجميعي', '&nbsp;', 'غير محصل', NULL, 1, 1, 25, 236, NULL),
(1350, '00000036', '07/04/2024', '3500', 'سناء الجميعي', '&nbsp;', 'غير محصل', NULL, 1, 1, 25, 236, NULL),
(1351, '1000080', '01/01/2024', '3500', 'سوراكيش كومار', '', 'محصل', 'محصل بالشيك', 1, 3, 31, 207, '01/01/2024'),
(1352, '39', '10/03/2024', '3500', 'سوق للتجارة', '&nbsp;', 'غير محصل', NULL, 1, 5, 146, 237, NULL),
(1353, '40', '10/04/2024', '3500', 'سوق للتجارة', '&nbsp;', 'غير محصل', NULL, 1, 5, 146, 237, NULL),
(1354, '41', '10/05/2024', '3500', 'سوق للتجارة', '&nbsp;', 'غير محصل', NULL, 1, 5, 146, 237, NULL),
(1355, '42', '10/06/2024', '3500', 'سوق للتجارة', '&nbsp;', 'غير محصل', NULL, 1, 5, 146, 237, NULL),
(1356, '43', '10/07/2024', '3500', 'سوق للتجارة', '&nbsp;', 'غير محصل', NULL, 1, 5, 146, 237, NULL),
(1357, '44', '10/08/2024', '3500', 'سوق للتجارة', '&nbsp;', 'غير محصل', NULL, 1, 5, 146, 237, NULL),
(1358, '45', '10/09/2024', '3500', 'سوق للتجارة', '&nbsp;', 'غير محصل', NULL, 1, 5, 146, 237, NULL),
(1359, '46', '10/10/2024', '3500', 'سوق للتجارة', '&nbsp;', 'غير محصل', NULL, 1, 5, 146, 237, NULL),
(1360, '47', '10/11/2024', '3500', 'سوق للتجارة', '&nbsp;', 'غير محصل', NULL, 1, 5, 146, 237, NULL),
(1361, '48', '10/12/2024', '3500', 'سوق للتجارة', '&nbsp;', 'غير محصل', NULL, 1, 5, 146, 237, NULL),
(1362, '49', '10/01/2025', '3500', 'سوق للتجارة', '&nbsp;', 'غير محصل', NULL, 1, 5, 146, 237, NULL),
(1363, '50', '10/02/2025', '3500', 'سوق للتجارة', '&nbsp;', 'غير محصل', NULL, 1, 5, 146, 237, NULL),
(1364, '1', '07/02/2024', '8400', 'رويال كير', '&nbsp;', 'محصل', 'محصل بالشيك', 1, 8, 103, 238, ''),
(1365, '2', '07/03/2024', '8400', 'رويال كير', '&nbsp;', 'غير محصل', NULL, 1, 8, 103, 238, NULL),
(1366, '3', '07/04/2024', '8400', 'رويال كير', '&nbsp;', 'غير محصل', NULL, 1, 8, 103, 238, NULL),
(1367, '4', '07/05/2024', '8400', 'رويال كير', '&nbsp;', 'غير محصل', NULL, 1, 8, 103, 238, NULL),
(1368, '5', '07/06/2024', '8400', 'رويال كير', '&nbsp;', 'غير محصل', NULL, 1, 8, 103, 238, NULL),
(1369, '6', '07/07/2024', '8400', 'رويال كير', '&nbsp;', 'غير محصل', NULL, 1, 8, 103, 238, NULL),
(1370, '7', '07/08/2024', '8400', 'رويال كير', '&nbsp;', 'غير محصل', NULL, 1, 8, 103, 238, NULL),
(1371, '8', '07/09/2024', '8400', 'رويال كير', '&nbsp;', 'غير محصل', NULL, 1, 8, 103, 238, NULL),
(1372, '9', '07/10/2024', '8400', 'رويال كير', '&nbsp;', 'غير محصل', NULL, 1, 8, 103, 238, NULL),
(1373, '10', '07/11/2024', '8400', 'رويال كير', '&nbsp;', 'غير محصل', NULL, 1, 8, 103, 238, NULL),
(1374, '11', '07/12/2024', '8400', 'رويال كير', '&nbsp;', 'غير محصل', NULL, 1, 8, 103, 238, NULL),
(1375, '12', '07/01/2025', '8400', 'رويال كير', '&nbsp;', 'غير محصل', NULL, 1, 8, 103, 238, NULL),
(1376, '13', '07/03/2025', '8400', 'رويال كير', '&nbsp;', 'غير محصل', NULL, 4, 8, 103, 238, NULL),
(1377, '1854', '01/02/2024', '12000', 'مركز النور الطبي', '&nbsp;', 'محصل', 'محصل بالشيك', 1, 8, 142, 239, '01/02/2024'),
(1378, '1855', '01/03/2024', '12000', 'مركز النور الطبي', '&nbsp;', 'غير محصل', NULL, 1, 8, 142, 239, NULL),
(1379, '1856', '01/04/2024', '12000', 'مركز النور الطبي', '&nbsp;', 'غير محصل', NULL, 1, 8, 142, 239, NULL),
(1380, '1857', '01/05/2024', '12000', 'مركز النور الطبي', '&nbsp;', 'غير محصل', NULL, 1, 8, 142, 239, NULL),
(1381, '1858', '01/06/2024', '12000', 'مركز النور الطبي', '&nbsp;', 'غير محصل', NULL, 1, 8, 142, 239, NULL),
(1382, '1859', '01/07/2024', '12000', 'مركز النور الطبي', '&nbsp;', 'غير محصل', NULL, 1, 8, 142, 239, NULL),
(1383, '1860', '01/08/2024', '12000', 'مركز النور الطبي', '&nbsp;', 'غير محصل', NULL, 1, 8, 142, 239, NULL),
(1384, '1861', '01/09/2024', '12000', 'مركز النور الطبي', '&nbsp;', 'غير محصل', NULL, 1, 8, 142, 239, NULL),
(1385, '1862', '01/10/2024', '12000', 'مركز النور الطبي', '&nbsp;', 'غير محصل', NULL, 1, 8, 142, 239, NULL),
(1386, '1863', '01/11/2024', '12000', 'مركز النور الطبي', '&nbsp;', 'غير محصل', NULL, 1, 8, 142, 239, NULL),
(1387, '1864', '01/12/2024', '12000', 'مركز النور الطبي', '&nbsp;', 'غير محصل', NULL, 1, 8, 142, 239, NULL),
(1388, '1865', '01/01/2025', '12000', 'مركز النور الطبي', '&nbsp;', 'غير محصل', NULL, 1, 8, 142, 239, NULL),
(1389, '1866', '01/02/2025', '12000', 'مركز النور الطبي', '&nbsp;', 'غير محصل', NULL, 1, 8, 142, 239, NULL),
(1390, '1867', '01/03/2025', '12000', 'مركز النور الطبي', '&nbsp;', 'غير محصل', NULL, 1, 8, 142, 239, NULL),
(1391, '1868', '01/04/2025', '12000', 'مركز النور الطبي', '&nbsp;', 'غير محصل', NULL, 1, 8, 142, 239, NULL),
(1392, '1869', '01/05/2025', '12000', 'مركز النور الطبي', '&nbsp;', 'غير محصل', NULL, 1, 8, 142, 239, NULL),
(1393, '1870', '01/06/2025', '12000', 'مركز النور الطبي', '&nbsp;', 'غير محصل', NULL, 1, 8, 142, 239, NULL),
(1394, '1871', '01/07/2025', '12000', 'مركز النور الطبي', '&nbsp;', 'غير محصل', NULL, 1, 8, 142, 239, NULL),
(1395, '1872', '01/08/2025', '12000', 'مركز النور الطبي', '&nbsp;', 'غير محصل', NULL, 1, 8, 142, 239, NULL),
(1396, '1873', '01/09/2025', '12000', 'مركز النور الطبي', '&nbsp;', 'غير محصل', NULL, 1, 8, 142, 239, NULL),
(1397, '1874', '01/10/2025', '12000', 'مركز النور الطبي', '&nbsp;', 'غير محصل', NULL, 1, 8, 142, 239, NULL),
(1398, '1875', '01/11/2025', '12000', 'مركز النور الطبي', '&nbsp;', 'غير محصل', NULL, 1, 8, 142, 239, NULL),
(1399, '1876', '01/12/2025', '12000', 'مركز النور الطبي', '&nbsp;', 'غير محصل', NULL, 1, 8, 142, 239, NULL),
(1400, '1877', '01/01/2026', '12000', 'مركز النور الطبي', '&nbsp;', 'غير محصل', NULL, 1, 8, 142, 239, NULL),
(1401, '1878', '01/02/2026', '12000', 'مركز النور الطبي', '&nbsp;', 'غير محصل', NULL, 1, 8, 142, 239, NULL),
(1402, '1879', '01/03/2026', '12000', 'مركز النور الطبي', '&nbsp;', 'غير محصل', NULL, 1, 8, 142, 239, NULL),
(1403, '1880', '01/04/2026', '12000', 'مركز النور الطبي', '&nbsp;', 'غير محصل', NULL, 1, 8, 142, 239, NULL),
(1404, '1881', '01/05/2026', '12000', 'مركز النور الطبي', '&nbsp;', 'غير محصل', NULL, 1, 8, 142, 239, NULL),
(1405, '1882', '01/06/2026', '12000', 'مركز النور الطبي', '&nbsp;', 'غير محصل', NULL, 1, 8, 142, 239, NULL),
(1406, '1883', '01/07/2026', '12000', 'مركز النور الطبي', '&nbsp;', 'غير محصل', NULL, 1, 8, 142, 239, NULL),
(1407, '1884', '01/08/2026', '12000', 'مركز النور الطبي', '&nbsp;', 'غير محصل', NULL, 1, 8, 142, 239, NULL),
(1408, '1885', '01/09/2026', '12000', 'مركز النور الطبي', '&nbsp;', 'غير محصل', NULL, 1, 8, 142, 239, NULL),
(1409, '1886', '01/10/2026', '12000', 'مركز النور الطبي', '&nbsp;', 'غير محصل', NULL, 1, 8, 142, 239, NULL),
(1410, '1887', '01/11/2026', '12000', 'مركز النور الطبي', '&nbsp;', 'غير محصل', NULL, 1, 8, 142, 239, NULL),
(1411, '1888', '01/12/2026', '12000', 'مركز النور الطبي', '&nbsp;', 'غير محصل', NULL, 1, 8, 142, 239, NULL),
(1412, '1889', '01/01/2027', '12000', 'مركز النور الطبي', '&nbsp;', 'غير محصل', NULL, 1, 8, 142, 239, NULL),
(1413, '1890', '01/02/2027', '12000', 'مركز النور الطبي', '&nbsp;', 'غير محصل', NULL, 1, 8, 142, 239, NULL),
(1414, '1891', '01/03/2027', '12000', 'مركز النور الطبي', '&nbsp;', 'غير محصل', NULL, 1, 8, 142, 239, NULL),
(1415, '1892', '01/04/2027', '12000', 'مركز النور الطبي', '&nbsp;', 'غير محصل', NULL, 1, 8, 142, 239, NULL),
(1416, '1893', '01/05/2027', '12000', 'مركز النور الطبي', '&nbsp;', 'غير محصل', NULL, 1, 8, 142, 239, NULL),
(1417, '00001894', '01/06/2027', '12000', 'مركز النور الطبي', '&nbsp;', 'غير محصل', NULL, 1, 8, 142, 239, NULL),
(1418, '01001513', '01/06/2027', '12000', 'مركز النور الطبي', '&nbsp;', 'غير محصل', NULL, 2, 8, 142, 239, NULL),
(1419, '1000426', '08/04/2024', '4700', 'مكتر حسين', '&nbsp;', 'غير محصل', NULL, 1, 2, 5, 240, NULL),
(1420, '1000427', '08/05/2024', '4700', 'مكتر حسين', '&nbsp;', 'غير محصل', NULL, 1, 2, 5, 240, NULL),
(1421, '1000428', '08/06/2024', '4700', 'مكتر حسين', '&nbsp;', 'غير محصل', NULL, 1, 2, 5, 240, NULL),
(1422, '1000430', '08/07/2024', '4700', 'مكتر حسين', '&nbsp;', 'غير محصل', NULL, 1, 2, 5, 240, NULL),
(1423, '1000431', '08/08/2024', '4700', 'مكتر حسين', '&nbsp;', 'غير محصل', NULL, 1, 2, 5, 240, NULL),
(1424, '1000433', '08/09/2024', '4700', 'مكتر حسين', '&nbsp;', 'غير محصل', NULL, 1, 2, 5, 240, NULL),
(1425, '1000434', '08/10/2024', '4700', 'مكتر حسين', '&nbsp;', 'غير محصل', NULL, 1, 2, 5, 240, NULL),
(1426, '1000435', '08/11/2024', '4700', 'مكتر حسين', '&nbsp;', 'غير محصل', NULL, 1, 2, 5, 240, NULL),
(1427, '1000436', '08/12/2024', '4700', 'مكتر حسين', '&nbsp;', 'غير محصل', NULL, 1, 2, 5, 240, NULL),
(1428, '1000437', '08/01/2025', '4700', 'مكتر حسين', '&nbsp;', 'غير محصل', NULL, 1, 2, 5, 240, NULL),
(1429, '1000438', '08/02/2025', '4700', 'مكتر حسين', '&nbsp;', 'غير محصل', NULL, 1, 2, 5, 240, NULL),
(1430, '1000439', '08/03/2025', '4700', 'مكتر حسين', '&nbsp;', 'غير محصل', NULL, 1, 2, 5, 240, NULL),
(1431, '226', '15/03/2024', '3200', 'علاء شعبان عطا', '&nbsp;', 'غير محصل', NULL, 1, 9, 127, 241, NULL),
(1432, '227', '15/04/2024', '3200', 'علاء شعبان عطا', '&nbsp;', 'غير محصل', NULL, 1, 9, 127, 241, NULL),
(1433, '228', '15/05/2024', '3200', 'علاء شعبان عطا', '&nbsp;', 'غير محصل', NULL, 1, 9, 127, 241, NULL),
(1434, '229', '15/06/2024', '3200', 'علاء شعبان عطا', '&nbsp;', 'غير محصل', NULL, 1, 9, 127, 241, NULL),
(1435, '230', '15/07/2024', '3200', 'علاء شعبان عطا', '&nbsp;', 'غير محصل', NULL, 1, 9, 127, 241, NULL),
(1436, '231', '15/08/2024', '3200', 'علاء شعبان عطا', '&nbsp;', 'غير محصل', NULL, 1, 9, 127, 241, NULL),
(1437, '232', '15/09/2024', '3200', 'علاء شعبان عطا', '&nbsp;', 'غير محصل', NULL, 1, 9, 127, 241, NULL),
(1438, '233', '15/10/2024', '3200', 'علاء شعبان عطا', '&nbsp;', 'غير محصل', NULL, 1, 9, 127, 241, NULL),
(1439, '234', '15/11/2024', '3200', 'علاء شعبان عطا', '&nbsp;', 'غير محصل', NULL, 1, 9, 127, 241, NULL),
(1440, '235', '15/12/2024', '3200', 'علاء شعبان عطا', '&nbsp;', 'غير محصل', NULL, 1, 9, 127, 241, NULL),
(1441, '236', '15/01/2025', '3200', 'علاء شعبان عطا', '&nbsp;', 'غير محصل', NULL, 1, 9, 127, 241, NULL),
(1442, '237', '15/02/2025', '3200', 'علاء شعبان عطا', '&nbsp;', 'غير محصل', NULL, 1, 9, 127, 241, NULL),
(1443, '01000006', '15/03/2024', '4700', 'اسماعيل نلكات كوليك', '', 'غير محصل', NULL, 1, 2, 11, 94, NULL),
(1444, '01000007', '15/04/2024', '4700', 'اسماعيل نلكات كوليك', '', 'غير محصل', NULL, 1, 2, 11, 94, NULL),
(1445, '01000008', '15/05/2024', '4700', 'اسماعيل نلكات كوليك', '', 'غير محصل', NULL, 1, 2, 11, 94, NULL),
(1446, '9901', '01/01/2023', '10000', 'دوحا لايت', '&nbsp;', 'غير محصل', NULL, 1, 1, 155, 242, NULL),
(1447, '9902', '01/02/2023', '10000', 'دوحا لايت', '&nbsp;', 'غير محصل', NULL, 1, 1, 155, 242, NULL),
(1448, '9903', '01/03/2023', '10000', 'دوحا لايت', '&nbsp;', 'غير محصل', NULL, 1, 1, 155, 242, NULL),
(1449, '9904', '01/04/2023', '10000', 'دوحا لايت', '&nbsp;', 'غير محصل', NULL, 1, 1, 155, 242, NULL),
(1450, '9905', '01/05/2023', '10000', 'دوحا لايت', '&nbsp;', 'غير محصل', NULL, 1, 1, 155, 242, NULL),
(1451, '9906', '01/06/2023', '10000', 'دوحا لايت', '&nbsp;', 'غير محصل', NULL, 1, 1, 155, 242, NULL),
(1452, '9907', '01/07/2023', '10000', 'دوحا لايت', '&nbsp;', 'غير محصل', NULL, 1, 1, 155, 242, NULL),
(1453, '9908', '01/08/2023', '10000', 'دوحا لايت', '&nbsp;', 'غير محصل', NULL, 1, 1, 155, 242, NULL),
(1454, '9909', '01/09/2023', '10000', 'دوحا لايت', '&nbsp;', 'غير محصل', NULL, 1, 1, 155, 242, NULL),
(1455, '9910', '01/10/2023', '10000', 'دوحا لايت', '&nbsp;', 'غير محصل', NULL, 1, 1, 155, 242, NULL),
(1456, '9911', '01/11/2023', '10000', 'دوحا لايت', '&nbsp;', 'غير محصل', NULL, 1, 1, 155, 242, NULL),
(1457, '9912', '01/12/2023', '10000', 'دوحا لايت', '&nbsp;', 'غير محصل', NULL, 1, 1, 155, 242, NULL),
(1458, '9913', '01/01/2024', '10000', 'دوحا لايت', '&nbsp;', 'محصل', 'محصل بالشيك', 1, 1, 155, 242, '01/01/2024'),
(1459, '9914', '01/02/2024', '10000', 'دوحا لايت', '&nbsp;', 'محصل', 'محصل بالشيك', 1, 1, 155, 242, ''),
(1460, '9991', '01/01/2024', '10000', 'ابراهيم ابراهيم', '', 'محصل', 'محصل بالشيك', 1, 1, 152, 243, '01/01/2024'),
(1461, '1', '10/03/2024', '10000', 'دوحا لايت', '&nbsp;', 'غير محصل', NULL, 1, 1, 155, 244, NULL),
(1462, '2', '10/04/2024', '10000', 'دوحا لايت', '&nbsp;', 'غير محصل', NULL, 1, 1, 155, 244, NULL),
(1463, '3', '10/05/2024', '10000', 'دوحا لايت', '&nbsp;', 'غير محصل', NULL, 1, 1, 155, 244, NULL),
(1464, '4', '10/06/2024', '10000', 'دوحا لايت', '&nbsp;', 'غير محصل', NULL, 1, 1, 155, 244, NULL),
(1465, '5', '10/07/2024', '10000', 'دوحا لايت', '&nbsp;', 'غير محصل', NULL, 1, 1, 155, 244, NULL),
(1466, '6', '10/08/2024', '10000', 'دوحا لايت', '&nbsp;', 'غير محصل', NULL, 1, 1, 155, 244, NULL),
(1467, '7', '10/09/2024', '10000', 'دوحا لايت', '&nbsp;', 'غير محصل', NULL, 1, 1, 155, 244, NULL),
(1468, '8', '10/10/2024', '10000', 'دوحا لايت', '&nbsp;', 'غير محصل', NULL, 1, 1, 155, 244, NULL),
(1469, '9', '10/11/2024', '10000', 'دوحا لايت', '&nbsp;', 'غير محصل', NULL, 1, 1, 155, 244, NULL),
(1470, '10', '10/12/2024', '10000', 'دوحا لايت', '&nbsp;', 'غير محصل', NULL, 1, 1, 155, 244, NULL),
(1471, '76', '05/10/2023', '11000', 'ناصر ابراهيم عيسى موسى الرئيسي', '&nbsp;', 'غير محصل', NULL, 1, 1, 157, 250, NULL),
(1472, '77', '05/11/2023', '11000', 'ناصر ابراهيم عيسى موسى الرئيسي', '&nbsp;', 'غير محصل', NULL, 1, 1, 157, 250, NULL),
(1473, '78', '05/12/2023', '11000', 'ناصر ابراهيم عيسى موسى الرئيسي', '&nbsp;', 'غير محصل', NULL, 1, 1, 157, 250, NULL),
(1474, '79', '05/01/2024', '11000', 'ناصر ابراهيم عيسى موسى الرئيسي', '&nbsp;', 'محصل', 'محصل بالشيك', 1, 1, 157, 250, '05/01/2024'),
(1475, '80', '05/02/2024', '11000', 'ناصر ابراهيم عيسى موسى الرئيسي', '&nbsp;', 'محصل', 'محصل بالشيك', 1, 1, 157, 250, ''),
(1476, '81', '05/03/2024', '11000', 'ناصر ابراهيم عيسى موسى الرئيسي', '&nbsp;', 'غير محصل', NULL, 1, 1, 157, 250, NULL),
(1477, '82', '05/04/2024', '11000', 'ناصر ابراهيم عيسى موسى الرئيسي', '&nbsp;', 'غير محصل', NULL, 1, 1, 157, 250, NULL),
(1478, '83', '05/05/2024', '11000', 'ناصر ابراهيم عيسى موسى الرئيسي', '&nbsp;', 'غير محصل', NULL, 1, 1, 157, 250, NULL),
(1479, '84', '05/06/2024', '11000', 'ناصر ابراهيم عيسى موسى الرئيسي', '&nbsp;', 'غير محصل', NULL, 1, 1, 157, 250, NULL),
(1480, '85', '05/07/2024', '11000', 'ناصر ابراهيم عيسى موسى الرئيسي', '&nbsp;', 'غير محصل', NULL, 1, 1, 157, 250, NULL),
(1481, '86', '05/08/2024', '11000', 'ناصر ابراهيم عيسى موسى الرئيسي', '&nbsp;', 'غير محصل', NULL, 1, 1, 157, 250, NULL),
(1482, '87', '05/09/2024', '11000', 'ناصر ابراهيم عيسى موسى الرئيسي', '&nbsp;', 'غير محصل', NULL, 1, 1, 157, 250, NULL),
(1495, '99', '01/02/2024', '11000', 'محمد جاروف', '', 'محصل', 'محصل بالشيك', 1, 1, 158, 253, '');

-- --------------------------------------------------------

--
-- Table structure for table `cheque_type`
--

CREATE TABLE `cheque_type` (
  `Cheque_Type_id` int(11) NOT NULL,
  `Cheque_english_Type` varchar(200) NOT NULL,
  `Cheque_arabic_Type` varchar(200) NOT NULL
) ENGINE=InnoDB DEFAULT CHARSET=utf8;

--
-- Dumping data for table `cheque_type`
--

INSERT INTO `cheque_type` (`Cheque_Type_id`, `Cheque_english_Type`, `Cheque_arabic_Type`) VALUES
(1, 'monthly payment Cheque', 'شيك دفع شهري'),
(2, 'Warranty Cheque ', 'شيك ضمان'),
(4, 'Insurance Checks', 'شيك تأمين');

-- --------------------------------------------------------

--
-- Table structure for table `collection_table`
--

CREATE TABLE `collection_table` (
  `Id` int(11) NOT NULL,
  `Type` varchar(50) DEFAULT NULL,
  `Ownersip_Id` varchar(45) DEFAULT NULL,
  `Building_Id` varchar(45) DEFAULT NULL,
  `Unit_Id` varchar(45) DEFAULT NULL,
  `Mounth` varchar(45) DEFAULT NULL,
  `Year` varchar(45) DEFAULT NULL,
  `Collection` varchar(45) DEFAULT NULL,
  `RealEstate_Expenses` varchar(45) DEFAULT NULL,
  `Maintenance_Expenses` varchar(45) DEFAULT NULL
) ENGINE=InnoDB DEFAULT CHARSET=utf8mb4;

--
-- Dumping data for table `collection_table`
--

INSERT INTO `collection_table` (`Id`, `Type`, `Ownersip_Id`, `Building_Id`, `Unit_Id`, `Mounth`, `Year`, `Collection`, `RealEstate_Expenses`, `Maintenance_Expenses`) VALUES
(3, NULL, '4', '8', 'إختر رقم الوحدة ....', '12', '2022', '130000', '0', '0'),
(6, NULL, '17', '30', '183', '1', '2023', '5700', NULL, '0'),
(7, NULL, '4', '8', NULL, '9', '2022', '130000', '0', '0'),
(8, NULL, '4', '8', NULL, '10', '2022', '130000', '0', '0'),
(9, NULL, '4', '8', NULL, '11', '2022', '130000', '0', '0'),
(10, NULL, '4', 'إختر اسم البناء ....', '', '1', '2021', NULL, '0', '0'),
(11, NULL, '4', '8', 'إختر رقم الوحدة ....', '1', '2021', NULL, '0', '0'),
(12, NULL, '17', '30', '168', '1', '2023', '3500', NULL, '0'),
(13, NULL, '17', '30', '182', '1', '2023', '5500', NULL, '0'),
(14, NULL, '17', '30', '180', '1', '2023', '3500', NULL, '0'),
(15, NULL, '17', '30', '171', '1', '2023', '3500', NULL, '0'),
(16, NULL, '17', '30', '173', '1', '2023', '4500', NULL, '0'),
(17, NULL, '17', '30', '178', '1', '2023', '4300', NULL, '0'),
(18, NULL, '17', '30', '181', '1', '2023', '4300', NULL, '0'),
(19, NULL, '17', '30', '175', '1', '2023', '4300', NULL, '0'),
(20, NULL, '14', '26', NULL, '9', '2022', '35000', '0', '0'),
(21, NULL, '4', '8', 'إختر رقم الوحدة ....', '1', '2023', '130000', '', '0'),
(22, NULL, '12', '25', NULL, '1', '2023', '89100', NULL, '0'),
(23, NULL, '16', '28', '25', '1', '2023', '47000', NULL, '0'),
(24, NULL, '16', '28', '7', '1', '2023', '4700', NULL, '0'),
(25, NULL, '43', '45', '220', '9', '2020', '96000', NULL, '0'),
(26, NULL, '43', '45', '220', '9', '2021', '96000', '0', '0'),
(27, NULL, '43', '45', '220', '9', '2022', '32000', '0', '0'),
(28, NULL, '43', '45', '220', '1', '2023', '32000', NULL, '0'),
(29, NULL, '16', '28', '6', '8', '2022', '4700', '0', '0'),
(30, NULL, '16', '28', '6', '9', '2022', '4700', '0', '0'),
(31, NULL, '16', '28', '6', '10', '2022', '4700', '0', '0'),
(32, NULL, '16', '28', '6', '11', '2022', '4700', '0', '0'),
(33, NULL, '16', '28', '6', '12', '2022', '4700', '0', '0'),
(34, NULL, '16', '28', '6', '1', '2023', '4700', NULL, '0'),
(35, NULL, '16', '28', '29', '10', '2022', '4700', '0', '0'),
(36, NULL, '16', '28', '29', '11', '2022', '4700', '0', '0'),
(37, NULL, '16', '28', '29', '12', '2022', '4700', '0', '0'),
(38, NULL, '16', '28', '29', '1', '2023', '4700', NULL, '0'),
(39, NULL, '4', '53', NULL, '1', '2023', '40000', NULL, '0'),
(40, NULL, '14', '26', NULL, '10', '2022', '35000', '0', '0'),
(41, NULL, '14', '26', NULL, '11', '2022', '35000', '0', '0'),
(42, NULL, '14', '26', NULL, '12', '2022', '35000', '0', '0'),
(43, NULL, '14', '26', NULL, '1', '2023', '35000', NULL, '0'),
(44, NULL, '17', '29', NULL, '8', '2022', '36850', '0', '0'),
(45, NULL, '17', '29', NULL, '9', '2022', '36850', '0', '0'),
(46, NULL, '17', '29', NULL, '10', '2022', '36850', '0', '0'),
(47, NULL, '17', '29', NULL, '11', '2022', '36850', '0', '0'),
(48, NULL, '17', '29', NULL, '1', '2023', '36850', NULL, '0'),
(49, NULL, '6', '18', NULL, '8', '2022', '10000', '0', '0'),
(50, NULL, '6', '18', NULL, '9', '2022', '10000', '0', '0'),
(51, NULL, '6', '18', NULL, '10', '2022', '10000', '0', '0'),
(52, NULL, '6', '18', NULL, '11', '2022', '10000', '0', '0'),
(53, NULL, '6', '18', NULL, '12', '2022', '10000', '0', '0'),
(54, NULL, '6', '18', NULL, '1', '2023', '10000', NULL, '0'),
(55, NULL, '16', '65', NULL, '1', '2023', '37600', NULL, '0'),
(56, NULL, '18', '66', NULL, '4', '2022', '26000', '0', '0'),
(57, NULL, '18', '66', NULL, '5', '2022', '26000', '0', '0'),
(58, NULL, '18', '66', NULL, '6', '2022', '26000', '0', '0'),
(59, NULL, '18', '66', NULL, '7', '2022', '26000', '0', '0'),
(60, NULL, '18', '66', NULL, '8', '2022', '26000', '0', '0'),
(61, NULL, '18', '66', NULL, '9', '2022', '26000', '0', '0'),
(62, NULL, '18', '66', NULL, '10', '2022', '26000', '0', '0'),
(63, NULL, '18', '66', NULL, '11', '2022', '26000', '0', '0'),
(64, NULL, '18', '66', NULL, '12', '2022', '26000', '0', '0'),
(65, NULL, '18', '66', NULL, '1', '2023', '26000', NULL, '0'),
(66, NULL, '16', '68', NULL, '12', '2022', '14100', '0', '0'),
(67, NULL, '16', '68', NULL, '1', '2023', '14100', NULL, '0'),
(68, NULL, '9', '70', NULL, '12', '2022', '9000', '0', '0'),
(69, NULL, '9', '70', NULL, '1', '2023', '9000', NULL, '0'),
(70, NULL, '17', '71', NULL, '8', '2022', '36580', '0', '0'),
(71, NULL, '17', '71', NULL, '9', '2022', '36580', '0', '0'),
(72, NULL, '17', '71', NULL, '10', '2022', '36580', '0', '0'),
(73, NULL, '17', '71', NULL, '11', '2022', '36580', '0', '0'),
(74, NULL, '17', '71', NULL, '12', '2022', '36580', '0', '0'),
(75, NULL, '17', '71', NULL, '1', '2023', '36580', NULL, '0'),
(76, NULL, '4', '72', NULL, '1', '2023', '40000', NULL, '0'),
(77, NULL, '16', '', '', '1', '2021', NULL, '0', '0'),
(78, NULL, '6', '18', '', '1', '2021', NULL, '0', '0'),
(79, NULL, '6', '11', 'إختر رقم الوحدة ....', '1', '2021', NULL, '0', '0'),
(80, NULL, '6', '18', 'إختر رقم الوحدة ....', '1', '2021', NULL, '0', '0'),
(81, NULL, '15', '27', '144', '1', '2021', NULL, '0', '0'),
(82, NULL, '15', '27', '146', '1', '2021', NULL, '0', '0'),
(83, NULL, '15', '27', '147', '1', '2021', NULL, '0', '0'),
(84, NULL, '16', '28', '14', '1', '2021', NULL, '0', '0'),
(85, NULL, '16', '28', '19', '1', '2021', NULL, '0', '0'),
(86, NULL, '16', '28', '24', '1', '2021', '5000', '0', '0'),
(87, NULL, '16', '28', '30', '1', '2021', NULL, '0', '0'),
(88, NULL, '16', '28', '33', '1', '2021', NULL, '0', '0'),
(89, NULL, '10', '22', '118', '1', '2021', NULL, '0', '0'),
(90, NULL, '10', '22', '121', '1', '2021', NULL, '0', '0'),
(91, NULL, '16', '28', '6', '1', '2021', NULL, '0', '0'),
(92, NULL, '16', '28', '17', '1', '2021', NULL, '0', '0'),
(93, NULL, '16', '28', '23', '1', '2021', '5000', '0', '0'),
(94, NULL, '16', '28', '27', '1', '2021', NULL, '0', '0'),
(95, NULL, '16', '28', '29', '1', '2021', NULL, '0', '0'),
(96, NULL, '10', '22', '118', '2', '2021', NULL, '0', '0'),
(97, NULL, '10', '22', '121', '2', '2021', NULL, '0', '0'),
(98, NULL, '15', '27', '147', '2', '2021', NULL, '0', '0'),
(99, NULL, '16', '28', '7', '2', '2021', '5000', '0', '0'),
(100, NULL, '16', '28', '7', '1', '2021', NULL, '0', '0'),
(101, NULL, '16', '28', '14', '2', '2021', NULL, '0', '0'),
(102, NULL, '16', '28', '17', '2', '2021', NULL, '0', '0'),
(103, NULL, '16', '28', '23', '2', '2021', '5000', '0', '0'),
(104, NULL, '16', '28', '27', '2', '2021', NULL, '0', '0'),
(105, NULL, '16', '28', '29', '2', '2021', NULL, '0', '0'),
(106, NULL, '4', '', '', '2', '2021', NULL, '0', '0'),
(107, NULL, '6', '11', '97', '3', '2021', NULL, '0', '0'),
(108, NULL, '6', '18', '99', '5', '2021', NULL, '0', '0'),
(109, NULL, '8', '', '', '6', '2021', NULL, '0', '0'),
(110, NULL, '8', '', '', '7', '2021', NULL, '0', '0'),
(111, NULL, '9', '', '', '7', '2021', NULL, '0', '0'),
(112, NULL, '9', '', '', '12', '2021', NULL, '0', '0'),
(113, NULL, '10', '22', '121', '12', '2021', NULL, '0', '0'),
(114, NULL, '15', '', '', '6', '2021', NULL, '0', '0'),
(115, NULL, '15', '', '', '10', '2021', NULL, '0', '0'),
(116, NULL, '15', '', '', '12', '2021', NULL, '0', '0'),
(117, NULL, '15', '27', '144', '6', '2021', NULL, '0', '0'),
(118, NULL, '15', '27', '144', '8', '2021', NULL, '0', '0'),
(119, NULL, '15', '27', '146', '8', '2021', NULL, '0', '0'),
(120, NULL, '15', '27', '147', '8', '2021', NULL, '0', '0'),
(121, NULL, '15', '27', '148', '8', '2021', NULL, '0', '0'),
(122, NULL, '16', '', '', '4', '2021', NULL, '0', '0'),
(123, NULL, '16', '', '', '5', '2021', NULL, '0', '0'),
(124, NULL, '16', '', '', '7', '2021', NULL, '0', '0'),
(125, NULL, '16', '', '', '8', '2021', NULL, '0', '0'),
(126, NULL, '16', '', '', '9', '2021', NULL, '0', '0'),
(127, NULL, '16', '', '', '10', '2021', NULL, '0', '0'),
(128, NULL, '16', '28', '3', '3', '2021', '4700', '0', '0'),
(129, NULL, '16', '28', '3', '4', '2021', '4700', '0', '0'),
(130, NULL, '16', '28', '3', '6', '2021', '4700', '0', '0'),
(131, NULL, '16', '28', '3', '7', '2021', '4700', '0', '0'),
(132, NULL, '16', '28', '3', '10', '2021', '4700', '0', '0'),
(133, NULL, '16', '28', '4', '6', '2021', NULL, '0', '0'),
(134, NULL, '16', '28', '4', '8', '2021', NULL, '0', '0'),
(135, NULL, '16', '28', '5', '8', '2021', NULL, '0', '0'),
(136, NULL, '16', '28', '5', '11', '2021', NULL, '0', '0'),
(137, NULL, '16', '28', '6', '4', '2021', NULL, '0', '0'),
(138, NULL, '16', '28', '6', '7', '2021', NULL, '0', '0'),
(139, NULL, '16', '28', '6', '8', '2021', '4700', '0', '0'),
(140, NULL, '16', '28', '7', '4', '2021', '5000', '0', '0'),
(141, NULL, '16', '28', '7', '5', '2021', '5000', '0', '0'),
(142, NULL, '16', '28', '7', '6', '2021', '5000', '0', '0'),
(143, NULL, '16', '28', '7', '8', '2021', '5000', '0', '0'),
(144, NULL, '16', '28', '7', '9', '2021', '5000', '0', '0'),
(145, NULL, '16', '28', '7', '10', '2021', '5000', '0', '0'),
(146, NULL, '16', '28', '7', '11', '2021', '5000', '0', '0'),
(147, NULL, '16', '28', '7', '12', '2021', '5000', '0', '0'),
(148, NULL, '16', '28', '8', '3', '2021', NULL, '0', '0'),
(149, NULL, '16', '28', '8', '7', '2021', NULL, '0', '0'),
(150, NULL, '16', '28', '8', '8', '2021', NULL, '0', '0'),
(151, NULL, '16', '28', '8', '10', '2021', NULL, '0', '0'),
(152, NULL, '16', '28', '10', '3', '2021', NULL, '0', '0'),
(153, NULL, '16', '28', '10', '4', '2021', NULL, '0', '0'),
(154, NULL, '16', '28', '10', '6', '2021', NULL, '0', '0'),
(155, NULL, '16', '28', '10', '8', '2021', NULL, '0', '0'),
(156, NULL, '16', '28', '13', '3', '2021', NULL, '0', '0'),
(157, NULL, '16', '28', '13', '4', '2021', NULL, '0', '0'),
(158, NULL, '16', '28', '13', '12', '2021', NULL, '0', '0'),
(159, NULL, '16', '28', '14', '3', '2021', NULL, '0', '0'),
(160, NULL, '16', '28', '14', '4', '2021', NULL, '0', '0'),
(161, NULL, '16', '28', '14', '5', '2021', NULL, '0', '0'),
(162, NULL, '16', '28', '14', '7', '2021', NULL, '0', '0'),
(163, NULL, '16', '28', '14', '8', '2021', NULL, '0', '0'),
(164, NULL, '16', '28', '14', '12', '2021', NULL, '0', '0'),
(165, NULL, '16', '28', '15', '4', '2021', NULL, '0', '0'),
(166, NULL, '16', '28', '15', '5', '2021', NULL, '0', '0'),
(167, NULL, '16', '28', '15', '9', '2021', NULL, '0', '0'),
(168, NULL, '16', '28', '15', '10', '2021', NULL, '0', '0'),
(169, NULL, '16', '28', '15', '11', '2021', NULL, '0', '0'),
(170, NULL, '16', '28', '16', '4', '2021', '5000', '0', '0'),
(171, NULL, '16', '28', '16', '6', '2021', '5000', '0', '0'),
(172, NULL, '16', '28', '16', '7', '2021', '5000', '0', '0'),
(173, NULL, '16', '28', '16', '8', '2021', '5000', '0', '0'),
(174, NULL, '16', '28', '16', '10', '2021', '5000', '0', '0'),
(175, NULL, '16', '28', '17', '3', '2021', NULL, '0', '0'),
(176, NULL, '16', '28', '17', '5', '2021', NULL, '0', '0'),
(177, NULL, '16', '28', '17', '11', '2021', NULL, '0', '0'),
(178, NULL, '16', '28', '18', '5', '2021', NULL, '0', '0'),
(179, NULL, '16', '28', '18', '6', '2021', NULL, '0', '0'),
(180, NULL, '16', '28', '18', '7', '2021', NULL, '0', '0'),
(181, NULL, '16', '28', '18', '9', '2021', NULL, '0', '0'),
(182, NULL, '16', '28', '18', '10', '2021', NULL, '0', '0'),
(183, NULL, '16', '28', '19', '3', '2021', NULL, '0', '0'),
(184, NULL, '16', '28', '19', '5', '2021', NULL, '0', '0'),
(185, NULL, '16', '28', '19', '8', '2021', NULL, '0', '0'),
(186, NULL, '16', '28', '19', '9', '2021', NULL, '0', '0'),
(187, NULL, '16', '28', '19', '10', '2021', NULL, '0', '0'),
(188, NULL, '16', '28', '20', '9', '2021', '4700', '0', '0'),
(189, NULL, '16', '28', '20', '10', '2021', '4700', '0', '0'),
(190, NULL, '16', '28', '22', '3', '2021', '4700', '0', '0'),
(191, NULL, '16', '28', '22', '4', '2021', '4700', '0', '0'),
(192, NULL, '16', '28', '22', '6', '2021', '4700', '0', '0'),
(193, NULL, '16', '28', '22', '8', '2021', '4700', '0', '0'),
(194, NULL, '16', '28', '22', '11', '2021', '4700', '0', '0'),
(195, NULL, '16', '28', '23', '3', '2021', '5000', '0', '0'),
(196, NULL, '16', '28', '23', '4', '2021', '5000', '0', '0'),
(197, NULL, '16', '28', '23', '5', '2021', NULL, '0', '0'),
(198, NULL, '16', '28', '23', '12', '2021', '13950', '0', '0'),
(199, NULL, '16', '28', '24', '3', '2021', '5000', '0', '0'),
(200, NULL, '16', '28', '24', '5', '2021', '5000', '0', '0'),
(201, NULL, '16', '28', '24', '6', '2021', '5000', '0', '0'),
(202, NULL, '16', '28', '24', '7', '2021', '5000', '0', '0'),
(203, NULL, '16', '28', '24', '11', '2021', '4700', '0', '0'),
(204, NULL, '16', '28', '25', '4', '2021', NULL, '0', '0'),
(205, NULL, '16', '28', '25', '6', '2021', NULL, '0', '0'),
(206, NULL, '16', '28', '25', '8', '2021', NULL, '0', '0'),
(207, NULL, '16', '28', '25', '10', '2021', NULL, '0', '0'),
(208, NULL, '16', '28', '25', '11', '2021', NULL, '0', '0'),
(209, NULL, '16', '28', '26', '6', '2021', NULL, '0', '0'),
(210, NULL, '16', '28', '26', '8', '2021', NULL, '0', '0'),
(211, NULL, '16', '28', '26', '9', '2021', NULL, '0', '0'),
(212, NULL, '16', '28', '26', '10', '2021', NULL, '0', '0'),
(213, NULL, '16', '28', '27', '4', '2021', NULL, '0', '0'),
(214, NULL, '16', '28', '27', '6', '2021', NULL, '0', '0'),
(215, NULL, '16', '28', '27', '7', '2021', NULL, '0', '0'),
(216, NULL, '16', '28', '27', '8', '2021', NULL, '0', '0'),
(217, NULL, '16', '28', '28', '3', '2021', NULL, '0', '0'),
(218, NULL, '16', '28', '28', '10', '2021', NULL, '0', '0'),
(219, NULL, '16', '28', '28', '12', '2021', NULL, '0', '0'),
(220, NULL, '16', '28', '29', '3', '2021', NULL, '0', '0'),
(221, NULL, '16', '28', '29', '6', '2021', NULL, '0', '0'),
(222, NULL, '16', '28', '29', '7', '2021', NULL, '0', '0'),
(223, NULL, '16', '28', '29', '9', '2021', NULL, '0', '0'),
(224, NULL, '16', '28', '29', '11', '2021', NULL, '0', '0'),
(225, NULL, '16', '28', '29', '12', '2021', NULL, '0', '0'),
(226, NULL, '16', '28', '30', '7', '2021', NULL, '0', '0'),
(227, NULL, '16', '28', '30', '8', '2021', NULL, '0', '0'),
(228, NULL, '16', '28', '30', '10', '2021', NULL, '0', '0'),
(229, NULL, '16', '28', '31', '3', '2021', NULL, '0', '0'),
(230, NULL, '16', '28', '31', '5', '2021', NULL, '0', '0'),
(231, NULL, '16', '28', '31', '6', '2021', NULL, '0', '0'),
(232, NULL, '16', '28', '31', '10', '2021', NULL, '0', '0'),
(233, NULL, '16', '28', '31', '11', '2021', NULL, '0', '0'),
(234, NULL, '16', '28', '34', '5', '2021', NULL, '0', '0'),
(235, NULL, '16', '28', '34', '6', '2021', NULL, '0', '0'),
(236, NULL, '16', '28', '34', '12', '2021', NULL, '0', '0'),
(237, NULL, '16', '28', '32', '6', '2021', NULL, '0', '0'),
(238, NULL, '16', '28', '32', '10', '2021', NULL, '0', '0'),
(239, NULL, '16', '28', '33', '9', '2021', NULL, '0', '0'),
(240, NULL, '16', '28', '33', '10', '2021', NULL, '0', '0'),
(241, NULL, '17', '', '', '6', '2021', NULL, '0', '0'),
(242, NULL, '17', '', '', '10', '2021', NULL, '0', '0'),
(243, NULL, '17', '', '', '11', '2021', NULL, '0', '0'),
(244, NULL, '17', '', '', '12', '2021', NULL, '0', '0'),
(245, NULL, '17', '29', '150', '5', '2021', NULL, '0', '0'),
(246, NULL, '17', '29', '151', '6', '2021', NULL, '0', '0'),
(247, NULL, '17', '29', '152', '4', '2021', NULL, '0', '0'),
(248, NULL, '17', '29', '153', '4', '2021', NULL, '0', '0'),
(249, NULL, '17', '29', '154', '4', '2021', NULL, '0', '0'),
(250, NULL, '17', '29', '155', '4', '2021', NULL, '0', '0'),
(251, NULL, '17', '29', '156', '4', '2021', NULL, '0', '0'),
(252, NULL, '17', '29', '157', '4', '2021', NULL, '0', '0'),
(253, NULL, '17', '29', '158', '4', '2021', NULL, '0', '0'),
(254, NULL, '17', '29', '160', '4', '2021', NULL, '0', '0'),
(255, NULL, '17', '29', '162', '4', '2021', NULL, '0', '0'),
(256, NULL, '17', '29', '162', '6', '2021', NULL, '0', '0'),
(257, NULL, '17', '29', '162', '8', '2021', NULL, '0', '0'),
(258, NULL, '17', '29', '162', '9', '2021', NULL, '0', '0'),
(259, NULL, '17', '29', '166', '8', '2021', NULL, '0', '0'),
(260, NULL, '17', '29', '163', '4', '2021', NULL, '0', '0'),
(261, NULL, '17', '29', '163', '7', '2021', NULL, '0', '0'),
(262, NULL, '17', '29', '163', '8', '2021', NULL, '0', '0'),
(263, NULL, '19', '32', '188', '6', '2021', NULL, '0', '0'),
(264, NULL, '26', '59', '258', '4', '2021', NULL, '0', '0'),
(265, NULL, '26', '59', '258', '6', '2021', NULL, '0', '0'),
(266, NULL, '26', '59', '258', '12', '2021', NULL, '0', '0'),
(267, NULL, '26', '60', 'إختر رقم الوحدة ....', '6', '2021', NULL, '0', '0'),
(268, NULL, '35', '42', '217', '5', '2021', NULL, '0', '0'),
(269, NULL, '35', '42', '217', '10', '2021', NULL, '0', '0'),
(270, NULL, '37', '51', '232', '10', '2021', NULL, '0', '0'),
(271, NULL, '37', '51', '233', '10', '2021', NULL, '0', '0'),
(272, NULL, '37', '51', '233', '12', '2021', NULL, '0', '0'),
(273, NULL, '37', '51', '234', '12', '2021', NULL, '0', '0'),
(274, NULL, '4', '', '', '4', '2021', NULL, '0', '0'),
(275, NULL, '4', '', '', '9', '2021', NULL, '0', '0'),
(276, NULL, '4', '', '', '12', '2021', NULL, '0', '0'),
(277, NULL, '6', '18', '102', '6', '2022', NULL, '0', '0'),
(278, NULL, '8', '', '', '3', '2022', NULL, '0', '0'),
(279, NULL, '8', '', '', '4', '2022', NULL, '0', '0'),
(280, NULL, '8', '', '', '5', '2022', NULL, '0', '0'),
(281, NULL, '8', '', '', '6', '2022', NULL, '0', '0'),
(282, NULL, '8', '', '', '7', '2022', NULL, '0', '0'),
(283, NULL, '8', '', '', '8', '2022', NULL, '0', '0'),
(284, NULL, '8', '', '', '9', '2022', NULL, '0', '0'),
(285, NULL, '11', '', '', '5', '2022', NULL, '0', '0'),
(286, NULL, '11', '23', '124', '4', '2022', NULL, '0', '0'),
(287, NULL, '12', '', '', '2', '2022', NULL, '0', '0'),
(288, NULL, '12', '', '', '5', '2022', NULL, '0', '0'),
(289, NULL, '12', '', '', '6', '2022', NULL, '0', '0'),
(290, NULL, '12', '', '', '7', '2022', NULL, '0', '0'),
(291, NULL, '12', '', '', '9', '2022', NULL, '0', '0'),
(292, NULL, '15', '', '', '2', '2022', NULL, '0', '0'),
(293, NULL, '15', '', '', '5', '2022', NULL, '0', '0'),
(294, NULL, '15', '', '', '6', '2022', NULL, '0', '0'),
(295, NULL, '15', '', '', '8', '2022', NULL, '0', '0'),
(296, NULL, '15', '27', '145', '8', '2022', NULL, '0', '0'),
(297, NULL, '15', '27', '146', '5', '2022', NULL, '0', '0'),
(298, NULL, '16', '', '', '1', '2022', NULL, '0', '0'),
(299, NULL, '16', '', '', '2', '2022', NULL, '0', '0'),
(300, NULL, '16', '', '', '3', '2022', NULL, '0', '0'),
(301, NULL, '16', '', '', '5', '2022', NULL, '0', '0'),
(302, NULL, '16', '', '', '7', '2022', NULL, '0', '0'),
(303, NULL, '16', '28', '3', '8', '2022', NULL, '0', '0'),
(304, NULL, '16', '28', '3', '4', '2022', '4700', '0', '0'),
(305, NULL, '16', '28', '3', '5', '2022', NULL, '0', '0'),
(306, NULL, '16', '28', '4', '1', '2022', NULL, '0', '0'),
(307, NULL, '16', '28', '5', '8', '2022', NULL, '0', '0'),
(308, NULL, '16', '28', '6', '4', '2022', '4700', '0', '0'),
(309, NULL, '16', '28', '6', '5', '2022', '4700', '0', '0'),
(310, NULL, '16', '28', '7', '4', '2022', '4700', '0', '0'),
(311, NULL, '16', '28', '7', '7', '2022', '4700', '0', '0'),
(312, NULL, '16', '28', '7', '8', '2022', '4700', '0', '0'),
(313, NULL, '16', '28', '8', '1', '2022', NULL, '0', '0'),
(314, NULL, '16', '28', '8', '3', '2022', NULL, '0', '0'),
(315, NULL, '16', '28', '8', '4', '2022', NULL, '0', '0'),
(316, NULL, '16', '28', '8', '5', '2022', NULL, '0', '0'),
(317, NULL, '16', '28', '8', '7', '2022', NULL, '0', '0'),
(318, NULL, '16', '28', '8', '8', '2022', NULL, '0', '0'),
(319, NULL, '16', '28', '9', '8', '2022', NULL, '0', '0'),
(320, NULL, '16', '28', '10', '3', '2022', NULL, '0', '0'),
(321, NULL, '16', '28', '10', '7', '2022', NULL, '0', '0'),
(322, NULL, '16', '28', '10', '8', '2022', NULL, '0', '0'),
(323, NULL, '16', '28', '14', '8', '2022', NULL, '0', '0'),
(324, NULL, '16', '28', '15', '5', '2022', NULL, '0', '0'),
(325, NULL, '16', '28', '15', '7', '2022', NULL, '0', '0'),
(326, NULL, '16', '28', '16', '3', '2022', NULL, '0', '0'),
(327, NULL, '16', '28', '16', '4', '2022', NULL, '0', '0'),
(328, NULL, '16', '28', '17', '4', '2022', NULL, '0', '0'),
(329, NULL, '16', '28', '17', '8', '2022', NULL, '0', '0'),
(330, NULL, '16', '28', '18', '8', '2022', NULL, '0', '0'),
(331, NULL, '16', '28', '19', '8', '2022', NULL, '0', '0'),
(332, NULL, '16', '28', '20', '3', '2022', '4700', '0', '0'),
(333, NULL, '16', '28', '20', '7', '2022', '4700', '0', '0'),
(334, NULL, '16', '28', '22', '3', '2022', NULL, '0', '0'),
(335, NULL, '16', '28', '22', '8', '2022', NULL, '0', '0'),
(336, NULL, '16', '28', '23', '5', '2022', '4700', '0', '0'),
(337, NULL, '16', '28', '24', '3', '2022', '4700', '0', '0'),
(338, NULL, '16', '28', '24', '7', '2022', '4700', '0', '0'),
(339, NULL, '16', '28', '24', '8', '2022', '4700', '0', '0'),
(340, NULL, '16', '28', '25', '1', '2022', NULL, '0', '0'),
(341, NULL, '16', '28', '25', '5', '2022', NULL, '0', '0'),
(342, NULL, '16', '28', '25', '7', '2022', NULL, '0', '0'),
(343, NULL, '16', '28', '25', '8', '2022', NULL, '0', '0'),
(344, NULL, '16', '28', '26', '3', '2022', NULL, '0', '0'),
(345, NULL, '16', '28', '26', '5', '2022', NULL, '0', '0'),
(346, NULL, '16', '28', '26', '6', '2022', NULL, '0', '0'),
(347, NULL, '16', '28', '26', '8', '2022', NULL, '0', '0'),
(348, NULL, '16', '28', '27', '4', '2022', NULL, '0', '0'),
(349, NULL, '16', '28', '28', '3', '2022', NULL, '0', '0'),
(350, NULL, '16', '28', '28', '5', '2022', NULL, '0', '0'),
(351, NULL, '16', '28', '29', '3', '2022', NULL, '0', '0'),
(352, NULL, '16', '28', '29', '8', '2022', NULL, '0', '0'),
(353, NULL, '16', '28', '30', '5', '2022', NULL, '0', '0'),
(354, NULL, '16', '28', '30', '7', '2022', NULL, '0', '0'),
(355, NULL, '16', '28', '30', '8', '2022', NULL, '0', '0'),
(356, NULL, '16', '28', '31', '7', '2022', NULL, '0', '0'),
(357, NULL, '16', '28', '32', '5', '2022', NULL, '0', '0'),
(358, NULL, '16', '28', '33', '3', '2022', NULL, '0', '0'),
(359, NULL, '16', '28', '33', '4', '2022', NULL, '0', '0'),
(360, NULL, '16', '28', '34', '5', '2022', NULL, '0', '0'),
(361, NULL, '17', '29', '162', '1', '2022', NULL, '0', '0'),
(362, NULL, '17', '29', '162', '3', '2022', NULL, '0', '0'),
(363, NULL, '17', '29', '162', '5', '2022', NULL, '0', '0'),
(364, NULL, '17', '29', '162', '6', '2022', NULL, '0', '0'),
(365, NULL, '17', '29', '162', '8', '2022', NULL, '0', '0'),
(366, NULL, '17', '29', '150', '1', '2022', NULL, '0', '0'),
(367, NULL, '17', '29', '152', '6', '2022', NULL, '0', '0'),
(368, NULL, '17', '29', '163', '5', '2022', NULL, '0', '0'),
(369, NULL, '17', '30', 'إختر رقم الوحدة ....', '8', '2022', NULL, '0', '0'),
(370, NULL, '35', '42', '217', '2', '2022', NULL, '0', '0'),
(371, NULL, '35', '42', '217', '6', '2022', NULL, '0', '0'),
(372, NULL, '35', '42', '217', '7', '2022', NULL, '0', '0'),
(373, NULL, '37', '51', '233', '5', '2022', NULL, '0', '0'),
(374, NULL, '37', '51', '233', '6', '2022', NULL, '0', '0'),
(375, NULL, '37', '51', '234', '2', '2022', NULL, '0', '0'),
(376, NULL, '4', '', '', '1', '2022', NULL, '0', '0'),
(377, NULL, '4', '', '', '3', '2022', NULL, '0', '0'),
(378, NULL, '4', '', '', '5', '2022', NULL, '0', '0'),
(379, NULL, '4', '', '', '7', '2022', NULL, '0', '0'),
(380, NULL, '15', '', '', '10', '2022', NULL, '0', '0'),
(381, NULL, '11', '', '', '10', '2022', NULL, '0', '0'),
(382, NULL, '8', '', '', '10', '2022', NULL, '0', '0'),
(383, NULL, '15', '27', '149', '10', '2022', NULL, '0', '0'),
(384, NULL, '12', '', '', '10', '2022', NULL, '0', '0'),
(385, NULL, '13', '', '', '10', '2022', NULL, '0', '0'),
(386, NULL, '22', '', '', '10', '2022', NULL, '0', '0'),
(387, NULL, '16', '28', '25', '10', '2022', NULL, '0', '0'),
(388, NULL, '16', '28', '14', '10', '2022', NULL, '0', '0'),
(389, NULL, '16', '28', '16', '10', '2022', NULL, '0', '0'),
(390, NULL, '38', '47', '226', '10', '2022', NULL, '0', '0'),
(391, NULL, '16', '28', '20', '10', '2022', NULL, '0', '0'),
(392, NULL, '16', '28', '8', '10', '2022', NULL, '0', '0'),
(393, NULL, '16', '28', '26', '10', '2022', NULL, '0', '0'),
(394, NULL, '16', '28', '10', '10', '2022', NULL, '0', '0'),
(395, NULL, '16', '28', '23', '10', '2022', NULL, '0', '0'),
(396, NULL, '16', '28', '7', '10', '2022', '4700', '0', '0'),
(397, NULL, '16', '28', '4', '11', '2022', '4700', '0', '0'),
(398, NULL, '16', '28', '27', '11', '2022', NULL, '0', '0'),
(399, NULL, '16', '28', '7', '11', '2022', '4700', '0', '0'),
(400, NULL, '16', '28', '16', '11', '2022', NULL, '0', '0'),
(401, NULL, '8', '', '', '11', '2022', NULL, '0', '0'),
(402, NULL, '16', '28', '22', '11', '2022', NULL, '0', '0'),
(403, NULL, '22', '', '', '11', '2022', NULL, '0', '0'),
(404, NULL, '12', '', '', '11', '2022', NULL, '0', '0'),
(405, NULL, '13', '', '', '11', '2022', NULL, '0', '0'),
(406, NULL, '15', '', '', '11', '2022', NULL, '0', '0'),
(407, NULL, '11', '', '', '11', '2022', NULL, '0', '0'),
(408, NULL, '10', '22', '121', '11', '2022', NULL, '0', '0'),
(409, NULL, '13', '', '', '12', '2022', NULL, '0', '0'),
(410, NULL, '12', '', '', '12', '2022', NULL, '0', '0'),
(411, NULL, '22', '', '', '12', '2022', NULL, '0', '0'),
(412, NULL, '8', '', '', '12', '2022', NULL, '0', '0'),
(413, NULL, '16', '28', '15', '12', '2022', NULL, '0', '0'),
(414, NULL, '17', '29', '163', '12', '2022', NULL, '0', '0'),
(415, NULL, '11', '', '', '12', '2022', NULL, '0', '0'),
(416, NULL, '8', '', '', '10', '2021', NULL, '0', '0'),
(417, NULL, '8', '', '', '12', '2021', NULL, '0', '0'),
(418, NULL, '12', '', '', '9', '2021', NULL, '0', '0'),
(419, NULL, '12', '', '', '12', '2021', NULL, '0', '0'),
(420, NULL, '8', '', '', '2', '2021', NULL, '0', '0'),
(421, NULL, '12', '', '', '2', '2021', NULL, '0', '0'),
(422, NULL, '13', '', '', '2', '2021', NULL, '0', '0'),
(423, NULL, '22', '', '', '2', '2021', NULL, '0', '0'),
(424, NULL, '8', '', '', '11', '2021', NULL, '0', '0'),
(425, NULL, '8', '', '', '3', '2021', NULL, '0', '0'),
(426, NULL, '12', '', '', '1', '2021', NULL, '0', '0'),
(427, NULL, '22', '', '', '1', '2021', NULL, '0', '0'),
(428, NULL, '13', '', '', '3', '2022', NULL, '0', '0'),
(429, NULL, '13', '', '', '5', '2022', NULL, '0', '0'),
(430, NULL, '13', '', '', '6', '2022', NULL, '0', '0'),
(431, NULL, '13', '', '', '7', '2022', NULL, '0', '0'),
(432, NULL, '13', '', '', '8', '2022', NULL, '0', '0'),
(433, NULL, '13', '', '', '9', '2022', NULL, '0', '0'),
(434, NULL, '17', '30', '183', '2', '2023', '5,700', NULL, '0'),
(435, NULL, '12', '25', '125', '3', '2023', '88888', NULL, '0'),
(436, NULL, '17', '30', '183', '3', '2023', '5,700', NULL, '0'),
(437, NULL, '17', '30', '168', '2', '2023', '3,500', NULL, '0'),
(438, NULL, '17', '30', '168', '3', '2023', '3,500', NULL, '0'),
(439, NULL, '17', '30', '182', '2', '2023', '5,500', NULL, '0'),
(440, NULL, '17', '30', '182', '3', '2023', '5,500', NULL, '0'),
(441, NULL, '17', '30', '180', '2', '2023', '3,500', NULL, '0'),
(442, NULL, '17', '30', '180', '3', '2023', '3,500', NULL, '0'),
(443, NULL, '17', '30', '171', '2', '2023', '3,400', NULL, '0'),
(444, NULL, '17', '30', '171', '3', '2023', '3,400', NULL, '0'),
(445, NULL, '17', '30', '173', '2', '2023', '4,500', NULL, '0'),
(446, NULL, '17', '30', '173', '3', '2023', '4,500', NULL, '0'),
(447, NULL, '17', '30', '178', '2', '2023', '4,300', NULL, '0'),
(448, NULL, '17', '30', '178', '3', '2023', '4,300', NULL, '0'),
(449, NULL, '17', '30', '175', '2', '2023', '4,300', NULL, '0'),
(450, NULL, '17', '30', '175', '3', '2023', '4,300', NULL, '0'),
(451, NULL, '17', '30', '169', '2', '2023', '4,500', NULL, '0'),
(452, NULL, '17', '30', '169', '3', '2023', '4,500', NULL, '0'),
(453, NULL, '17', '30', '181', '2', '2023', '4,300', NULL, '0'),
(454, NULL, '17', '30', '181', '3', '2023', '4,300', NULL, '0'),
(455, NULL, '17', '30', '172', '2', '2023', '4,500', NULL, '0'),
(456, NULL, '17', '30', '172', '3', '2023', '4,500', NULL, '0'),
(457, NULL, '16', '28', '25', '2', '2023', '4,700', NULL, '0'),
(458, NULL, '16', '28', '25', '3', '2023', '4,700', NULL, '0'),
(459, NULL, '16', '28', '7', '2', '2023', '4,700', NULL, '0'),
(460, NULL, '16', '28', '7', '3', '2023', '4,700', NULL, '0'),
(461, NULL, '17', '30', '176', '2', '2023', '4,300', NULL, '0'),
(462, NULL, '17', '30', '176', '3', '2023', '4,300', NULL, '0'),
(463, NULL, '17', '30', '177', '2', '2023', '3,300', NULL, '0'),
(464, NULL, '17', '30', '177', '3', '2023', '3,300', NULL, '0'),
(465, NULL, '22', '35', '201', '2', '2023', '10,000', NULL, '0'),
(466, NULL, '22', '35', '201', '3', '2023', '10,000', NULL, '0'),
(467, NULL, '22', '35', '202', '12', '2022', '13,000', '0', '0'),
(468, NULL, '22', '35', '202', '1', '2023', '118800', NULL, '0'),
(469, NULL, '16', '28', '6', '2', '2023', '4,700', NULL, '0'),
(470, NULL, '16', '28', '6', '3', '2023', '4,700', NULL, '0'),
(471, NULL, '22', '35', '202', '2', '2023', '10,000', NULL, '0'),
(472, NULL, '22', '35', '202', '3', '2023', '10,000', NULL, '0'),
(473, NULL, '25', '38', '212', '2', '2023', '7,500', NULL, '0'),
(474, NULL, '25', '38', '212', '3', '2023', '7,500', NULL, '0'),
(479, NULL, '17', '30', '174', '1', '2023', '3500', NULL, '0'),
(480, NULL, '17', '30', '174', '2', '2023', '3500', NULL, '0'),
(481, NULL, '17', '30', '174', '3', '2023', '3500', NULL, '0'),
(482, NULL, '48', '83', '455', '1', '2020', '79000', NULL, '0'),
(483, NULL, '48', '83', '455', '7', '2020', '79000', NULL, '0'),
(484, NULL, '48', '83', '455', '1', '2021', '79000', '0', '0'),
(485, NULL, '48', '83', '455', '7', '2021', '79000', '0', '0'),
(486, NULL, '48', '83', '455', '1', '2022', '79000', '0', '0'),
(487, NULL, '48', '83', '455', '7', '2022', '79000', '0', '0'),
(488, NULL, '38', '47', '226', '1', '2020', '48000', NULL, '0'),
(489, NULL, '15', '27', '148', '1', '2021', '2800', '0', '0'),
(490, NULL, '15', '27', '5', '2', '2021', '2500', '0', '0'),
(491, NULL, '15', '27', '5', '1', '2021', '2500', '0', '0'),
(492, NULL, '15', '27', '5', '3', '2021', '2500', '0', '0'),
(493, NULL, '15', '27', '5', '6', '2021', '2500', '0', '0'),
(494, NULL, '15', '27', '5', '7', '2021', '2500', '0', '0'),
(495, NULL, '15', '27', '5', '8', '2021', '2500', '0', '0'),
(496, NULL, '15', '27', '5', '9', '2021', '2500', '0', '0'),
(497, NULL, '15', '27', '5', '10', '2021', '2500', '0', '0'),
(498, NULL, '15', '27', '5', '11', '2021', '2500', '0', '0'),
(499, NULL, '15', '27', '5', '12', '2021', '2500', '0', '0'),
(500, NULL, '15', '27', '5', '1', '2022', '2500', '0', '0'),
(501, NULL, '15', '27', '5', '2', '2022', '2500', '0', '0'),
(502, NULL, '15', '27', '5', '3', '2022', '2500', '0', '0'),
(503, NULL, '15', '27', '5', '4', '2022', '2500', '0', '0'),
(504, NULL, '15', '27', '5', '5', '2022', '2500', '0', '0'),
(505, NULL, '15', '27', '5', '6', '2022', '2500', '0', '0'),
(506, NULL, '15', '27', '5', '7', '2022', '2500', '0', '0'),
(507, NULL, '17', '30', '17', '4', '2023', '5700', NULL, '0'),
(508, NULL, '17', '30', '2', '4', '2023', '3500', NULL, '0'),
(509, NULL, '17', '30', '16', '4', '2023', '5500', NULL, '0'),
(510, NULL, '17', '30', '14', '4', '2023', '3500', NULL, '0'),
(511, NULL, '17', '30', '7', '4', '2023', '4500', NULL, '0'),
(512, NULL, '17', '30', '5', '4', '2023', '3400', NULL, '0'),
(513, NULL, '17', '30', '12', '4', '2023', '4300', NULL, '0'),
(514, NULL, '17', '30', '9', '4', '2023', '4300', NULL, '0'),
(515, NULL, '17', '30', '3', '4', '2023', '4500', NULL, '0'),
(516, NULL, '38', '47', '1', '7', '2020', '48000', NULL, '0'),
(517, NULL, '38', '47', '1', '1', '2021', '48000', '0', '0'),
(518, NULL, '38', '47', '1', '7', '2021', '48000', '0', '0'),
(519, NULL, '38', '47', '1', '1', '2022', '48000', '0', '0'),
(520, NULL, '38', '47', '1', '7', '2022', '48000', '0', '0'),
(521, NULL, '21', '34', '47', '1', '2020', '66000', NULL, '0'),
(522, NULL, '21', '34', '47', '7', '2020', '66000', NULL, '0'),
(523, NULL, '21', '34', '47', '1', '2021', '66000', '0', '0'),
(524, NULL, '21', '34', '47', '7', '2021', '66000', '0', '0'),
(525, NULL, '21', '34', '47', '1', '2022', '66000', '0', '0'),
(526, NULL, '21', '34', '47', '7', '2022', '66000', '0', '0'),
(527, NULL, '20', '33', '2', '1', '2020', '69000', NULL, '0'),
(528, NULL, '20', '33', '2', '7', '2020', '69000', NULL, '0'),
(529, NULL, '20', '33', '2', '1', '2021', '69000', '0', '0'),
(530, NULL, '20', '33', '2', '7', '2021', '69000', '0', '0'),
(531, NULL, '20', '33', '2', '1', '2022', '69000', '0', '0'),
(532, NULL, '20', '33', '2', '7', '2022', '69000', '0', '0'),
(533, NULL, '47', '82', '1', '1', '2020', '79200', NULL, '0'),
(534, NULL, '47', '82', '1', '7', '2020', '79200', NULL, '0'),
(535, NULL, '47', '82', '1', '1', '2021', '79200', '0', '0'),
(536, NULL, '47', '82', '1', '7', '2021', '79200', '0', '0'),
(537, NULL, '47', '82', '1', '1', '2022', '79200', '0', '0'),
(538, NULL, '47', '82', '1', '7', '2022', '79200', '0', '0'),
(539, NULL, '17', '30', '8', '4', '2023', '3500', NULL, '0'),
(540, NULL, '16', '28', '18', '7', '2020', '36000', NULL, '0'),
(541, NULL, '16', '28', '18', '12', '2020', '36000', NULL, '0'),
(542, NULL, '12', '25', NULL, '8', '2021', '148500', '0', '0'),
(543, NULL, '12', '25', NULL, '1', '2022', '178200', '0', '0'),
(544, NULL, '12', '25', NULL, '7', '2022', '178200', '0', '0'),
(545, NULL, '12', '25', NULL, '4', '2023', '89100', NULL, '0'),
(546, NULL, '13', '52', NULL, '8', '2021', '372000', '0', '0'),
(547, NULL, '13', '52', NULL, '1', '2022', '446400', '0', '0'),
(548, NULL, '13', '52', NULL, '7', '2022', '446400', '0', '0'),
(549, NULL, '13', '52', NULL, '1', '2023', '223200', NULL, '0'),
(550, NULL, '13', '52', NULL, '4', '2023', '223200', NULL, '0'),
(551, NULL, '8', '19', NULL, '8', '2021', '402000', '0', '0'),
(552, NULL, '8', '19', NULL, '1', '2022', '482400', '0', '0'),
(553, NULL, '8', '19', NULL, '7', '2022', '482400', '0', '0'),
(554, NULL, '8', '19', NULL, '1', '2023', '241200', NULL, '0'),
(555, NULL, '8', '19', NULL, '4', '2023', '241200', NULL, '0'),
(556, NULL, '45', '76', '1', '1', '2023', '45000', NULL, '0'),
(557, NULL, '45', '76', '1', '4', '2023', '45000', NULL, '0'),
(558, NULL, '48', '83', '1', '1', '2023', '39600', NULL, '0'),
(559, NULL, '48', '83', '1', '4', '2023', '39600', NULL, '0'),
(560, NULL, '17', '29', '13', '1', '2021', '3000', '0', '0'),
(561, NULL, '17', '29', '13', '2', '2021', '3000', '0', '0'),
(562, NULL, '17', '29', '13', '3', '2021', '3000', '0', '0'),
(563, NULL, '17', '29', '13', '4', '2021', '3000', '0', '0'),
(564, NULL, '17', '29', '13', '5', '2021', '3000', '0', '0'),
(565, NULL, '17', '29', '13', '6', '2021', '3000', '0', '0'),
(566, NULL, '17', '29', '13', '7', '2021', '3000', '0', '0'),
(567, NULL, '17', '29', '13', '8', '2021', '3000', '0', '0'),
(568, NULL, '17', '29', '13', '9', '2021', '3000', '0', '0'),
(569, NULL, '17', '29', '13', '10', '2021', '3000', '0', '0'),
(570, NULL, '17', '29', '13', '11', '2021', '3000', '0', '0'),
(571, NULL, '17', '29', '13', '12', '2021', '3000', '0', '0'),
(572, NULL, '17', '29', '13', '1', '2022', '3000', '0', '0'),
(573, NULL, '17', '29', '13', '2', '2022', '3000', '0', '0'),
(574, NULL, '17', '29', '13', '3', '2022', '3000', '0', '0'),
(575, NULL, '17', '29', '13', '4', '2022', '3000', '0', '0'),
(576, NULL, '17', '29', '13', '5', '2022', '3000', '0', '0'),
(577, NULL, '17', '29', '13', '6', '2022', '3000', '0', '0'),
(578, NULL, '17', '29', '13', '7', '2022', '3000', '0', '0'),
(579, NULL, '25', '38', '3', '7', '2019', '120000', NULL, NULL),
(580, NULL, '16', '28', '5', '3', '2020', '5500', NULL, '0'),
(581, NULL, '16', '28', '5', '4', '2020', '5500', NULL, '0'),
(582, NULL, '16', '28', '5', '5', '2020', '5500', NULL, '0'),
(583, NULL, '16', '28', '5', '6', '2020', '5000', NULL, '0'),
(584, NULL, '16', '28', '5', '7', '2020', '5000', NULL, '0'),
(585, NULL, '16', '28', '5', '8', '2020', '5000', NULL, '0'),
(586, NULL, '16', '28', '5', '9', '2020', '5000', NULL, '0'),
(587, NULL, '16', '28', '5', '10', '2020', '5000', NULL, '0'),
(588, NULL, '16', '28', '5', '11', '2020', '5000', NULL, '0'),
(589, NULL, '16', '28', '5', '12', '2020', '5000', NULL, '0'),
(590, NULL, '16', '28', '5', '1', '2021', '5000', '0', '0'),
(591, NULL, '16', '28', '5', '2', '2021', '5000', '0', '0'),
(592, NULL, '16', '28', '6', '9', '2021', '4700', '0', '0'),
(593, NULL, '16', '28', '6', '10', '2021', '4700', '0', '0'),
(594, NULL, '16', '28', '6', '11', '2021', '4700', '0', '0'),
(595, NULL, '16', '28', '6', '12', '2021', '4700', '0', '0'),
(596, NULL, '16', '28', '6', '1', '2022', '4700', '0', '0'),
(597, NULL, '16', '28', '6', '2', '2022', '4700', '0', '0'),
(598, NULL, '16', '28', '6', '3', '2022', '4700', '0', '0'),
(599, NULL, '16', '28', '6', '6', '2022', '4700', '0', '0'),
(600, NULL, '16', '28', '7', '3', '2021', '5000', '0', '0'),
(601, NULL, '16', '28', '7', '7', '2021', '5000', '0', '0'),
(602, NULL, '16', '28', '7', '1', '2022', '5000', '0', '0'),
(603, NULL, '16', '28', '4', '6', '2020', '5000', NULL, '0'),
(604, NULL, '16', '28', '4', '7', '2020', '5000', NULL, '0'),
(605, NULL, '16', '28', '4', '9', '2020', '5000', NULL, '0'),
(606, NULL, '16', '28', '4', '10', '2020', '5000', NULL, '0'),
(607, NULL, '16', '28', '4', '11', '2020', '5000', NULL, '0'),
(608, NULL, '16', '28', '4', '12', '2020', '5000', NULL, '0'),
(609, NULL, '16', '28', '4', '1', '2021', '5000', '0', '0'),
(610, NULL, '16', '28', '4', '2', '2021', '5000', '0', '0'),
(611, NULL, '16', '28', '4', '3', '2021', '5000', '0', '0'),
(612, NULL, '16', '28', '4', '4', '2021', '5000', '0', '0'),
(613, NULL, '16', '28', '4', '5', '2021', '5000', '0', '0'),
(614, NULL, '16', '28', '4', '8', '2020', '5000', NULL, '0'),
(615, NULL, '16', '28', '7', '2', '2022', '4700', '0', '0'),
(616, NULL, '16', '28', '7', '3', '2022', '4700', '0', '0'),
(617, NULL, '16', '28', '7', '5', '2022', '4700', '0', '0'),
(618, NULL, '16', '28', '7', '6', '2022', '4700', '0', '0'),
(619, NULL, '16', '28', '7', '9', '2022', '4700', '0', '0'),
(620, NULL, '16', '28', '7', '12', '2022', '4700', '0', '0'),
(621, NULL, '16', '28', '9', '4', '2021', '4700', '0', '0'),
(622, NULL, '16', '28', '9', '5', '2021', '4700', '0', '0'),
(623, NULL, '16', '28', '9', '6', '2021', '4700', '0', '0'),
(624, NULL, '16', '28', '9', '7', '2021', '4700', '0', '0'),
(625, NULL, '16', '28', '9', '8', '2021', '4700', '0', '0'),
(626, NULL, '16', '28', '9', '9', '2021', '4700', '0', '0'),
(627, NULL, '16', '28', '9', '10', '2021', '4700', '0', '0'),
(628, NULL, '16', '28', '9', '11', '2021', '4700', '0', '0'),
(629, NULL, '16', '28', '9', '12', '2021', '4700', '0', '0'),
(630, NULL, '16', '28', '9', '1', '2022', '4700', '0', '0'),
(631, NULL, '16', '28', '9', '2', '2022', '4700', '0', '0'),
(632, NULL, '16', '28', '12', '11', '2019', '5500', NULL, NULL),
(633, NULL, '16', '28', '12', '12', '2019', '5500', NULL, NULL),
(634, NULL, '16', '28', '12', '1', '2020', '5500', NULL, '0'),
(635, NULL, '16', '28', '12', '2', '2020', '5500', NULL, '0'),
(636, NULL, '16', '28', '12', '3', '2020', '5500', NULL, '0'),
(637, NULL, '16', '28', '12', '4', '2020', '5500', NULL, '0'),
(638, NULL, '16', '28', '12', '5', '2020', '5500', NULL, '0'),
(639, NULL, '16', '28', '12', '6', '2020', '5500', NULL, '0'),
(640, NULL, '16', '28', '12', '7', '2020', '5500', NULL, '0'),
(641, NULL, '16', '28', '12', '8', '2020', '5500', NULL, '0'),
(642, NULL, '16', '28', '12', '9', '2020', '5500', NULL, '0'),
(643, NULL, '16', '28', '12', '10', '2020', '5500', NULL, '0'),
(644, NULL, '16', '28', '16', '2', '2021', '5000', '0', '0'),
(645, NULL, '16', '28', '16', '3', '2021', '5000', '0', '0'),
(646, NULL, '16', '28', '16', '5', '2021', '5000', '0', '0'),
(647, NULL, '16', '28', '16', '9', '2021', '5000', '0', '0'),
(648, NULL, '16', '28', '16', '11', '2021', '5000', '0', '0'),
(649, NULL, '16', '28', '16', '12', '2021', '5000', '0', '0'),
(650, NULL, '16', '28', '16', '1', '2022', '5000', '0', '0'),
(651, NULL, '16', '28', '20', '1', '2021', '4700', '0', '0'),
(652, NULL, '16', '28', '20', '2', '2021', '4700', '0', '0'),
(653, NULL, '16', '28', '20', '3', '2021', '4700', '0', '0'),
(654, NULL, '16', '28', '20', '4', '2021', '4700', '0', '0'),
(655, NULL, '16', '28', '20', '5', '2021', '4700', '0', '0'),
(656, NULL, '16', '28', '20', '6', '2021', '4700', '0', '0'),
(657, NULL, '16', '28', '20', '7', '2021', '4700', '0', '0'),
(658, NULL, '16', '28', '20', '8', '2021', '4700', '0', '0'),
(659, NULL, '16', '28', '20', '11', '2021', '4700', '0', '0'),
(660, NULL, '16', '28', '20', '12', '2021', '4700', '0', '0'),
(661, NULL, '16', '28', '20', '1', '2022', '4700', '0', '0'),
(662, NULL, '16', '28', '20', '2', '2022', '4700', '0', '0'),
(663, NULL, '16', '28', '20', '4', '2022', '4700', '0', '0'),
(664, NULL, '16', '28', '20', '5', '2022', '4700', '0', '0'),
(665, NULL, '16', '28', '20', '6', '2022', '4700', '0', '0'),
(666, NULL, '16', '28', '20', '8', '2022', '4700', '0', '0'),
(667, NULL, '16', '28', '20', '9', '2022', '4700', '0', '0'),
(668, NULL, '16', '28', '21', '8', '2020', '5000', NULL, '0'),
(669, NULL, '16', '28', '21', '9', '2020', '5000', NULL, '0'),
(670, NULL, '16', '28', '21', '10', '2020', '5000', NULL, '0'),
(671, NULL, '16', '28', '21', '11', '2020', '5000', NULL, '0'),
(672, NULL, '16', '28', '21', '12', '2020', '5000', NULL, '0'),
(673, NULL, '16', '28', '21', '1', '2021', '5000', '0', '0'),
(674, NULL, '16', '28', '21', '2', '2021', '5000', '0', '0'),
(675, NULL, '16', '28', '21', '3', '2021', '5000', '0', '0'),
(676, NULL, '16', '28', '21', '4', '2021', '5000', '0', '0'),
(677, NULL, '16', '28', '21', '5', '2021', '5000', '0', '0'),
(678, NULL, '16', '28', '21', '6', '2021', '5000', '0', '0'),
(679, NULL, '16', '28', '21', '7', '2021', '5000', '0', '0'),
(680, NULL, '16', '28', '21', '8', '2021', '4700', '0', '0'),
(681, NULL, '16', '28', '21', '9', '2021', '4700', '0', '0'),
(682, NULL, '16', '28', '21', '10', '2021', '4700', '0', '0'),
(683, NULL, '16', '28', '21', '11', '2021', '4700', '0', '0'),
(684, NULL, '16', '28', '21', '12', '2021', '4700', '0', '0'),
(685, NULL, '16', '28', '21', '1', '2022', '4700', '0', '0'),
(686, NULL, '16', '28', '21', '2', '2022', '4700', '0', '0'),
(687, NULL, '16', '28', '21', '3', '2022', '4700', '0', '0'),
(688, NULL, '16', '28', '21', '4', '2022', '4700', '0', '0'),
(689, NULL, '16', '28', '21', '5', '2022', '4700', '0', '0'),
(690, NULL, '16', '28', '21', '7', '2022', '4700', '0', '0'),
(691, NULL, '16', '28', '21', '6', '2022', '4700', '0', '0'),
(692, NULL, '16', '28', '22', '1', '2020', '4700', NULL, '0'),
(693, NULL, '16', '28', '22', '2', '2020', '4700', NULL, '0'),
(694, NULL, '16', '28', '22', '3', '2020', '4700', NULL, '0'),
(695, NULL, '16', '28', '22', '4', '2020', '4700', NULL, '0'),
(696, NULL, '16', '28', '22', '5', '2020', '4700', NULL, '0'),
(697, NULL, '16', '28', '22', '6', '2020', '4700', NULL, '0'),
(698, NULL, '16', '28', '22', '7', '2020', '4700', NULL, '0'),
(699, NULL, '16', '28', '22', '8', '2020', '4700', NULL, '0'),
(700, NULL, '16', '28', '22', '9', '2020', '4700', NULL, '0'),
(701, NULL, '16', '28', '22', '10', '2020', '4700', NULL, '0'),
(702, NULL, '16', '28', '22', '11', '2020', '4700', NULL, '0'),
(703, NULL, '16', '28', '22', '12', '2020', '4700', NULL, '0'),
(704, NULL, '16', '28', '22', '1', '2021', '4700', '0', '0'),
(705, NULL, '16', '28', '22', '2', '2021', '4700', '0', '0'),
(706, NULL, '16', '28', '22', '5', '2021', '4700', '0', '0'),
(707, NULL, '16', '28', '22', '7', '2021', '4700', '0', '0'),
(708, NULL, '16', '28', '22', '9', '2021', '4700', '0', '0'),
(709, NULL, '16', '28', '22', '10', '2021', '4700', '0', '0'),
(710, NULL, '16', '28', '22', '12', '2021', '4700', '0', '0'),
(711, NULL, '16', '28', '15', '2', '2020', '5000', NULL, '0'),
(712, NULL, '16', '28', '15', '3', '2020', '5000', NULL, '0'),
(713, NULL, '16', '28', '15', '4', '2020', '5000', NULL, '0'),
(714, NULL, '16', '28', '15', '5', '2020', '5000', NULL, '0'),
(715, NULL, '16', '28', '15', '6', '2020', '5000', NULL, '0'),
(716, NULL, '16', '28', '15', '7', '2020', '5000', NULL, '0'),
(717, NULL, '16', '28', '15', '8', '2020', '5000', NULL, '0'),
(718, NULL, '16', '28', '15', '9', '2020', '5000', NULL, '0'),
(719, NULL, '16', '28', '15', '10', '2020', '5000', NULL, '0'),
(720, NULL, '16', '28', '15', '11', '2020', '5000', NULL, '0'),
(721, NULL, '16', '28', '15', '12', '2020', '5000', NULL, '0'),
(722, NULL, '16', '28', '15', '1', '2021', '5000', '0', '0'),
(723, NULL, '29', '41', '86', '4', '2021', '10500', '0', '0'),
(724, NULL, '29', '41', '86', '5', '2021', '10500', '0', '0'),
(725, NULL, '29', '41', '86', '6', '2021', '10500', '0', '0'),
(726, NULL, '29', '41', '86', '7', '2021', '10500', '0', '0'),
(727, NULL, '29', '41', '86', '8', '2021', '10500', '0', '0'),
(728, NULL, '29', '41', '86', '9', '2021', '10500', '0', '0'),
(729, NULL, '29', '41', '86', '10', '2021', '10500', '0', '0'),
(730, NULL, '29', '41', '86', '11', '2021', '10500', '0', '0'),
(731, NULL, '29', '41', '86', '12', '2021', '10500', '0', '0'),
(732, NULL, '29', '41', '86', '1', '2022', '10500', '0', '0'),
(733, NULL, '29', '41', '86', '2', '2022', '10500', '0', '0'),
(734, NULL, '29', '41', '86', '3', '2022', '10500', '0', '0'),
(735, NULL, '16', '28', '23', '9', '2021', '4700', '0', '0'),
(736, NULL, '16', '28', '23', '10', '2021', '4700', '0', '0'),
(737, NULL, '16', '28', '23', '11', '2021', '4700', '0', '0'),
(738, NULL, '16', '28', '23', '1', '2022', '4700', '0', '0'),
(739, NULL, '16', '28', '23', '2', '2022', '4700', '0', '0'),
(740, NULL, '16', '28', '23', '3', '2022', '4700', '0', '0'),
(741, NULL, '16', '28', '23', '4', '2022', '4700', '0', '0'),
(742, NULL, '16', '28', '23', '6', '2022', '4700', '0', '0'),
(743, NULL, '16', '28', '23', '7', '2022', '4700', '0', '0'),
(744, NULL, '16', '28', '23', '8', '2022', '4700', '0', '0'),
(745, NULL, '16', '28', '24', '11', '2020', '5000', NULL, '0'),
(746, NULL, '16', '28', '24', '2', '2021', '5000', '0', '0'),
(747, NULL, '16', '28', '24', '4', '2021', '5000', '0', '0'),
(748, NULL, '16', '28', '24', '8', '2021', '5000', '0', '0'),
(749, NULL, '16', '28', '24', '9', '2021', '5000', '0', '0'),
(750, NULL, '16', '28', '24', '10', '2021', '5000', '0', '0'),
(751, NULL, '16', '28', '24', '12', '2021', '4700', '0', '0'),
(752, NULL, '16', '28', '24', '1', '2022', '4700', '0', '0'),
(753, NULL, '16', '28', '24', '2', '2022', '4700', '0', '0'),
(754, NULL, '16', '28', '24', '4', '2022', '4700', '0', '0'),
(755, NULL, '16', '28', '24', '5', '2022', '4700', '0', '0'),
(756, NULL, '16', '28', '24', '6', '2022', '4700', '0', '0'),
(757, NULL, '16', '28', '24', '9', '2022', '4700', '0', '0'),
(758, NULL, '16', '28', '24', '12', '2020', '5000', NULL, '0'),
(759, NULL, '38', '47', '1', '1', '2023', '24000', NULL, '0'),
(760, NULL, '38', '47', '1', '4', '2023', '24000', NULL, '0'),
(761, NULL, '47', '82', '1', '1', '2023', '39600', NULL, '0'),
(762, NULL, '47', '82', '1', '4', '2023', '39600', NULL, '0'),
(763, NULL, '21', '34', '47', '1', '2023', '33000', NULL, '0'),
(764, NULL, '21', '34', '47', '4', '2023', '33000', NULL, '0'),
(765, NULL, '20', '33', '2', '1', '2023', '34500', NULL, '0'),
(766, NULL, '20', '33', '2', '4', '2023', '34500', NULL, '0'),
(767, NULL, '15', '27', '1', '1', '2020', '2800', NULL, '0'),
(768, NULL, '15', '27', '1', '2', '2020', '2800', NULL, '0'),
(769, NULL, '15', '27', '1', '3', '2020', '2800', NULL, '0'),
(770, NULL, '15', '27', '1', '4', '2020', '2800', NULL, '0'),
(771, NULL, '15', '27', '1', '5', '2020', '2800', NULL, '0'),
(772, NULL, '15', '27', '1', '6', '2020', '2800', NULL, '0'),
(773, NULL, '15', '27', '1', '7', '2020', '2800', NULL, '0'),
(774, NULL, '15', '27', '1', '8', '2020', '2800', NULL, '0'),
(775, NULL, '15', '27', '1', '9', '2020', '2800', NULL, '0'),
(776, NULL, '15', '27', '1', '10', '2020', '2800', NULL, '0'),
(777, NULL, '15', '27', '1', '11', '2020', '2800', NULL, '0'),
(778, NULL, '15', '27', '1', '12', '2020', '2800', NULL, '0'),
(779, NULL, '15', '27', '1', '1', '2021', '2800', '0', '0'),
(780, NULL, '15', '27', '1', '2', '2021', '2800', '0', '0'),
(781, NULL, '15', '27', '1', '3', '2021', '2800', '0', '0'),
(782, NULL, '15', '27', '1', '4', '2021', '2800', '0', '0'),
(783, NULL, '15', '27', '1', '5', '2021', '2800', '0', '0'),
(784, NULL, '15', '27', '1', '6', '2021', '2800', '0', '0'),
(785, NULL, '15', '27', '1', '7', '2021', '2800', '0', '0'),
(786, NULL, '15', '27', '1', '8', '2021', '2800', '0', '0'),
(787, NULL, '15', '27', '1', '9', '2021', '2800', '0', '0'),
(788, NULL, '15', '27', '1', '10', '2021', '2800', '0', '0'),
(789, NULL, '15', '27', '1', '11', '2021', '2800', '0', '0'),
(790, NULL, '15', '27', '1', '12', '2021', '2800', '0', '0'),
(791, NULL, '15', '27', '2', '2', '2021', '2500', '0', '0'),
(792, NULL, '15', '27', '2', '3', '2021', '2500', '0', '0'),
(793, NULL, '15', '27', '2', '4', '2021', '2500', '0', '0'),
(794, NULL, '15', '27', '2', '5', '2021', '2500', '0', '0'),
(795, NULL, '15', '27', '2', '6', '2021', '2500', '0', '0'),
(796, NULL, '15', '27', '2', '7', '2021', '2500', '0', '0'),
(797, NULL, '15', '27', '2', '8', '2021', '2500', '0', '0'),
(798, NULL, '15', '27', '2', '9', '2021', '2500', '0', '0'),
(799, NULL, '15', '27', '2', '10', '2021', '2500', '0', '0'),
(800, NULL, '15', '27', '2', '11', '2021', '2500', '0', '0'),
(801, NULL, '15', '27', '2', '12', '2021', '2500', '0', '0'),
(802, NULL, '15', '27', '2', '1', '2022', '2500', '0', '0'),
(803, NULL, '15', '27', '5', '1', '2020', '2500', NULL, '0'),
(804, NULL, '15', '27', '5', '2', '2020', '2500', NULL, '0'),
(805, NULL, '15', '27', '5', '3', '2020', '2500', NULL, '0'),
(806, NULL, '15', '27', '5', '4', '2020', '2500', NULL, '0'),
(807, NULL, '15', '27', '5', '5', '2020', '2500', NULL, '0'),
(808, NULL, '15', '27', '5', '6', '2020', '2500', NULL, '0'),
(809, NULL, '15', '27', '5', '7', '2020', '2500', NULL, '0'),
(810, NULL, '15', '27', '5', '8', '2020', '2500', NULL, '0'),
(811, NULL, '15', '27', '5', '9', '2020', '2500', NULL, '0'),
(812, NULL, '15', '27', '5', '10', '2020', '2500', NULL, '0'),
(813, NULL, '15', '27', '5', '11', '2020', '2500', NULL, '0'),
(814, NULL, '15', '27', '5', '12', '2020', '2500', NULL, '0'),
(815, NULL, '16', '28', '23', '6', '2020', '27900', NULL, '0'),
(816, NULL, '16', '28', '23', '7', '2020', '5000', NULL, '0'),
(817, NULL, '16', '28', '23', '8', '2020', '5000', NULL, '0'),
(818, NULL, '16', '28', '23', '9', '2020', '5000', NULL, '0'),
(819, NULL, '16', '28', '23', '10', '2020', '5000', NULL, '0'),
(820, NULL, '16', '28', '23', '11', '2020', '5000', NULL, '0'),
(821, NULL, '16', '28', '23', '12', '2020', '27900', NULL, '0'),
(822, NULL, '16', '28', '23', '5', '2020', '5500', NULL, '0'),
(823, NULL, '16', '28', '23', '6', '2021', '27900', '0', '0'),
(824, NULL, '11', '23', '3', '3', '2020', '10000', NULL, '0'),
(825, NULL, '11', '23', '3', '4', '2020', '10000', NULL, '0'),
(826, NULL, '11', '23', '3', '5', '2020', '10000', NULL, '0'),
(827, NULL, '11', '23', '3', '6', '2020', '10000', NULL, '0'),
(828, NULL, '11', '23', '3', '7', '2020', '10000', NULL, '0'),
(829, NULL, '11', '23', '3', '8', '2020', '10000', NULL, '0'),
(830, NULL, '11', '23', '3', '9', '2020', '10000', NULL, '0'),
(831, NULL, '11', '23', '3', '10', '2020', '10000', NULL, '0'),
(832, NULL, '11', '23', '3', '11', '2020', '10000', NULL, '0'),
(833, NULL, '11', '23', '3', '12', '2020', '10000', NULL, '0'),
(834, NULL, '11', '23', '3', '1', '2021', '10000', '0', '0'),
(835, NULL, '11', '23', '3', '2', '2021', '10000', '0', '0'),
(836, NULL, '11', '23', '3', '3', '2021', '10000', '0', '0'),
(837, NULL, '11', '23', '3', '4', '2021', '10000', '0', '0'),
(838, NULL, '11', '23', '3', '5', '2021', '10000', '0', '0'),
(839, NULL, '11', '23', '3', '6', '2021', '10000', '0', '0'),
(840, NULL, '11', '23', '3', '7', '2021', '10000', '0', '0'),
(841, NULL, '11', '23', '3', '8', '2021', '10000', '0', '0'),
(842, NULL, '11', '23', '3', '9', '2021', '', '0', '0'),
(843, NULL, '11', '23', '3', '10', '2021', '', '0', '0'),
(844, NULL, '11', '23', '3', '11', '2021', '10000', '0', '0'),
(845, NULL, '11', '23', '3', '12', '2021', '10000', '0', '0'),
(846, NULL, '11', '23', '3', '1', '2022', '10000', '0', '0');
INSERT INTO `collection_table` (`Id`, `Type`, `Ownersip_Id`, `Building_Id`, `Unit_Id`, `Mounth`, `Year`, `Collection`, `RealEstate_Expenses`, `Maintenance_Expenses`) VALUES
(847, NULL, '4', '8', NULL, '2', '2023', '130000', NULL, '0'),
(848, NULL, '4', '8', NULL, '3', '2023', '130000', NULL, '0'),
(849, NULL, '4', '8', NULL, '4', '2023', '130000', NULL, '0'),
(850, NULL, '14', '26', NULL, '2', '2023', '35000', NULL, '0'),
(851, NULL, '14', '26', NULL, '3', '2023', '35000', NULL, '0'),
(852, NULL, '14', '26', NULL, '4', '2023', '35000', NULL, '0'),
(853, NULL, '17', '30', '183', '4', '2023', '5700', NULL, '0'),
(854, NULL, '17', '30', '2', '1', '2023', '3500', NULL, '0'),
(855, NULL, '17', '30', '16', '1', '2023', '5500', NULL, '0'),
(856, NULL, '17', '30', '5', '1', '2023', '3400', NULL, '0'),
(857, NULL, '17', '30', '14', '1', '2023', '3500', NULL, '0'),
(858, NULL, '17', '30', '7', '1', '2023', '4500', NULL, '0'),
(859, NULL, '17', '30', '12', '1', '2023', '4300', NULL, '0'),
(860, NULL, '17', '30', '9', '1', '2023', '4300', NULL, '0'),
(861, NULL, '17', '30', '15', '1', '2023', '4300', NULL, '0'),
(862, NULL, '16', '28', '20', '1', '2023', '4700', NULL, '0'),
(863, NULL, '16', '28', '5', '1', '2023', '4700', NULL, '0'),
(864, NULL, '43', '45', '1', '9', '2020', '96000', NULL, '0'),
(865, NULL, '43', '45', '1', '9', '2021', '96000', '0', '0'),
(866, NULL, '43', '45', '1', '9', '2022', '32000', '0', '0'),
(867, NULL, '43', '45', '1', '1', '2023', '32000', NULL, '0'),
(868, NULL, '16', '28', '4', '8', '2022', '4700', '0', '0'),
(869, NULL, '16', '28', '4', '9', '2022', '4700', '0', '0'),
(870, NULL, '16', '28', '4', '10', '2022', '4700', '0', '0'),
(871, NULL, '16', '28', '24', '10', '2022', '4700', '0', '0'),
(872, NULL, '16', '28', '4', '12', '2022', '4700', '0', '0'),
(873, NULL, '16', '28', '24', '11', '2022', '4700', '0', '0'),
(874, NULL, '16', '28', '4', '1', '2023', '4700', NULL, '0'),
(875, NULL, '16', '28', '24', '12', '2022', '4700', '0', '0'),
(876, NULL, '16', '28', '24', '1', '2023', '4700', NULL, '0'),
(877, NULL, '6', '18', NULL, '2', '2023', '10000', NULL, '0'),
(878, NULL, '6', '18', NULL, '3', '2023', '10000', NULL, '0'),
(879, NULL, '6', '18', NULL, '4', '2023', '10000', NULL, '0'),
(880, NULL, '13', '52', NULL, '3', '2023', '74400', NULL, '0'),
(881, NULL, '8', '19', NULL, '3', '2023', '80400', NULL, '0'),
(882, NULL, '16', '64', NULL, '2', '2023', '14100', NULL, '0'),
(883, NULL, '16', '64', NULL, '3', '2023', '14100', NULL, '0'),
(884, NULL, '16', '64', NULL, '4', '2023', '14100', NULL, '0'),
(885, NULL, '16', '65', NULL, '2', '2023', '37600', NULL, '0'),
(886, NULL, '16', '65', NULL, '3', '2023', '37600', NULL, '0'),
(887, NULL, '16', '65', NULL, '4', '2023', '37600', NULL, '0'),
(888, NULL, '18', '66', NULL, '2', '2023', '26000', NULL, '0'),
(889, NULL, '18', '66', NULL, '3', '2023', '26000', NULL, '0'),
(890, NULL, '18', '66', NULL, '4', '2023', '26000', NULL, '0'),
(891, NULL, '16', '68', NULL, '2', '2023', '14100', NULL, '0'),
(892, NULL, '16', '68', NULL, '3', '2023', '14100', NULL, '0'),
(893, NULL, '16', '68', NULL, '4', '2023', '14100', NULL, '0'),
(894, NULL, '9', '70', NULL, '2', '2023', '9000', NULL, '0'),
(895, NULL, '9', '70', NULL, '3', '2023', '9000', NULL, '0'),
(896, NULL, '9', '70', NULL, '4', '2023', '9000', NULL, '0'),
(897, NULL, '17', '71', NULL, '2', '2023', '36580', NULL, '0'),
(898, NULL, '17', '71', NULL, '3', '2023', '36580', NULL, '0'),
(899, NULL, '17', '71', NULL, '4', '2023', '36580', NULL, '0'),
(900, NULL, '4', '72', NULL, '2', '2023', '40000', NULL, '0'),
(901, NULL, '4', '72', NULL, '3', '2023', '40000', NULL, '0'),
(902, NULL, '4', '72', NULL, '4', '2023', '40000', NULL, '0'),
(903, NULL, '16', '77', NULL, '2', '2023', '9600', NULL, '0'),
(904, NULL, '22', '89', NULL, '1', '2020', '30000', NULL, '0'),
(905, NULL, '22', '89', NULL, '2', '2020', '30000', NULL, '0'),
(906, NULL, '22', '89', NULL, '3', '2020', '30000', NULL, '0'),
(907, NULL, '22', '89', NULL, '4', '2020', '30000', NULL, '0'),
(908, NULL, '22', '89', NULL, '5', '2020', '30000', NULL, '0'),
(909, NULL, '22', '89', NULL, '6', '2020', '30000', NULL, '0'),
(910, NULL, '22', '89', NULL, '7', '2020', '30000', NULL, '0'),
(911, NULL, '22', '89', NULL, '8', '2020', '30000', NULL, '0'),
(912, NULL, '22', '89', NULL, '9', '2020', '30000', NULL, '0'),
(913, NULL, '22', '89', NULL, '10', '2020', '30000', NULL, '0'),
(914, NULL, '22', '89', NULL, '11', '2020', '30000', NULL, '0'),
(915, NULL, '22', '89', NULL, '12', '2020', '30000', NULL, '0'),
(916, NULL, '22', '89', NULL, '1', '2021', '30000', '0', '0'),
(917, NULL, '22', '89', NULL, '2', '2021', '30000', '0', '0'),
(918, NULL, '22', '89', NULL, '3', '2021', '30000', '0', '0'),
(919, NULL, '22', '89', NULL, '4', '2021', '30000', '0', '0'),
(920, NULL, '13', '91', NULL, '4', '2020', '78000', NULL, '0'),
(921, NULL, '13', '91', NULL, '5', '2020', '78000', NULL, '0'),
(922, NULL, '13', '91', NULL, '6', '2020', '78000', NULL, '0'),
(923, NULL, '13', '91', NULL, '7', '2020', '78000', NULL, '0'),
(924, NULL, '13', '91', NULL, '8', '2020', '78000', NULL, '0'),
(925, NULL, '13', '91', NULL, '9', '2020', '78000', NULL, '0'),
(926, NULL, '13', '91', NULL, '10', '2020', '78000', NULL, '0'),
(927, NULL, '13', '91', NULL, '11', '2020', '78000', NULL, '0'),
(928, NULL, '13', '91', NULL, '12', '2020', '78000', NULL, '0'),
(929, NULL, '13', '91', NULL, '1', '2021', '78000', '0', '0'),
(930, NULL, '13', '91', NULL, '2', '2021', '78000', '0', '0'),
(931, NULL, '13', '91', NULL, '3', '2021', '78000', '0', '0'),
(932, NULL, '13', '91', NULL, '4', '2021', '78000', '0', '0'),
(933, NULL, '13', '91', NULL, '5', '2021', '78000', '0', '0'),
(934, NULL, '13', '91', NULL, '6', '2021', '39000', '0', '0'),
(935, NULL, '39', '97', NULL, '12', '2021', '60000', '0', '0'),
(936, NULL, '39', '97', NULL, '1', '2022', '60000', '0', '0'),
(937, NULL, '39', '97', NULL, '2', '2022', '60000', '0', '0'),
(938, NULL, '39', '97', NULL, '3', '2022', '60000', '0', '0'),
(939, NULL, '39', '97', NULL, '4', '2022', '60000', '0', '0'),
(940, NULL, '39', '97', NULL, '5', '2022', '60000', '0', '0'),
(941, NULL, '39', '97', NULL, '6', '2022', '60000', '0', '0'),
(942, NULL, '39', '97', NULL, '7', '2022', '60000', '0', '0'),
(943, NULL, '39', '97', NULL, '8', '2022', '60000', '0', '0'),
(944, NULL, '39', '97', NULL, '9', '2022', '60000', '0', '0'),
(945, NULL, '39', '97', NULL, '10', '2022', '60000', '0', '0'),
(946, NULL, '39', '97', NULL, '11', '2022', '60000', '0', '0'),
(947, NULL, '39', '97', NULL, '12', '2022', '60000', '0', '0'),
(948, NULL, '39', '97', NULL, '1', '2023', '60000', NULL, '0'),
(949, NULL, '39', '97', NULL, '2', '2023', '60000', NULL, '0'),
(950, NULL, '39', '97', NULL, '3', '2023', '60000', NULL, '0'),
(951, NULL, '39', '97', NULL, '4', '2023', '60000', NULL, '0'),
(952, NULL, '16', '28', '3', '1', '2020', '5000', NULL, '0'),
(953, NULL, '16', '28', '3', '2', '2020', '5000', NULL, '0'),
(954, NULL, '16', '28', '3', '3', '2020', '5000', NULL, '0'),
(955, NULL, '16', '28', '3', '4', '2020', '5000', NULL, '0'),
(956, NULL, '16', '28', '3', '5', '2020', '5000', NULL, '0'),
(957, NULL, '16', '28', '3', '6', '2020', '5000', NULL, '0'),
(958, NULL, '16', '28', '3', '7', '2020', '5000', NULL, '0'),
(959, NULL, '16', '28', '3', '8', '2020', '5000', NULL, '0'),
(960, NULL, '16', '28', '3', '9', '2020', '5000', NULL, '0'),
(961, NULL, '16', '28', '3', '10', '2020', '4700', NULL, '0'),
(962, NULL, '16', '28', '3', '11', '2020', '4700', NULL, '0'),
(963, NULL, '16', '28', '3', '12', '2020', '4700', NULL, '0'),
(964, NULL, '16', '28', '3', '1', '2021', '4700', '0', '0'),
(965, NULL, '16', '28', '3', '2', '2021', '4700', '0', '0'),
(966, NULL, '16', '28', '3', '5', '2021', '4700', '0', '0'),
(967, NULL, '16', '28', '3', '8', '2021', '4700', '0', '0'),
(968, NULL, '16', '28', '3', '9', '2021', '4700', '0', '0'),
(969, NULL, '16', '28', '3', '11', '2021', '4700', '0', '0'),
(970, NULL, '16', '28', '3', '12', '2021', '4700', '0', '0'),
(971, NULL, '16', '28', '3', '1', '2022', '4700', '0', '0'),
(972, NULL, '16', '28', '3', '2', '2022', '4700', '0', '0'),
(973, NULL, '16', '28', '3', '3', '2022', '4700', '0', '0'),
(974, NULL, '17', '30', '15', '4', '2023', '4300', NULL, '0'),
(975, NULL, '17', '30', '6', '4', '2023', '4500', NULL, '0'),
(976, NULL, '16', '28', '20', '4', '2023', '4700', NULL, '0'),
(977, NULL, '16', '28', '5', '4', '2023', '4700', NULL, '0'),
(978, NULL, '17', '30', '10', '4', '2023', '4300', NULL, '0'),
(979, NULL, '17', '30', '11', '4', '2023', '3300', NULL, '0'),
(980, NULL, '22', '35', '1', '4', '2023', '118800', NULL, '0'),
(981, NULL, '25', '38', '3', '4', '2023', '7500', NULL, '0'),
(982, NULL, '11', '23', '1', '1', '2023', '9000', NULL, '0'),
(983, NULL, '11', '23', '1', '2', '2023', '9000', NULL, '0'),
(984, NULL, '11', '23', '1', '3', '2023', '9000', NULL, '0'),
(985, NULL, '11', '23', '1', '4', '2023', '9000', NULL, '0'),
(986, NULL, '15', '27', '5', '3', '2023', '2500', NULL, '0'),
(987, NULL, '17', '29', '13', '3', '2023', '3000', NULL, '0'),
(988, NULL, '16', '28', '4', '4', '2023', '4700', NULL, '0'),
(989, NULL, '16', '28', '24', '3', '2023', '4700', NULL, '0'),
(990, NULL, '16', '28', '24', '2', '2023', '4700', NULL, '0'),
(991, NULL, '16', '28', '24', '4', '2023', '4700', NULL, '0'),
(992, NULL, '16', '28', '9', '3', '2023', '4700', NULL, '0'),
(993, NULL, '16', '28', '9', '4', '2023', '4700', NULL, '0'),
(994, NULL, '21', '34', '45', '6', '2021', '10000', '0', '0'),
(995, NULL, '21', '34', '45', '7', '2021', '10000', '0', '0'),
(996, NULL, '21', '34', '45', '8', '2021', '10000', '0', '0'),
(997, NULL, '21', '34', '45', '9', '2021', '10000', '0', '0'),
(998, NULL, '21', '34', '45', '10', '2021', '10000', '0', '0'),
(999, NULL, '21', '34', '45', '11', '2021', '10000', '0', '0'),
(1000, NULL, '21', '34', '45', '12', '2021', '10000', '0', '0'),
(1001, NULL, '21', '34', '45', '1', '2022', '10000', '0', '0'),
(1002, NULL, '21', '34', '45', '2', '2022', '10000', '0', '0'),
(1003, NULL, '21', '34', '45', '3', '2022', '10000', '0', '0'),
(1004, NULL, '21', '34', '45', '4', '2022', '10000', '0', '0'),
(1005, NULL, '21', '34', '45', '5', '2022', '10000', '0', '0'),
(1006, NULL, '21', '34', '45', '6', '2022', '10000', '0', '0'),
(1007, NULL, '21', '34', '45', '7', '2022', '10000', '0', '0'),
(1008, NULL, '21', '34', '45', '8', '2022', '10000', '0', '0'),
(1009, NULL, '21', '34', '45', '9', '2022', '10000', '0', '0'),
(1010, NULL, '21', '34', '45', '10', '2022', '10000', '0', '0'),
(1011, NULL, '21', '34', '45', '11', '2022', '10000', '0', '0'),
(1012, NULL, '21', '34', '45', '12', '2022', '10000', '0', '0'),
(1013, NULL, '21', '34', '45', '1', '2023', '10000', NULL, '0'),
(1014, NULL, '21', '34', '45', '2', '2023', '10000', NULL, '0'),
(1015, NULL, '21', '34', '45', '3', '2023', '10000', NULL, '0'),
(1016, NULL, '21', '34', '45', '4', '2023', '10000', NULL, '0'),
(1017, NULL, '17', '29', '12', '4', '2023', '3700', NULL, '0'),
(1018, NULL, '17', '30', '13', '3', '2023', '4200', NULL, '0'),
(1019, NULL, '17', '30', '13', '4', '2023', '4200', NULL, '0'),
(1020, NULL, '17', '30', '4', '3', '2023', '4100', NULL, '0'),
(1021, NULL, '17', '30', '4', '4', '2023', '4100', NULL, '0'),
(1022, NULL, '16', '28', '12', '1', '2023', '6000', NULL, '0'),
(1023, NULL, '15', '27', '4', '2', '2020', '2500', NULL, '0'),
(1024, NULL, '15', '27', '4', '3', '2020', '2500', NULL, '0'),
(1025, NULL, '15', '27', '4', '4', '2020', '2500', NULL, '0'),
(1026, NULL, '15', '27', '4', '5', '2020', '2500', NULL, '0'),
(1027, NULL, '6', '11', '4', '4', '2023', '3000', NULL, '0'),
(1028, NULL, '15', '27', '4', '6', '2020', '2500', NULL, '0'),
(1029, NULL, '15', '27', '4', '7', '2020', '2500', NULL, '0'),
(1030, NULL, '15', '27', '4', '8', '2020', '2500', NULL, '0'),
(1031, NULL, '15', '27', '4', '10', '2020', '2500', NULL, '0'),
(1032, NULL, '15', '27', '4', '11', '2020', '2500', NULL, '0'),
(1033, NULL, '15', '27', '4', '12', '2020', '2500', NULL, '0'),
(1034, NULL, '15', '27', '4', '2', '2021', '2500', '0', '0'),
(1035, NULL, '15', '27', '4', '3', '2021', '2500', '0', '0'),
(1036, NULL, '15', '27', '4', '4', '2021', '2500', '0', '0'),
(1037, NULL, '15', '27', '4', '5', '2021', '2500', '0', '0'),
(1038, NULL, '15', '27', '4', '6', '2021', '2500', '0', '0'),
(1039, NULL, '15', '27', '4', '7', '2021', '2500', '0', '0'),
(1040, NULL, '15', '27', '4', '8', '2021', '2500', '0', '0'),
(1041, NULL, '15', '27', '4', '9', '2020', '2500', NULL, '0'),
(1042, NULL, '15', '27', '4', '9', '2021', '2500', '0', '0'),
(1043, NULL, '15', '27', '4', '10', '2021', '2500', '0', '0'),
(1044, NULL, '15', '27', '4', '11', '2021', '2500', '0', '0'),
(1045, NULL, '15', '27', '4', '12', '2021', '2500', '0', '0'),
(1046, NULL, '15', '27', '4', '1', '2022', '2500', '0', '0'),
(1047, NULL, '15', '27', '4', '2', '2022', '2500', '0', '0'),
(1048, NULL, '15', '27', '4', '3', '2022', '2500', '0', '0'),
(1049, NULL, '15', '27', '4', '5', '2022', '2500', '0', '0'),
(1050, NULL, '15', '27', '4', '4', '2022', '2500', '0', '0'),
(1051, NULL, '15', '27', '4', '6', '2022', '2500', '0', '0'),
(1052, NULL, '15', '27', '4', '7', '2022', '2500', '0', '0'),
(1053, NULL, '15', '27', '4', '8', '2022', '2500', '0', '0'),
(1054, NULL, '15', '27', '4', '9', '2022', '2500', '0', '0'),
(1055, NULL, '15', '27', '4', '10', '2022', '2500', '0', '0'),
(1056, NULL, '15', '27', '4', '11', '2022', '2500', '0', '0'),
(1057, NULL, '15', '27', '4', '12', '2022', '2500', '0', '0'),
(1058, NULL, '15', '27', '2', '4', '2023', '2500', NULL, '0'),
(1059, NULL, '11', '23', '2', '4', '2023', '9000', NULL, '0'),
(1060, NULL, '29', '41', '86', '11', '2022', '10500', '0', '0'),
(1061, NULL, '29', '41', '86', '12', '2022', '10500', '0', '0'),
(1062, NULL, '29', '41', '86', '1', '2023', '10500', NULL, '0'),
(1063, NULL, '29', '41', '86', '2', '2023', '10500', NULL, '0'),
(1064, NULL, '29', '41', '86', '4', '2023', '10500', NULL, '0'),
(1065, NULL, '10', '22', '3', '4', '2023', '2500', NULL, '0'),
(1066, NULL, '10', '22', '1', '3', '2023', '1000', NULL, '0'),
(1067, NULL, '10', '22', '1', '4', '2023', '1000', NULL, '0'),
(1068, NULL, '6', '11', '6', '4', '2023', '3000', NULL, '0'),
(1069, NULL, '22', '35', NULL, '1', '2022', '237600', '0', '0'),
(1070, NULL, '22', '35', NULL, '7', '2022', '237600', '0', '0'),
(1071, NULL, '22', '35', NULL, '8', '2021', '198000', '0', '0'),
(1072, NULL, '35', '42', '1', '5', '2020', '20000', NULL, '0'),
(1073, NULL, '35', '42', '1', '6', '2020', '20000', NULL, '0'),
(1074, NULL, '27', '40', '1', '7', '2022', '12000', '0', '0'),
(1075, NULL, '35', '42', '1', '7', '2020', '20000', NULL, '0'),
(1076, NULL, '35', '42', '1', '9', '2020', '20000', NULL, '0'),
(1077, NULL, '35', '42', '1', '10', '2020', '20000', NULL, '0'),
(1078, NULL, '35', '42', '1', '11', '2020', '20000', NULL, '0'),
(1079, NULL, '35', '42', '1', '12', '2020', '20000', NULL, '0'),
(1080, NULL, '35', '42', '1', '1', '2021', '20000', '0', '0'),
(1081, NULL, '35', '42', '1', '2', '2021', '20000', '0', '0'),
(1082, NULL, '35', '42', '1', '3', '2021', '20000', '0', '0'),
(1083, NULL, '35', '42', '1', '4', '2021', '20000', '0', '0'),
(1084, NULL, '35', '42', '1', '5', '2021', '20000', '0', '0'),
(1085, NULL, '35', '42', '1', '6', '2021', '20000', '0', '0'),
(1086, NULL, '35', '42', '1', '7', '2021', '20000', '0', '0'),
(1087, NULL, '35', '42', '1', '8', '2021', '20000', '0', '0'),
(1088, NULL, '35', '42', '1', '9', '2021', '20000', '0', '0'),
(1089, NULL, '35', '42', '1', '10', '2021', '20000', '0', '0'),
(1090, NULL, '35', '42', '1', '11', '2021', '20000', '0', '0'),
(1091, NULL, '35', '42', '1', '12', '2021', '20000', '0', '0'),
(1092, NULL, '35', '42', '1', '1', '2022', '20000', '0', '0'),
(1093, NULL, '35', '42', '1', '2', '2022', '20000', '0', '0'),
(1094, NULL, '35', '42', '1', '3', '2022', '20000', '0', '0'),
(1095, NULL, '35', '42', '1', '4', '2022', '20000', '0', '0'),
(1096, NULL, '35', '42', '1', '5', '2022', '20000', '0', '0'),
(1097, NULL, '35', '42', '1', '6', '2022', '20000', '0', '0'),
(1098, NULL, '35', '42', '1', '7', '2022', '20000', '0', '0'),
(1099, NULL, '35', '42', '1', '8', '2022', '20000', '0', '0'),
(1100, NULL, '35', '42', '1', '9', '2022', '20000', '0', '0'),
(1101, NULL, '35', '42', '1', '10', '2022', '20000', '0', '0'),
(1102, NULL, '35', '42', '1', '11', '2022', '20000', '0', '0'),
(1103, NULL, '35', '42', '1', '12', '2022', '20000', '0', '0'),
(1104, NULL, '35', '42', '1', '1', '2023', '20000', NULL, '0'),
(1105, NULL, '35', '42', '1', '2', '2023', '20000', NULL, '0'),
(1106, NULL, '35', '42', '1', '3', '2023', '20000', NULL, '0'),
(1107, NULL, '35', '42', '1', '4', '2023', '10000', NULL, '0'),
(1108, NULL, '27', '40', '1', '8', '2022', '12000', '0', '0'),
(1109, NULL, '27', '40', '1', '9', '2022', '12000', '0', '0'),
(1110, NULL, '27', '40', '1', '10', '2022', '12000', '0', '0'),
(1111, NULL, '27', '40', '1', '11', '2022', '12000', '0', '0'),
(1112, NULL, '27', '40', '1', '12', '2022', '12000', '0', '0'),
(1113, NULL, '27', '40', '1', '1', '2023', '12000', NULL, '0'),
(1114, NULL, '27', '40', '1', '2', '2023', '12000', NULL, '0'),
(1115, NULL, '27', '40', '1', '3', '2023', '12000', NULL, '0'),
(1116, NULL, '27', '40', '1', '4', '2023', '12000', NULL, '0'),
(1117, NULL, '35', '42', '1', '8', '2020', '20000', NULL, '0'),
(1118, NULL, '16', '28', '34', '3', '2022', NULL, '0', '0'),
(1119, NULL, '16', '28', '34', '9', '2022', NULL, '0', '0'),
(1120, NULL, '16', '28', '3', '9', '2022', NULL, '0', '0'),
(1121, NULL, '16', '28', '15', '9', '2022', NULL, '0', '0'),
(1122, NULL, '16', '28', '26', '9', '2022', NULL, '0', '0'),
(1123, NULL, '16', '28', '14', '2', '2022', NULL, '0', '0'),
(1124, NULL, '8', '19', '', '5', '2022', NULL, '0', '0'),
(1125, NULL, '8', '19', '', '3', '2022', NULL, '0', '0'),
(1126, NULL, '8', '19', '', '4', '2022', NULL, '0', '0'),
(1127, NULL, '8', '19', '', '6', '2022', NULL, '0', '0'),
(1128, NULL, '8', '19', '', '8', '2022', NULL, '0', '0'),
(1129, NULL, '8', '19', '', '9', '2022', NULL, '0', '0'),
(1130, NULL, '8', '19', '', '10', '2022', NULL, '0', '0'),
(1131, NULL, '8', '19', '', '11', '2022', NULL, '0', '0'),
(1132, NULL, '8', '19', '', '12', '2022', NULL, '0', '0'),
(1133, NULL, '13', '52', '', '4', '2022', NULL, '0', '0'),
(1134, NULL, '13', '52', '', '5', '2022', NULL, '0', '0'),
(1135, NULL, '13', '52', '', '8', '2022', NULL, '0', '0'),
(1136, NULL, '13', '52', '', '9', '2022', NULL, '0', '0'),
(1137, NULL, '13', '52', '', '10', '2022', NULL, '0', '0'),
(1138, NULL, '13', '52', '', '11', '2022', NULL, '0', '0'),
(1139, NULL, '13', '52', '', '12', '2022', NULL, '0', '0'),
(1140, NULL, '13', '52', '', '3', '2022', NULL, '0', '0'),
(1141, NULL, '4', '8', '', '7', '2022', NULL, '0', '0'),
(1142, NULL, '37', '51', '', '7', '2022', NULL, '0', '0'),
(1143, NULL, '37', '51', '', '12', '2022', NULL, '0', '0'),
(1144, '2', '16', '28', NULL, '2', '2022', NULL, '2054', '0'),
(1145, '2', '16', '28', NULL, '11', '2022', NULL, '1725', '1090'),
(1146, '2', '16', '28', NULL, '12', '2022', NULL, '1150', '10'),
(1147, '3', '16', '28', '20', '11', '2023', '4700', '0', '0'),
(1148, '3', '16', '28', '20', '2', '2022', NULL, '0', '0'),
(1149, '3', '16', '28', '3', '5', '2022', NULL, '0', '250'),
(1150, '3', '16', '28', '3', '8', '2022', NULL, '0', '0'),
(1151, '3', '16', '28', '3', '9', '2022', NULL, '0', '830'),
(1152, '3', '16', '28', '3', '4', '2022', NULL, '0', '2749.5'),
(1153, '3', '16', '28', '3', '6', '2022', NULL, '0', '0'),
(1154, '3', '16', '28', '4', '9', '2022', NULL, '0', '980'),
(1155, '3', '16', '28', '4', '11', '2022', NULL, '0', '800'),
(1156, '3', '16', '28', '4', '12', '2022', NULL, '0', '420'),
(1157, '3', '16', '28', '5', '8', '2022', NULL, '0', '100'),
(1158, '3', '16', '28', '6', '4', '2022', NULL, '0', '3369.5'),
(1159, '3', '16', '28', '6', '5', '2022', NULL, '0', '300'),
(1160, '3', '16', '28', '6', '9', '2022', NULL, '0', '750'),
(1161, '3', '16', '28', '7', '7', '2022', NULL, '0', '100'),
(1162, '3', '16', '28', '7', '8', '2022', NULL, '0', '1500'),
(1163, '3', '16', '28', '7', '9', '2022', NULL, '0', '200'),
(1164, '3', '16', '28', '7', '10', '2022', NULL, '0', '250'),
(1165, '3', '16', '28', '7', '11', '2022', NULL, '0', '150'),
(1166, '3', '16', '28', '7', '4', '2022', NULL, '0', '70'),
(1167, '3', '16', '28', '8', '3', '2022', NULL, '0', '250'),
(1168, '3', '16', '28', '8', '4', '2022', NULL, '0', '750'),
(1169, '3', '16', '28', '8', '5', '2022', NULL, '0', '560'),
(1170, '3', '16', '28', '8', '7', '2022', NULL, '0', '180'),
(1171, '3', '16', '28', '8', '8', '2022', NULL, '0', '300'),
(1172, '3', '16', '28', '8', '10', '2022', NULL, '0', '150'),
(1173, '3', '16', '28', '8', '1', '2022', NULL, '0', '245'),
(1174, '3', '16', '28', '9', '8', '2022', NULL, '0', '100'),
(1175, '3', '16', '28', '10', '3', '2022', NULL, '0', '380'),
(1176, '3', '16', '28', '10', '7', '2022', NULL, '0', '150'),
(1177, '3', '16', '28', '10', '8', '2022', NULL, '0', '250'),
(1178, '3', '16', '28', '10', '9', '2022', NULL, '0', '470'),
(1179, '3', '16', '28', '10', '10', '2022', NULL, '0', '200'),
(1180, '3', '16', '28', '14', '8', '2022', NULL, '0', '150'),
(1181, '3', '16', '28', '14', '10', '2022', NULL, '0', '80'),
(1182, '3', '16', '28', '15', '5', '2022', NULL, '0', '750'),
(1183, '3', '16', '28', '15', '7', '2022', NULL, '0', '320'),
(1184, '3', '16', '28', '15', '9', '2022', NULL, '0', '600'),
(1185, '3', '16', '28', '15', '12', '2022', NULL, '0', '65'),
(1186, '3', '16', '28', '16', '4', '2022', NULL, '0', '650'),
(1187, '3', '16', '28', '16', '3', '2022', NULL, '0', '350'),
(1188, '3', '16', '28', '16', '9', '2022', NULL, '0', '1250'),
(1189, '3', '16', '28', '16', '10', '2022', NULL, '0', '250'),
(1190, '3', '16', '28', '16', '11', '2022', NULL, '0', '350'),
(1191, '3', '16', '28', '17', '4', '2022', NULL, '0', '700'),
(1192, '3', '16', '28', '17', '9', '2022', NULL, '0', '541'),
(1193, '3', '16', '28', '18', '8', '2022', NULL, '0', '230'),
(1194, '3', '16', '28', '18', '9', '2022', NULL, '0', '440'),
(1195, '3', '16', '28', '19', '8', '2022', NULL, '0', '250'),
(1196, '3', '16', '28', '19', '9', '2022', NULL, '0', '220'),
(1197, '3', '16', '28', '20', '3', '2022', NULL, '0', '300'),
(1198, '3', '16', '28', '20', '7', '2022', NULL, '0', '530'),
(1199, '3', '16', '28', '20', '9', '2022', NULL, '0', '2889'),
(1200, '3', '16', '28', '20', '10', '2022', NULL, '0', '650'),
(1201, '3', '16', '28', '22', '3', '2022', NULL, '0', '600'),
(1202, '3', '16', '28', '22', '8', '2022', NULL, '0', '250'),
(1203, '3', '16', '28', '22', '9', '2022', NULL, '0', '250'),
(1204, '3', '16', '28', '22', '11', '2022', NULL, '0', '300'),
(1205, '3', '16', '28', '23', '5', '2022', NULL, '0', '260'),
(1206, '3', '16', '28', '23', '10', '2022', NULL, '0', '220'),
(1207, '3', '16', '28', '24', '7', '2022', NULL, '0', '200'),
(1208, '3', '16', '28', '24', '8', '2022', NULL, '0', '470'),
(1209, '3', '16', '28', '24', '9', '2022', NULL, '0', '650'),
(1210, '3', '16', '28', '25', '1', '2022', NULL, '0', '16'),
(1211, '3', '16', '28', '25', '5', '2022', NULL, '0', '130'),
(1212, '3', '16', '28', '25', '7', '2022', NULL, '0', '490'),
(1213, '3', '16', '28', '25', '10', '2022', NULL, '0', '150'),
(1214, '3', '16', '28', '26', '3', '2022', NULL, '0', '2046'),
(1215, '3', '16', '28', '26', '5', '2022', NULL, '0', '1204'),
(1216, '3', '16', '28', '26', '8', '2022', NULL, '0', '736'),
(1217, '3', '16', '28', '26', '9', '2022', NULL, '0', '86'),
(1218, '3', '16', '28', '26', '10', '2022', NULL, '0', '150'),
(1219, '3', '16', '28', '27', '4', '2022', NULL, '0', '2929.5'),
(1220, '3', '16', '28', '27', '11', '2022', NULL, '0', '180'),
(1221, '3', '16', '28', '28', '3', '2022', NULL, '0', '150'),
(1222, '3', '16', '28', '28', '5', '2022', NULL, '0', '540'),
(1223, '3', '16', '28', '28', '9', '2022', NULL, '0', '150'),
(1224, '3', '16', '28', '29', '3', '2022', NULL, '0', '130'),
(1225, '3', '16', '28', '29', '8', '2022', NULL, '0', '270'),
(1226, '3', '16', '28', '30', '5', '2022', NULL, '0', '95'),
(1227, '3', '16', '28', '30', '7', '2022', NULL, '0', '250'),
(1228, '3', '16', '28', '30', '8', '2022', NULL, '0', '550'),
(1229, '3', '16', '28', '31', '7', '2022', NULL, '0', '430'),
(1230, '3', '16', '28', '32', '5', '2022', NULL, '0', '180'),
(1231, '3', '16', '28', '33', '3', '2022', NULL, '0', '2252'),
(1232, '3', '16', '28', '33', '4', '2022', NULL, '0', '2749.5'),
(1233, '3', '16', '28', '33', '8', '2022', NULL, '0', '150'),
(1234, '3', '16', '28', '34', '5', '2022', NULL, '0', '180'),
(1235, '3', '16', '28', '34', '9', '2022', NULL, '0', '00'),
(1236, '2', '16', '28', NULL, '1', '2022', NULL, '0', '2800'),
(1237, '2', '16', '28', NULL, '3', '2022', NULL, '0', '420'),
(1238, '2', '16', '28', NULL, '5', '2022', NULL, '0', '1350'),
(1239, '2', '16', '28', NULL, '8', '2022', NULL, '0', '1841'),
(1240, '2', '16', '28', NULL, '9', '2022', NULL, '0', '224'),
(1241, '2', '16', '28', NULL, '10', '2022', NULL, '0', '1480'),
(1242, '3', '16', '28', '34', '5', '2023', NULL, '0', '0'),
(1243, '1', '47', NULL, NULL, '3', '2022', NULL, '0', '14063'),
(1244, '2', '17', '30', NULL, '3', '2022', NULL, '0', '0'),
(1245, '2', '17', '30', NULL, '8', '2022', NULL, '0', '10'),
(1246, '1', '15', NULL, NULL, '10', '2022', NULL, '0', '475'),
(1247, '1', '15', NULL, NULL, '9', '2022', NULL, '0', '210'),
(1248, '1', '15', NULL, NULL, '11', '2022', NULL, '0', '15'),
(1249, '1', '15', NULL, NULL, '12', '2022', NULL, '0', '10'),
(1250, '3', '15', '27', '144', '8', '2022', NULL, '0', '690'),
(1251, '3', '15', '27', '145', '8', '2022', NULL, '0', '900'),
(1252, '3', '15', '27', '146', '5', '2022', NULL, '0', '1261'),
(1253, '3', '17', '29', '163', '5', '2022', NULL, '0', '602'),
(1254, '3', '17', '29', '163', '9', '2022', NULL, '0', '27'),
(1255, '3', '17', '29', '163', '12', '2022', NULL, '0', '20'),
(1256, '3', '17', '29', '162', '1', '2022', NULL, '0', '500'),
(1257, '2', '17', '29', NULL, '1', '2022', NULL, '0', '300'),
(1258, '3', '17', '29', '150', '6', '2022', NULL, '0', '1630'),
(1259, '3', '17', '29', '152', '6', '2022', NULL, '0', '1630'),
(1260, '2', '17', '29', NULL, '3', '2022', NULL, '0', '157'),
(1261, '2', '17', '29', NULL, '8', '2022', NULL, '0', '58'),
(1262, '2', '17', '29', NULL, '9', '2022', NULL, '0', '550'),
(1263, '2', '17', '29', NULL, '10', '2022', NULL, '0', '9000'),
(1264, '2', '17', '29', NULL, '11', '2022', NULL, '0', '496'),
(1265, '2', '10', '22', NULL, '11', '2022', NULL, '0', '600'),
(1266, '2', '11', '23', NULL, '10', '2022', NULL, '0', '5'),
(1267, '1', '8', NULL, NULL, '3', '2022', NULL, '0', '350'),
(1268, '1', '8', NULL, NULL, '4', '2022', NULL, '0', '50'),
(1269, '1', '8', NULL, NULL, '5', '2022', NULL, '0', '350'),
(1270, '1', '8', NULL, NULL, '6', '2022', NULL, '0', '240'),
(1271, '1', '8', NULL, NULL, '7', '2022', NULL, '0', '928'),
(1272, '1', '8', NULL, NULL, '8', '2022', NULL, '0', '1265'),
(1273, '1', '8', NULL, NULL, '9', '2022', NULL, '0', '2659'),
(1274, '1', '8', NULL, NULL, '10', '2022', NULL, '0', '4343'),
(1275, '1', '8', NULL, NULL, '11', '2022', NULL, '0', '1254'),
(1276, '1', '8', NULL, NULL, '12', '2022', NULL, '0', '1135'),
(1277, '1', '12', NULL, NULL, '7', '2022', NULL, '0', '0'),
(1278, '1', '12', NULL, NULL, '6', '2022', NULL, '0', '0'),
(1279, '1', '12', NULL, NULL, '5', '2022', NULL, '0', '0'),
(1280, '1', '12', NULL, NULL, '9', '2022', NULL, '0', '0'),
(1281, '1', '12', NULL, NULL, '10', '2022', NULL, '0', '0'),
(1282, '1', '12', NULL, NULL, '11', '2022', NULL, '0', '0'),
(1283, '1', '12', NULL, NULL, '12', '2022', NULL, '0', '0'),
(1284, '1', '15', NULL, NULL, '8', '2022', NULL, '0', '10'),
(1285, '3', '10', '22', '121', '9', '2022', NULL, '0', '0'),
(1286, '3', '10', '22', '118', '11', '2022', NULL, '0', '0'),
(1287, '3', '11', '23', '124', '10', '2022', NULL, '0', '0'),
(1288, '2', '12', '25', NULL, '5', '2022', NULL, '0', '130'),
(1289, '2', '12', '25', NULL, '6', '2022', NULL, '0', '1259'),
(1290, '2', '12', '25', NULL, '7', '2022', NULL, '0', '841'),
(1291, '2', '12', '25', NULL, '9', '2022', NULL, '0', '60'),
(1292, '2', '12', '25', NULL, '10', '2022', NULL, '0', '1130'),
(1293, '2', '12', '25', NULL, '11', '2022', NULL, '0', '1425'),
(1294, '2', '12', '25', NULL, '12', '2022', NULL, '0', '47'),
(1295, '1', '6', NULL, NULL, '9', '2022', NULL, '0', '340'),
(1296, '2', '35', '42', NULL, '2', '2022', NULL, '0', '117'),
(1297, '2', '35', '42', NULL, '6', '2022', NULL, '0', '1335'),
(1298, '2', '35', '42', NULL, '7', '2022', NULL, '0', '1416'),
(1299, '3', '37', '51', '234', '2', '2022', NULL, '0', '735'),
(1300, '3', '37', '51', '233', '6', '2022', NULL, '0', '15101.52'),
(1301, '2', '11', '23', NULL, '4', '2022', NULL, '0', '962'),
(1302, '2', '11', '23', NULL, '9', '2022', NULL, '0', '5'),
(1303, '2', '11', '23', NULL, '11', '2022', NULL, '0', '5'),
(1304, '2', '11', '23', NULL, '12', '2022', NULL, '0', '5'),
(1305, '3', '17', '29', '162', '8', '2022', NULL, '0', '450'),
(1306, '1', '10', NULL, NULL, '9', '2022', NULL, '0', '0'),
(1307, '2', '10', '22', NULL, '9', '2022', NULL, '0', '0'),
(1308, '3', '10', '22', '119', '9', '2022', NULL, '0', '0'),
(1309, '3', '10', '22', '120', '9', '2022', NULL, '0', '0'),
(1310, '3', '10', '22', '121', '11', '2022', NULL, '0', '0'),
(1311, '3', '10', '22', '120', '11', '2022', NULL, '0', '0'),
(1312, '3', '10', '22', '119', '11', '2022', NULL, '0', '0'),
(1313, '1', '11', NULL, NULL, '10', '2022', NULL, '0', '0'),
(1314, '3', '11', '23', 'إختر رقم الوحدة ....', '10', '2022', NULL, '0', '0'),
(1315, '3', '11', '23', '122', '10', '2022', NULL, '0', '0'),
(1316, '3', '11', '23', '123', '10', '2022', NULL, '0', '0'),
(1317, '3', '16', '28', '17', '10', '2022', NULL, '0', '210'),
(1318, '3', '16', '28', '26', '6', '2022', NULL, '0', '81'),
(1319, '3', '16', '28', '17', '8', '2022', NULL, '0', '375'),
(1320, '3', '16', '28', '25', '8', '2022', NULL, '0', '375'),
(1321, '2', '13', '52', NULL, '1', '2023', NULL, '17002.59', '0'),
(1322, '2', '13', '52', NULL, '4', '2023', NULL, '18368.92', '9500'),
(1323, '2', '13', '52', NULL, '7', '2023', '223200', '0', '0'),
(1324, '2', '13', '52', NULL, '1', '2022', NULL, '37200', '0'),
(1325, '2', '13', '52', NULL, '4', '2022', NULL, '5040', '0'),
(1326, '2', '13', '52', NULL, '7', '2022', NULL, '36480', '0'),
(1327, '2', '4', '8', NULL, '7', '2022', NULL, '8100', '0'),
(1328, '2', '37', '51', NULL, '12', '2022', NULL, '24306', '0'),
(1329, '2', '13', '52', NULL, '1', '2021', NULL, '10820', '0'),
(1330, '2', '13', '52', NULL, '5', '2021', NULL, '14180', '0'),
(1331, '2', '13', '52', NULL, '12', '2021', NULL, '411860', '0'),
(1332, '2', '16', 'إختر اسم البناء ....', NULL, '7', '2021', NULL, '0', '0'),
(1333, '2', '16', 'إختر اسم البناء ....', NULL, '6', '2021', NULL, '0', '0'),
(1334, '2', '16', '28', NULL, '6', '2021', NULL, '0', '0'),
(1335, '2', '16', '28', NULL, '7', '2021', NULL, '2219', '40'),
(1336, '2', '15', '27', NULL, '6', '2021', NULL, '250', '0'),
(1337, '2', '8', '19', NULL, '10', '2021', NULL, '22831', '0'),
(1338, '2', '8', '19', NULL, '12', '2021', NULL, '456640.9', '0'),
(1339, '2', '22', '35', NULL, '12', '2021', NULL, '173189.8', '0'),
(1340, '2', '12', '25', NULL, '12', '2021', NULL, '181209.3', '0'),
(1341, '2', '43', '45', NULL, '12', '2021', NULL, '10000', '0'),
(1342, '3', '37', '51', '232', '12', '2021', NULL, '24306', '0'),
(1343, '3', '37', '51', '233', '12', '2021', NULL, '565271', '0'),
(1344, '3', '37', '51', '234', '12', '2021', NULL, '24306', '0'),
(1345, '1', '13', NULL, NULL, '1', '2021', NULL, '0', '0'),
(1346, '1', '13', NULL, NULL, '5', '2021', NULL, '0', '0'),
(1347, '1', '13', NULL, NULL, '12', '2021', NULL, '0', '0'),
(1348, '1', '16', NULL, NULL, '6', '2021', NULL, '0', '0'),
(1349, '2', '17', 'إختر اسم البناء ....', NULL, '2', '2021', NULL, '0', '0'),
(1350, '2', '17', 'إختر اسم البناء ....', NULL, '1', '2021', NULL, '0', '0'),
(1351, '2', '17', 'إختر اسم البناء ....', NULL, '3', '2021', NULL, '0', '0'),
(1352, '2', '17', '29', NULL, '5', '2021', NULL, '11000', '0'),
(1353, '2', '17', '29', NULL, '6', '2021', NULL, '130781', '1473'),
(1354, '2', '17', '29', NULL, '7', '2021', NULL, '0', '0'),
(1355, '2', '17', '29', NULL, '8', '2021', NULL, '0', '0'),
(1356, '2', '17', '29', NULL, '9', '2021', NULL, '0', '0'),
(1357, '2', '17', '29', NULL, '10', '2021', NULL, '0', '750'),
(1358, '2', '17', '29', NULL, '11', '2021', NULL, '0', '218'),
(1359, '2', '17', '29', NULL, '12', '2021', NULL, '55000', '40'),
(1360, '2', '22', 'إختر اسم البناء ....', NULL, '12', '2021', NULL, '0', '0'),
(1361, '2', '22', 'إختر اسم البناء ....', NULL, '11', '2021', NULL, '0', '0'),
(1362, '2', '22', 'إختر اسم البناء ....', NULL, '1', '2021', NULL, '0', '0'),
(1363, '2', '22', 'إختر اسم البناء ....', NULL, '2', '2021', NULL, '0', '0'),
(1364, '2', '22', 'إختر اسم البناء ....', NULL, '3', '2021', NULL, '0', '0'),
(1365, '1', '4', NULL, NULL, '4', '2021', NULL, '0', '0'),
(1366, '2', '4', '8', NULL, '4', '2021', NULL, '0', '10320'),
(1367, '2', '4', '8', NULL, '9', '2021', NULL, '0', '10159'),
(1368, '2', '4', '8', NULL, '12', '2021', NULL, '0', '6000'),
(1369, '1', '4', NULL, NULL, '12', '2021', NULL, '0', '0'),
(1370, '1', '4', NULL, NULL, '9', '2021', NULL, '0', '0'),
(1371, '1', '8', NULL, NULL, '12', '2021', NULL, '0', '0'),
(1372, '1', '10', NULL, NULL, '12', '2021', NULL, '0', '0'),
(1373, '1', '12', NULL, NULL, '12', '2021', NULL, '0', '0'),
(1374, '1', '12', NULL, NULL, '11', '2021', NULL, '0', '0'),
(1375, '1', '12', NULL, NULL, '10', '2021', NULL, '0', '0'),
(1376, '1', '12', NULL, NULL, '9', '2021', NULL, '0', '0'),
(1377, '1', '12', NULL, NULL, '8', '2021', NULL, '0', '0'),
(1378, '1', '12', NULL, NULL, '7', '2021', NULL, '0', '0'),
(1379, '1', '12', NULL, NULL, '6', '2021', NULL, '0', '0'),
(1380, '1', '12', NULL, NULL, '5', '2021', NULL, '0', '0'),
(1381, '1', '12', NULL, NULL, '4', '2021', NULL, '0', '0'),
(1382, '1', '12', NULL, NULL, '3', '2021', NULL, '0', '0'),
(1383, '1', '12', NULL, NULL, '2', '2021', NULL, '0', '0'),
(1384, '1', '12', NULL, NULL, '1', '2021', NULL, '0', '0'),
(1385, '1', '13', NULL, NULL, '2', '2021', NULL, '0', '0'),
(1386, '1', '13', NULL, NULL, '3', '2021', NULL, '0', '0'),
(1387, '1', '13', NULL, NULL, '4', '2021', NULL, '0', '0'),
(1388, '1', '13', NULL, NULL, '6', '2021', NULL, '0', '0'),
(1389, '1', '13', NULL, NULL, '7', '2021', NULL, '0', '0'),
(1390, '1', '13', NULL, NULL, '8', '2021', NULL, '0', '0'),
(1391, '1', '13', NULL, NULL, '9', '2021', NULL, '0', '0'),
(1392, '1', '13', NULL, NULL, '10', '2021', NULL, '0', '0'),
(1393, '1', '13', NULL, NULL, '11', '2021', NULL, '0', '0'),
(1394, '1', '16', NULL, NULL, '12', '2021', NULL, '0', '0'),
(1395, '1', '16', NULL, NULL, '11', '2021', NULL, '0', '0'),
(1396, '1', '16', NULL, NULL, '10', '2021', NULL, '0', '0'),
(1397, '1', '16', NULL, NULL, '9', '2021', NULL, '0', '0'),
(1398, '1', '16', NULL, NULL, '8', '2021', NULL, '0', '0'),
(1399, '1', '16', NULL, NULL, '7', '2021', NULL, '0', '0'),
(1400, '1', '16', NULL, NULL, '5', '2021', NULL, '0', '0'),
(1401, '1', '16', NULL, NULL, '4', '2021', NULL, '0', '0'),
(1402, '1', '16', NULL, NULL, '3', '2021', NULL, '0', '0'),
(1403, '1', '16', NULL, NULL, '2', '2021', NULL, '0', '0'),
(1404, '1', '16', NULL, NULL, '1', '2021', NULL, '0', '0'),
(1405, '1', '17', NULL, NULL, '1', '2021', NULL, '0', '0'),
(1406, '1', '17', NULL, NULL, '2', '2021', NULL, '0', '0'),
(1407, '1', '17', NULL, NULL, '3', '2021', NULL, '0', '0'),
(1408, '1', '17', NULL, NULL, '4', '2021', NULL, '0', '0'),
(1409, '1', '17', NULL, NULL, '5', '2021', NULL, '0', '0'),
(1410, '1', '17', NULL, NULL, '6', '2021', NULL, '0', '0'),
(1411, '1', '17', NULL, NULL, '7', '2021', NULL, '0', '0'),
(1412, '1', '17', NULL, NULL, '8', '2021', NULL, '0', '0'),
(1413, '1', '17', NULL, NULL, '9', '2021', NULL, '0', '0'),
(1414, '1', '17', NULL, NULL, '10', '2021', NULL, '0', '0'),
(1415, '1', '17', NULL, NULL, '11', '2021', NULL, '0', '0'),
(1416, '1', '17', NULL, NULL, '12', '2021', NULL, '0', '0'),
(1417, '2', '17', '29', NULL, '4', '2021', NULL, '21000', '0'),
(1418, '2', '17', '29', NULL, '3', '2021', NULL, '44900', '0'),
(1419, '2', '17', '29', NULL, '2', '2021', NULL, '14100', '0'),
(1420, '2', '17', '29', NULL, '1', '2021', NULL, '0', '0'),
(1421, '2', '17', '30', NULL, '1', '2021', NULL, '0', '0'),
(1422, '2', '17', '30', NULL, '2', '2021', NULL, '0', '0'),
(1423, '2', '17', '30', NULL, '3', '2021', NULL, '0', '0'),
(1424, '2', '17', '30', NULL, '4', '2021', NULL, '0', '0'),
(1425, '2', '17', '30', NULL, '5', '2021', NULL, '0', '0'),
(1426, '2', '17', '30', NULL, '6', '2021', NULL, '0', '0'),
(1427, '2', '17', '30', NULL, '7', '2021', NULL, '0', '0'),
(1428, '2', '17', '30', NULL, '8', '2021', NULL, '0', '0'),
(1429, '2', '17', '30', NULL, '9', '2021', NULL, '0', '0'),
(1430, '2', '17', '30', NULL, '10', '2021', NULL, '0', '0'),
(1431, '2', '17', '30', NULL, '11', '2021', NULL, '0', '0'),
(1432, '2', '17', '30', NULL, '12', '2021', NULL, '0', '0'),
(1433, '1', '22', NULL, NULL, '12', '2021', NULL, '0', '0'),
(1434, '1', '22', NULL, NULL, '11', '2021', NULL, '0', '0'),
(1435, '1', '22', NULL, NULL, '10', '2021', NULL, '0', '0'),
(1436, '1', '22', NULL, NULL, '9', '2021', NULL, '0', '0'),
(1437, '1', '22', NULL, NULL, '8', '2021', NULL, '0', '0'),
(1438, '1', '22', NULL, NULL, '7', '2021', NULL, '0', '0'),
(1439, '1', '22', NULL, NULL, '6', '2021', NULL, '0', '0'),
(1440, '1', '22', NULL, NULL, '5', '2021', NULL, '0', '0'),
(1441, '1', '22', NULL, NULL, '3', '2021', NULL, '0', '0'),
(1442, '1', '22', NULL, NULL, '4', '2021', NULL, '0', '0'),
(1443, '1', '22', NULL, NULL, '2', '2021', NULL, '0', '0'),
(1444, '1', '22', NULL, NULL, '1', '2021', NULL, '0', '0'),
(1445, '1', '37', NULL, NULL, '1', '2021', NULL, '0', '0'),
(1446, '1', '37', NULL, NULL, '2', '2021', NULL, '0', '0'),
(1447, '1', '37', NULL, NULL, '3', '2021', NULL, '0', '0'),
(1448, '1', '37', NULL, NULL, '4', '2021', NULL, '0', '0'),
(1449, '1', '37', NULL, NULL, '5', '2021', NULL, '0', '0'),
(1450, '1', '37', NULL, NULL, '6', '2021', NULL, '0', '0'),
(1451, '1', '37', NULL, NULL, '7', '2021', NULL, '0', '0'),
(1452, '1', '37', NULL, NULL, '8', '2021', NULL, '0', '0'),
(1453, '1', '37', NULL, NULL, '9', '2021', NULL, '0', '0'),
(1454, '1', '37', NULL, NULL, '10', '2021', NULL, '0', '0'),
(1455, '1', '37', NULL, NULL, '11', '2021', NULL, '0', '0'),
(1456, '1', '37', NULL, NULL, '12', '2021', NULL, '0', '0'),
(1457, '2', '37', '51', NULL, '12', '2021', NULL, '0', '0'),
(1458, '2', '37', '51', NULL, '11', '2021', NULL, '0', '0'),
(1459, '2', '37', '51', NULL, '10', '2021', NULL, '0', '0'),
(1460, '2', '37', '51', NULL, '9', '2021', NULL, '0', '0'),
(1461, '2', '37', '51', NULL, '8', '2021', NULL, '0', '0'),
(1462, '2', '37', '51', NULL, '7', '2021', NULL, '0', '0'),
(1463, '2', '37', '51', NULL, '6', '2021', NULL, '0', '0'),
(1464, '2', '37', '51', NULL, '5', '2021', NULL, '0', '0'),
(1465, '2', '37', '51', NULL, '4', '2021', NULL, '0', '0'),
(1466, '2', '37', '51', NULL, '3', '2021', NULL, '0', '0'),
(1467, '2', '37', '51', NULL, '2', '2021', NULL, '0', '0'),
(1468, '2', '37', '51', NULL, '1', '2021', NULL, '0', '0'),
(1469, '1', '47', NULL, NULL, '3', '2021', NULL, '0', '000'),
(1470, '2', '47', '82', NULL, '3', '2021', NULL, '0', '15166'),
(1471, '3', '15', '27', '144', '3', '2021', NULL, '0', '280'),
(1472, '3', '15', '27', '144', '6', '2021', NULL, '0', '20'),
(1473, '3', '15', '27', '144', '8', '2021', NULL, '0', '375'),
(1474, '3', '15', '27', '146', '1', '2021', NULL, '0', '136'),
(1475, '3', '15', '27', '146', '8', '2021', NULL, '0', '218'),
(1476, '3', '15', '27', '147', '1', '2021', NULL, '0', '496'),
(1477, '3', '15', '27', '147', '2', '2021', NULL, '0', '170'),
(1478, '3', '15', '27', '147', '8', '2021', NULL, '0', '44'),
(1479, '3', '15', '27', '148', '8', '2021', NULL, '0', '5655'),
(1480, '3', '15', '27', '149', '12', '2021', NULL, '0', '66'),
(1481, '3', '15', '27', '149', '10', '2021', NULL, '0', '21'),
(1482, '2', '15', '27', NULL, '7', '2021', NULL, '0', '6782'),
(1483, '2', '9', '20', NULL, '7', '2021', NULL, '0', '1859'),
(1484, '2', '9', '20', NULL, '12', '2021', NULL, '0', '20'),
(1485, '2', '10', '22', NULL, '2', '2021', NULL, '0', '1400'),
(1486, '3', '10', '22', '119', '2', '2021', NULL, '0', '2449'),
(1487, '3', '10', '22', '118', '2', '2021', NULL, '0', '1664'),
(1488, '3', '10', '22', '118', '10', '2021', NULL, '0', '2286'),
(1489, '3', '10', '22', '118', '11', '2021', NULL, '0', '10000'),
(1490, '1', '6', NULL, NULL, '5', '2021', NULL, '0', '2500'),
(1491, '1', '6', NULL, NULL, '1', '2021', NULL, '0', '60'),
(1492, '3', '6', '11', '97', '3', '2021', NULL, '0', '110'),
(1493, '2', '4', '8', NULL, '2', '2021', NULL, '0', '6000'),
(1494, '2', '35', '42', NULL, '10', '2021', NULL, '0', '681'),
(1495, '2', '26', '39', NULL, '4', '2021', NULL, '0', '640'),
(1496, '2', '26', '39', NULL, '6', '2021', NULL, '0', '18044'),
(1497, '2', '26', '39', NULL, '12', '2021', NULL, '0', '3000'),
(1498, '2', '19', '32', NULL, '6', '2021', NULL, '0', '5895'),
(1499, '2', '35', '42', NULL, '5', '2021', NULL, '0', '750'),
(1500, '3', '37', '51', '233', '10', '2021', NULL, '0', '270'),
(1501, '3', '37', '51', '233', '5', '2021', NULL, '0', '0'),
(1502, '3', '17', '29', '162', '4', '2021', NULL, '0', '200'),
(1503, '3', '17', '29', '152', '4', '2021', NULL, '0', '2164'),
(1504, '3', '17', '29', '153', '4', '2021', NULL, '0', '360'),
(1505, '3', '17', '29', '154', '4', '2021', NULL, '0', '8281'),
(1506, '3', '17', '29', '155', '4', '2021', NULL, '0', '8642'),
(1507, '3', '17', '29', '156', '4', '2021', NULL, '0', '50'),
(1508, '3', '17', '29', '157', '4', '2021', NULL, '0', '1179'),
(1509, '3', '17', '29', '158', '4', '2021', NULL, '0', '2525'),
(1510, '3', '17', '29', '160', '4', '2021', NULL, '0', '628'),
(1511, '3', '17', '29', '159', '5', '2021', NULL, '0', '1096'),
(1512, '3', '17', '29', '150', '5', '2021', NULL, '0', '32'),
(1513, '3', '17', '29', '162', '6', '2021', NULL, '0', '233'),
(1514, '3', '17', '29', '151', '6', '2021', NULL, '0', '833'),
(1515, '3', '17', '29', '163', '7', '2021', NULL, '0', '65'),
(1516, '3', '17', '29', '164', '8', '2021', NULL, '0', '350'),
(1517, '3', '17', '29', '163', '8', '2021', NULL, '0', '250'),
(1518, '3', '17', '29', '162', '8', '2021', NULL, '0', '400'),
(1519, '3', '17', '29', '162', '9', '2021', NULL, '0', '300'),
(1520, '2', '16', '28', NULL, '1', '2021', NULL, '0', '16000'),
(1521, '3', '16', '28', '24', '1', '2021', NULL, '0', '95'),
(1522, '3', '16', '28', '30', '1', '2021', NULL, '0', '242.5'),
(1523, '3', '16', '28', '33', '1', '2021', NULL, '0', '242.5'),
(1524, '3', '16', '28', '14', '1', '2021', NULL, '0', '155'),
(1525, '3', '16', '28', '7', '2', '2021', NULL, '0', '40'),
(1526, '3', '16', '28', '14', '2', '2021', NULL, '0', '1435'),
(1527, '3', '16', '28', '17', '2', '2021', NULL, '0', '560'),
(1528, '3', '16', '28', '27', '2', '2021', NULL, '0', '282'),
(1529, '3', '16', '28', '23', '2', '2021', NULL, '0', '68'),
(1530, '3', '16', '28', '29', '2', '2021', NULL, '0', '1570'),
(1531, '3', '16', '28', '19', '3', '2021', NULL, '0', '780'),
(1532, '3', '16', '28', '3', '3', '2021', NULL, '0', '500'),
(1533, '3', '16', '28', '8', '3', '2021', NULL, '0', '250'),
(1534, '3', '16', '28', '10', '3', '2021', NULL, '0', '270'),
(1535, '3', '16', '28', '13', '3', '2021', NULL, '0', '250'),
(1536, '3', '16', '28', '14', '3', '2021', NULL, '0', '60'),
(1537, '3', '16', '28', '17', '3', '2021', NULL, '0', '240'),
(1538, '3', '16', '28', '22', '3', '2021', NULL, '0', '560'),
(1539, '3', '16', '28', '23', '3', '2021', NULL, '0', '200'),
(1540, '3', '16', '28', '28', '3', '2021', NULL, '0', '320'),
(1541, '3', '16', '28', '29', '3', '2021', NULL, '0', '895'),
(1542, '3', '16', '28', '31', '3', '2021', NULL, '0', '320'),
(1543, '3', '16', '28', '3', '4', '2021', NULL, '0', '200'),
(1544, '3', '16', '28', '6', '4', '2021', NULL, '0', '560'),
(1545, '3', '16', '28', '7', '4', '2021', NULL, '0', '250'),
(1546, '3', '16', '28', '10', '4', '2021', NULL, '0', '380'),
(1547, '3', '16', '28', '13', '4', '2021', NULL, '0', '300'),
(1548, '3', '16', '28', '14', '4', '2021', NULL, '0', '841'),
(1549, '3', '16', '28', '15', '4', '2021', NULL, '0', '700'),
(1550, '3', '16', '28', '16', '4', '2021', NULL, '0', '600'),
(1551, '3', '16', '28', '18', '4', '2021', NULL, '0', '600'),
(1552, '3', '16', '28', '22', '4', '2021', NULL, '0', '400'),
(1553, '3', '16', '28', '23', '4', '2021', NULL, '0', '250'),
(1554, '3', '16', '28', '24', '4', '2021', NULL, '0', '300'),
(1555, '3', '16', '28', '25', '4', '2021', NULL, '0', '280'),
(1556, '3', '16', '28', '27', '4', '2021', NULL, '0', '200'),
(1557, '2', '16', '28', NULL, '4', '2021', NULL, '0', '900'),
(1558, '3', '16', '28', '7', '5', '2021', NULL, '0', '170'),
(1559, '3', '16', '28', '14', '5', '2021', NULL, '0', '736'),
(1560, '3', '16', '28', '15', '5', '2021', NULL, '0', '350'),
(1561, '3', '16', '28', '17', '5', '2021', NULL, '0', '1000'),
(1562, '3', '16', '28', '18', '5', '2021', NULL, '0', '180'),
(1563, '3', '16', '28', '19', '5', '2021', NULL, '0', '290'),
(1564, '3', '16', '28', '23', '5', '2021', NULL, '0', '430'),
(1565, '3', '16', '28', '24', '5', '2021', NULL, '0', '300'),
(1566, '3', '16', '28', '31', '5', '2021', NULL, '0', '580'),
(1567, '3', '16', '28', '34', '5', '2021', NULL, '0', '200'),
(1568, '2', '16', '28', NULL, '5', '2021', NULL, '0', '5525'),
(1569, '3', '16', '28', '3', '6', '2021', NULL, '0', '250'),
(1570, '3', '16', '28', '4', '6', '2021', NULL, '0', '250'),
(1571, '3', '16', '28', '7', '6', '2021', NULL, '0', '220'),
(1572, '3', '16', '28', '10', '6', '2021', NULL, '0', '250'),
(1573, '3', '16', '28', '16', '6', '2021', NULL, '0', '455'),
(1574, '3', '16', '28', '18', '6', '2021', NULL, '0', '340'),
(1575, '3', '16', '28', '22', '6', '2021', NULL, '0', '340'),
(1576, '3', '16', '28', '24', '6', '2021', NULL, '0', '550'),
(1577, '3', '16', '28', '25', '6', '2021', NULL, '0', '100'),
(1578, '3', '16', '28', '26', '6', '2021', NULL, '0', '450'),
(1579, '3', '16', '28', '27', '6', '2021', NULL, '0', '320'),
(1580, '3', '16', '28', '29', '6', '2021', NULL, '0', '150'),
(1581, '3', '16', '28', '31', '6', '2021', NULL, '0', '150'),
(1582, '3', '16', '28', '32', '6', '2021', NULL, '0', '100'),
(1583, '3', '16', '28', '34', '6', '2021', NULL, '0', '150'),
(1584, '3', '16', '28', '3', '7', '2021', NULL, '0', '250'),
(1585, '3', '16', '28', '6', '7', '2021', NULL, '0', '720'),
(1586, '3', '16', '28', '8', '7', '2021', NULL, '0', '1075'),
(1587, '3', '16', '28', '14', '7', '2021', NULL, '0', '250'),
(1588, '3', '16', '28', '16', '7', '2021', NULL, '0', '250'),
(1589, '3', '16', '28', '18', '7', '2021', NULL, '0', '150'),
(1590, '3', '16', '28', '24', '7', '2021', NULL, '0', '200'),
(1591, '3', '16', '28', '27', '7', '2021', NULL, '0', '550'),
(1592, '3', '16', '28', '29', '7', '2021', NULL, '0', '150'),
(1593, '3', '16', '28', '30', '7', '2021', NULL, '0', '300'),
(1594, '3', '16', '28', '4', '8', '2021', NULL, '0', '150'),
(1595, '3', '16', '28', '5', '8', '2021', NULL, '0', '650'),
(1596, '3', '16', '28', '6', '8', '2021', NULL, '0', '360'),
(1597, '3', '16', '28', '7', '8', '2021', NULL, '0', '270'),
(1598, '3', '16', '28', '8', '8', '2021', NULL, '0', '120'),
(1599, '3', '16', '28', '10', '8', '2021', NULL, '0', '150'),
(1600, '3', '16', '28', '14', '8', '2021', NULL, '0', '66'),
(1601, '3', '16', '28', '16', '8', '2021', NULL, '0', '250'),
(1602, '3', '16', '28', '19', '8', '2021', NULL, '0', '120'),
(1603, '3', '16', '28', '22', '8', '2021', NULL, '0', '270'),
(1604, '3', '16', '28', '25', '8', '2021', NULL, '0', '790'),
(1605, '3', '16', '28', '26', '8', '2021', NULL, '0', '155'),
(1606, '3', '16', '28', '27', '8', '2021', NULL, '0', '1900'),
(1607, '3', '16', '28', '30', '8', '2021', NULL, '0', '150'),
(1608, '2', '16', '28', NULL, '8', '2021', NULL, '0', '450'),
(1609, '3', '16', '28', '7', '9', '2021', NULL, '0', '680'),
(1610, '3', '16', '28', '15', '9', '2021', NULL, '0', '250'),
(1611, '3', '16', '28', '18', '9', '2021', NULL, '0', '1000'),
(1612, '3', '16', '28', '19', '9', '2021', NULL, '0', '360'),
(1613, '3', '16', '28', '20', '9', '2021', NULL, '0', '950'),
(1614, '3', '16', '28', '26', '9', '2021', NULL, '0', '370'),
(1615, '3', '16', '28', '29', '9', '2021', NULL, '0', '586'),
(1616, '3', '16', '28', '33', '9', '2021', NULL, '0', '200'),
(1617, '3', '16', '28', '34', '9', '2021', NULL, '0', '750'),
(1618, '2', '16', '28', NULL, '9', '2021', NULL, '0', '1425'),
(1619, '3', '16', '28', '3', '10', '2021', NULL, '0', '150'),
(1620, '3', '16', '28', '7', '10', '2021', NULL, '0', '150'),
(1621, '3', '16', '28', '8', '10', '2021', NULL, '0', '220'),
(1622, '3', '16', '28', '15', '10', '2021', NULL, '0', '180'),
(1623, '3', '16', '28', '16', '10', '2021', NULL, '0', '780'),
(1624, '3', '16', '28', '18', '10', '2021', NULL, '0', '250'),
(1625, '3', '16', '28', '19', '10', '2021', NULL, '0', '730'),
(1626, '3', '16', '28', '20', '10', '2021', NULL, '0', '300'),
(1627, '3', '16', '28', '25', '10', '2021', NULL, '0', '100'),
(1628, '3', '16', '28', '26', '10', '2021', NULL, '0', '150'),
(1629, '3', '16', '28', '28', '10', '2021', NULL, '0', '180'),
(1630, '3', '16', '28', '30', '10', '2021', NULL, '0', '200'),
(1631, '3', '16', '28', '31', '10', '2021', NULL, '0', '2680'),
(1632, '3', '16', '28', '32', '10', '2021', NULL, '0', '545'),
(1633, '2', '16', '28', NULL, '10', '2021', NULL, '0', '2155'),
(1634, '3', '16', '28', '5', '11', '2021', NULL, '0', '450'),
(1635, '3', '16', '28', '7', '11', '2021', NULL, '0', '300'),
(1636, '3', '16', '28', '15', '11', '2021', NULL, '0', '201'),
(1637, '3', '16', '28', '17', '11', '2021', NULL, '0', '100'),
(1638, '3', '16', '28', '22', '11', '2021', NULL, '0', '200'),
(1639, '3', '16', '28', '24', '11', '2021', NULL, '0', '630'),
(1640, '3', '16', '28', '25', '11', '2021', NULL, '0', '320'),
(1641, '3', '16', '28', '29', '11', '2021', NULL, '0', '566'),
(1642, '3', '16', '28', '31', '11', '2021', NULL, '0', '300'),
(1643, '3', '16', '28', '33', '11', '2021', NULL, '0', '200'),
(1644, '3', '16', '28', '7', '12', '2021', NULL, '0', '250'),
(1645, '3', '16', '28', '13', '12', '2021', NULL, '0', '1900'),
(1646, '3', '16', '28', '14', '12', '2021', NULL, '0', '1050'),
(1647, '3', '16', '28', '23', '12', '2021', NULL, '0', '70'),
(1648, '3', '16', '28', '28', '12', '2021', NULL, '0', '230'),
(1649, '3', '16', '28', '29', '12', '2021', NULL, '0', '200'),
(1650, '3', '16', '28', '34', '12', '2021', NULL, '0', '70'),
(1651, '2', '13', '52', NULL, '2', '2021', NULL, '6500', '0'),
(1652, '2', '13', '52', NULL, '3', '2021', NULL, '6500', '0'),
(1653, '2', '13', '52', NULL, '4', '2021', NULL, '6500', '0'),
(1654, '2', '13', '52', NULL, '6', '2021', NULL, '3250', '0'),
(1655, '2', '22', '35', NULL, '7', '2021', NULL, '0', '0'),
(1656, '3', '16', '28', '3', '5', '2020', NULL, '0', '440'),
(1657, '3', '16', '28', '3', '7', '2020', NULL, '0', '560'),
(1658, '3', '16', '28', '3', '8', '2020', NULL, '0', '280'),
(1659, '3', '16', '28', '4', '1', '2020', NULL, '0', '403'),
(1660, '3', '16', '28', '4', '6', '2020', NULL, '0', '345'),
(1661, '3', '16', '28', '4', '9', '2020', NULL, '0', '220'),
(1662, '3', '16', '28', '5', '1', '2020', NULL, '0', '158'),
(1663, '3', '16', '28', '5', '4', '2020', NULL, '0', '620'),
(1664, '3', '16', '28', '5', '7', '2020', NULL, '0', '370'),
(1665, '3', '16', '28', '5', '9', '2020', NULL, '0', '200'),
(1666, '3', '16', '28', '5', '12', '2020', NULL, '0', '1229'),
(1667, '3', '16', '28', '9', '12', '2020', NULL, '0', '120'),
(1668, '3', '16', '28', '5', '5', '2020', NULL, '0', '0'),
(1669, '3', '16', '28', '5', '3', '2020', NULL, '0', '0');
INSERT INTO `collection_table` (`Id`, `Type`, `Ownersip_Id`, `Building_Id`, `Unit_Id`, `Mounth`, `Year`, `Collection`, `RealEstate_Expenses`, `Maintenance_Expenses`) VALUES
(1670, '3', '16', '28', '5', '6', '2020', NULL, '0', '0'),
(1671, '3', '16', '28', '7', '5', '2020', NULL, '0', '280'),
(1672, '3', '16', '28', '7', '6', '2020', NULL, '0', '400'),
(1673, '3', '16', '28', '7', '8', '2020', NULL, '0', '180'),
(1674, '3', '16', '28', '10', '3', '2020', NULL, '0', '250'),
(1675, '3', '16', '28', '10', '10', '2020', NULL, '0', '250'),
(1676, '3', '16', '28', '13', '8', '2020', NULL, '0', '110'),
(1677, '3', '16', '28', '13', '9', '2020', NULL, '0', '440'),
(1678, '3', '16', '28', '14', '4', '2020', NULL, '0', '145'),
(1679, '3', '16', '28', '14', '9', '2020', NULL, '0', '410'),
(1680, '3', '16', '28', '14', '12', '2020', NULL, '0', '75'),
(1681, '3', '16', '28', '15', '8', '2020', NULL, '0', '230'),
(1682, '3', '16', '28', '16', '8', '2020', NULL, '0', '120'),
(1683, '3', '16', '28', '16', '4', '2020', NULL, '0', '640'),
(1684, '3', '16', '28', '16', '5', '2020', NULL, '0', '250'),
(1685, '3', '16', '28', '16', '9', '2020', NULL, '0', '150'),
(1686, '3', '16', '28', '16', '10', '2020', NULL, '0', '120'),
(1687, '3', '16', '28', '17', '5', '2020', NULL, '0', '280'),
(1688, '3', '16', '28', '17', '6', '2020', NULL, '0', '400'),
(1689, '3', '16', '28', '17', '10', '2020', NULL, '0', '250'),
(1690, '3', '16', '28', '17', '12', '2020', NULL, '0', '2070'),
(1691, '3', '16', '28', '18', '5', '2020', NULL, '0', '550'),
(1692, '3', '16', '28', '18', '6', '2020', NULL, '0', '280'),
(1693, '3', '16', '28', '18', '9', '2020', NULL, '0', '2775'),
(1694, '3', '16', '28', '18', '11', '2020', NULL, '0', '110'),
(1695, '3', '16', '28', '18', '3', '2020', NULL, '0', '227'),
(1696, '3', '16', '28', '19', '6', '2020', NULL, '0', '150'),
(1697, '3', '16', '28', '19', '9', '2020', NULL, '0', '370'),
(1698, '3', '16', '28', '22', '10', '2020', NULL, '0', '560'),
(1699, '3', '16', '28', '22', '12', '2020', NULL, '0', '75'),
(1700, '3', '16', '28', '23', '2', '2020', NULL, '0', '4103'),
(1701, '3', '16', '28', '23', '4', '2020', NULL, '0', '1050'),
(1702, '3', '16', '28', '23', '8', '2020', NULL, '0', '208'),
(1703, '3', '16', '28', '23', '10', '2020', NULL, '0', '2380'),
(1704, '3', '16', '28', '24', '3', '2020', NULL, '0', '280'),
(1705, '3', '16', '28', '24', '4', '2020', NULL, '0', '185'),
(1706, '3', '16', '28', '24', '6', '2020', NULL, '0', '300'),
(1707, '3', '16', '28', '24', '11', '2020', NULL, '0', '110'),
(1708, '3', '16', '28', '25', '3', '2020', NULL, '0', '640'),
(1709, '3', '16', '28', '25', '10', '2020', NULL, '0', '740'),
(1710, '3', '16', '28', '26', '4', '2020', NULL, '0', '1000'),
(1711, '3', '16', '28', '26', '8', '2020', NULL, '0', '275'),
(1712, '3', '16', '28', '26', '9', '2020', NULL, '0', '120'),
(1713, '3', '16', '28', '26', '10', '2020', NULL, '0', '400'),
(1714, '3', '16', '28', '26', '11', '2020', NULL, '0', '180'),
(1715, '3', '16', '28', '26', '12', '2020', NULL, '0', '540'),
(1716, '3', '16', '28', '27', '3', '2020', NULL, '0', '210'),
(1717, '3', '16', '28', '27', '5', '2020', NULL, '0', '3000'),
(1718, '3', '16', '28', '27', '6', '2020', NULL, '0', '90'),
(1719, '3', '16', '28', '27', '7', '2020', NULL, '0', '330'),
(1720, '3', '16', '28', '27', '8', '2020', NULL, '0', '630'),
(1721, '3', '16', '28', '27', '10', '2020', NULL, '0', '280'),
(1722, '3', '16', '28', '27', '12', '2020', NULL, '0', '790'),
(1723, '3', '16', '28', '28', '4', '2020', NULL, '0', '0'),
(1724, '3', '16', '28', '28', '8', '2020', NULL, '0', '650'),
(1725, '3', '16', '28', '28', '10', '2020', NULL, '0', '280'),
(1726, '3', '16', '28', '28', '12', '2020', NULL, '0', '295'),
(1727, '3', '16', '28', '29', '8', '2020', NULL, '0', '320'),
(1728, '3', '16', '28', '29', '10', '2020', NULL, '0', '670'),
(1729, '3', '16', '28', '29', '12', '2020', NULL, '0', '2829'),
(1730, '3', '16', '28', '30', '4', '2020', NULL, '0', '320'),
(1731, '3', '16', '28', '30', '7', '2020', NULL, '0', '226'),
(1732, '3', '16', '28', '31', '6', '2020', NULL, '0', '240'),
(1733, '3', '16', '28', '31', '7', '2020', NULL, '0', '225'),
(1734, '3', '16', '28', '31', '8', '2020', NULL, '0', '180'),
(1735, '3', '16', '28', '31', '9', '2020', NULL, '0', '280'),
(1736, '3', '16', '28', '31', '12', '2020', NULL, '0', '150'),
(1737, '3', '16', '28', '32', '7', '2020', NULL, '0', '225'),
(1738, '3', '16', '28', '33', '9', '2020', NULL, '0', '200'),
(1739, '3', '16', '28', '33', '7', '2020', NULL, '0', '226'),
(1740, '3', '16', '28', '33', '10', '2020', NULL, '0', '21'),
(1741, '3', '16', '28', '34', '5', '2020', NULL, '0', '240'),
(1742, '2', '16', '28', NULL, '1', '2020', NULL, '0', '16000'),
(1743, '2', '16', '28', NULL, '2', '2020', NULL, '0', '539'),
(1744, '2', '16', '28', NULL, '4', '2020', NULL, '0', '52'),
(1745, '2', '16', '28', NULL, '5', '2020', NULL, '0', '160'),
(1746, '2', '16', '28', NULL, '7', '2020', NULL, '0', '278'),
(1747, '2', '16', '28', NULL, '10', '2020', NULL, '0', '35'),
(1748, '2', '16', '28', NULL, '12', '2020', NULL, '0', '10'),
(1749, '3', '16', '28', '20', '12', '2020', NULL, '0', '0'),
(1750, '3', '17', '29', '150', '3', '2020', NULL, '0', '58'),
(1751, '3', '17', '29', '150', '4', '2020', NULL, '0', '770'),
(1752, '3', '17', '29', '150', '6', '2020', NULL, '0', '1000'),
(1753, '3', '17', '29', '150', '10', '2020', NULL, '0', '450'),
(1754, '3', '17', '29', '150', '11', '2020', NULL, '0', '25'),
(1755, '3', '17', '29', '151', '3', '2020', NULL, '0', '150'),
(1756, '3', '17', '29', '151', '7', '2020', NULL, '0', '450'),
(1757, '3', '17', '29', '151', '9', '2020', NULL, '0', '280'),
(1758, '3', '17', '29', '152', '2', '2020', NULL, '0', '73'),
(1759, '3', '17', '29', '152', '3', '2020', NULL, '0', '1818'),
(1760, '3', '17', '29', '152', '4', '2020', NULL, '0', '136'),
(1761, '3', '17', '29', '153', '4', '2020', NULL, '0', '350'),
(1762, '3', '17', '29', '153', '5', '2020', NULL, '0', '200'),
(1763, '3', '17', '29', '153', '6', '2020', NULL, '0', '95'),
(1764, '3', '17', '29', '153', '7', '2020', NULL, '0', '450'),
(1765, '3', '17', '29', '154', '8', '2020', NULL, '0', '80'),
(1766, '3', '17', '29', '155', '3', '2020', NULL, '0', '16'),
(1767, '3', '17', '29', '155', '6', '2020', NULL, '0', '2118'),
(1768, '3', '17', '29', '155', '7', '2020', NULL, '0', '2198'),
(1769, '3', '17', '29', '155', '8', '2020', NULL, '0', '120'),
(1770, '3', '17', '29', '156', '4', '2020', NULL, '0', '2531'),
(1771, '3', '17', '29', '156', '7', '2020', NULL, '0', '180'),
(1772, '3', '17', '29', '156', '8', '2020', NULL, '0', '820'),
(1773, '3', '17', '29', '156', '9', '2020', NULL, '0', '220'),
(1774, '3', '17', '29', '157', '6', '2020', NULL, '0', '280'),
(1775, '3', '17', '29', '157', '7', '2020', NULL, '0', '548'),
(1776, '3', '17', '29', '157', '9', '2020', NULL, '0', '796'),
(1777, '3', '17', '29', '158', '6', '2020', NULL, '0', '250'),
(1778, '3', '17', '29', '158', '8', '2020', NULL, '0', '135'),
(1779, '3', '17', '29', '158', '10', '2020', NULL, '0', '64'),
(1780, '3', '16', '28', '14', '3', '2020', NULL, '0', '0'),
(1781, '3', '16', '28', '14', '5', '2020', NULL, '0', '0'),
(1782, '3', '16', '28', '14', '6', '2020', NULL, '0', '0'),
(1783, '3', '16', '28', '14', '7', '2020', NULL, '0', '0'),
(1784, '3', '16', '28', '14', '8', '2020', NULL, '0', '0'),
(1785, '3', '16', '28', '14', '10', '2020', NULL, '0', '0'),
(1786, '3', '16', '28', '15', '10', '2020', NULL, '0', '0'),
(1787, '3', '16', '28', '17', '3', '2020', NULL, '0', '0'),
(1788, '3', '16', '28', '17', '4', '2020', NULL, '0', '0'),
(1789, '3', '16', '28', '17', '7', '2020', NULL, '0', '0'),
(1790, '3', '16', '28', '17', '8', '2020', NULL, '0', '0'),
(1791, '3', '16', '28', '18', '1', '2020', NULL, '0', '0'),
(1792, '3', '16', '28', '18', '4', '2020', NULL, '0', '0'),
(1793, '3', '16', '28', '18', '10', '2020', NULL, '0', '0'),
(1794, '3', '16', '28', '18', '12', '2020', NULL, '0', '111'),
(1795, '3', '16', '28', '6', '3', '2020', NULL, '0', '505'),
(1796, '3', '16', '28', '6', '5', '2020', NULL, '0', '280'),
(1797, '3', '16', '28', '24', '7', '2020', NULL, '0', '240'),
(1798, '3', '16', '28', '6', '6', '2020', NULL, '0', '280'),
(1799, '3', '16', '28', '29', '4', '2020', NULL, '0', '440'),
(1800, '3', '16', '28', '29', '11', '2020', NULL, '0', '0'),
(1801, '3', '16', '28', '3', '11', '2020', NULL, '0', '0'),
(1802, '3', '16', '28', '4', '11', '2020', NULL, '0', '0'),
(1803, '3', '16', '28', '5', '11', '2020', NULL, '0', '0'),
(1804, '3', '16', '28', '6', '11', '2020', NULL, '0', '0'),
(1805, '3', '16', '28', '7', '11', '2020', NULL, '0', '0'),
(1806, '3', '16', '28', '8', '11', '2020', NULL, '0', '0'),
(1807, '3', '16', '28', '9', '11', '2020', NULL, '0', '0'),
(1808, '3', '16', '28', '10', '11', '2020', NULL, '0', '0'),
(1809, '3', '16', '28', '13', '11', '2020', NULL, '0', '0'),
(1810, '3', '16', '28', '14', '11', '2020', NULL, '0', '0'),
(1811, '3', '16', '28', '15', '11', '2020', NULL, '0', '0'),
(1812, '3', '16', '28', '16', '11', '2020', NULL, '0', '0'),
(1813, '3', '16', '28', '17', '11', '2020', NULL, '0', '0'),
(1814, '3', '16', '28', '19', '11', '2020', NULL, '0', '0'),
(1815, '3', '16', '28', '20', '11', '2020', NULL, '0', '0'),
(1816, '3', '16', '28', '22', '11', '2020', NULL, '0', '0'),
(1817, '3', '16', '28', '23', '11', '2020', NULL, '0', '0'),
(1818, '3', '16', '28', '25', '11', '2020', NULL, '0', '0'),
(1819, '3', '16', '28', '27', '11', '2020', NULL, '0', '0'),
(1820, '3', '16', '28', '28', '11', '2020', NULL, '0', '0'),
(1821, '3', '16', '28', '30', '11', '2020', NULL, '0', '0'),
(1822, '3', '16', '28', '31', '11', '2020', NULL, '0', '0'),
(1823, '3', '16', '28', '32', '11', '2020', NULL, '0', '0'),
(1824, '3', '16', '28', '33', '11', '2020', NULL, '0', '0'),
(1825, '3', '16', '28', '34', '11', '2020', NULL, '0', '0'),
(1826, '2', '13', '52', NULL, '2', '2020', NULL, '19500', '0'),
(1827, '2', '13', '52', NULL, '6', '2020', NULL, '6500', '0'),
(1828, '2', '13', '52', NULL, '12', '2020', NULL, '32500', '0'),
(1829, '2', '39', '54', NULL, '12', '2020', NULL, '0', '0'),
(1830, '2', '39', '54', NULL, '8', '2020', NULL, '50200', '0'),
(1831, '2', '14', '26', NULL, '1', '2020', NULL, '95000', '0'),
(1832, '2', '26', '39', NULL, '1', '2020', NULL, '0', '0'),
(1833, '2', '8', '19', NULL, '1', '2020', NULL, '0', '450'),
(1834, '2', '35', '42', NULL, '1', '2020', NULL, '0', '0'),
(1835, '2', '35', '42', NULL, '6', '2020', NULL, '6000', '0'),
(1836, '2', '35', '42', NULL, '7', '2020', NULL, '4000', '0'),
(1837, '2', '18', '31', NULL, '6', '2020', NULL, '630', '0'),
(1838, '2', '20', '33', NULL, '6', '2020', NULL, '630', '0'),
(1839, '2', '13', '52', NULL, '1', '2020', NULL, '0', '0'),
(1840, '2', '17', '29', NULL, '3', '2020', NULL, '0', '36'),
(1841, '2', '17', '29', NULL, '4', '2020', NULL, '0', '1548'),
(1842, '2', '17', '29', NULL, '5', '2020', NULL, '0', '136'),
(1843, '2', '17', '29', NULL, '6', '2020', NULL, '0', '610'),
(1844, '2', '17', '29', NULL, '7', '2020', NULL, '0', '750'),
(1845, '2', '17', '29', NULL, '9', '2020', NULL, '0', '180'),
(1846, '2', '17', '29', NULL, '12', '2020', NULL, '0', '8000'),
(1847, '3', '17', '29', '158', '9', '2020', NULL, '0', '0'),
(1848, '3', '17', '29', '150', '12', '2020', NULL, '0', '0'),
(1849, '3', '17', '29', '158', '7', '2020', NULL, '0', '250'),
(1850, '3', '17', '29', '159', '3', '2020', NULL, '0', '2545'),
(1851, '3', '17', '29', '159', '5', '2020', NULL, '0', '460'),
(1852, '3', '17', '29', '159', '6', '2020', NULL, '0', '250'),
(1853, '3', '17', '29', '159', '7', '2020', NULL, '0', '310'),
(1854, '3', '17', '29', '159', '8', '2020', NULL, '0', '2829'),
(1855, '3', '17', '29', '159', '9', '2020', NULL, '0', '420'),
(1856, '3', '17', '29', '159', '10', '2020', NULL, '0', '310'),
(1857, '3', '17', '29', '160', '10', '2020', NULL, '0', '607'),
(1858, '3', '17', '29', '161', '8', '2020', NULL, '0', '445'),
(1859, '3', '17', '29', '161', '9', '2020', NULL, '0', '180'),
(1860, '3', '17', '29', '161', '10', '2020', NULL, '0', '360'),
(1861, '3', '17', '29', '162', '3', '2020', NULL, '0', '670'),
(1862, '3', '17', '29', '162', '4', '2020', NULL, '0', '225'),
(1863, '3', '17', '29', '162', '5', '2020', NULL, '0', '219'),
(1864, '3', '17', '29', '162', '6', '2020', NULL, '0', '100'),
(1865, '3', '17', '29', '162', '7', '2020', NULL, '0', '350'),
(1866, '3', '17', '29', '162', '8', '2020', NULL, '0', '270'),
(1867, '3', '17', '29', '163', '1', '2020', NULL, '0', '4000'),
(1868, '3', '17', '29', '163', '3', '2020', NULL, '0', '2558'),
(1869, '3', '17', '29', '163', '4', '2020', NULL, '0', '4076'),
(1870, '3', '17', '29', '163', '10', '2020', NULL, '0', '280'),
(1871, '3', '17', '29', '163', '12', '2020', NULL, '0', '6415'),
(1872, '3', '17', '29', '155', '5', '2020', NULL, '0', '0'),
(1873, '3', '17', '29', '155', '9', '2020', NULL, '0', '0'),
(1874, '3', '17', '29', 'إختر رقم الوحدة ....', '6', '2020', NULL, '0', '0'),
(1875, '3', '17', '29', '159', '4', '2020', NULL, '0', '0'),
(1876, '3', '17', '29', '150', '5', '2020', NULL, '0', '0'),
(1877, '3', '40', '49', '228', '1', '2020', NULL, '0', '10000'),
(1878, '3', '15', '27', '147', '4', '2020', NULL, '0', '130'),
(1879, '3', '15', '27', '147', '10', '2020', NULL, '0', '227'),
(1880, '2', '15', '27', NULL, '5', '2020', NULL, '0', '114'),
(1881, '3', '10', '22', '121', '10', '2020', NULL, '0', '151'),
(1882, '3', '6', '11', '97', '4', '2020', NULL, '0', '514'),
(1883, '3', '6', '11', '97', '9', '2020', NULL, '0', '450'),
(1884, '3', '6', '11', '96', '10', '2020', NULL, '0', '70'),
(1885, '3', '6', '11', '93', '8', '2020', NULL, '0', '208'),
(1886, '3', '6', '11', '97', '7', '2020', NULL, '0', '230'),
(1887, '3', '6', '18', '99', '10', '2020', NULL, '0', '8995'),
(1888, '3', '35', '42', 'إختر رقم الوحدة ....', '9', '2020', NULL, '0', '1222'),
(1889, '3', '35', '42', 'إختر رقم الوحدة ....', '10', '2020', NULL, '0', '1120'),
(1890, '2', '26', '39', NULL, '9', '2020', NULL, '0', '21877'),
(1891, '3', '37', '51', '232', '8', '2020', NULL, '0', '3106'),
(1892, '3', '37', '51', '233', '7', '2020', NULL, '0', '6456'),
(1893, '3', '37', '51', '233', '12', '2020', NULL, '0', '31892'),
(1894, '3', '37', '51', '234', '4', '2020', NULL, '0', '15468'),
(1895, '3', '37', '51', '234', '9', '2020', NULL, '0', '2200'),
(1896, '3', '37', '51', '234', '12', '2020', NULL, '0', '24306'),
(1897, '3', '37', '51', '232', '12', '2020', NULL, '0', '24306'),
(1898, '2', '8', '19', NULL, '6', '2020', NULL, '740', '0'),
(1899, '2', '26', '39', NULL, '7', '2020', NULL, '1800', '0'),
(1900, '3', '37', '51', '234', '1', '2023', NULL, '24306', '0'),
(1901, '2', '8', '19', NULL, '1', '2023', NULL, '30000', '0'),
(1902, '2', '19', '32', NULL, '1', '2023', NULL, '44607', '0'),
(1903, '2', '12', '25', NULL, '1', '2023', '89100', '0', '532'),
(1904, '3', '15', '27', '149', '1', '2023', NULL, '0', '161'),
(1905, '3', '17', '30', '183', '2', '2023', NULL, '0', '18'),
(1906, '3', '15', '27', '146', '2', '2023', NULL, '0', '242'),
(1907, '3', '15', '27', '149', '2', '2023', NULL, '0', '217'),
(1908, '3', '16', '28', '25', '2', '2023', NULL, '0', '183'),
(1909, '3', '16', '28', '18', '2', '2023', NULL, '0', '190'),
(1910, '3', '16', '28', '33', '2', '2023', NULL, '0', '16'),
(1911, '3', '16', '28', '15', '2', '2023', NULL, '0', '120'),
(1912, '3', '16', '28', '30', '2', '2023', NULL, '0', '113'),
(1913, '3', '16', '28', '14', '2', '2023', NULL, '0', '118'),
(1914, '3', '16', '28', '20', '2', '2023', NULL, '0', '2627'),
(1915, '2', '16', '28', NULL, '2', '2023', NULL, '0', '700'),
(1916, '2', '17', '29', NULL, '2', '2023', NULL, '900', '0'),
(1917, '2', '15', '27', NULL, '2', '2023', NULL, '100', '0'),
(1918, '2', '19', '32', NULL, '2', '2023', NULL, '8663', '0'),
(1919, '3', '37', '51', '233', '3', '2023', NULL, '25635', '0'),
(1920, '2', '22', '35', NULL, '3', '2023', NULL, '3000', '0'),
(1921, '2', '12', '25', NULL, '3', '2023', NULL, '3000', '0'),
(1922, '2', '8', '19', NULL, '3', '2023', NULL, '4000', '0'),
(1923, '2', '13', '52', NULL, '3', '2023', NULL, '4000', '150'),
(1924, '2', '16', '28', NULL, '3', '2023', NULL, '6000', '0'),
(1925, '2', '48', '81', NULL, '3', '2023', NULL, '8349', '0'),
(1926, '3', '17', '30', '171', '3', '2023', NULL, '0', '450'),
(1927, '3', '17', '30', '182', '3', '2023', NULL, '0', '300'),
(1928, '3', '17', '30', '183', '3', '2023', NULL, '0', '500'),
(1929, '3', '17', '29', '150', '3', '2023', NULL, '0', '3163'),
(1930, '3', '17', '29', '161', '3', '2023', NULL, '0', '600'),
(1931, '3', '17', '29', '164', '3', '2023', NULL, '0', '280'),
(1932, '3', '16', '28', '3', '3', '2023', NULL, '0', '701'),
(1933, '3', '16', '28', '6', '3', '2023', NULL, '0', '350'),
(1934, '3', '16', '28', '8', '3', '2023', NULL, '0', '100'),
(1935, '3', '16', '28', '15', '3', '2023', NULL, '0', '700'),
(1936, '3', '16', '28', '17', '3', '2023', NULL, '0', '324'),
(1937, '3', '16', '28', '22', '3', '2023', NULL, '0', '650'),
(1938, '3', '16', '28', '23', '3', '2023', NULL, '0', '150'),
(1939, '3', '16', '28', '26', '3', '2023', NULL, '0', '460'),
(1940, '3', '16', '28', '28', '3', '2023', NULL, '0', '200'),
(1941, '3', '16', '28', '30', '3', '2023', NULL, '0', '300'),
(1942, '3', '16', '28', '33', '3', '2023', NULL, '0', '200'),
(1943, '3', '16', '28', '10', '3', '2023', NULL, '0', '500'),
(1944, '2', '17', '29', NULL, '4', '2023', NULL, '2700', '0'),
(1945, '2', '16', '28', NULL, '4', '2023', NULL, '0', '300'),
(1946, '3', '16', '28', '29', '4', '2023', NULL, '0', '300'),
(1947, '3', '16', '28', '25', '4', '2023', NULL, '0', '450'),
(1948, '3', '16', '28', '24', '4', '2023', NULL, '0', '200'),
(1949, '3', '16', '28', '8', '4', '2023', NULL, '0', '180'),
(1950, '3', '16', '28', '26', '4', '2023', NULL, '0', '800'),
(1951, '3', '16', '28', '6', '4', '2023', NULL, '0', '180'),
(1952, '3', '16', '28', '28', '4', '2023', NULL, '0', '220'),
(1953, '3', '17', '29', '153', '4', '2023', NULL, '0', '1178'),
(1954, '3', '17', '29', '161', '4', '2023', NULL, '0', '150'),
(1955, '2', '19', '32', NULL, '4', '2023', NULL, '0', '450'),
(1956, '2', '35', '42', NULL, '5', '2023', NULL, '12102', '0'),
(1957, '3', '37', '51', '234', '5', '2023', NULL, '25635', '0'),
(1958, '2', '16', '28', NULL, '5', '2023', NULL, '11400', '0'),
(1959, '2', '17', '30', NULL, '5', '2023', NULL, '8500', '0'),
(1960, '3', '16', '28', '23', '5', '2023', NULL, '0', '550'),
(1961, '3', '16', '28', '3', '5', '2023', '4700', '0', '330'),
(1962, '3', '16', '28', '5', '5', '2023', '4700', '0', '630'),
(1963, '3', '16', '28', '10', '5', '2023', NULL, '0', '270'),
(1964, '3', '16', '28', '14', '5', '2023', NULL, '0', '250'),
(1965, '3', '16', '28', '16', '5', '2023', NULL, '0', '600'),
(1966, '3', '16', '28', '17', '5', '2023', NULL, '0', '1150'),
(1967, '3', '16', '28', '22', '5', '2023', NULL, '0', '650'),
(1968, '3', '16', '28', '24', '5', '2023', '4700', '0', '100'),
(1969, '3', '16', '28', '27', '5', '2023', NULL, '0', '150'),
(1970, '3', '16', '28', '29', '5', '2023', NULL, '0', '100'),
(1971, '3', '16', '28', '30', '5', '2023', NULL, '0', '300'),
(1972, '3', '16', '28', '33', '5', '2023', NULL, '0', '150'),
(1973, '3', '15', '27', '147', '5', '2023', NULL, '0', '469'),
(1974, '3', '17', '29', '161', '5', '2023', NULL, '0', '250'),
(1975, '3', '35', '42', '217', '5', '2023', NULL, '0', '1800'),
(1976, '2', '19', '32', NULL, '5', '2023', NULL, '0', '200'),
(1977, '3', '16', '28', '4', '5', '2023', '4700', '0', '200'),
(1978, '3', '37', '51', '233', '6', '2023', NULL, '172', '0'),
(1979, '3', '37', '51', '234', '6', '2023', NULL, '0', '182'),
(1980, '2', '35', '42', NULL, '6', '2023', NULL, '0', '1350'),
(1981, '3', '16', '28', '9', '6', '2023', '4700', '0', '0'),
(1982, '2', '17', '30', NULL, '6', '2023', NULL, '1195', '100'),
(1983, '3', '17', '30', '179', '6', '2023', NULL, '0', '333'),
(1984, '3', '17', '30', '180', '6', '2023', NULL, '0', '155'),
(1985, '3', '17', '30', '177', '6', '2023', NULL, '0', '11'),
(1986, '3', '16', '28', '7', '6', '2023', NULL, '0', '166'),
(1987, '3', '16', '28', '10', '6', '2023', NULL, '0', '400'),
(1988, '3', '17', '30', '184', '6', '2023', NULL, '0', '150'),
(1989, '3', '16', '28', '13', '6', '2023', NULL, '0', '250'),
(1990, '2', '19', '32', NULL, '6', '2023', NULL, '0', '650'),
(1991, '3', '17', '30', '173', '6', '2023', NULL, '0', '110'),
(1992, '3', '8', '19', '312', '6', '2023', NULL, '0', '650'),
(1993, '3', '16', '28', '8', '6', '2023', NULL, '0', '260'),
(1994, '3', '17', '29', '163', '6', '2023', NULL, '0', '300'),
(1995, '3', '17', '29', '159', '6', '2023', NULL, '0', '260'),
(1996, '2', '16', '28', NULL, '6', '2023', NULL, '0', '200'),
(1997, '3', '16', '28', '28', '6', '2023', NULL, '0', '180'),
(1998, '3', '16', '28', '18', '6', '2023', NULL, '0', '220'),
(1999, '3', '16', '28', '17', '6', '2023', NULL, '0', '750'),
(2000, '3', '16', '28', '25', '6', '2023', NULL, '0', '400'),
(2001, NULL, '17', '30', '17', '5', '2023', '5700', NULL, NULL),
(2002, NULL, '14', '26', NULL, '6', '2023', '35000', NULL, NULL),
(2003, NULL, '17', '30', '9', '5', '2023', '4300', NULL, NULL),
(2004, NULL, '17', '30', '9', '6', '2023', '4300', NULL, NULL),
(2005, NULL, '17', '30', '9', '7', '2023', '4300', NULL, NULL),
(2006, NULL, '17', '30', '3', '5', '2023', '4500', NULL, NULL),
(2007, NULL, '17', '30', '3', '6', '2023', '4500', NULL, NULL),
(2008, NULL, '17', '30', '3', '7', '2023', '4500', NULL, NULL),
(2009, NULL, '17', '30', '15', '5', '2023', '4300', NULL, NULL),
(2010, NULL, '17', '30', '15', '6', '2023', '4300', NULL, NULL),
(2011, NULL, '17', '30', '15', '7', '2023', '4300', NULL, NULL),
(2012, NULL, '17', '30', '6', '5', '2023', '4500', NULL, NULL),
(2013, NULL, '17', '30', '6', '6', '2023', '4500', NULL, NULL),
(2014, NULL, '17', '30', '6', '7', '2023', '4500', NULL, NULL),
(2015, NULL, '17', '30', '10', '5', '2023', '4300', NULL, NULL),
(2016, NULL, '17', '30', '10', '6', '2023', '4300', NULL, NULL),
(2017, NULL, '17', '30', '10', '7', '2023', '4300', NULL, NULL),
(2018, NULL, '17', '30', '11', '5', '2023', '3300', NULL, NULL),
(2019, NULL, '17', '30', '11', '6', '2023', '3300', NULL, NULL),
(2020, NULL, '17', '30', '11', '7', '2023', '3300', NULL, NULL),
(2021, NULL, '17', '30', '16', '5', '2023', '5500', NULL, NULL),
(2022, NULL, '17', '30', '16', '6', '2023', '5500', NULL, NULL),
(2023, NULL, '17', '30', '16', '7', '2023', '5500', NULL, NULL),
(2024, NULL, '17', '29', '12', '5', '2023', '3700', NULL, NULL),
(2025, NULL, '17', '29', '12', '6', '2023', '3700', NULL, NULL),
(2026, NULL, '17', '29', '12', '7', '2023', '3700', NULL, NULL),
(2027, NULL, '17', '30', '13', '5', '2023', '4200', NULL, NULL),
(2028, NULL, '17', '30', '13', '6', '2023', '4200', NULL, NULL),
(2029, NULL, '17', '30', '2', '5', '2023', '3500', NULL, NULL),
(2030, NULL, '17', '30', '13', '7', '2023', '4200', NULL, NULL),
(2031, NULL, '17', '30', '2', '6', '2023', '3500', NULL, NULL),
(2032, NULL, '17', '30', '2', '7', '2023', '3500', NULL, NULL),
(2033, NULL, '17', '30', '4', '5', '2023', '4100', NULL, NULL),
(2034, NULL, '17', '30', '4', '6', '2023', '4100', NULL, NULL),
(2035, NULL, '17', '30', '4', '7', '2023', '4100', NULL, NULL),
(2036, NULL, '17', '30', '14', '5', '2023', '3500', NULL, NULL),
(2037, NULL, '17', '30', '14', '6', '2023', '3500', NULL, NULL),
(2038, NULL, '17', '30', '14', '7', '2023', '3500', NULL, NULL),
(2039, NULL, '17', '30', '5', '5', '2023', '3400', NULL, NULL),
(2040, NULL, '17', '30', '5', '6', '2023', '3400', NULL, NULL),
(2041, NULL, '17', '30', '5', '7', '2023', '3400', NULL, NULL),
(2042, NULL, '4', '8', NULL, '5', '2023', '130000', NULL, NULL),
(2043, NULL, '16', '65', NULL, '5', '2023', '37600', NULL, NULL),
(2044, NULL, '16', '65', NULL, '6', '2023', '37600', NULL, NULL),
(2045, NULL, '16', '65', NULL, '7', '2023', '37600', NULL, NULL),
(2046, NULL, '17', '71', NULL, '5', '2023', '36580', NULL, NULL),
(2047, NULL, '17', '71', NULL, '6', '2023', '36580', NULL, NULL),
(2048, NULL, '17', '71', NULL, '7', '2023', '36580', NULL, NULL),
(2049, NULL, '17', '30', '12', '5', '2023', '4300', NULL, NULL),
(2050, NULL, '17', '30', '12', '6', '2023', '4300', NULL, NULL),
(2051, NULL, '17', '30', '12', '7', '2023', '4300', NULL, NULL),
(2052, NULL, '17', '30', '7', '5', '2023', '4500', NULL, NULL),
(2053, NULL, '17', '30', '7', '6', '2023', '4500', NULL, NULL),
(2054, NULL, '17', '30', '7', '7', '2023', '4500', NULL, NULL),
(2055, NULL, '4', '72', NULL, '5', '2023', '40000', NULL, NULL),
(2056, NULL, '4', '8', NULL, '6', '2023', '130000', NULL, NULL),
(2057, NULL, '14', '26', NULL, '5', '2023', '35000', NULL, NULL),
(2058, NULL, '14', '26', NULL, '7', '2023', '35000', NULL, NULL),
(2059, NULL, '4', '72', NULL, '6', '2023', '40000', NULL, NULL),
(2060, NULL, '4', '72', NULL, '7', '2023', '40000', NULL, NULL),
(2061, NULL, '18', '66', NULL, '5', '2023', '26000', NULL, NULL),
(2062, NULL, '18', '66', NULL, '6', '2023', '26000', NULL, NULL),
(2063, NULL, '18', '66', NULL, '7', '2023', '26000', NULL, NULL),
(2064, NULL, '39', '97', NULL, '5', '2023', '60000', NULL, NULL),
(2065, NULL, '39', '97', NULL, '6', '2023', '60000', NULL, NULL),
(2066, NULL, '39', '97', NULL, '7', '2023', '60000', NULL, NULL),
(2067, NULL, '4', '8', NULL, '7', '2023', '130000', NULL, NULL),
(2068, NULL, '16', '28', '5', '6', '2023', '4700', NULL, NULL),
(2069, NULL, '16', '28', '5', '7', '2023', '4700', NULL, NULL),
(2070, NULL, '16', '28', '4', '7', '2023', '4700', NULL, NULL),
(2071, NULL, '16', '28', '9', '5', '2023', '4700', NULL, NULL),
(2072, NULL, '16', '28', '20', '5', '2023', '4700', NULL, NULL),
(2073, NULL, '16', '28', '20', '6', '2023', '4700', NULL, NULL),
(2074, NULL, '16', '28', '20', '7', '2023', '4700', NULL, NULL),
(2075, NULL, '16', '28', '24', '6', '2023', '4700', NULL, NULL),
(2076, NULL, '16', '28', '9', '7', '2023', '4700', NULL, NULL),
(2077, NULL, '16', '28', '6', '7', '2023', '4700', NULL, NULL),
(2078, NULL, '16', '28', '3', '6', '2023', '4700', NULL, NULL),
(2079, NULL, '16', '28', '3', '7', '2023', '4700', NULL, NULL),
(2080, NULL, '16', '28', '24', '7', '2023', '4700', NULL, NULL),
(2081, NULL, '16', '68', NULL, '5', '2023', '14100', NULL, NULL),
(2082, NULL, '16', '64', NULL, '5', '2023', '14100', NULL, NULL),
(2083, NULL, '16', '68', NULL, '6', '2023', '14100', NULL, NULL),
(2084, NULL, '16', '64', NULL, '6', '2023', '14100', NULL, NULL),
(2085, NULL, '16', '64', NULL, '7', '2023', '14100', NULL, NULL),
(2086, NULL, '16', '68', NULL, '7', '2023', '14100', NULL, NULL),
(2087, NULL, '16', '68', NULL, '8', '2023', '14100', NULL, NULL),
(2088, NULL, '10', '22', '3', '7', '2023', '2500', NULL, NULL),
(2089, NULL, '10', '22', '3', '8', '2023', '2500', NULL, NULL),
(2090, NULL, '16', '28', '4', '8', '2023', '4700', NULL, NULL),
(2091, NULL, '16', '28', '4', '6', '2023', '4700', NULL, NULL),
(2092, NULL, '16', '28', '9', '8', '2023', '4700', NULL, NULL),
(2093, NULL, '26', '85', NULL, '8', '2023', '18000', NULL, NULL),
(2094, NULL, '14', '26', NULL, '8', '2023', '35000', NULL, NULL),
(2095, NULL, '6', '11', '6', '8', '2023', '3000', NULL, NULL),
(2096, NULL, '6', '11', '4', '8', '2023', '3000', NULL, NULL),
(2097, NULL, '6', '11', '4', '5', '2023', '3000', NULL, NULL),
(2098, '3', '19', '32', '323', '7', '2023', NULL, '0', '27'),
(2099, NULL, '6', '11', '4', '6', '2023', '3000', NULL, NULL),
(2100, NULL, '6', '11', '4', '7', '2023', '3000', NULL, NULL),
(2101, '3', '17', '29', '163', '7', '2023', NULL, '0', '90'),
(2102, NULL, '6', '18', NULL, '5', '2023', '10000', NULL, NULL),
(2103, '3', '47', '82', '456', '7', '2023', NULL, '0', '2228'),
(2104, NULL, '6', '11', '6', '5', '2023', '3000', NULL, NULL),
(2105, '3', '16', '28', '3', '7', '2023', NULL, '0', '980'),
(2106, NULL, '6', '18', NULL, '6', '2023', '10000', NULL, NULL),
(2107, NULL, '6', '11', '6', '6', '2023', '3000', NULL, NULL),
(2108, NULL, '6', '11', '6', '7', '2023', '3000', NULL, NULL),
(2109, NULL, '6', '11', '1', '7', '2023', '3000', NULL, NULL),
(2110, '2', '8', '19', NULL, '7', '2023', NULL, '0', '360'),
(2111, NULL, '6', '18', NULL, '7', '2023', '10000', NULL, NULL),
(2112, '3', '16', '28', '30', '7', '2023', NULL, '0', '40'),
(2113, '3', '16', '28', '22', '7', '2023', NULL, '0', '246'),
(2114, NULL, '9', '70', NULL, '5', '2023', '9000', NULL, NULL),
(2115, NULL, '9', '70', NULL, '6', '2023', '9000', NULL, NULL),
(2116, NULL, '9', '70', NULL, '7', '2023', '9000', NULL, NULL),
(2117, NULL, '10', '22', '1', '5', '2023', '1000', NULL, NULL),
(2118, NULL, '10', '22', '3', '5', '2023', '2500', NULL, NULL),
(2119, NULL, '10', '22', '1', '6', '2023', '1000', NULL, NULL),
(2120, NULL, '10', '22', '1', '7', '2023', '1000', NULL, NULL),
(2121, '3', '17', '30', '184', '7', '2023', NULL, '0', '150'),
(2122, '3', '16', '28', '10', '7', '2023', NULL, '0', '250'),
(2123, '3', '16', '28', '26', '7', '2023', NULL, '0', '450'),
(2124, '3', '16', '28', '27', '7', '2023', NULL, '0', '650'),
(2125, '3', '16', '28', '7', '7', '2023', NULL, '0', '500'),
(2126, '3', '16', '28', '23', '7', '2023', NULL, '0', '387'),
(2127, '3', '16', '28', '5', '7', '2023', NULL, '0', '250'),
(2128, '3', '16', '28', '25', '7', '2023', NULL, '0', '330'),
(2129, '3', '17', '30', '182', '7', '2023', NULL, '0', '100'),
(2130, '2', '17', '29', NULL, '7', '2023', NULL, '0', '180'),
(2131, '3', '8', '19', '312', '7', '2023', NULL, '0', '350'),
(2132, '3', '8', '19', '107', '7', '2023', NULL, '0', '200'),
(2133, '3', '8', '19', '105', '7', '2023', NULL, '0', '650'),
(2134, '2', '22', '35', NULL, '7', '2023', NULL, '0', '700'),
(2135, '3', '16', '28', '19', '7', '2023', NULL, '0', '58'),
(2136, '3', '16', '28', '28', '7', '2023', NULL, '0', '74'),
(2137, '3', '16', '28', '24', '7', '2023', NULL, '0', '108'),
(2138, '2', '15', '27', NULL, '7', '2023', NULL, '0', '15'),
(2139, '3', '17', '30', '176', '7', '2023', NULL, '0', '30'),
(2140, '3', '16', '28', '18', '7', '2023', NULL, '0', '101'),
(2141, '3', '16', '28', '33', '7', '2023', NULL, '0', '45'),
(2142, NULL, '17', '30', '14', '8', '2023', '3500', NULL, NULL),
(2143, NULL, '27', '40', '1', '8', '2023', '12000', NULL, NULL),
(2144, NULL, '17', '30', '5', '8', '2023', '3400', NULL, NULL),
(2145, NULL, '15', '27', '4', '8', '2023', '2500', NULL, NULL),
(2146, NULL, '4', '72', NULL, '8', '2023', '40000', NULL, NULL),
(2147, NULL, '17', '30', '11', '8', '2023', '3300', NULL, NULL),
(2148, NULL, '17', '30', '2', '8', '2023', '3500', NULL, NULL),
(2149, NULL, '17', '29', '12', '8', '2023', '3700', NULL, NULL),
(2150, NULL, '45', '76', '1', '7', '2023', '45000', NULL, NULL),
(2151, NULL, '17', '30', '8', '5', '2023', '3500', NULL, NULL),
(2152, NULL, '17', '30', '8', '6', '2023', '3500', NULL, NULL),
(2153, NULL, '17', '30', '8', '7', '2023', '3500', NULL, NULL),
(2154, NULL, '17', '30', '8', '8', '2023', '3500', NULL, NULL),
(2155, NULL, '17', '30', '3', '8', '2023', '4500', NULL, NULL),
(2156, NULL, '17', '30', '6', '8', '2023', '4500', NULL, NULL),
(2157, NULL, '17', '30', '10', '8', '2023', '4300', NULL, NULL),
(2158, NULL, '25', '38', '3', '8', '2023', '7500', NULL, NULL),
(2159, NULL, '23', '36', '1', '8', '2023', '132000', NULL, NULL),
(2160, NULL, '17', '30', '16', '8', '2023', '5500', NULL, NULL),
(2161, NULL, '17', '30', '17', '8', '2023', '5700', NULL, NULL),
(2162, NULL, '17', '30', '15', '8', '2023', '4300', NULL, NULL),
(2163, NULL, '17', '30', '12', '8', '2023', '4300', NULL, NULL),
(2164, NULL, '11', '23', '1', '8', '2023', '9000', NULL, NULL),
(2165, NULL, '37', '51', '4604', '8', '2023', '2000', NULL, NULL),
(2166, NULL, '17', '30', '7', '8', '2023', '4500', NULL, NULL),
(2167, NULL, '16', '28', '20', '8', '2023', '4700', NULL, NULL),
(2168, NULL, '22', '35', '1', '8', '2023', '10000', NULL, NULL),
(2169, NULL, '17', '30', '4', '8', '2023', '4100', NULL, NULL),
(2170, NULL, '29', '41', '86', '8', '2023', '10500', NULL, NULL),
(2171, NULL, '10', '22', '4', '8', '2023', '8000', NULL, NULL),
(2172, NULL, '15', '27', '1', '8', '2023', '2500', NULL, NULL),
(2173, NULL, '17', '30', '1', '8', '2023', '4400', NULL, NULL),
(2174, NULL, '17', '71', NULL, '8', '2023', '36850', NULL, NULL),
(2176, NULL, '16', '102', NULL, '8', '2023', '9400', NULL, NULL),
(2177, NULL, '17', '30', '9', '8', '2023', '4300', NULL, NULL),
(2178, NULL, '16', '28', '5', '8', '2023', '4700', NULL, NULL),
(2179, NULL, '16', '28', '24', '8', '2023', '4700', NULL, NULL),
(2180, NULL, '21', '34', '45', '8', '2023', '10000', NULL, NULL),
(2181, NULL, '17', '30', '13', '8', '2023', '4200', NULL, NULL),
(2182, NULL, '11', '23', '2', '8', '2023', '9000', NULL, NULL),
(2183, NULL, '10', '22', '1', '8', '2023', '1000', NULL, NULL),
(2184, NULL, '35', '42', '1', '8', '2023', '15000', NULL, NULL),
(2185, NULL, '6', '11', '1', '8', '2023', '3000', NULL, NULL),
(2186, NULL, '16', '28', '3', '8', '2023', '4700', NULL, NULL),
(2187, NULL, '16', '28', '6', '8', '2023', '4700', NULL, NULL),
(2188, NULL, '16', '65', NULL, '8', '2023', '37600', NULL, NULL),
(2189, NULL, '9', '70', NULL, '8', '2023', '9000', NULL, NULL),
(2190, NULL, '16', '77', NULL, '8', '2023', '9600', NULL, NULL),
(2191, NULL, '4', '8', NULL, '8', '2023', '130000', NULL, NULL),
(2192, NULL, '39', '97', NULL, '8', '2023', '60000', NULL, NULL),
(2193, NULL, '11', '23', '3', '8', '2023', '9000', NULL, NULL),
(2194, NULL, '18', '66', NULL, '8', '2023', '26000', NULL, NULL),
(2195, NULL, '17', '30', '14', '9', '2023', '3500', NULL, NULL),
(2196, NULL, '27', '40', '1', '9', '2023', '12000', NULL, NULL),
(2197, NULL, '17', '30', '9', '9', '2023', '4300', NULL, NULL),
(2198, '3', '17', '30', '177', '1', '2024', NULL, '0', '70'),
(2199, NULL, '17', '71', NULL, '9', '2023', '36850', NULL, NULL),
(2200, NULL, '17', '71', NULL, '10', '2023', '36850', NULL, NULL),
(2201, NULL, '17', '71', NULL, '11', '2023', '36850', NULL, NULL),
(2202, NULL, '17', '71', NULL, '12', '2023', '36850', NULL, NULL),
(2204, NULL, '17', '30', '17', '12', '2023', '5700', NULL, NULL),
(2205, NULL, '17', '30', '17', '11', '2023', '5700', NULL, NULL),
(2206, NULL, '17', '30', '17', '10', '2023', '5700', NULL, NULL),
(2207, NULL, '17', '30', '17', '9', '2023', '5700', NULL, NULL),
(2208, NULL, '17', '30', '17', '7', '2023', '5700', NULL, NULL),
(2209, NULL, '17', '30', '17', '6', '2023', '5700', NULL, NULL),
(2210, NULL, '17', '71', NULL, '1', '2024', '36850', NULL, NULL),
(2211, NULL, '17', '30', '15', '9', '2023', '4300', NULL, NULL),
(2212, NULL, '17', '30', '15', '1', '2024', '4300', NULL, NULL),
(2213, NULL, '17', '30', '15', '10', '2023', '4300', NULL, NULL),
(2214, NULL, '17', '30', '15', '11', '2023', '4300', NULL, NULL),
(2215, NULL, '17', '30', '15', '12', '2023', '4300', NULL, NULL),
(2216, NULL, '17', '30', '12', '9', '2023', '4300', NULL, NULL),
(2217, NULL, '17', '30', '12', '10', '2023', '4300', NULL, NULL),
(2218, NULL, '17', '30', '12', '11', '2023', '4300', NULL, NULL),
(2219, NULL, '17', '30', '12', '12', '2023', '4300', NULL, NULL),
(2220, NULL, '16', '28', '20', '9', '2023', '4700', NULL, NULL),
(2221, NULL, '16', '28', '20', '10', '2023', '4700', NULL, NULL),
(2222, NULL, '16', '28', '20', '12', '2023', '4700', NULL, NULL),
(2223, NULL, '16', '28', '20', '1', '2024', '4700', NULL, NULL),
(2224, NULL, '16', '28', '5', '9', '2023', '4700', NULL, NULL),
(2225, NULL, '16', '28', '5', '10', '2023', '4700', NULL, NULL),
(2226, NULL, '16', '28', '5', '11', '2023', '4700', NULL, NULL),
(2227, NULL, '16', '28', '5', '12', '2023', '4700', NULL, NULL),
(2228, NULL, '16', '28', '24', '9', '2023', '4700', NULL, NULL),
(2229, NULL, '9', '70', NULL, '11', '2023', '9000', NULL, NULL),
(2230, NULL, '9', '70', NULL, '9', '2023', '9000', NULL, NULL),
(2231, NULL, '9', '70', NULL, '10', '2023', '9000', NULL, NULL),
(2232, NULL, '4', '72', NULL, '9', '2023', '40000', NULL, NULL),
(2233, NULL, '4', '72', NULL, '10', '2023', '40000', NULL, NULL),
(2234, NULL, '4', '72', NULL, '11', '2023', '40000', NULL, NULL),
(2235, NULL, '4', '72', NULL, '12', '2023', '40000', NULL, NULL),
(2236, NULL, '17', '30', '4', '9', '2023', '4100', NULL, NULL),
(2237, NULL, '17', '30', '4', '10', '2023', '4100', NULL, NULL),
(2238, NULL, '17', '30', '4', '11', '2023', '4100', NULL, NULL),
(2239, NULL, '17', '30', '4', '12', '2023', '4100', NULL, NULL),
(2240, NULL, '17', '30', '4', '1', '2024', '4100', NULL, NULL),
(2241, NULL, '17', '30', '3', '9', '2023', '4500', NULL, NULL),
(2242, NULL, '17', '30', '3', '10', '2023', '4500', NULL, NULL),
(2243, NULL, '17', '30', '3', '11', '2023', '4500', NULL, NULL),
(2244, NULL, '17', '30', '3', '12', '2023', '4500', NULL, NULL),
(2245, NULL, '17', '30', '3', '1', '2024', '4500', NULL, NULL),
(2246, NULL, '26', '85', NULL, '6', '2023', '18000', NULL, NULL),
(2247, NULL, '26', '85', NULL, '7', '2023', '18000', NULL, NULL),
(2248, NULL, '26', '85', NULL, '9', '2023', '18000', NULL, NULL),
(2249, NULL, '26', '85', NULL, '10', '2023', '18000', NULL, NULL),
(2250, NULL, '26', '85', NULL, '11', '2023', '18000', NULL, NULL),
(2251, NULL, '26', '85', NULL, '12', '2023', '18000', NULL, NULL),
(2252, NULL, '29', '41', '86', '3', '2023', '10500', NULL, NULL),
(2253, NULL, '29', '41', '86', '5', '2023', '10500', NULL, NULL),
(2254, NULL, '29', '41', '86', '6', '2023', '10500', NULL, NULL),
(2255, NULL, '29', '41', '86', '7', '2023', '10500', NULL, NULL),
(2256, NULL, '29', '41', '86', '9', '2023', '10500', NULL, NULL),
(2257, NULL, '29', '41', '86', '10', '2023', '10500', NULL, NULL),
(2258, NULL, '29', '41', '86', '11', '2023', '10500', NULL, NULL),
(2259, NULL, '29', '41', '86', '12', '2023', '10500', NULL, NULL),
(2260, NULL, '15', '27', '5', '9', '2023', '2500', NULL, NULL),
(2261, NULL, '15', '27', '5', '10', '2023', '2500', NULL, NULL),
(2262, NULL, '15', '27', '5', '11', '2023', '2500', NULL, NULL),
(2263, NULL, '15', '27', '5', '12', '2023', '2500', NULL, NULL),
(2264, NULL, '17', '29', '13', '9', '2023', '3000', NULL, NULL),
(2265, NULL, '17', '29', '13', '10', '2023', '3000', NULL, NULL),
(2266, NULL, '17', '29', '13', '11', '2023', '3000', NULL, NULL),
(2267, NULL, '17', '29', '13', '12', '2023', '3000', NULL, NULL),
(2268, NULL, '16', '65', NULL, '9', '2023', '37600', NULL, NULL),
(2269, NULL, '16', '65', NULL, '10', '2023', '37600', NULL, NULL),
(2270, NULL, '16', '65', NULL, '11', '2023', '37600', NULL, NULL),
(2271, NULL, '16', '65', NULL, '12', '2023', '37600', NULL, NULL),
(2272, NULL, '17', '30', '2', '9', '2023', '3500', NULL, NULL),
(2273, NULL, '17', '30', '2', '10', '2023', '3500', NULL, NULL),
(2274, NULL, '17', '30', '2', '11', '2023', '3500', NULL, NULL),
(2275, NULL, '17', '30', '2', '12', '2023', '3500', NULL, NULL),
(2276, NULL, '17', '30', '6', '9', '2023', '4500', NULL, NULL),
(2277, NULL, '17', '30', '6', '10', '2023', '4500', NULL, NULL),
(2278, NULL, '17', '30', '6', '11', '2023', '4500', NULL, NULL),
(2279, NULL, '17', '30', '6', '12', '2023', '4500', NULL, NULL),
(2280, NULL, '17', '30', '6', '1', '2024', '4500', NULL, NULL),
(2281, NULL, '17', '30', '5', '9', '2023', '3400', NULL, NULL),
(2282, NULL, '17', '30', '5', '10', '2023', '3400', NULL, NULL),
(2283, NULL, '17', '30', '5', '11', '2023', '3400', NULL, NULL),
(2284, NULL, '17', '30', '5', '12', '2023', '3400', NULL, NULL),
(2285, NULL, '11', '23', '2', '5', '2023', '9000', NULL, NULL),
(2286, NULL, '11', '23', '2', '6', '2023', '9000', NULL, NULL),
(2287, NULL, '11', '23', '2', '7', '2023', '9000', NULL, NULL),
(2288, NULL, '11', '23', '2', '9', '2023', '9000', NULL, NULL),
(2289, NULL, '11', '23', '2', '10', '2023', '9000', NULL, NULL),
(2290, NULL, '11', '23', '2', '11', '2023', '9000', NULL, NULL),
(2291, NULL, '11', '23', '2', '12', '2023', '9000', NULL, NULL),
(2292, NULL, '18', '66', NULL, '9', '2023', '26000', NULL, NULL),
(2293, NULL, '18', '66', NULL, '10', '2023', '26000', NULL, NULL),
(2294, NULL, '18', '66', NULL, '11', '2023', '26000', NULL, NULL),
(2295, NULL, '18', '66', NULL, '12', '2023', '26000', NULL, NULL),
(2296, NULL, '15', '27', '2', '5', '2023', '2500', NULL, NULL),
(2297, NULL, '15', '27', '2', '6', '2023', '2500', NULL, NULL),
(2298, NULL, '15', '27', '2', '7', '2023', '2500', NULL, NULL),
(2299, NULL, '17', '30', '7', '9', '2023', '4500', NULL, NULL),
(2300, NULL, '17', '30', '7', '10', '2023', '4500', NULL, NULL),
(2301, NULL, '17', '30', '7', '11', '2023', '4500', NULL, NULL),
(2302, NULL, '17', '30', '7', '12', '2023', '4500', NULL, NULL),
(2303, NULL, '11', '23', '1', '5', '2023', '9000', NULL, NULL),
(2304, NULL, '11', '23', '1', '6', '2023', '9000', NULL, NULL),
(2305, NULL, '11', '23', '1', '7', '2023', '9000', NULL, NULL),
(2306, NULL, '11', '23', '1', '9', '2023', '9000', NULL, NULL),
(2307, NULL, '39', '97', NULL, '9', '2023', '60000', NULL, NULL),
(2308, NULL, '11', '23', '1', '10', '2023', '9000', NULL, NULL),
(2309, NULL, '11', '23', '1', '11', '2023', '9000', NULL, NULL),
(2310, NULL, '11', '23', '1', '12', '2023', '9000', NULL, NULL),
(2311, NULL, '39', '97', NULL, '10', '2023', '60000', NULL, NULL),
(2312, NULL, '39', '97', NULL, '11', '2023', '60000', NULL, NULL),
(2313, NULL, '39', '97', NULL, '12', '2023', '61000', NULL, NULL),
(2314, NULL, '17', '30', '11', '9', '2023', '3300', NULL, NULL),
(2315, NULL, '17', '30', '11', '10', '2023', '3300', NULL, NULL),
(2316, NULL, '17', '30', '11', '11', '2023', '3300', NULL, NULL),
(2317, NULL, '17', '30', '11', '12', '2023', '3300', NULL, NULL),
(2318, NULL, '17', '30', '11', '1', '2024', '3300', NULL, NULL),
(2319, NULL, '17', '30', '14', '10', '2023', '3500', NULL, NULL),
(2320, NULL, '17', '30', '14', '11', '2023', '3500', NULL, NULL),
(2321, NULL, '17', '30', '14', '12', '2023', '3500', NULL, NULL),
(2322, NULL, '4', '8', NULL, '9', '2023', '130000', NULL, NULL),
(2323, NULL, '4', '8', NULL, '10', '2023', '130000', NULL, NULL),
(2324, NULL, '4', '8', NULL, '11', '2023', '130000', NULL, NULL),
(2325, NULL, '4', '8', NULL, '12', '2023', '130000', NULL, NULL),
(2326, NULL, '16', '28', '1', '7', '2023', '4700', NULL, NULL),
(2327, NULL, '16', '28', '1', '9', '2023', '4700', NULL, NULL),
(2328, NULL, '16', '28', '1', '10', '2023', '4700', NULL, NULL),
(2329, NULL, '16', '28', '1', '11', '2023', '4700', NULL, NULL),
(2330, NULL, '16', '28', '1', '12', '2023', '4700', NULL, NULL),
(2331, NULL, '16', '102', NULL, '7', '2023', '9400', NULL, NULL),
(2332, NULL, '16', '102', NULL, '9', '2023', '9400', NULL, NULL),
(2333, NULL, '6', '18', NULL, '9', '2023', '10000', NULL, NULL),
(2334, NULL, '16', '102', NULL, '10', '2023', '9400', NULL, NULL),
(2335, NULL, '16', '102', NULL, '11', '2023', '9400', NULL, NULL),
(2336, NULL, '16', '102', NULL, '12', '2023', '9400', NULL, NULL),
(2337, NULL, '17', '30', '1', '1', '2023', '4400', NULL, NULL),
(2338, NULL, '17', '30', '1', '2', '2023', '4400', NULL, NULL),
(2339, NULL, '17', '30', '1', '3', '2023', '4400', NULL, NULL),
(2340, NULL, '17', '30', '1', '4', '2023', '4400', NULL, NULL),
(2341, NULL, '17', '30', '1', '5', '2023', '4400', NULL, NULL),
(2342, NULL, '17', '30', '1', '6', '2023', '4400', NULL, NULL),
(2343, NULL, '17', '30', '1', '7', '2023', '4400', NULL, NULL),
(2344, NULL, '17', '30', '1', '9', '2023', '4400', NULL, NULL),
(2345, NULL, '17', '30', '1', '10', '2023', '4400', NULL, NULL),
(2346, NULL, '17', '30', '1', '11', '2023', '4400', NULL, NULL),
(2347, NULL, '17', '30', '1', '12', '2023', '4400', NULL, NULL),
(2348, NULL, '17', '30', '1', '1', '2024', '4400', NULL, NULL),
(2349, NULL, '35', '42', '1', '7', '2023', '15000', NULL, NULL),
(2350, NULL, '35', '42', '1', '9', '2023', '15000', NULL, NULL),
(2351, NULL, '35', '42', '1', '10', '2023', '15000', NULL, NULL),
(2352, NULL, '35', '42', '1', '11', '2023', '15000', NULL, NULL),
(2353, NULL, '35', '42', '1', '12', '2023', '15000', NULL, NULL),
(2354, NULL, '6', '67', NULL, '2', '2023', '9000', NULL, NULL),
(2355, NULL, '6', '67', NULL, '3', '2023', '9000', NULL, NULL),
(2356, NULL, '6', '67', NULL, '4', '2023', '9000', NULL, NULL),
(2357, NULL, '6', '67', NULL, '5', '2023', '9000', NULL, NULL),
(2358, NULL, '6', '67', NULL, '7', '2022', '9000', NULL, NULL),
(2359, NULL, '6', '67', NULL, '1', '2023', '9000', NULL, NULL),
(2360, NULL, '41', '50', '1', '9', '2023', '5500', NULL, NULL),
(2361, NULL, '41', '50', '1', '10', '2023', '5500', NULL, NULL),
(2362, NULL, '41', '50', '1', '11', '2023', '5500', NULL, NULL),
(2363, NULL, '41', '50', '1', '12', '2023', '5500', NULL, NULL),
(2364, NULL, '6', '11', '4', '9', '2023', '3000', NULL, NULL),
(2365, NULL, '16', '28', '4', '9', '2023', '4700', NULL, NULL),
(2366, NULL, '16', '28', '9', '9', '2023', '4700', NULL, NULL),
(2367, NULL, '16', '28', '3', '9', '2023', '4700', NULL, NULL),
(2368, NULL, '16', '28', '3', '10', '2023', '4700', NULL, NULL),
(2369, NULL, '16', '28', '9', '10', '2023', '4700', NULL, NULL),
(2370, NULL, '16', '28', '9', '11', '2023', '4700', NULL, NULL),
(2371, NULL, '16', '28', '9', '12', '2023', '4700', NULL, NULL),
(2372, NULL, '16', '28', '3', '11', '2023', '4700', NULL, NULL),
(2373, NULL, '16', '28', '3', '12', '2023', '4700', NULL, NULL),
(2374, NULL, '16', '28', '6', '9', '2023', '4700', NULL, NULL),
(2375, NULL, '17', '30', '9', '10', '2023', '4300', NULL, NULL),
(2376, NULL, '16', '28', '4', '10', '2023', '4700', NULL, NULL),
(2377, '2', '6', '11', NULL, '8', '2023', NULL, '0', '200'),
(2378, '1', '8', NULL, NULL, '2', '2024', NULL, '0', '300'),
(2379, '1', '8', NULL, NULL, '3', '2024', NULL, '0', '100'),
(2380, NULL, '37', '51', '4603', '11', '2023', '9200', NULL, NULL),
(2381, NULL, '37', '51', '4603', '10', '2023', '9200', NULL, NULL),
(2382, NULL, '37', '51', '4603', '12', '2023', '9200', NULL, NULL),
(2383, NULL, '37', '51', '4603', '9', '2023', '9200', NULL, NULL),
(2384, NULL, '37', '51', '4603', '1', '2024', '9200', NULL, NULL),
(2385, NULL, '37', '51', '4604', '7', '2023', '2000', NULL, NULL),
(2386, NULL, '37', '51', '4604', '6', '2023', '2000', NULL, NULL),
(2387, NULL, '37', '51', '4604', '9', '2023', '2000', NULL, NULL),
(2388, NULL, '16', '28', '5', '1', '2024', '4700', NULL, NULL),
(2389, NULL, '4', '8', NULL, '1', '2024', '130000', NULL, NULL),
(2390, NULL, '4', '72', NULL, '1', '2024', '40000', NULL, NULL),
(2391, NULL, '37', '51', '4604', '10', '2023', '2000', NULL, NULL),
(2392, NULL, '37', '51', '4604', '11', '2023', '2000', NULL, NULL),
(2393, NULL, '37', '51', '4604', '12', '2023', '2000', NULL, NULL),
(2394, NULL, '6', '11', '1', '1', '2024', '3000', NULL, NULL),
(2395, NULL, '16', '102', NULL, '1', '2024', '9400', NULL, NULL),
(2396, NULL, '16', '77', NULL, '3', '2023', '9600', NULL, NULL),
(2397, NULL, '16', '77', NULL, '4', '2023', '9600', NULL, NULL),
(2398, NULL, '16', '77', NULL, '5', '2023', '9600', NULL, NULL),
(2399, NULL, '16', '77', NULL, '6', '2023', '9600', NULL, NULL),
(2400, NULL, '16', '77', NULL, '7', '2023', '9600', NULL, NULL),
(2401, NULL, '16', '77', NULL, '9', '2023', '9600', NULL, NULL),
(2402, NULL, '16', '77', NULL, '10', '2023', '9600', NULL, NULL),
(2403, NULL, '16', '77', NULL, '11', '2023', '9600', NULL, NULL),
(2404, NULL, '16', '77', NULL, '12', '2023', '9600', NULL, NULL),
(2405, NULL, '16', '77', NULL, '1', '2024', '9600', NULL, NULL),
(2406, NULL, '15', '27', '1', '1', '2024', '2500', NULL, NULL),
(2407, NULL, '15', '27', '2', '1', '2024', '2500', NULL, NULL),
(2408, NULL, '15', '27', '3', '1', '2024', '2500', NULL, NULL),
(2409, NULL, '15', '27', '4', '1', '2024', '2500', NULL, NULL),
(2410, NULL, '15', '27', '5', '1', '2024', '2500', NULL, NULL),
(2411, NULL, '15', '27', '6', '1', '2024', '2500', NULL, NULL),
(2412, NULL, '15', '27', '6', '12', '2023', '2500', NULL, NULL),
(2413, NULL, '17', '30', '7', '1', '2024', '4500', NULL, NULL),
(2414, NULL, '9', '70', NULL, '1', '2024', '9000', NULL, NULL),
(2415, NULL, '10', '22', '3', '1', '2024', '2500', NULL, NULL),
(2416, NULL, '12', '25', NULL, '7', '2023', '89100', NULL, NULL),
(2417, NULL, '12', '25', NULL, '10', '2023', '89100', NULL, NULL),
(2418, NULL, '12', '25', NULL, '1', '2024', '89100', NULL, NULL),
(2419, NULL, '17', '30', '10', '1', '2024', '4300', NULL, NULL),
(2420, NULL, '17', '29', '12', '1', '2024', '3700', NULL, NULL),
(2421, NULL, '17', '30', '13', '3', '2024', '4500', NULL, NULL),
(2422, NULL, '17', '30', '9', '1', '2024', '4300', NULL, NULL),
(2423, NULL, '17', '30', '13', '1', '2024', '4200', NULL, NULL),
(2424, NULL, '17', '30', '12', '1', '2024', '4300', NULL, NULL),
(2425, NULL, '17', '30', '16', '1', '2024', '5500', NULL, NULL),
(2426, NULL, '17', '30', '2', '1', '2024', '3500', NULL, NULL),
(2427, NULL, '17', '30', '5', '1', '2024', '3400', NULL, NULL),
(2428, NULL, '17', '30', '8', '1', '2024', '3500', NULL, NULL),
(2429, NULL, '17', '30', '14', '1', '2024', '3500', NULL, NULL),
(2430, NULL, '17', '30', '17', '1', '2024', '1500', NULL, NULL),
(2431, NULL, '13', '52', NULL, '1', '2024', '223200', NULL, NULL),
(2432, NULL, '13', '52', NULL, '10', '2023', '223200', NULL, NULL),
(2433, NULL, '22', '35', '6', '1', '2024', '118800', NULL, NULL),
(2434, NULL, '22', '35', '3', '1', '2024', '118800', NULL, NULL),
(2435, NULL, '22', '35', '2', '1', '2024', '118800', NULL, NULL),
(2436, NULL, '41', '50', '1', '1', '2024', '5500', NULL, NULL),
(2437, NULL, '45', '76', '1', '1', '2024', '45000', NULL, NULL),
(2438, NULL, '38', '47', '1', '1', '2024', '24000', NULL, NULL),
(2439, NULL, '55', '103', '1', '1', '2024', '39000', NULL, NULL),
(2440, NULL, '50', '101', '1', '1', '2024', '39000', NULL, NULL),
(2441, NULL, '58', '105', '1', '1', '2024', '39000', NULL, NULL),
(2442, NULL, '60', '110', '1', '1', '2024', '39000', NULL, NULL),
(2443, NULL, '14', '26', NULL, '1', '2024', '35000', NULL, NULL),
(2444, NULL, '18', '66', NULL, '1', '2024', '26000', NULL, NULL),
(2445, NULL, '46', '79', '1', '1', '2024', '11000', NULL, NULL),
(2446, NULL, '47', '82', '1', '1', '2024', '39000', NULL, NULL),
(2447, NULL, '35', '42', '1', '1', '2024', '15000', NULL, NULL),
(2448, NULL, '43', '45', '1', '1', '2024', '32000', NULL, NULL),
(2449, NULL, '40', '49', '2', '1', '2024', '3,500', NULL, NULL),
(2450, NULL, '40', '49', '1', '1', '2024', '4,000', NULL, NULL),
(2451, NULL, '48', '81', '1', '1', '2024', '39000', NULL, NULL),
(2452, NULL, '39', '97', NULL, '1', '2024', '61000', NULL, NULL),
(2453, NULL, '8', '19', NULL, '1', '2024', '241200', NULL, NULL),
(2454, NULL, '26', '39', '3', '1', '2024', '33000', NULL, NULL),
(2455, NULL, '6', '11', '4', '1', '2024', '3000', NULL, NULL),
(2456, NULL, '22', '35', '5', '1', '2024', '10000', NULL, NULL),
(2457, NULL, '22', '35', '1', '1', '2024', '10000', NULL, NULL),
(2458, NULL, '22', '35', '4', '1', '2024', '10000', NULL, NULL),
(2459, NULL, '21', '34', '47', '1', '2024', '33000', NULL, NULL),
(2460, NULL, '20', '33', '2', '1', '2024', '34500', NULL, NULL),
(2461, NULL, '19', '32', NULL, '1', '2024', '8500', NULL, NULL),
(2462, NULL, '37', '51', '4603', '2', '2024', '9200', NULL, NULL),
(2463, NULL, '37', '51', '4604', '2', '2024', '1375', NULL, NULL),
(2464, NULL, '37', '51', '4604', '1', '2024', '1375', NULL, NULL),
(2465, NULL, '39', '97', NULL, '2', '2024', '61000', NULL, NULL),
(2466, NULL, '22', '35', '2', '2', '2024', '10000', NULL, NULL),
(2467, NULL, '22', '35', '1', '2', '2024', '10000', NULL, NULL),
(2468, NULL, '17', '29', '17', '2', '2024', '42000', NULL, NULL),
(2469, NULL, '14', '26', NULL, '2', '2024', '35000', NULL, NULL),
(2470, NULL, '17', '71', NULL, '2', '2024', '36850', NULL, NULL),
(2471, NULL, '17', '30', '7', '2', '2024', '4500', NULL, NULL),
(2472, NULL, '17', '30', '16', '2', '2024', '5500', NULL, NULL),
(2473, NULL, '17', '30', '14', '2', '2024', '3500', NULL, NULL),
(2474, NULL, '17', '30', '2', '2', '2024', '3500', NULL, NULL),
(2475, NULL, '17', '30', '9', '2', '2024', '4300', NULL, NULL),
(2476, NULL, '17', '30', '15', '2', '2024', '4300', NULL, NULL);
INSERT INTO `collection_table` (`Id`, `Type`, `Ownersip_Id`, `Building_Id`, `Unit_Id`, `Mounth`, `Year`, `Collection`, `RealEstate_Expenses`, `Maintenance_Expenses`) VALUES
(2477, NULL, '17', '30', '12', '2', '2024', '4300', NULL, NULL),
(2478, NULL, '17', '30', '5', '2', '2024', '3400', NULL, NULL),
(2479, NULL, '17', '30', '6', '2', '2024', '4500', NULL, NULL),
(2480, NULL, '16', '28', '5', '2', '2024', '4700', NULL, NULL),
(2481, NULL, '27', '40', '1', '2', '2024', '12000', NULL, NULL),
(2482, NULL, '22', '35', '4', '2', '2025', '10000', NULL, NULL),
(2483, NULL, '22', '35', '6', '2', '2024', '10000', NULL, NULL),
(2484, NULL, '22', '35', '5', '2', '2024', '10000', NULL, NULL),
(2485, NULL, '18', '66', NULL, '2', '2024', '26000', NULL, NULL),
(2486, NULL, '46', '79', '1', '2', '2024', '11000', NULL, NULL),
(2487, NULL, '41', '50', '1', '2', '2024', '5500', NULL, NULL),
(2488, NULL, '35', '42', '1', '2', '2024', '15000', NULL, NULL),
(2489, NULL, '26', '85', NULL, '2', '2024', '18000', NULL, NULL),
(2490, NULL, '26', '85', NULL, '1', '2024', '18000', NULL, NULL),
(2491, NULL, '17', '30', '17', '2', '2024', '5500', NULL, NULL),
(2492, NULL, '16', '28', '20', '2', '2024', '4700', NULL, NULL),
(2493, NULL, '16', '28', '24', '2', '2024', '4700', NULL, NULL),
(2494, NULL, '16', '28', '15', '2', '2024', '4800', NULL, NULL),
(2495, NULL, '16', '28', '4', '2', '2024', '4700', NULL, NULL),
(2496, NULL, '4', '8', NULL, '2', '2024', '130000', NULL, NULL),
(2497, NULL, '4', '72', NULL, '2', '2024', '40000', NULL, NULL),
(2498, NULL, '16', '65', NULL, '2', '2024', '37600', NULL, NULL),
(2499, NULL, '29', '41', '86', '2', '2024', '10500', NULL, NULL),
(2500, NULL, '6', '108', NULL, '2', '2024', '10000', NULL, NULL),
(2501, NULL, '6', '106', NULL, '2', '2024', '9000', NULL, NULL),
(2502, NULL, '15', '27', '1', '2', '2024', '2500', NULL, NULL),
(2503, NULL, '15', '27', '2', '2', '2024', '5000', NULL, NULL),
(2504, NULL, '40', '49', '2', '2', '2024', '3500', NULL, NULL),
(2505, NULL, '17', '30', '3', '2', '2024', '4500', NULL, NULL),
(2506, NULL, '17', '30', '10', '2', '2024', '4300', NULL, NULL),
(2507, NULL, '25', '38', '3', '2', '2024', '7500', NULL, NULL),
(2508, NULL, '16', '28', '9', '2', '2024', '4700', NULL, NULL),
(2509, NULL, '17', '30', '13', '2', '2024', '4200', NULL, NULL),
(2510, NULL, '17', '30', '4', '2', '2024', '4100', NULL, NULL),
(2511, NULL, '22', '35', '4', '2', '2024', '10000', NULL, NULL),
(2512, NULL, '19', '32', NULL, '2', '2024', '8500', NULL, NULL),
(2513, NULL, '21', '34', '45', '2', '2024', '10000', NULL, NULL),
(2514, NULL, '16', '102', NULL, '2', '2024', '9400', NULL, NULL),
(2515, NULL, '16', '107', NULL, '2', '2024', '14100', NULL, NULL),
(2516, NULL, '11', '23', '1', '2', '2024', '8400', NULL, NULL),
(2517, NULL, '17', '30', '11', '2', '2024', '3300', NULL, NULL),
(2518, NULL, '6', '18', NULL, '2', '2024', '10000', NULL, NULL),
(2519, NULL, '6', '11', '1', '2', '2024', '3000', NULL, NULL),
(2520, NULL, '40', '49', '1', '2', '2024', '4000', NULL, NULL),
(2521, NULL, '17', '29', '12', '2', '2024', '3700', NULL, NULL),
(2522, NULL, '17', '30', '8', '2', '2024', '3500', NULL, NULL),
(2523, NULL, '10', '22', '4', '2', '2024', '8000', NULL, NULL),
(2524, NULL, '16', '28', '1', '2', '2024', '4700', NULL, NULL),
(2525, NULL, '9', '70', NULL, '2', '2024', '9000', NULL, NULL),
(2526, NULL, '6', '11', '6', '2', '2024', '3000', NULL, NULL),
(2527, NULL, '6', '11', '4', '2', '2024', '3000', NULL, NULL),
(2528, NULL, '16', '28', '3', '2', '2024', '4700', NULL, NULL),
(2529, NULL, '15', '27', '5', '2', '2024', '2500', NULL, NULL),
(2530, NULL, '16', '28', '6', '2', '2024', '4700', NULL, NULL),
(2531, NULL, '15', '27', '3', '2', '2024', '2500', NULL, NULL),
(2532, NULL, '17', '29', '13', '2', '2024', '3000', NULL, NULL),
(2533, NULL, '23', '36', '1', '2', '2024', '11000', NULL, NULL);

-- --------------------------------------------------------

--
-- Table structure for table `company_info`
--

CREATE TABLE `company_info` (
  `Company_Id` int(11) NOT NULL,
  `Company_Name` varchar(200) NOT NULL,
  `Company_Address` varchar(200) NOT NULL,
  `Company_Tel` varchar(200) NOT NULL,
  `Company_Fax` varchar(200) NOT NULL,
  `Company_Email` varchar(200) NOT NULL,
  `Company_Website` varchar(200) NOT NULL,
  `Company_CR_Number` varchar(200) NOT NULL,
  `Company_Logo_Path` varchar(200) NOT NULL
) ENGINE=InnoDB DEFAULT CHARSET=utf8;

-- --------------------------------------------------------

--
-- Table structure for table `company_representative`
--

CREATE TABLE `company_representative` (
  `Company_representative_Id` int(11) NOT NULL,
  `Com_rep_Ar_Name` varchar(200) CHARACTER SET utf8mb4 DEFAULT NULL,
  `Com_rep_En_Name` varchar(200) CHARACTER SET utf8mb4 DEFAULT NULL,
  `Com_rep_Mobile` varchar(200) CHARACTER SET utf8mb4 DEFAULT NULL,
  `Com_rep_Email` varchar(200) CHARACTER SET utf8mb4 DEFAULT NULL,
  `Com_rep_QID_NO` varchar(200) CHARACTER SET utf8mb4 DEFAULT NULL,
  `Com_rep_QID` varchar(200) CHARACTER SET utf8mb4 DEFAULT NULL,
  `Com_rep_QID_Path` varchar(200) CHARACTER SET utf8mb4 DEFAULT NULL,
  `nationality_nationality_ID` int(11) NOT NULL,
  `tenants_Tenants_ID` int(11) NOT NULL
) ENGINE=InnoDB DEFAULT CHARSET=utf8;

--
-- Dumping data for table `company_representative`
--

INSERT INTO `company_representative` (`Company_representative_Id`, `Com_rep_Ar_Name`, `Com_rep_En_Name`, `Com_rep_Mobile`, `Com_rep_Email`, `Com_rep_QID_NO`, `Com_rep_QID`, `Com_rep_QID_Path`, `nationality_nationality_ID`, `tenants_Tenants_ID`) VALUES
(1, 'فارغ', 'Empty', 'Empty', 'Empty', 'Empty', '', '', 165, 0),
(4, 'الاسم بالعربية', 'كورمان كاندوتس كناران', '55805309', '', '23535601551', 'No File', 'No File', 19, 41),
(5, 'الاسم بالعربية', 'محمد علي محمد انور الخطيب', '74000051', '', '28276000599', 'No File', 'No File', 147, 43),
(19, 'mohamad dedrol', 'محمد ديدارول علام', '', '', '28205026129', 'No File', 'No File', 44, 61),
(20, 'abd algaufur', 'عبد الغفور اربيل ', '', '', '27235601160', 'No File', 'No File', 19, 48),
(24, 'amer tabal', 'عامر محمد ديب تبارا', '33760074', '', '28776002193', 'No File', 'No File', 147, 84),
(26, 'Hamad Fahad Jasem', 'حمد فهد جاسم عبدالعزيز ال ثاني', '66113337', '', '27763402882', 'No File', 'No File', 130, 74),
(27, 'Yousef Ahmad Yousef Abdulrahman Molla', 'يوسف احمد يوسف عبد الرحمن الملا', '77001997', '', '29763400015', 'No File', 'No File', 130, 76),
(28, 'Ickbal Mayam Veettil Sayed Mohammed', 'اقبال ميام ويتيل سيد محمد', '', '', '26535624245', 'No File', 'No File', 19, 98),
(29, 'Mohammad Saad Mohammad AL Binali AL Muhannadi', 'محمد سعد محمد البنعلي المهندى', '', '', '29663400385', 'No File', 'No File', 130, 78),
(30, 'Mohammad Hossain Mohammed Saijuddin', 'محمد ادريس حسين', '55439758', '', '27105000481', 'No File', 'No File', 44, 77),
(31, 'Aman Muftah Aman Jaber Al Hamad', 'امان مفتاح امان جابر الحمد', '33357687', '', '26963401510', 'No File', 'No File', 165, 99),
(32, 'Khadka Bahadur Paa', 'كادكا بهادور با ', '30834466', '', '27752400219', 'No File', 'No File', 116, 59),
(33, 'Mohamed Ali Husain Al Ansari', 'محمد علي حسين الانصاري', '', '', '2593400347', 'No File', 'No File', 165, 100),
(34, 'Thoenis Johannes Cotes', 'ثيونيس جوهانيس كوتيز', '', '', '26171000098', 'No File', 'No File', 142, 90),
(35, 'Monzer Saleem Faraj Qrinawi', 'منذر سليم فرج القرناوي', '55854972', '', '27799900232', 'No File', 'No File', 166, 89),
(37, 'الاسم بالعربية', 'فاياليل ناصر ', '55852431', '', '26635603162', 'No File', 'No File', 19, 67),
(38, 'md juwal abdul aziz', 'مد جويل عبد العزيز ', '33357687', '', '28905027384', 'No File', 'No File', 44, 103),
(39, 'hazem al shoed', 'حازم عبدالرحمن الشحود ', '30000797', '', '28776001150', 'No File', 'No File', 147, 87),
(40, 'belal abed al badea ', 'بلال عبد البديع عثمان صابر ', '', '', '26140000072', 'No File', 'No File', 91, 104),
(41, 'Rashed al koarey', 'راشد غانم محمد الربيعه الكواري ', '44138888', '', '27063400348', 'No File', 'No File', 130, 106),
(42, 'talal', 'طلال زيد نصر الدوسري ', '', '', '28063402965', 'No File', 'No File', 130, 116),
(43, 'mohamad', 'محمد عمر الكردي ', '44727280', '', '26140000012', 'No File', 'No File', 91, 117),
(44, 'mohamad abdulkader', 'محمد عبد القادر ', '55513142', '', '26335601314', 'No File', 'No File', 19, 118),
(45, 'abeda ', 'عبيدة احمد جميل المنجد', '66009737', '', '28076000722', 'No File', 'No File', 147, 88),
(46, 'ibrahim ', 'ابراهيم محمد احمد ', '0000000000', '', '2807600047', 'No File', 'No File', 147, 142),
(47, 'li jassim', 'علي جاسم الجابر ', '31327244', '', '26363400313', 'No File', 'No File', 130, 65),
(48, 'al Fadala ', 'شركة الفضالة', '', '', '00000000000000000', 'No File', 'No File', 130, 141),
(49, ' Fahad Abdallah Rashed Yousef Al Malki', 'فهد عبدالله راشد يوسف المالكي', '66569944', '', '29063404366', 'No File', 'No File', 130, 150),
(50, 'Anas Ashraf Abu diyya', 'أنس أشرف داود ابو ديه', '70777448', '', '291400001182', 'No File', 'No File', 91, 151),
(51, 'Yousef Ahmad Yousef Abdulrahman Molla', 'يوسف احمد يوسف عبد الرحمن الملا', '77001997', '', '29763400015', 'No File', 'No File', 130, 150),
(52, 'Iqbal Miyam waytil mohammad', 'اقبال ميام ويتيل', '33859990', '', '26535624245', 'No File', 'No File', 19, 154),
(53, 'Muhammed Idris Hussain', 'محمد ادريس حسين', '55439758', '', '27105000481', 'No File', 'No File', 44, 155);

-- --------------------------------------------------------

--
-- Table structure for table `complaint_report_request`
--

CREATE TABLE `complaint_report_request` (
  `Complaint_Report_Request_Id` int(11) NOT NULL,
  `source` varchar(200) CHARACTER SET utf8mb4 DEFAULT NULL,
  `Tenant_ID` varchar(50) CHARACTER SET utf8mb4 DEFAULT NULL,
  `Employee_ID` varchar(50) CHARACTER SET utf8mb4 DEFAULT NULL,
  `Order_Classification` varchar(200) CHARACTER SET utf8mb4 DEFAULT NULL,
  `Report_Type` varchar(200) CHARACTER SET utf8mb4 DEFAULT NULL,
  `Report_Direction` varchar(200) CHARACTER SET utf8mb4 DEFAULT NULL,
  `priority_Danger` int(11) DEFAULT NULL,
  `Date` varchar(200) CHARACTER SET utf8mb4 DEFAULT NULL,
  `Report_Text` varchar(2000) CHARACTER SET utf8mb4 DEFAULT NULL,
  `Report_Description` varchar(2000) CHARACTER SET utf8mb4 DEFAULT NULL,
  `precaution` varchar(2000) CHARACTER SET utf8mb4 DEFAULT NULL,
  `Activ` varchar(200) CHARACTER SET utf8mb4 DEFAULT NULL,
  `urgent` varchar(200) CHARACTER SET utf8mb4 DEFAULT NULL,
  `Danger` varchar(200) CHARACTER SET utf8mb4 DEFAULT NULL,
  `building_Building_Id` varchar(45) CHARACTER SET utf8mb4 DEFAULT NULL,
  `Unit_Id` varchar(45) CHARACTER SET utf8mb4 DEFAULT NULL,
  `Image_Befor_FileName` varchar(200) DEFAULT NULL,
  `Image_Befor_Path` varchar(200) DEFAULT NULL,
  `Image_After_FileName` varchar(200) DEFAULT NULL,
  `Image_After_Path` varchar(200) DEFAULT NULL
) ENGINE=InnoDB DEFAULT CHARSET=utf8;

--
-- Dumping data for table `complaint_report_request`
--

INSERT INTO `complaint_report_request` (`Complaint_Report_Request_Id`, `source`, `Tenant_ID`, `Employee_ID`, `Order_Classification`, `Report_Type`, `Report_Direction`, `priority_Danger`, `Date`, `Report_Text`, `Report_Description`, `precaution`, `Activ`, `urgent`, `Danger`, `building_Building_Id`, `Unit_Id`, `Image_Befor_FileName`, `Image_Befor_Path`, `Image_After_FileName`, `Image_After_Path`) VALUES
(1, 'رقابة', '', '4', 'بلاغ', 'صيانة', 'شؤون العملاء', 2, '01/11/2022', 'اغلاق انبوب القمامة وتراكم القمامة داخل الانبوب ', 'اغلاق انبوب القمامة ', 'قص الكوع الموجود بنهاية الانبوب ', 'تم أنجازه', 'تعطيل', 'خطورة قليلة الإحتمالية', '30', '', 'No File', 'No File', 'No File', 'No File'),
(2, 'رقابة', '', '4', 'شكوى', 'نظافة', 'شؤون العملاء', 2, '10/11/2022', 'وجود روائح وحشرات في مكب القمامة', 'وجد قمامة متعلقة بيت الطابق 3 و المدخل. أنبوبة القمامة في نهايتها لا تسمح بنزول النفايات . فتم جلب عامل نظافة أجرته 120 ريال لتفضية وتنظيف الأنبوب من القمامة.', 'تنبيه العملاء لعدم رمي قمامة لا تتسع ولا تمر من انبوبة رمي النفايات. لقد تم قفل أبوب رمي القمامة الى أن تحل المشاكل الفنية لمرافق رمي القمامة.', 'تم أنجازه', 'تعطيل', 'خطورة قليلة الإحتمالية', '30', '', 'No File', 'No File', 'No File', 'No File'),
(3, 'رقابة', '', '4', 'بلاغ', 'نظافة', 'الرقابة', 3, '09/11/2022', 'طلب من الناطور عبدالله تنظيف بيت الشوك ', 'لقد تم دفع 50 ريال لعمله وتم التدقيق والفحص في نفس اليوم', '', 'تم أنجازه', 'إزعاج عابر', 'خطورة قليلة الإحتمالية', '30', '', 'No File', 'No File', 'No File', 'No File'),
(4, 'رقابة', '', '4', 'بلاغ', 'نظافة', 'الرقابة', 3, '19/10/2022', 'طلب من الناطور عبدالله تنظيف بيت الشوك', 'لقد تم دفع 50 ريال لعمله وتم التدقيق والفحص في نفس اليوم', '', 'تم أنجازه', 'إزعاج عابر', 'خطورة قليلة الإحتمالية', '30', '', 'No File', 'No File', 'No File', 'No File'),
(8, 'عميل', '25', '', 'بلاغ', 'نظافة', 'شؤون العملاء', 1, '20/03/2023', 'Test Test Test', '', '', 'معلق', 'تعطيل', 'خطورة على الحياة', '30', '174', 'No File', 'No File', 'No File', 'No File'),
(9, 'عميل', '25', '', 'بلاغ', 'مخالفة', 'شؤون العملاء', 2, '20/03/2023', ' One TwoOne TwoOne TwoOne Two', '', '', 'معلق', 'Temporary inconvenience', 'Dangerous to the property', '30', '174', 'No File', 'No File', 'No File', 'No File'),
(10, 'عميل', '25', '', 'بلاغ', 'صيانة', 'شؤون العملاء', 1, '21/03/2023', 'اصلاح المكيف ', '', '', 'معلق', 'تعطيل', 'خطورة على الحياة', '30', '174', 'No File', 'No File', 'No File', 'No File'),
(12, 'عميل', '25', '', 'شكوى', 'نظافة', 'شؤون العملاء', 2, '07/06/2023', 'test testtesttesttesttesttesttesttesttest', '', '', 'معلق', 'Temporary inconvenience', 'Dangerous to the property', '30', '174', NULL, NULL, NULL, NULL),
(13, 'عميل', '25', '', 'شكوى', 'صيانة', 'شؤون العملاء', 2, '13/06/2023', 'AC', '', '', 'معلق', 'Temporary inconvenience', 'Dangerous to the property', '30', '174', NULL, NULL, NULL, NULL),
(14, 'عميل', '25', '', 'بلاغ', 'صيانة', 'شؤون العملاء', 1, '13/07/2023', 'dadadadadad', '', '', 'معلق', 'Disable', 'Dangerous to life', '30', '174', NULL, NULL, NULL, NULL),
(15, 'عميل', '25', '', 'شكوى', 'صيانة', 'شؤون العملاء', 1, '08/08/2023', 'fjfufgugugkugu', '', '', 'معلق', 'Disable', 'Dangerous to the property', '30', '174', NULL, NULL, NULL, NULL);

-- --------------------------------------------------------

--
-- Table structure for table `contract`
--

CREATE TABLE `contract` (
  `Contract_Id` int(11) NOT NULL,
  `users_user_ID` int(11) NOT NULL,
  `tenants_Tenants_ID` int(11) NOT NULL,
  `units_Unit_ID` int(11) NOT NULL,
  `contract_type_Contract_Type_Id` int(11) NOT NULL,
  `contract_template_Contract_template_Id` int(11) NOT NULL,
  `payment_type_payment_type_Id` int(11) NOT NULL,
  `reason_for_rent_Reason_For_Rent_Id` int(11) NOT NULL,
  `Number_Of_Mounth` varchar(45) DEFAULT NULL,
  `Number_Of_Years` varchar(45) DEFAULT NULL,
  `Payment_Amount` varchar(200) NOT NULL,
  `Payment_Amount_L` varchar(200) NOT NULL,
  `Date_Of_Sgin` varchar(200) NOT NULL,
  `Start_Date` varchar(200) NOT NULL,
  `End_Date` varchar(200) NOT NULL,
  `Contract_Details` varchar(2000) DEFAULT NULL,
  `New_ReNewed_Expaired` varchar(45) NOT NULL,
  `Start_Free_Period` varchar(200) DEFAULT NULL,
  `Duration_free_period` varchar(200) DEFAULT NULL,
  `maintenance` varchar(45) NOT NULL,
  `Rental_allowed_Or_Not_allowed` varchar(45) NOT NULL,
  `Com_rep` varchar(45) DEFAULT NULL,
  `Paymen_Method` varchar(200) DEFAULT NULL,
  `Real_Contract_FileName` varchar(200) DEFAULT NULL,
  `Real_Contract_Path` varchar(200) DEFAULT NULL
) ENGINE=InnoDB DEFAULT CHARSET=utf8;

--
-- Dumping data for table `contract`
--

INSERT INTO `contract` (`Contract_Id`, `users_user_ID`, `tenants_Tenants_ID`, `units_Unit_ID`, `contract_type_Contract_Type_Id`, `contract_template_Contract_template_Id`, `payment_type_payment_type_Id`, `reason_for_rent_Reason_For_Rent_Id`, `Number_Of_Mounth`, `Number_Of_Years`, `Payment_Amount`, `Payment_Amount_L`, `Date_Of_Sgin`, `Start_Date`, `End_Date`, `Contract_Details`, `New_ReNewed_Expaired`, `Start_Free_Period`, `Duration_free_period`, `maintenance`, `Rental_allowed_Or_Not_allowed`, `Com_rep`, `Paymen_Method`, `Real_Contract_FileName`, `Real_Contract_Path`) VALUES
(3, 5, 76, 203, 1, 1, 2, 2, '', '1', '11000', 'إحدى عشر ألف', '01/02/2022', '01/02/2022', '01/02/2023', '', '1', '', '', '2', '2', '5', '', NULL, NULL),
(7, 5, 25, 174, 1, 1, 2, 1, '', '1', '3500', 'ثلاثة الف وخمس مئة ', '', '01/01/2023', '31/12/2023', '', '2', '', '', '1', '2', '1', 'تحويل', '', ''),
(12, 8, 34, 183, 1, 1, 2, 1, '', '1', '5700', 'خمسة الف وسبع مئة ', '', '01/01/2023', '31/12/2023', '', '1', '', '', '1', '2', 'إختر اسم الممثل ....', '', NULL, NULL),
(18, 8, 17, 168, 1, 1, 2, 1, '', '1', '3500', 'ثلاثة الف وخمسئة', '20/11/2022', '01/01/2023', '31/12/2023', '', '2', '', '', '1', '2', 'إختر اسم الممثل ....', '', NULL, NULL),
(19, 8, 33, 182, 1, 1, 2, 1, '', '1', '5500', 'خمسة الف وخمسمئة', '20/11/2022', '01/01/2023', '31/12/2023', '', '2', '', '', '1', '2', 'إختر اسم الممثل ....', '', NULL, NULL),
(20, 8, 31, 180, 1, 1, 2, 1, '', '1', '3500', 'ثلاثة الف وخمسمئة ', '01/12/2022', '01/01/2023', '31/12/2023', '', '2', '', '', '1', '2', 'إختر اسم الممثل ....', '', NULL, NULL),
(23, 8, 22, 171, 1, 1, 2, 1, '', '1', '3400', 'ثلاثة الف واربعمئة ', '25/11/2022', '01/01/2023', '31/12/2023', '', '2', '', '', '1', '2', '1', 'شيك', NULL, NULL),
(24, 8, 24, 173, 1, 1, 2, 1, '', '1', '4500', 'اربع الف وخمسمئة', '25/12/2022', '01/01/2023', '31/12/2023', '', '2', '', '', '1', '2', 'إختر اسم الممثل ....', '', NULL, NULL),
(25, 8, 29, 178, 1, 1, 2, 1, '', '1', '4300', 'اربعة الف وثلاثمئة', '20/11/2022', '06/01/2023', '05/01/2024', '', '2', '', '', '1', '2', '1', '', NULL, NULL),
(28, 8, 26, 175, 1, 1, 2, 1, '', '1', '4300', 'اربعة الاف وثلاثمئة ', '20/12/2022', '10/01/2023', '9/01/2024', '', '2', '', '', '1', '2', '1', '', NULL, NULL),
(31, 8, 28, 167, 1, 1, 2, 1, '', '1', '4400', 'اربعة الاف واربعمئة ', '08/01/2023', '08/01/2023', '07/01/2024', '', '1', '', '', '1', '2', '1', 'شيك', '', ''),
(34, 8, 18, 169, 1, 1, 2, 1, '', '1', '4500', 'اربعة الاف وخمسمئة ', '03/01/2023', '31/01/2023', '31/01/2024', '', '2', '', '', '1', '2', '1', '', NULL, NULL),
(35, 8, 32, 181, 1, 1, 2, 1, '', '1', '4300', 'اربعة الاف وثلاثمئة ', '20/12/2022', '05/01/2023', '04/01/2024', '', '2', '', '', '1', '2', '1', '', NULL, NULL),
(39, 8, 23, 172, 1, 1, 2, 1, '', '1', '4500', 'اربعة الاف وخمسمئة ', '20/12/2023', '31/01/2023', '30/01/2024', '', '2', '', '', '1', '2', '1', '', NULL, NULL),
(41, 8, 13, 25, 1, 1, 2, 3, '', '1', '4700', 'اربعة الاف وسبعمئة ', '14/01/2023', '01/01/2023', '31/12/2023', '', '2', '', '', '1', '2', '1', 'شيك', '', ''),
(42, 8, 15, 7, 1, 1, 2, 3, '', '1', '4700', 'اربعة الاف وسبعمئة ', '01/01/2023', '01/01/2023', '31/12/2023', '', '2', '', '', '1', '2', '1', '', NULL, NULL),
(45, 8, 102, 176, 1, 1, 2, 1, '', '1', '4300', 'اربعة الاف وثلاثمئة ', '26/01/2022', '01/02/2023', '01/02/2024', '', '2', '', '', '1', '2', 'إختر اسم الممثل ....', 'شيك', '', ''),
(46, 8, 101, 177, 1, 1, 2, 1, '', '1', '3300', 'ثلاثة الاف وثلاثمئة ', '28/01/2023', '01/02/2023', '01/02/2024', '', '2', '', '', '1', '2', 'إختر اسم الممثل ....', 'شيك', '', ''),
(47, 8, 74, 201, 1, 1, 2, 2, '', '1', '10000', 'عشرة الاف ريال فقط لاغير', '30/1/2023', '01/02/2023', '28/01/2024', '', '2', '', '', '1', '2', '26', 'شيك', NULL, NULL),
(49, 8, 75, 202, 1, 1, 2, 2, '', '1', '10000', 'عشر الاف ريال ', '30/01/2023', '30/01/2023', '30/01/2024', '', '1', '', '', '1', '2', 'إختر اسم الممثل ....', 'شيك', '', ''),
(51, 8, 82, 212, 1, 1, 2, 1, '', '1', '7500', 'سبعة الاف وخمسمئة ', '01/02/2023', '01/02/2023', '01/08/2024', '', '1', '01/08/2023', '6', '1', '2', 'إختر اسم الممثل ....', 'شيك', '', ''),
(52, 8, 80, 208, 1, 1, 2, 1, '', '3', '11000', 'احدا عشر الاف ريال فقط ', '30/07/2020', '01/08/2020', '31/07/2023', '', '1', '', '', '1', '2', '1', 'نقداً', NULL, NULL),
(53, 8, 103, 122, 1, 1, 2, 2, '', '1', '9000', 'تسعة الاف ريال فقط ', '12/11/2022', '01/12/2022', '30/11/2023', '', '1', '', '', '1', '2', '38', 'شيك', NULL, NULL),
(54, 8, 9, 148, 1, 1, 2, 1, '', '1', '2500', 'الافان وخمسة مئة ', '01/01/2021', '01/01/2021', '13/03/2023', 'شهر اربعة  فارغ شهر خمسة  سماح ', '1', '', '', '1', '2', '1', 'نقداً', '', ''),
(55, 8, 9, 162, 1, 1, 2, 1, '', '1', '3000', 'ثلاثة الاف ريال ', '01/01/2021', '01/01/2021', '31/03/2023', '', '1', '', '', '1', '2', 'إختر اسم الممثل ....', 'نقداً', '', ''),
(56, 8, 87, 220, 1, 1, 4, 1, '', '5', '8000', 'ثمن الاف ريال فقط ', '01/09/2020', '01/09/2020', '31/08/2025', 'تم دفع سنتين مقدم \r\nعللى راس كل سنة من العقد حتى 30 8 2022 من 1 9 2022 شيك كل اربع شهور ', '1', '', '', '1', '2', '39', 'شيك', '', ''),
(57, 8, 5, 6, 1, 1, 2, 3, '', '1', '4700', 'اربعة الاف و سبعمئة ', '01/08/2022', '01/08/2022', '31/07/2023', '', '1', '', '', '1', '2', '1', 'شيك', '', ''),
(58, 8, 15, 29, 1, 1, 2, 3, '', '1', '4700', 'اربعة الاف وسبعمئة ', '01/08/2022', '01/10/2022', '30/09/2023', '', '2', '', '', '1', '2', '1', 'شيك', NULL, NULL),
(59, 8, 5, 13, 1, 1, 2, 3, '', '1', '4700', 'اربعة الاف وسبعمئة ', '01/03/2023', '01/03/2023', '29/02/2024', '', '2', '', '', '1', '2', '1', 'شيك', '', ''),
(61, 8, 104, 233, 1, 1, 2, 2, '', '1', '2000', 'الافان ريال ', '28/01/2023', '01/02/2023', '31/05/2024', 'استأجر مساحة إدارية خمسة عشرة متر مربع  ', '1', '01/02/2023', '4', '1', '2', '40', 'شيك', NULL, NULL),
(62, 8, 47, 99, 1, 1, 2, 1, '', '5', '5000', 'خمسة الاف ريال ', '20/11/2018', '01/11/2018', '01/11/2023', '', '1', '', '', '1', '2', '1', 'نقداً', NULL, NULL),
(64, 8, 70, 189, 1, 1, 2, 1, '', '2', '10000', 'عشر الاف ريال ', '24/12/2020', '01/01/2021', '30/04/2023', '', '2', '', '', '1', '2', 'إختر اسم الممثل ....', 'نقداً', '', ''),
(65, 8, 73, 191, 1, 1, 2, 1, '', '2', '10000', 'عشرة الاف ريال ', '31/05/2021', '01/06/2021', '31/10/2023', '', '1', '', '', '1', '2', '1', 'شيك', NULL, NULL),
(67, 8, 105, 161, 1, 1, 2, 3, '', '1', '3700', 'ثلاثة الاف وسبعة مئة ', '25/02/2023', '01/03/2023', '28/02/2024', '', '1', '', '', '1', '2', '1', 'شيك', NULL, NULL),
(69, 8, 107, 327, 1, 1, 2, 3, '', '1', '1500', 'الف وخمس مئة ريال ', '18/02/2023', '01/03/2023', '28/02/2024', '', '2', '', '', '1', '2', '1', '3', NULL, NULL),
(70, 8, 30, 179, 1, 1, 2, 1, '', '1', '4200', 'اربعة الاف ومئتين ', '18/02/2023', '01/03/2023', '28/02/2024', '', '3', '', '', '1', '2', '1', '1', NULL, NULL),
(71, 8, 108, 323, 1, 1, 2, 3, '', '1', '1800', 'الف وثمئة ', '25/02/2023', '01/03/2023', '28/02/2024', '', '2', '', '', '1', '2', '1', '3', NULL, NULL),
(72, 8, 109, 324, 1, 1, 2, 3, '', '1', '1800', 'الف وثمنمئة ', '30/01/2023', '01/02/2023', '31/01/2024', '', '1', '', '', '1', '2', '1', '3', NULL, NULL),
(73, 8, 19, 170, 1, 1, 1, 1, '', '1', '4100', 'اربعة الاف ومئة ريال ', '25/01/2022', '28/02/2023', '28/02/2024', '', '2', '', '', '1', '2', 'إختر اسم الممثل ....', 'شيك', NULL, NULL),
(76, 9, 110, 230, 1, 1, 2, 1, '', '3', '4000', 'اربعة الاف ريال فقط ', '25/02/2023', '01/03/2023', '01/01/2027', '', '1', '01/03/2023', '10', '1', '1', 'إختر اسم الممثل ....', 'نقداً', '', ''),
(77, 8, 91, 231, 1, 1, 2, 1, '', '2', '5000', 'خمسة الاف ريال ', '28/08/2021', '01/09/2021', '31/08/2023', '', '2', '', '', '1', '2', '1', 'شيك', NULL, NULL),
(78, 8, 85, 217, 1, 1, 2, 1, '', '3', '20000', 'عشرون الاف ريال ', '14/05/2021', '01/05/2020', '01/05/2023', '', '1', '', '', '1', '2', '1', 'نقداً', '', ''),
(79, 8, 90, 234, 1, 1, 1, 2, '', '3', '20000', 'عشرون الاف ريال ', '15/01/2020', '15/04/2020', '14/04/2023', 'يتم تحويل القيمية الايجارية بداية كل سنة ميلادية في بداية العقد ', '1', '', '', '1', '2', '34', 'تحويل', NULL, NULL),
(80, 8, 2, 3, 1, 1, 2, 3, '', '3', '4700', 'اربعة الاف وسبعمئة ريال ', '01/01/2020', '01/01/2020', '30/09/2023', '', '3', '', '', '1', '2', '1', 'نقداً', NULL, NULL),
(82, 8, 117, 6, 1, 1, 2, 1, '', '1', '5000', 'خمسة الاف ريال ', '01/06/2020', '01/06/2020', '31/05/2021', '', '1', '', '', '1', '2', '43', 'نقداً', '', ''),
(83, 8, 6, 7, 1, 1, 2, 3, '', '1', '5000', 'خمسة الاف ريال ', '03/03/2020', '01/03/2020', '28/02/2021', '', '1', '', '', '1', '2', 'إختر اسم الممثل ....', 'نقداً', '', ''),
(84, 8, 7, 8, 1, 1, 2, 3, '', '1', '4700', 'اربعة الاف وسبعمئة ريال ', '20/06/2021', '01/07/2021', '01/08/2022', '', '1', '01/07/2021', '1', '1', '2', '1', 'نقداً', '', ''),
(86, 8, 7, 8, 1, 1, 2, 3, '', '1', '4700', 'اربعة الاف وسبعمئة ريال ', '04/06/2022', '01/08/2022', '31/07/2023', '', '1', '', '', '1', '2', '1', 'شيك', NULL, NULL),
(87, 8, 8, 9, 1, 1, 2, 3, '', '1', '5000', 'خمسة الاف ريال ', '31/01/2021', '01/02/2021', '31/01/2022', '', '1', '', '', '1', '2', 'إختر اسم الممثل ....', 'نقداً', '', ''),
(88, 8, 8, 9, 1, 1, 2, 3, '', '1', '4800', 'اربعة الاف وثمانمائة ', '24/01/2022', '01/02/2022', '31/01/2023', '', '1', '', '', '1', '2', 'إختر اسم الممثل ....', 'نقداً', '', ''),
(89, 8, 8, 9, 1, 1, 2, 3, '', '4', '4800', 'اربعة الاف وسبعمئة ريال ', '01/01/2020', '01/01/2020', '31/12/2024', '', '1', '', '', '1', '2', '1', 'نقداً', '', ''),
(90, 8, 5, 13, 1, 1, 2, 3, '', '1', '4700', 'اربعة الاف وسبعمئة ريال ', '07/02/2021', '01/03/2021', '28/02/2022', '', '1', '01/03/2021', '1', '1', '2', '1', 'نقداً', '', ''),
(91, 8, 10, 15, 1, 1, 2, 3, '', '4', '5000', 'خمسة الاف ريال ', '29/12/2019', '01/01/2020', '31/12/2023', '', '1', '', '', '1', '2', '1', 'نقداً', NULL, NULL),
(92, 8, 11, 16, 1, 1, 2, 3, '', '1', '5500', 'خمسة الاف وخمسمائة ', '28/10/2019', '01/11/2019', '31/10/2020', '', '1', '', '', '1', '2', 'إختر اسم الممثل ....', 'نقداً', '', ''),
(93, 8, 11, 16, 1, 1, 2, 3, '', '1', '4800', 'اربعة الاف وثمانمائة ', '31/10/2020', '01/11/2020', '31/10/2021', '', '1', '', '', '2', '2', '1', 'نقداً', NULL, NULL),
(94, 9, 11, 16, 1, 1, 2, 3, '', '1', '4700', 'اربعة الاف وسبعمئة ريال ', '30/11/2023', '30/11/2023', '30/11/2024', '', '1', '', '', '1', '2', '1', 'شيك', '', ''),
(96, 8, 97, 17, 1, 1, 3, 1, '', '11', '5500', 'خمسة الاف وخمسمائة ريال ', '12/08/2012', '12/08/2012', '11/08/2023', '', '2', '', '', '1', '2', '1', 'تحويل', NULL, NULL),
(97, 8, 12, 19, 1, 1, 2, 3, '', '1', '500', 'خمسة الاف  ', '16/01/2020', '01/02/2020', '31/01/2021', '', '1', '', '', '1', '2', '1', 'نقداً', '', ''),
(98, 9, 12, 19, 1, 1, 2, 3, '', '1', '4800', 'اربعة الاف وثمانمئة ريال ', '01/02/2024', '01/02/2024', '30/04/2024', '', '1', '', '', '1', '2', '1', 'شيك', '', ''),
(99, 8, 8, 20, 1, 1, 2, 3, '', '1', '5000', 'خمسة الاف ريال ', '30/01/2021', '01/02/2021', '31/01/2022', '', '1', '', '', '1', '2', 'إختر اسم الممثل ....', 'نقداً', '', ''),
(100, 8, 97, 23, 1, 1, 3, 1, '', '9', '6000', 'ستة الاف ريال ', '18/09/2012', '18/09/2012', '31/12/2021', '', '1', '', '', '1', '2', 'إختر اسم الممثل ....', 'تحويل', '', ''),
(101, 8, 13, 25, 1, 1, 2, 3, '', '1', '4700', 'اربعة الاف وسبعمئة ريال ', '08/12/2020', '01/01/2021', '31/12/2021', '', '1', '', '', '1', '2', 'إختر اسم الممثل ....', 'نقداً', '', ''),
(102, 8, 13, 25, 1, 1, 2, 3, '', '1', '4700', 'اربعة الاف وسبعمئة ريال ', '25/10/2021', '01/10/2021', '01/10/2022', '', '1', '', '', '1', '2', '1', 'نقداً', '', ''),
(104, 8, 14, 26, 1, 1, 2, 3, '', '1', '5000', 'خمسة الاف ريال ', '18/07/2020', '01/08/2020', '31/07/2021', '', '1', '', '', '1', '2', 'إختر اسم الممثل ....', 'نقداً', '', ''),
(105, 8, 14, 26, 1, 1, 2, 3, '', '1', '4700', 'اربعة الاف وسبعمائة ريال ', '21/08/2021', '01/08/2021', '31/07/2022', '', '1', '', '', '1', '2', 'إختر اسم الممثل ....', 'نقداً', '', ''),
(106, 8, 14, 26, 4, 1, 2, 3, '1', '', '4500', 'اربعة الاف وخمسمائة ', '01/02/2022', '01/01/2022', '31/12/2023', '', '1', '', '', '1', '2', '1', 'نقداً', NULL, NULL),
(107, 8, 2, 27, 1, 1, 2, 3, '', '1', '4700', 'اربعة الاف وسبعمائة ريال ', '01/01/2020', '01/01/2020', '31/12/2020', '', '1', '', '', '1', '2', 'إختر اسم الممثل ....', 'نقداً', '', ''),
(108, 8, 2, 27, 1, 1, 2, 3, '', '1', '4700', 'اربعة الاف وسبعمائة ريال ', '01/01/2021', '01/01/2021', '31/12/2021', '', '1', '', '', '1', '2', 'إختر اسم الممثل ....', 'نقداً', '', ''),
(109, 8, 2, 27, 1, 1, 2, 3, '', '1', '4700', 'اربعة الاف وسبعمائة ريال ', '01/01/2023', '01/01/2023', '01/01/2024', '', '1', '', '', '1', '2', '1', 'نقداً', NULL, NULL),
(110, 8, 118, 28, 1, 1, 2, 3, '', '1', '5000', 'خمسة الاف ريال ', '01/05/2020', '01/05/2020', '30/04/2021', '', '1', '', '', '1', '2', '44', 'نقداً', '', ''),
(111, 8, 9, 28, 4, 1, 2, 3, '14', '', '4700', 'اربعة الاف وسبعمائة ريال ', '05/07/2021', '01/07/2021', '01/11/2022', '', '1', '01/07/2021', '2', '1', '2', '1', 'نقداً', '', ''),
(112, 8, 15, 29, 1, 1, 2, 3, '', '1', '5000', 'خمسة الاف ريال ', '01/11/2020', '01/11/2020', '30/11/2021', '', '1', '01/11/2020', '1', '2', '2', 'إختر اسم الممثل ....', 'نقداً', '', ''),
(113, 8, 15, 29, 1, 1, 2, 3, '', '1', '4700', 'اربعة الاف وسبعمائة ريال ', '26/09/2021', '01/10/2021', '30/09/2022', '', '1', '', '', '1', '2', '1', 'نقداً', '', ''),
(115, 8, 63, 145, 1, 1, 2, 3, '', '1', '2500', 'الفان وخمسمائة ', '01/02/2021', '01/02/2021', '31/01/2022', '', '1', '', '', '1', '2', 'إختر اسم الممثل ....', 'نقداً', '', ''),
(116, 8, 63, 145, 1, 1, 2, 3, '', '1', '2500', 'الفان وخمسمائة ', '10/12/2022', '01/01/2023', '31/12/2023', '', '2', '', '', '1', '2', '1', 'نقداً', NULL, NULL),
(117, 8, 62, 144, 1, 1, 2, 3, '', '1', '2800', 'الفان وثمانمئة ', '01/01/2020', '01/01/2020', '31/12/2021', '', '1', '', '', '1', '2', 'إختر اسم الممثل ....', 'نقداً', '', ''),
(118, 8, 62, 144, 1, 1, 2, 3, '', '2', '2500', 'الفان وخمسمائة', '01/01/2022', '01/01/2021', '31/12/2023', '', '3', '', '', '1', '2', '1', 'نقداً', NULL, NULL),
(119, 8, 63, 145, 1, 1, 2, 3, '', '4', '2500', 'الفان وخمسمائة ', '01/01/2020', '01/01/2020', '31/12/2023', '', '1', '', '', '1', '2', '1', 'نقداً', NULL, NULL),
(120, 8, 119, 146, 1, 1, 1, 3, '', '3', '2500', 'الفان وخمسمائة ', '01/11/2020', '01/11/2020', '31/10/2023', '', '2', '', '', '1', '2', '1', 'نقداً', NULL, NULL),
(121, 8, 65, 147, 1, 1, 2, 3, '', '3', '2500', 'الفان وخمسمائة ', '01/02/2021', '01/02/2021', '31/01/2024', 'تم دفع اربع شهور بشيك واحد ', '1', '', '', '1', '2', '49', 'شيك', '', ''),
(122, 9, 66, 149, 1, 1, 2, 3, '', '4', '2500', 'الفان وخمسمائة ', '01/01/2020', '01/01/2020', '31/12/2023', '', '1', '', '', '1', '2', 'إختر اسم الممثل ....', 'نقداً', '', ''),
(123, 8, 120, 148, 1, 1, 2, 3, '', '1', '2500', 'الفان وخمسمائة ', '01/01/2010', '01/01/2020', '30/03/2021', '', '1', '', '', '1', '2', 'إختر اسم الممثل ....', 'نقداً', '', ''),
(127, 8, 106, 322, 1, 1, 4, 1, '', '5', '15000', 'خمسة عشر الف ريال ', '16/01/2023', '01/01/2023', '31/12/2027', '', '1', '', '', '1', '2', '41', 'تحويل', NULL, NULL),
(128, 8, 122, 201, 1, 1, 2, 2, '', '2', '13000', 'ثلاثة عشر الاف رياال ', '13/09/2019', '15/09/2019', '31/10/2021', '', '1', '', '', '1', '2', 'إختر اسم الممثل ....', 'نقداً', '', ''),
(129, 8, 9, 216, 1, 1, 2, 3, '', '1', '10500', 'عشرة الاف وخمسمائة ', '28/03/2021', '01/04/2021', '31/03/2022', '', '1', '', '', '1', '2', '1', 'نقداً', '', ''),
(132, 8, 76, 203, 1, 1, 2, 2, '', '1', '14000', 'اربعة عشر الف ريال ', '25/12/2019', '01/01/2020', '31/01/2021', '', '1', '', '', '1', '2', '27', 'نقداً', NULL, NULL),
(133, 8, 76, 203, 1, 1, 2, 2, '', '1', '13000', 'ثلاثة عشر الف ريال', '31/01/2021', '01/02/2021', '30/11/2021', '', '1', '', '', '1', '2', '27', 'نقداً', NULL, NULL),
(134, 8, 76, 203, 4, 1, 2, 2, '5', '', '11000', 'احدى عشر الف ريال ', '01/12/2021', '01/12/2021', '31/05/2022', '', '1', '', '', '1', '2', '27', 'نقداً', NULL, NULL),
(136, 9, 9, 216, 1, 1, 2, 3, '', '1', '10500', 'عشرة الاف وخمسمائة ', '19/02/2024', '01/04/2024', '31/03/2025', '', '1', '', '', '1', '1', '1', 'شيك', '', ''),
(138, 8, 52, 455, 1, 1, 3, 1, '', '3', '13200', 'ثلاثة عشر الف ومئتان ريال ', '01/01/2020', '01/01/2020', '31/12/2022', '', '2', '', '', '1', '1', '1', 'تحويل', '', ''),
(139, 8, 52, 226, 1, 1, 3, 1, '', '3', '8000', 'ثمن الاف ريال فقط ', '01/01/2020', '01/01/2020', '31/12/2022', '', '2', '', '', '1', '1', '1', 'تحويل', NULL, NULL),
(140, 8, 52, 192, 1, 1, 3, 1, '', '3', '11000', 'احدى عشر الف ريال ', '01/01/2020', '01/01/2020', '31/12/2022', '', '2', '', '', '1', '2', '1', 'تحويل', NULL, NULL),
(141, 8, 52, 190, 1, 1, 3, 1, '', '3', '11500', 'احدى عشر الف وخمسمائة ريال ', '01/01/2020', '01/01/2020', '31/12/2022', '', '2', '', '', '1', '2', '1', 'تحويل', NULL, NULL),
(142, 8, 52, 456, 1, 1, 3, 1, '', '3', '13200', 'ثلاثة عشر الف ومئتان', '01/01/2020', '01/01/2020', '31/12/2022', '', '2', '', '', '1', '1', '1', 'تحويل', NULL, NULL),
(143, 8, 59, 123, 1, 1, 2, 2, '', '1', '9000', 'تسعة الاف ربال فقط ', '16/03/2023', '01/04/2023', '31/03/2024', '', '1', '', '', '1', '1', '32', 'شيك', NULL, NULL),
(144, 8, 125, 120, 1, 1, 2, 3, '', '1', '2500', 'الفان وخمسمائة ريال فقط  ', '19/03/2023', '01/04/2023', '31/03/2024', '', '3', '', '', '2', '2', '1', 'شيك', '', ''),
(145, 8, 126, 118, 1, 1, 2, 2, '', '1', '1000', 'الف ريال ', '19/03/2023', '01/03/2023', '29/02/2024', '', '3', '', '', '2', '1', '1', 'شيك', NULL, NULL),
(146, 8, 127, 96, 1, 1, 2, 3, '', '1', '3000', 'ثلاثة الاف ريال ', '01/03/2023', '01/03/2023', '29/02/2024', '', '2', '', '', '2', '2', '1', 'شيك', NULL, NULL),
(147, 9, 129, 121, 1, 1, 2, 3, '', '1', '4000', 'اربعة الاف ريال ', '20/03/2023', '01/04/2023', '01/08/2024', 'تم تحصيل الشهر الاول مقدما بموجب شيك ', '1', '01/04/2023', '4', '2', '1', 'إختر اسم الممثل ....', 'شيك', '', ''),
(149, 8, 129, 98, 1, 1, 2, 3, '', '1', '3000', 'ثلاثة الاف ريال ', '18/01/2023', '01/02/2023', '31/01/2024', '', '1', '', '', '2', '2', '1', 'شيك', NULL, NULL),
(150, 9, 52, 455, 1, 1, 4, 1, '', '1', '13000', 'ثلاثة عشر الف  ريال ', '01/01/2023', '01/01/2024', '01/01/2025', '', '1', '', '', '1', '1', 'إختر اسم الممثل ....', 'تحويل', '', ''),
(151, 8, 82, 212, 1, 1, 5, 3, '', '1', '10000', 'عشر الاف ربال ', '28/02/2019', '01/03/2019', '29/02/2020', 'تم دفع الايجار مقدما', '1', '', '', '2', '2', 'إختر اسم الممثل ....', 'نقداً', '', ''),
(152, 9, 52, 226, 1, 1, 4, 1, '', '1', '8000', 'ثمن الاف ريال فقط ', '01/01/2023', '01/01/2023', '01/01/2024', '', '2', '', '', '1', '1', 'إختر اسم الممثل ....', 'تحويل', '', ''),
(153, 9, 52, 456, 1, 1, 4, 1, '', '1', '13200', 'ثلاثة عشر الف ومئتان', '01/01/2023', '01/01/2023', '01/01/2024', '', '1', '', '', '1', '1', 'إختر اسم الممثل ....', 'تحويل', '', ''),
(154, 9, 52, 192, 1, 1, 4, 1, '', '1', '11000', 'احدى عشر الف ريال ', '01/01/2023', '01/01/2023', '01/01/2024', '', '1', '', '', '1', '2', 'إختر اسم الممثل ....', 'تحويل', '', ''),
(155, 9, 52, 190, 1, 1, 4, 1, '', '1', '11500', 'احدى عشر الف وخمسمائة ريال ', '01/01/2023', '01/01/2023', '01/01/2024', '', '1', '', '', '1', '2', 'إختر اسم الممثل ....', 'تحويل', '', ''),
(156, 8, 132, 28, 1, 1, 3, 3, '', '2', '4650', 'اربعة الاف وستمئة وخمسون', '01/01/2020', '01/01/2020', '31/12/2021', 'القيمية الايجارية تحول بدل اجور محامي', '1', '', '', '1', '2', '1', 'نقداً', NULL, NULL),
(157, 8, 105, 5, 1, 1, 2, 3, '', '1', '4700', 'اربعة الاف وسبعمئة ريال ', '29/04/2023', '01/05/2023', '30/04/2024', '', '1', '', '', '1', '1', '1', 'شيك', '', ''),
(158, 8, 100, 124, 1, 1, 2, 2, '', '2', '10000', 'عشرة الاف ريال ', '01/02/2020', '01/02/2020', '01/04/2022', 'فترة سماح شهرين تسعة وعشرة ', '1', '01/09/2021', '2', '2', '2', '33', 'نقداً', '', ''),
(159, 8, 100, 124, 1, 1, 2, 2, '', '1', '9000', 'تسعة الاف ريال ', '01/02/2022', '01/02/2022', '01/02/2023', '', '2', '', '', '2', '2', '33', 'شيك', NULL, NULL),
(160, 8, 4, 5, 1, 1, 2, 3, '', '1', '5000', 'خمسة الاف ريال ', '01/01/2020', '01/01/2020', '31/12/2020', 'تم تنزل الايجار الشهري ل اربعة الاف وسبعمئة  اخر شهرين ', '1', '', '', '1', '2', 'إختر اسم الممثل ....', 'نقداً', '', ''),
(161, 8, 4, 5, 1, 1, 2, 3, '', '2', '4700', 'اربعة الاف وسبعمئة ريال ', '01/01/2021', '01/01/2021', '31/12/2022', '', '1', '', '', '1', '1', '1', 'نقداً', NULL, NULL),
(162, 8, 4, 5, 4, 1, 2, 3, '4', '', '4700', 'اربعة الاف وسبعمئة ريال ', '01/01/2023', '01/01/2023', '30/04/2023', '', '1', '', '', '1', '2', '1', 'نقداً', NULL, NULL),
(165, 8, 133, 217, 1, 1, 2, 1, '', '3', '15000', 'خمسة عشر الاف ريال ', '01/06/2023', '01/07/2023', '01/07/2026', '', '1', '01/06/2023', '1', '2', '1', '46', 'شيك', '', ''),
(166, 9, 112, 229, 1, 1, 2, 1, '', '1', '3500', 'ثلاثة الاف وخمسمئة', '01/01/2023', '01/01/2023', '31/12/2023', '', '1', '', '', '1', '2', '1', 'شيك', NULL, NULL),
(168, 9, 113, 228, 1, 1, 2, 1, '', '1', '4000', 'اربعة الاف ريال فقط ', '01/01/2023', '01/01/2023', '31/12/2023', '', '1', '', '', '1', '2', '1', 'شيك', NULL, NULL),
(169, 9, 134, 248, 1, 1, 3, 2, '', '11', '5500', 'خمسة الاف وخمسمائة', '08/06/2015', '08/06/2015', '08/06/2026', '', '1', '', '', '1', '2', '47', 'تحويل', NULL, NULL),
(170, 9, 21, 166, 1, 1, 3, 2, '', '11', '7000', 'سبعة الاف', '04/08/2015', '04/08/2015', '04/08/2026', '', '1', '', '', '1', '2', '48', 'تحويل', NULL, NULL),
(171, 9, 100, 124, 1, 1, 2, 2, '', '1', '9000', 'تسعة الاف ريال ', '01/02/2022', '01/02/2022', '01/02/2023', '', '1', '', '', '1', '2', '33', 'شيك', NULL, NULL),
(172, 9, 100, 124, 1, 1, 2, 2, '', '1', '9000', 'تسعة الاف ريال ', '01/02/2022', '01/02/2023', '01/02/2024', '', '1', '', '', '1', '2', '33', 'شيك', NULL, NULL),
(173, 9, 90, 234, 1, 1, 3, 2, '', '2', '12000', 'اثنى عشر الاف', '13/03/2023', '15/04/2023', '14/04/2025', '', '1', '', '', '1', '2', '34', 'شيك', NULL, NULL),
(174, 9, 135, 232, 1, 1, 2, 2, '', '1', '8500', 'ثمانية الاف وخمسمائة', '29/03/2022', '01/06/2022', '01/06/2023', '', '1', '', '', '1', '2', '1', 'شيك', NULL, NULL),
(175, 8, 70, 189, 1, 1, 2, 1, '', '2', '10000', 'عشر الاف ريال ', '24/12/2020', '31/12/2021', '31/12/2023', '', '1', '', '', '2', '2', '1', 'شيك', '', ''),
(176, 8, 136, 144, 1, 1, 2, 3, '', '1', '2500', 'الفان وخمسمائة ', '21/05/2023', '01/06/2023', '31/05/2024', '', '1', '', '', '1', '2', '1', 'شيك', '', ''),
(177, 8, 2, 3, 1, 1, 2, 3, '', '1', '4700', 'اربعة الاف وسبعمائة ريال ', '21/06/2023', '01/07/2023', '30/06/2024', '', '1', '', '', '1', '2', 'إختر اسم الممثل ....', 'شيك', '', ''),
(178, 8, 137, 232, 1, 1, 2, 2, '', '1', '9250', 'تسعة الاف ومئتان وخمسون ', '22/06/2023', '01/07/2023', '31/07/2024', 'ملحوظة في حالة رغبة الطرف الثاني في اخلاء العقار قبل انتهاء فترة العقد على المستأجر اخبار المؤجر قبل 3 أشهر على الاقل او دفع غرامة ثلاثة  أشهر مقدم في حالة عدم اخطار المؤجر \r\nسيتم دفع 550ريال قطري حوالة بنكية ', '1', '01/07/2023', '1', '1', '2', '50', 'شيك', '', ''),
(179, 8, 139, 93, 1, 1, 2, 3, '', '1', '3000', 'ثلاثة الف ريال ', '17/06/2023', '01/07/2023', '30/06/2024', '', '1', '', '', '1', '2', '52', 'شيك', NULL, NULL),
(180, 9, 140, 205, 1, 1, 2, 2, '', '1', '10000', 'عشرة الاف ريال', '01/08/2023', '01/08/2023', '31/07/2024', 'شيك بقيمة عشرين الف ريال بدل متأخرات شهرين رقم الشيك ', '1', '', '', '1', '2', '1', 'شيك', NULL, NULL),
(181, 8, 97, 17, 1, 1, 3, 1, '', '11', '5500', 'خمسة الاف وخمسمائة ريال ', '12/08/2012', '12/08/2012', '11/08/2023', '', '1', '', '', '1', '2', 'إختر اسم الممثل ....', 'تحويل', NULL, NULL),
(182, 8, 96, 231, 1, 1, 2, 1, '', '3', '5500', 'خمسة الاف وخمسمئة ريال ', '28/08/2021', '01/09/2021', '01/09/2024', '', '1', '', '', '2', '2', 'إختر اسم الممثل ....', 'شيك', '', ''),
(183, 8, 91, 231, 1, 1, 2, 1, '', '2', '5000', 'خمسة الاف ريال ', '28/08/2021', '01/09/2021', '31/08/2023', '', '1', '', '', '2', '2', 'إختر اسم الممثل ....', 'شيك', NULL, NULL),
(184, 8, 7, 8, 1, 1, 2, 3, '', '1', '4700', 'اربعة الاف وسبعمئة ريال ', '01/07/2023', '01/07/2023', '30/06/2024', '', '1', '', '', '1', '2', '1', 'شيك', NULL, NULL),
(186, 8, 5, 6, 1, 1, 2, 3, '', '1', '4700', 'اربعة الاف وسبعمئة ريال ', '01/08/2023', '01/08/2023', '31/07/2024', '', '1', '', '', '1', '2', '1', 'شيك', NULL, NULL),
(187, 9, 9, 148, 4, 1, 2, 3, '13', '', '2600', 'الفان وستمأه ', '19/02/2024', '01/03/2024', '29/03/2025', '', '1', '', '', '1', '2', 'إختر اسم الممثل ....', 'شيك', '', ''),
(188, 9, 9, 162, 4, 1, 2, 3, '13', '', '3150', 'ثلاثة الاف ريال ومئةوخمسون', '19/02/2024', '01/03/2024', '29/03/2025', '', '1', '', '', '1', '1', '1', 'شيك', '', ''),
(190, 8, 80, 208, 1, 1, 2, 1, '', '1', '11000', 'احدى عشر الاف لايال ', '01/08/2023', '01/08/2023', '31/07/2024', '', '1', '', '', '2', '2', '1', 'شيك', NULL, NULL),
(191, 8, 80, 208, 1, 1, 2, 1, '', '1', '11000', 'احدى عشر الاف لايال ', '01/08/2023', '01/08/2023', '31/07/2024', '', '1', '', '', '2', '2', '1', 'شيك', NULL, NULL),
(192, 8, 82, 212, 1, 1, 2, 3, '', '3', '7500', 'سبعة الاف وخمسمئة ', '10/09/2023', '01/03/2024', '28/02/2027', '', '1', '', '', '2', '2', '1', 'شيك', NULL, NULL),
(194, 9, 141, 229, 1, 1, 2, 1, '', '1', '3500', 'ثلاث الف وخمسمئة ريال ', '01/05/2023', '01/05/2023', '30/04/2024', '', '1', '', '', '2', '1', '48', 'شيك', '', ''),
(195, 8, 119, 146, 1, 1, 2, 3, '', '1', '2500', 'الفان وخمسمائة ', '01/11/2020', '30/09/2023', '30/09/2024', '', '1', '', '', '2', '2', '1', 'شيك', '', ''),
(196, 8, 73, 191, 1, 1, 2, 1, '', '1', '10000', 'عشر الاف ريال ', '01/11/2023', '01/11/2023', '31/10/2024', '', '1', '', '', '2', '2', 'إختر اسم الممثل ....', 'شيك', '', ''),
(197, 9, 142, 215, 1, 1, 2, 1, '', '5', '12000', 'اثنى عشر الاف ريال ', '01/07/2022', '01/07/2022', '30/06/2027', '', '1', '', '', '2', '2', '46', 'شيك', '', ''),
(199, 9, 144, 17, 1, 1, 2, 1, '', '1', '4700', 'أربعة الاف وسبعمئة', '01/01/2024', '01/01/2024', '31/12/2024', '', '1', '', '', '1', '1', '1', 'شيك', NULL, NULL),
(200, 9, 145, 167, 1, 1, 2, 1, '', '1', '4400', 'أربعة الاف ', '01/01/2024', '01/01/2024', '31/12/2024', '', '1', '', '', '1', '2', '1', 'شيك', NULL, NULL),
(201, 9, 24, 173, 1, 1, 2, 1, '', '1', '4500', 'اربع الف وخمسمئة', '01/01/2024', '01/01/2024', '01/01/2025', '', '1', '', '', '1', '2', 'إختر اسم الممثل ....', 'شيك', NULL, NULL),
(202, 9, 33, 182, 1, 1, 2, 1, '', '1', '5500', 'خمسة الف وخمسمئة', '01/01/2024', '01/01/2024', '01/01/2025', '', '1', '', '', '1', '2', 'إختر اسم الممثل ....', 'شيك', NULL, NULL),
(203, 9, 147, 163, 1, 1, 2, 3, '', '1', '4000', 'أربعة الاف ريال', '01/03/2024', '01/03/2024', '01/03/2025', 'تم إعفاء المستأجر من 15 يوم ', '1', '', '', '1', '1', 'إختر اسم الممثل ....', 'شيك', '', ''),
(204, 9, 15, 7, 1, 1, 2, 3, '', '1', '4700', 'اربعة الاف وسبعمئة ', '06/01/2024', '01/01/2024', '01/01/2025', '', '1', '', '', '2', '2', 'إختر اسم الممثل ....', 'شيك', NULL, NULL),
(205, 9, 15, 29, 1, 1, 2, 3, '', '1', '4700', 'اربعة الاف وسبعمئة ', '06/01/2024', '01/01/2024', '01/01/2025', '', '1', '', '', '2', '2', '1', 'شيك', '', ''),
(206, 9, 17, 168, 1, 1, 2, 1, '', '1', '3500', 'ثلاثة الف وخمسئة', '01/01/2024', '01/01/2024', '01/01/2025', '', '1', '', '', '1', '2', '1', 'شيك', '', ''),
(207, 9, 31, 180, 1, 1, 2, 1, '', '1', '3500', 'ثلاثة الف وخمسمئة ', '01/01/2024', '01/01/2024', '01/01/2025', '', '1', '', '', '1', '2', 'إختر اسم الممثل ....', 'شيك', NULL, NULL),
(208, 9, 26, 175, 1, 1, 2, 1, '', '1', '4300', 'اربعة الاف وثلاثمئة ', '09/01/2024', '10/01/2024', '10/01/2025', '', '1', '', '', '1', '2', 'إختر اسم الممثل ....', 'شيك', NULL, NULL),
(209, 9, 32, 181, 1, 1, 2, 1, '', '1', '4300', 'اربعة الاف وثلاثمئة ', '01/01/2024', '05/01/2024', '05/01/2025', '', '1', '', '', '1', '2', 'إختر اسم الممثل ....', 'شيك', NULL, NULL),
(210, 9, 22, 171, 1, 1, 2, 1, '', '1', '3400', 'ثلاثة الف واربعمئة ', '01/01/2024', '01/01/2024', '01/01/2025', '', '1', '', '', '1', '2', 'إختر اسم الممثل ....', 'شيك', NULL, NULL),
(211, 9, 29, 178, 1, 1, 2, 1, '', '1', '4300', 'اربعة الف وثلاثمئة', '01/01/2024', '05/01/2024', '05/01/2025', '', '1', '', '', '1', '2', 'إختر اسم الممثل ....', 'شيك', NULL, NULL),
(212, 9, 13, 25, 1, 1, 2, 3, '', '1', '4700', 'اربعة الاف وسبعمئة ', '10/01/2024', '01/01/2024', '01/01/2025', '', '1', '', '', '1', '2', 'إختر اسم الممثل ....', 'شيك', NULL, NULL),
(214, 9, 52, 226, 1, 1, 4, 1, '', '1', '8000', 'ثمن الاف ريال فقط ', '01/01/2023', '01/01/2024', '01/01/2025', '', '1', '', '', '1', '2', 'إختر اسم الممثل ....', 'تحويل', NULL, NULL),
(215, 9, 23, 172, 1, 1, 2, 1, '', '1', '4500', 'اربعة الاف وخمسمئة ', '01/02/2024', '01/02/2024', '01/02/2025', '', '1', '', '', '1', '2', '1', 'شيك', '', ''),
(216, 9, 148, 183, 1, 1, 2, 1, '', '1', '5500', 'خمسة الاف وخمسمئة', '11/01/2024', '01/02/2024', '31/01/2025', '', '1', '', '', '1', '2', 'إختر اسم الممثل ....', 'شيك', '', ''),
(217, 9, 107, 327, 1, 1, 2, 3, '', '1', '1500', 'الف وخمس مئة ريال ', '18/02/2023', '01/01/2024', '01/01/2025', '', '1', '', '', '1', '2', 'إختر اسم الممثل ....', 'تحويل', NULL, NULL),
(218, 9, 149, 17, 1, 1, 2, 3, '', '1', '4700', 'أربعة الاف وسبعمئة', '16/01/2024', '01/02/2024', '31/01/2025', '', '1', '', '', '1', '2', '1', 'شيك', NULL, NULL),
(219, 9, 101, 177, 1, 1, 2, 1, '', '1', '3300', 'ثلاثة الاف وثلاثمئة ', '01/02/2024', '01/02/2024', '01/02/2025', '', '1', '', '', '1', '2', 'إختر اسم الممثل ....', 'شيك', '', ''),
(220, 9, 63, 145, 1, 1, 2, 3, '', '1', '2500', 'الفان وخمسمائة ', '01/01/2024', '01/01/2024', '01/01/2025', '', '1', '', '', '1', '2', 'إختر اسم الممثل ....', 'شيك', NULL, NULL),
(221, 9, 18, 169, 1, 1, 2, 1, '', '1', '4500', 'اربعة الاف وخمسمئة ', '01/01/2024', '31/01/2024', '31/05/2024', '', '1', '', '', '1', '2', 'إختر اسم الممثل ....', 'شيك', NULL, NULL),
(223, 9, 102, 176, 1, 1, 2, 1, '', '1', '4300', 'اربعة الاف وثلاثمئة ', '01/02/2024', '01/02/2024', '01/02/2025', '', '1', '', '', '1', '2', 'إختر اسم الممثل ....', 'شيك', NULL, NULL),
(224, 9, 150, 203, 1, 1, 2, 2, '', '1', '10000', 'عشرة الاف ', '01/03/2024', '01/03/2024', '28/02/2025', '', '1', '', '', '1', '2', '51', 'تحويل', '', ''),
(225, 9, 151, 233, 1, 1, 2, 2, '', '1', '2000', 'ألفين', '01/02/2024', '05/02/2024', '04/03/2025', '', '1', '05/02/2024', '1', '1', '2', '50', 'شيك', NULL, NULL),
(226, 9, 19, 170, 1, 1, 1, 1, '', '1', '4100', 'اربعة الاف ومئة ريال ', '05/02/2024', '28/02/2024', '28/02/2025', '', '1', '', '', '1', '2', 'إختر اسم الممثل ....', 'شيك', NULL, NULL),
(227, 9, 19, 170, 1, 1, 2, 1, '', '1', '4100', 'اربعة الاف ومئة ريال ', '05/02/2024', '28/02/2024', '27/02/2025', '', '1', '', '', '1', '2', '1', 'شيك', NULL, NULL),
(228, 9, 152, 202, 1, 1, 2, 2, '', '1', '10000', 'عشرة الاف ريال', '01/02/2024', '01/02/2024', '31/01/2025', '', '1', '', '', '1', '2', '1', 'شيك', NULL, NULL),
(229, 9, 74, 201, 1, 1, 2, 2, '', '1', '10000', 'عشرة الاف ريال فقط لاغير', '01/02/2024', '01/02/2024', '01/02/2025', '', '1', '', '', '1', '2', '26', 'شيك', NULL, NULL),
(232, 9, 153, 179, 1, 1, 2, 1, '', '1', '4500', 'أربعة الاف خمسمائة ', '01/03/2024', '01/03/2024', '28/02/2025', '', '1', '', '', '1', '2', '1', 'شيك', NULL, NULL),
(233, 9, 153, 179, 1, 1, 2, 1, '', '1', '4500', 'أربعة الاف وخمسمأة', '01/03/2024', '01/03/2024', '28/02/2025', '', '1', '', '', '1', '2', 'إختر اسم الممثل ....', 'شيك', NULL, NULL),
(234, 9, 154, 196, 1, 1, 2, 2, '', '1', '10000', 'عشرة الاف', '01/03/2024', '01/03/2024', '28/02/2025', '', '1', '', '', '1', '2', '52', 'تحويل', '', ''),
(235, 9, 154, 204, 1, 1, 2, 2, '', '1', '10000', 'عشرة الاف', '01/03/2024', '01/03/2024', '28/02/2025', '', '1', '', '', '1', '2', '52', 'شيك', NULL, NULL),
(236, 9, 25, 174, 1, 1, 2, 1, '', '1', '3500', 'ثلاثة الف وخمس مئة ', '01/02/2024', '01/02/2024', '01/02/2025', '', '1', '', '', '1', '2', '1', 'شيك', '', ''),
(237, 9, 146, 98, 1, 1, 2, 3, '', '1', '3500', 'ثلاثة ألاف و خمسمائة', '27/02/2024', '01/03/2024', '28/02/2025', '', '1', '', '', '2', '1', '1', 'شيك', NULL, NULL),
(238, 9, 103, 122, 1, 1, 2, 2, '', '1', '8400', 'ثمانية الاف وأربعمئة', '01/02/2024', '01/02/2024', '31/01/2025', '', '1', '', '', '2', '2', '38', 'شيك', NULL, NULL),
(239, 9, 142, 215, 1, 1, 2, 1, '', '5', '12000', 'اثنى عشر الاف ريال ', '01/07/2022', '01/07/2022', '01/07/2027', '', '1', '', '', '2', '2', '46', 'شيك', NULL, NULL),
(240, 9, 5, 13, 1, 1, 2, 3, '', '1', '4700', 'اربعة الاف وسبعمئة ', '01/04/2024', '01/04/2024', '31/03/2025', '', '1', '', '', '2', '1', 'إختر اسم الممثل ....', 'شيك', NULL, NULL),
(241, 9, 127, 96, 1, 1, 2, 3, '', '1', '3000', 'ثلاثة الاف ريال ', '01/03/2024', '01/03/2024', '28/02/2025', '', '1', '', '', '2', '2', 'إختر اسم الممثل ....', 'شيك', NULL, NULL),
(242, 9, 155, 198, 1, 1, 2, 2, '', '1', '10000', 'عشرة الاف ريال', '01/01/2023', '01/01/2023', '29/02/2024', '', '2', '', '', '1', '2', '53', 'شيك', NULL, NULL),
(243, 9, 152, 194, 4, 1, 3, 2, '1', '', '10000', 'عشرة الاف', '01/01/2024', '01/01/2024', '31/01/2024', '', '1', '', '', '1', '1', '1', 'شيك', '', ''),
(244, 9, 155, 198, 1, 1, 2, 2, '', '1', '10000', 'عشرة الاف ريال', '01/01/2024', '01/01/2024', '01/01/2025', '', '1', '', '', '2', '2', '53', 'شيك', NULL, NULL),
(245, 9, 156, 5, 1, 1, 2, 3, '', '1', '4700', 'أربعة الاف وسبعمائة', '15/03/2024', '15/03/2024', '14/03/2025', '', '1', '', '', '2', '1', '1', 'شيك', NULL, NULL),
(246, 9, 105, 161, 1, 1, 2, 3, '', '1', '3700', 'ثلاثة الاف وسبعمائة', '15/03/2024', '15/03/2024', '14/03/2025', '', '1', '', '', '2', '1', '1', 'شيك', NULL, NULL),
(247, 9, 52, 488, 1, 1, 4, 2, '', '1', '13000', 'ثلاثة عشرة الف', '01/01/2024', '01/01/2024', '31/12/2024', '', '1', '', '', '2', '1', 'إختر اسم الممثل ....', 'تحويل', '', ''),
(248, 9, 52, 489, 1, 1, 4, 2, '', '1', '13000', 'ثلاثة عشر الف', '01/01/2024', '01/01/2024', '31/12/2024', '', '1', '', '', '1', '1', '1', 'تحويل', NULL, NULL),
(249, 9, 52, 487, 1, 1, 4, 1, '', '1', '13000', 'ثلاثة عشر  الف', '01/01/2024', '01/01/2024', '31/12/2024', '', '1', '', '', '2', '2', '1', 'تحويل', NULL, NULL),
(250, 9, 157, 471, 1, 1, 2, 1, '', '1', '11000', 'احد اعشر الف', '01/10/2023', '01/10/2023', '30/09/2024', '', '1', '', '', '2', '2', '1', 'شيك', NULL, NULL),
(251, 9, 52, 490, 1, 1, 4, 1, '', '1', '12000', 'ثلاثة عشر الف', '01/01/2024', '01/01/2024', '31/12/2024', '', '1', '', '', '2', '2', '1', 'تحويل', NULL, NULL),
(252, 9, 40, 233, 1, 1, 2, 2, '', '1', '1375', 'الف و ثلاثمئة و خمسة وسبعين', '01/01/2024', '01/01/2024', '31/12/2024', '', '1', '', '', '2', '2', '1', 'نقداً', NULL, NULL),
(253, 9, 158, 208, 1, 1, 2, 1, '', '1', '11000', 'احدا عشرة الاف', '01/01/2024', '01/01/2024', '31/12/2024', '', '1', '', '', '2', '2', '1', 'شيك', NULL, NULL);

-- --------------------------------------------------------

--
-- Table structure for table `contractor`
--

CREATE TABLE `contractor` (
  `Contractor_ID` int(11) NOT NULL,
  `Contractor_Ar_Name` varchar(200) CHARACTER SET utf8mb4 DEFAULT NULL,
  `Contractor_En_Name` varchar(200) CHARACTER SET utf8mb4 DEFAULT NULL,
  `Contractor_Company_Name` varchar(200) CHARACTER SET utf8mb4 DEFAULT NULL,
  `Contractor_Company_Address` varchar(200) CHARACTER SET utf8mb4 DEFAULT NULL,
  `Contractor_Phon` varchar(200) CHARACTER SET utf8mb4 DEFAULT NULL
) ENGINE=InnoDB DEFAULT CHARSET=utf8;

--
-- Dumping data for table `contractor`
--

INSERT INTO `contractor` (`Contractor_ID`, `Contractor_Ar_Name`, `Contractor_En_Name`, `Contractor_Company_Name`, `Contractor_Company_Address`, `Contractor_Phon`) VALUES
(1, 'مقاول مؤقت', 'temp', '', '', '');

-- --------------------------------------------------------

--
-- Table structure for table `contract_template`
--

CREATE TABLE `contract_template` (
  `Contract_template_Id` int(11) NOT NULL,
  `Contract_English_template` varchar(200) NOT NULL,
  `Contract_Arabic_template` varchar(200) NOT NULL
) ENGINE=InnoDB DEFAULT CHARSET=utf8;

--
-- Dumping data for table `contract_template`
--

INSERT INTO `contract_template` (`Contract_template_Id`, `Contract_English_template`, `Contract_Arabic_template`) VALUES
(1, 'Single ', ' مفرد'),
(2, 'Inclusive', 'مجمل '),
(3, 'Multiple', 'متعدد');

-- --------------------------------------------------------

--
-- Table structure for table `contract_type`
--

CREATE TABLE `contract_type` (
  `Contract_Type_Id` int(11) NOT NULL,
  `Contract_English_Type` varchar(200) NOT NULL,
  `Contract_Arabic_Type` varchar(200) NOT NULL
) ENGINE=InnoDB DEFAULT CHARSET=utf8;

--
-- Dumping data for table `contract_type`
--

INSERT INTO `contract_type` (`Contract_Type_Id`, `Contract_English_Type`, `Contract_Arabic_Type`) VALUES
(1, 'Yearly', 'سنوي'),
(4, 'Monthly', 'شهري');

-- --------------------------------------------------------

--
-- Table structure for table `delete_archive`
--

CREATE TABLE `delete_archive` (
  `Delete_Archive_ID` int(11) NOT NULL,
  `User_Id` varchar(200) DEFAULT NULL,
  `Delete_Date` varchar(200) DEFAULT NULL,
  `OS_B_U` varchar(200) DEFAULT NULL,
  `Item_Id` varchar(200) DEFAULT NULL,
  `Reason_Delete` varchar(200) DEFAULT NULL
) ENGINE=InnoDB DEFAULT CHARSET=utf8mb4;

--
-- Dumping data for table `delete_archive`
--

INSERT INTO `delete_archive` (`Delete_Archive_ID`, `User_Id`, `Delete_Date`, `OS_B_U`, `Item_Id`, `Reason_Delete`) VALUES
(1, '8', '26/04/2023', 'C', '63', 'ادخال خطاء'),
(2, '8', '26/04/2023', 'C', '85', 'مكرر'),
(3, '8', '30/04/2023', 'BC', '59', 'مكرر'),
(4, '8', '30/04/2023', 'BC', '59', 'مكرر'),
(5, '8', '30/04/2023', 'BC', '59', 'مكرر'),
(6, '8', '01/05/2023', 'C', '148', 'تبديل مستأجر لم يتم اجرأت التعقد '),
(7, '8', '01/05/2023', 'BC', '67', 'مكرر'),
(8, '9', '02/05/2023', 'BC', '52', 'مكرر'),
(9, '9', '02/05/2023', 'C', '81', 'مكرر'),
(10, '5', '11/05/2023', 'C', '163', 'مجرد تجربة'),
(11, '5', '12/05/2023', 'OS', '53', 'تجربة'),
(12, '9', '13/05/2023', 'B', '83', 'مكرر'),
(13, '9', '13/05/2023', 'B', '96', 'مكرر'),
(14, '9', '13/05/2023', 'B', '80', 'مكرر'),
(15, '9', '20/05/2023', 'C', '167', 'مكرر'),
(16, '8', '06/06/2023', 'BC', '69', 'تكرار'),
(17, '8', '07/08/2023', 'B', '98', 'o\'hx h]ohg '),
(18, '8', '07/08/2023', 'B', '104', 'تكرار ادخال '),
(19, '8', '07/08/2023', 'OS', '49', 'تكرار ادخال '),
(20, '8', '28/08/2023', 'C', '185', 'تكرار عقد     '),
(21, '8', '28/08/2023', 'BC', '39', 'مكرر'),
(22, '8', '28/08/2023', 'BC', '39', 'مكرر'),
(23, '8', '23/09/2023', 'OS', '57', 'مكرر'),
(24, '8', '23/09/2023', 'OS', '56', 'مكررر'),
(25, '8', '26/09/2023', 'C', '193', 'مكرر'),
(26, '8', '18/10/2023', 'C', '189', 'تم تعديل العقد والشيكات '),
(27, '8', '25/10/2023', 'OS', '59', 'تكرار ادخال '),
(28, '8', '01/11/2023', 'C', '131', 'تعديل ادخال '),
(29, '9', '07/12/2023', 'C', '198', 'لم يبرم'),
(30, '9', '13/01/2024', 'C', '213', 'مكرر'),
(31, '9', '26/02/2024', 'OS', '62', 'مكرر'),
(32, '9', '26/02/2024', 'OS', '63', 'مكرر'),
(33, '9', '10/03/2024', 'C', '230', 'مكرر'),
(34, '9', '20/03/2024', 'C', '252', 'مكرر'),
(35, '9', '20/03/2024', 'C', '222', 'مكرر');

-- --------------------------------------------------------

--
-- Table structure for table `department`
--

CREATE TABLE `department` (
  `Department_Id` int(11) NOT NULL,
  `Department_English_Name` varchar(200) NOT NULL,
  `Department_Arabic_Name` varchar(200) NOT NULL
) ENGINE=InnoDB DEFAULT CHARSET=utf8;

--
-- Dumping data for table `department`
--

INSERT INTO `department` (`Department_Id`, `Department_English_Name`, `Department_Arabic_Name`) VALUES
(1, 'Registration and coordination', 'قسم التسجيل والتنسيق'),
(3, 'Department of Financial Management and Accounts', 'قسم الادارة المالية والحسابات'),
(4, 'Technical Management Department', 'قسم الادارة الفنية'),
(5, 'Real Estate Management Department', 'قسم الادارة العقارية');

-- --------------------------------------------------------

--
-- Table structure for table `employee`
--

CREATE TABLE `employee` (
  `Employee_Id` int(11) NOT NULL,
  `Employee_English_name` varchar(200) NOT NULL,
  `Employee_Arabic_name` varchar(200) NOT NULL,
  `Employee_Photo` varchar(200) NOT NULL,
  `Employee_Photo_Path` varchar(200) NOT NULL,
  `Employee_Mobile` varchar(200) NOT NULL,
  `Employee_Tell` varchar(200) DEFAULT NULL,
  `Employee_Designation` varchar(200) NOT NULL,
  `department_Department_Id` int(11) NOT NULL,
  `employee_level_Employee_Level_Id` int(11) NOT NULL
) ENGINE=InnoDB DEFAULT CHARSET=utf8;

--
-- Dumping data for table `employee`
--

INSERT INTO `employee` (`Employee_Id`, `Employee_English_name`, `Employee_Arabic_name`, `Employee_Photo`, `Employee_Photo_Path`, `Employee_Mobile`, `Employee_Tell`, `Employee_Designation`, `department_Department_Id`, `employee_level_Employee_Level_Id`) VALUES
(2, 'Saib alobedait ', 'صائب العبيدات ', 'Saeb.jpeg', '/English/Master_Panal/Employee_Photo/Saeb.jpeg', '50300588', '50300588', 'مسوول', 1, 2),
(4, 'Saadettin SABAH', 'سعد الدين صباح ', 'Saaed.jpeg', '/English/Master_Panal/Employee_Photo/Saaed.jpeg', '12365488', '12365488', 'شوون عملاء', 3, 2);

-- --------------------------------------------------------

--
-- Table structure for table `employee_level`
--

CREATE TABLE `employee_level` (
  `Employee_Level_Id` int(11) NOT NULL,
  `Employee_English_Level` varchar(200) NOT NULL,
  `Employee_Arabic_Level` varchar(200) NOT NULL
) ENGINE=InnoDB DEFAULT CHARSET=utf8;

--
-- Dumping data for table `employee_level`
--

INSERT INTO `employee_level` (`Employee_Level_Id`, `Employee_English_Level`, `Employee_Arabic_Level`) VALUES
(1, 'Manager', 'المدير'),
(2, 'Administrator', 'المسوول'),
(3, 'Executive', 'التنفيذي'),
(4, 'Assistant', 'المساعد'),
(6, 'technician', 'فني'),
(7, 'Worker', 'عامل');

-- --------------------------------------------------------

--
-- Table structure for table `furniture_case`
--

CREATE TABLE `furniture_case` (
  `Furniture_case_Id` int(11) NOT NULL,
  `Furniture_Ar_case` varchar(200) CHARACTER SET utf8mb4 NOT NULL,
  `Furniture_En_case` varchar(200) CHARACTER SET utf8mb4 NOT NULL
) ENGINE=InnoDB DEFAULT CHARSET=utf8;

--
-- Dumping data for table `furniture_case`
--

INSERT INTO `furniture_case` (`Furniture_case_Id`, `Furniture_Ar_case`, `Furniture_En_case`) VALUES
(1, 'غير محدد', 'undefined'),
(2, 'مفروش', 'complete furniture'),
(3, 'نصف مفروش', 'Half full furniture'),
(4, 'غير مفروش', 'without furniture');

-- --------------------------------------------------------

--
-- Table structure for table `gggggggg`
--

CREATE TABLE `gggggggg` (
  `zone_arabic_name` varchar(200) NOT NULL
) ENGINE=InnoDB DEFAULT CHARSET=utf8;

-- --------------------------------------------------------

--
-- Table structure for table `inventory`
--

CREATE TABLE `inventory` (
  `Inventory_Id` int(11) NOT NULL,
  `employee_Employee_Id` int(11) NOT NULL,
  `Inventory_English_name` varchar(200) NOT NULL,
  `Inventory_arabic_name` varchar(200) NOT NULL,
  `Inventory_Location` varchar(200) NOT NULL
) ENGINE=InnoDB DEFAULT CHARSET=utf8;

--
-- Dumping data for table `inventory`
--

INSERT INTO `inventory` (`Inventory_Id`, `employee_Employee_Id`, `Inventory_English_name`, `Inventory_arabic_name`, `Inventory_Location`) VALUES
(1, 2, 'Main', 'الرئيسي ', 'الدوحة');

-- --------------------------------------------------------

--
-- Table structure for table `listing_type`
--

CREATE TABLE `listing_type` (
  `Listing_Type_Id` int(11) NOT NULL,
  `Listing_English_Type` varchar(200) NOT NULL,
  `Listing_Arabic_Type` varchar(200) NOT NULL
) ENGINE=InnoDB DEFAULT CHARSET=utf8;

--
-- Dumping data for table `listing_type`
--

INSERT INTO `listing_type` (`Listing_Type_Id`, `Listing_English_Type`, `Listing_Arabic_Type`) VALUES
(1, 'Listing Type One', 'نوع العرض الأول');

-- --------------------------------------------------------

--
-- Table structure for table `logs`
--

CREATE TABLE `logs` (
  `LogId` int(11) NOT NULL,
  `LogTime` datetime DEFAULT NULL,
  `LogByUser` varchar(255) CHARACTER SET utf8mb4 DEFAULT NULL,
  `Ownership` varchar(255) CHARACTER SET utf8mb4 DEFAULT NULL,
  `Building` varchar(255) CHARACTER SET utf8mb4 DEFAULT NULL,
  `Unit` varchar(255) CHARACTER SET utf8mb4 DEFAULT NULL,
  `Contract` varchar(255) CHARACTER SET utf8mb4 DEFAULT NULL,
  `LogData` varchar(255) CHARACTER SET utf8mb4 DEFAULT NULL,
  `IsActive` tinyint(1) DEFAULT NULL
) ENGINE=InnoDB DEFAULT CHARSET=utf8;

-- --------------------------------------------------------

--
-- Table structure for table `maintenance_categoty`
--

CREATE TABLE `maintenance_categoty` (
  `Categoty_Id` int(11) NOT NULL,
  `Categoty_AR` varchar(45) CHARACTER SET utf8mb4 DEFAULT NULL,
  `Categoty_En` varchar(45) CHARACTER SET utf8mb4 DEFAULT NULL,
  `Main_Categoty` int(11) DEFAULT NULL,
  `Active` tinyint(4) DEFAULT NULL
) ENGINE=InnoDB DEFAULT CHARSET=utf8;

--
-- Dumping data for table `maintenance_categoty`
--

INSERT INTO `maintenance_categoty` (`Categoty_Id`, `Categoty_AR`, `Categoty_En`, `Main_Categoty`, `Active`) VALUES
(13, 'تكيف و تهوية', 'Air Conditioning and Ventilation', 2, 1),
(15, 'مصاعد', 'Elevators', 2, 1),
(36, 'مضخات', 'Pumps', 2, 1);

-- --------------------------------------------------------

--
-- Table structure for table `maintenance_request`
--

CREATE TABLE `maintenance_request` (
  `Maintenance_Request_ID` int(11) NOT NULL,
  `complaint_report_request_Complaint_Report_Request_Id` int(11) NOT NULL,
  `maintenance_categoty_Categoty_Id` int(11) NOT NULL,
  `assets_Assets_Id` int(11) NOT NULL,
  `Start_Date` varchar(200) CHARACTER SET utf8mb4 DEFAULT NULL,
  `End_Date` varchar(200) CHARACTER SET utf8mb4 DEFAULT NULL,
  `Cost` varchar(200) CHARACTER SET utf8mb4 DEFAULT NULL,
  `Activ` varchar(200) CHARACTER SET utf8mb4 DEFAULT NULL,
  `Cost_Direction` varchar(200) CHARACTER SET utf8mb4 DEFAULT NULL,
  `Executing_Agency` varchar(200) CHARACTER SET utf8mb4 DEFAULT NULL,
  `Technical` int(11) DEFAULT NULL,
  `Watcher` int(11) DEFAULT NULL
) ENGINE=InnoDB DEFAULT CHARSET=utf8;

-- --------------------------------------------------------

--
-- Table structure for table `maintenance_type`
--

CREATE TABLE `maintenance_type` (
  `Maintenance_Type_Id` int(11) NOT NULL,
  `Maintenance_English_Type` varchar(200) NOT NULL,
  `Maintenance_Arabic_Type` varchar(200) NOT NULL
) ENGINE=InnoDB DEFAULT CHARSET=utf8;

-- --------------------------------------------------------

--
-- Table structure for table `maintenece_templete`
--

CREATE TABLE `maintenece_templete` (
  `Maintenece_Templete_Id` int(11) NOT NULL,
  `Employee_ID` varchar(45) DEFAULT NULL,
  `Building_ID` varchar(45) DEFAULT NULL,
  `Type` varchar(200) DEFAULT NULL,
  `Date` varchar(200) DEFAULT NULL,
  `Clean` varchar(45) DEFAULT NULL,
  `Save` varchar(45) DEFAULT NULL,
  `Maintenece` varchar(45) DEFAULT NULL,
  `disclaimer` varchar(45) DEFAULT NULL,
  `Note` longtext,
  `Last_Maintenece_Date` varchar(200) DEFAULT NULL,
  `Last_Maintenece_Type` varchar(200) DEFAULT NULL,
  `Last_Clean_Date` varchar(200) DEFAULT NULL,
  `Last_Clean_Type` varchar(200) DEFAULT NULL,
  `Discription` longtext,
  `Location_Ifo` longtext
) ENGINE=InnoDB DEFAULT CHARSET=utf8mb4;

--
-- Dumping data for table `maintenece_templete`
--

INSERT INTO `maintenece_templete` (`Maintenece_Templete_Id`, `Employee_ID`, `Building_ID`, `Type`, `Date`, `Clean`, `Save`, `Maintenece`, `disclaimer`, `Note`, `Last_Maintenece_Date`, `Last_Maintenece_Type`, `Last_Clean_Date`, `Last_Clean_Type`, `Discription`, `Location_Ifo`) VALUES
(1, '2', '8', 'مواقف', '19/03/2023', '1', '1', '0', '0', 'ملاحظات 1', NULL, NULL, NULL, NULL, NULL, NULL),
(2, '2', '8', 'مداخل', '19/03/2023', '0', '1', '1', '0', 'ملاحظات 2', NULL, NULL, NULL, NULL, NULL, NULL),
(3, '2', '8', 'الدرج', '19/03/2023', '0', '0', '1', '1', 'ملاحظات3', NULL, NULL, NULL, NULL, NULL, NULL),
(4, '2', '8', 'السطح', '19/03/2023', '0', '0', '1', '1', 'ملاحظات 4', NULL, NULL, NULL, NULL, NULL, NULL),
(5, '2', '8', 'القبو', '19/03/2023', '0', '1', '1', '0', 'ملاحظات 5', NULL, NULL, NULL, NULL, NULL, NULL),
(6, '2', '8', 'غرفة المولد', '19/03/2023', '1', '0', '0', '0', 'ملاحظات 6', NULL, NULL, NULL, NULL, NULL, NULL),
(7, '2', '8', 'غرفة الكهرباء', '19/03/2023', '1', '1', '0', '0', 'ملاحظات 7', NULL, NULL, NULL, NULL, NULL, NULL),
(8, '2', '8', 'غرفة الدفاع المدني', '19/03/2023', '0', '1', '1', '0', 'ملاحظات 8', NULL, NULL, NULL, NULL, NULL, NULL),
(9, '2', '8', 'مكب القمامة', '19/03/2023', '0', '0', '1', '0', 'ملاحظات 9', NULL, NULL, NULL, NULL, NULL, NULL),
(10, '2', '8', 'المصاعد', '19/03/2023', '0', '0', '0', '1', 'ملاحظات10', NULL, NULL, NULL, NULL, NULL, NULL),
(11, '2', '8', 'الممرات', '19/03/2023', '1', '0', '1', '0', 'ملاحظات 11', NULL, NULL, NULL, NULL, NULL, NULL),
(12, '2', '8', 'أجهزة عامة / أثاث عام', '19/03/2023', '0', '0', '0', '0', 'ملاحظات 12', NULL, NULL, NULL, NULL, NULL, NULL),
(13, '2', '8', 'معلومات', '19/03/2023', '', '', '', '', '', '27/02/2023', '2', '28/02/2023', '1', 'ملاحظات ملاحظات ملاحظات ملاحظات ملاحظات ملاحظات ملاحظات ملاحظات', '');

-- --------------------------------------------------------

--
-- Table structure for table `main_type_evaluation`
--

CREATE TABLE `main_type_evaluation` (
  `Main_Type_Evaluation_Id` int(11) NOT NULL,
  `Ar_Name` varchar(200) DEFAULT NULL,
  `EN_Name` varchar(200) DEFAULT NULL,
  `Main_Weight` varchar(200) DEFAULT NULL
) ENGINE=InnoDB DEFAULT CHARSET=utf8mb4;

--
-- Dumping data for table `main_type_evaluation`
--

INSERT INTO `main_type_evaluation` (`Main_Type_Evaluation_Id`, `Ar_Name`, `EN_Name`, `Main_Weight`) VALUES
(1, 'التحصيل', 'Collection', '50'),
(2, 'السلوك', 'Behavior', '50');

-- --------------------------------------------------------

--
-- Table structure for table `management_expensess`
--

CREATE TABLE `management_expensess` (
  `Management_Expensess_Id` int(11) NOT NULL,
  `Mounth` varchar(200) DEFAULT NULL,
  `Year` varchar(200) DEFAULT NULL,
  `Management_Expensess` varchar(200) DEFAULT NULL
) ENGINE=InnoDB DEFAULT CHARSET=utf8mb4;

--
-- Dumping data for table `management_expensess`
--

INSERT INTO `management_expensess` (`Management_Expensess_Id`, `Mounth`, `Year`, `Management_Expensess`) VALUES
(1, '2', '2023', '87154'),
(2, '1', '2023', '79649'),
(3, '1', '2021', '81194'),
(4, '2', '2021', '72672'),
(5, '3', '2021', '143169'),
(6, '4', '2021', '261142'),
(7, '5', '2021', '78783'),
(8, '6', '2021', '111442'),
(9, '7', '2021', '107904'),
(10, '8', '2021', '75330'),
(11, '9', '2021', '110207'),
(12, '10', '2021', '120385'),
(13, '11', '2021', '55766'),
(14, '12', '2021', '73972.5'),
(15, '1', '2022', '72000'),
(16, '2', '2022', '36433'),
(17, '3', '2022', '154877'),
(18, '4', '2022', '50050'),
(19, '5', '2022', '89550'),
(20, '6', '2022', '201480'),
(21, '7', '2022', '71085'),
(22, '8', '2022', '44992'),
(23, '9', '2022', '137933'),
(24, '10', '2022', '145960'),
(25, '11', '2022', '83930'),
(26, '12', '2022', '185920'),
(27, '1', '2020', '145511'),
(28, '3', '2020', '62253'),
(29, '4', '2020', '60626'),
(30, '5', '2020', '50231'),
(31, '8', '2020', '53975'),
(32, '9', '2020', '71454'),
(33, '10', '2020', '47663'),
(34, '11', '2020', '54847'),
(35, '12', '2020', '354812'),
(36, '2', '2020', '78664'),
(37, '6', '2020', '128281'),
(38, '7', '2020', '65289'),
(39, '3', '2023', '173280'),
(40, '4', '2023', '115042'),
(41, '5', '2023', '77650.51'),
(42, '6', '2023', '50505'),
(43, '7', '2023', '21216'),
(44, '8', '2023', '24876.75');

-- --------------------------------------------------------

--
-- Table structure for table `mortgaged_wonership`
--

CREATE TABLE `mortgaged_wonership` (
  `Mortgaged_Wonership_Id` int(11) NOT NULL,
  `Ownership_Id` varchar(45) DEFAULT NULL,
  `Bank_Id` varchar(45) DEFAULT NULL,
  `Mortgage_Value` varchar(45) DEFAULT NULL,
  `Installment_Value` varchar(45) DEFAULT NULL,
  `Start_Date` varchar(45) DEFAULT NULL,
  `End_Date` varchar(45) DEFAULT NULL,
  `Paymen_Type` varchar(45) DEFAULT NULL
) ENGINE=InnoDB DEFAULT CHARSET=utf8mb4;

--
-- Dumping data for table `mortgaged_wonership`
--

INSERT INTO `mortgaged_wonership` (`Mortgaged_Wonership_Id`, `Ownership_Id`, `Bank_Id`, `Mortgage_Value`, `Installment_Value`, `Start_Date`, `End_Date`, `Paymen_Type`) VALUES
(8, '13', '11', '8445689', '67419', '2020-02-05', '2030-10-05', 'شهري'),
(9, '12', '11', '4222845', '33710', '2020-02-05', '2030-10-05', 'شهري'),
(10, '22', '11', '4222845', '33710', '2020-02-05', '2030-10-05', 'شهري'),
(11, '4', '7', '17531788', '515640', '2018-08-24', '2026-11-24', 'ربع سنوي'),
(12, '41', '7', '1408095', '3359', '2020-01-01', '2055-01-01', 'شهري'),
(15, '40', '11', '1404860', '11707', '2014-05-01', '2024-10-01', 'شهري');

-- --------------------------------------------------------

--
-- Table structure for table `nationality`
--

CREATE TABLE `nationality` (
  `nationality_ID` int(11) NOT NULL,
  `English_nationality` varchar(200) NOT NULL,
  `Arabic_nationality` varchar(200) NOT NULL
) ENGINE=InnoDB DEFAULT CHARSET=utf8;

--
-- Dumping data for table `nationality`
--

INSERT INTO `nationality` (`nationality_ID`, `English_nationality`, `Arabic_nationality`) VALUES
(1, 'British', 'بريطاني'),
(2, 'Argentinian', 'أرجنتيني'),
(3, 'Australian', 'الاسترالية'),
(4, 'Bahamian', 'جزر البهاما'),
(5, 'Belgian', 'بلجيكي'),
(6, 'Brazilian', 'برازيلي'),
(7, 'Canadian', 'كندي'),
(8, 'Chinese', 'صينى'),
(9, 'Colombian', 'الكولومبي'),
(10, 'Cuban', 'الكوبي'),
(11, 'Dominican', 'الدومينيكان'),
(12, 'Ecuadorean', 'الاكوادوري'),
(13, 'Salvadorean', 'سلفادوري'),
(14, 'French', 'فرنسي'),
(15, 'German', 'ألمانية'),
(16, 'Guatemalan', 'غواتيمالا'),
(17, 'Haitian', 'الهايتية'),
(18, 'Honduran', 'هندوراس'),
(19, 'Indian', 'هندي'),
(20, 'Ireland', 'أيرلندا'),
(21, 'Israeli', 'إسرائيلي'),
(22, 'Italian', 'إيطالي'),
(23, 'Japanese', 'اليابانية'),
(24, 'South Korean', 'كوريا الجنوبية'),
(25, 'Mexican', 'مكسيكي'),
(26, 'Dutch', 'هولندي'),
(27, 'Philippine', 'فلبيني'),
(28, 'Spanish', 'الأسبانية'),
(29, 'Swedish', 'السويدية'),
(30, 'Swiss', 'سويسري'),
(31, 'Taiwanese', 'تايواني'),
(32, 'Venezuelan', 'فنزويلي'),
(33, 'Vietnamese', 'فيتنامي'),
(34, 'Afghan', 'أفغاني'),
(35, 'Albanian', 'الألبانية'),
(36, 'Algerian', 'جزائري'),
(37, 'Samoan', 'ساموا'),
(38, 'Andorran', 'أندورا'),
(39, 'Angolan', 'الأنغولية'),
(40, 'Armenian', 'أرميني'),
(41, 'Austrian', 'النمساوي'),
(42, 'Azerbaijani', 'الأذربيجانية'),
(43, 'Bahraini', 'بحريني'),
(44, 'Bangladeshi', 'بنجلاديشية'),
(45, 'Barbadian', 'بربادوس'),
(46, 'Belarusian', 'البيلاروسية'),
(47, 'Belizean', 'بليز'),
(48, 'Beninese', 'بنين'),
(49, 'Bermudian', 'البرمودي'),
(50, 'Bhutanese', 'بوتاني'),
(51, 'Bolivian', 'بوليفي'),
(52, 'Bosnian', 'البوسنية'),
(53, 'Botswanan', 'بوتسوانا'),
(54, 'Bulgarian', 'البلغارية'),
(55, 'Burkinese', 'البوركيني'),
(56, 'Burundian', 'بوروندي'),
(57, 'Cambodian', 'كمبودي'),
(58, 'Cameroonian', 'كاميروني'),
(59, 'Cape Verdean', 'الرأس الأخضر'),
(60, 'Chadian', 'تشادي'),
(61, 'Chilean', 'تشيلي'),
(62, 'Congolese', 'الكونغوليين'),
(63, 'Costa Rican', 'كوستاريكا'),
(64, 'Croat', 'الكرواتية'),
(65, 'Cypriot', 'القبرصي'),
(66, 'Czech', 'التشيكية'),
(67, 'Danish', 'دانماركي'),
(68, 'Djiboutian', 'جيبوتي'),
(69, 'Dominican', 'الدومينيكان'),
(70, 'Egyptian', 'مصري'),
(71, 'Eritrean', 'اريتريا'),
(72, 'Estonian', 'الإستونية'),
(73, 'Ethiopian', 'إثيوبي'),
(74, 'Fijian', 'فيجي'),
(75, 'Finnish', 'الفنلندية'),
(76, 'Polynesian', 'بولينيزية'),
(77, 'Gabonese', 'الجابونى'),
(78, 'Gambian', 'غامبيا'),
(79, 'Georgian', 'الجورجية'),
(80, 'Ghanaian', 'الغانية'),
(81, 'Greek', 'اليونانية'),
(82, 'Grenadian', 'غرينادا'),
(83, 'Guinean', 'غينيا'),
(84, 'Guyanese', 'جوياني'),
(85, 'Hungarian', 'المجرية'),
(86, 'Icelandic', 'ايسلندي'),
(87, 'Indonesian', 'الأندونيسية'),
(88, 'Iranian', 'إيراني'),
(89, 'Iraqi', 'عراقي'),
(90, 'Jamaican', 'جامايكا'),
(91, 'Jordanian', 'أردني'),
(92, 'Kazakh', 'الكازاخستانية'),
(93, 'Kenyan', 'كيني'),
(94, 'North Korean', 'كوري شمالي'),
(95, 'Kuwaiti', 'كويتي'),
(96, 'Latvian', 'لاتفيا'),
(97, 'Lebanese', 'لبناني'),
(98, 'Liberian', 'ليبيري'),
(99, 'Libyan', 'ليبي'),
(100, 'Lithuanian', 'الليتوانية'),
(101, 'LUXEMBOURG', 'لوكسمبورغ'),
(102, 'Madagascan', 'مدغشقر'),
(103, 'Malawian', 'ملاوي'),
(104, 'Malaysian', 'ماليزية'),
(105, 'Maldivian', 'جزر المالديف'),
(106, 'Malian', 'مالي'),
(107, 'Maltese', 'المالطية'),
(108, 'Mauritanian', 'موريتاني'),
(109, 'Mauritian', 'موريشيوس'),
(110, 'Monacan', 'موناكان'),
(111, 'Mongolian', 'المنغولية'),
(112, 'Montenegrin', 'الجبل الأسود'),
(113, 'Moroccan', 'مغربي'),
(114, 'Mozambican', 'موزمبيقى'),
(115, 'Namibian', 'الناميبي'),
(116, 'Nepalese', 'نيبالي'),
(117, 'New Zealand', 'نيوزيلاندا'),
(118, 'Nicaraguan', 'نيكاراغوا'),
(119, 'Nigerien', 'النيجر'),
(120, 'Nigerian', 'نيجيري'),
(121, 'Norwegian', 'النرويجية'),
(122, 'Omani', 'عماني'),
(123, 'Pakistani', 'باكستاني'),
(124, 'Panamanian', 'بنمي'),
(125, 'Guinean', 'غينيا'),
(126, 'Paraguayan', 'باراغواي'),
(127, 'Peruvian', 'بيرو'),
(128, 'Polish', 'تلميع'),
(129, 'Portuguese', 'البرتغالية'),
(130, 'Qatari', 'قطري'),
(131, 'Romanian', 'روماني'),
(132, 'Rwandan', 'رواندي'),
(133, 'Saudi Arabian', 'سعودي'),
(134, 'Senegalese', 'سنغالي'),
(135, 'Serb or Serbian', 'الصربية أو الصربية'),
(136, 'Sierra Leonian', 'سيراليوني'),
(137, 'Singaporean', 'سنغافوري'),
(138, 'Slovak', 'السلوفاكية'),
(139, 'Slovenian', 'السلوفينية'),
(140, 'Slomoni', 'سلوموني'),
(141, 'Somali', 'صومالي'),
(142, 'South African', 'جنوب افريقيا'),
(143, 'Sri Lankan', 'سري لانكا'),
(144, 'Sudanese', 'سوداني'),
(145, 'Surinamese', 'سورينام'),
(146, 'Swazi', 'سوازي'),
(147, 'Syrian', 'سوري'),
(148, 'Tajik', 'طاجيك'),
(149, 'Thai', 'التايلاندية'),
(150, 'Togolese', 'توغو'),
(151, 'Trinidadian', 'ترينيدادية'),
(152, 'Tunisian', 'تونسي'),
(153, 'Turkish', 'اللغة التركية'),
(154, 'Turkoman', 'التركمان'),
(155, 'Tuvaluan', 'توفالوان'),
(156, 'Ugandan', 'أوغندا'),
(157, 'Ukrainian', 'الأوكرانية'),
(158, 'Emirati', 'إماراتي'),
(159, 'American', 'أمريكي'),
(160, 'Uruguayan', 'أوروغواي'),
(161, 'Uzbek', 'أوزبكي'),
(162, 'Vanuatuan', 'فانواتوان'),
(163, 'Yemeni', 'يمني'),
(165, 'Null', 'شركات'),
(166, 'Palestinian', 'فلسطيني'),
(167, 'Turki', 'تركي');

-- --------------------------------------------------------

--
-- Table structure for table `notification_type`
--

CREATE TABLE `notification_type` (
  `Notification_Id` int(11) NOT NULL,
  `Notification_English_Type` varchar(200) NOT NULL,
  `Notification_Arabic_Type` varchar(200) NOT NULL
) ENGINE=InnoDB DEFAULT CHARSET=utf8;

-- --------------------------------------------------------

--
-- Table structure for table `owner`
--

CREATE TABLE `owner` (
  `Owner_Id` int(11) NOT NULL,
  `Owner_English_name` varchar(200) DEFAULT NULL,
  `Owner_Arabic_name` varchar(200) DEFAULT NULL,
  `Owner_Email` varchar(200) DEFAULT NULL,
  `Owner_Website` varchar(200) DEFAULT NULL,
  `Owner_Notes` varchar(200) DEFAULT NULL,
  `Salary` varchar(200) DEFAULT NULL,
  `Owner_Tell` varchar(200) DEFAULT NULL,
  `Owner_Mobile` varchar(200) DEFAULT NULL,
  `Owner_QID` varchar(200) DEFAULT NULL,
  `path` varchar(200) DEFAULT NULL
) ENGINE=InnoDB DEFAULT CHARSET=utf8;

--
-- Dumping data for table `owner`
--

INSERT INTO `owner` (`Owner_Id`, `Owner_English_name`, `Owner_Arabic_name`, `Owner_Email`, `Owner_Website`, `Owner_Notes`, `Salary`, `Owner_Tell`, `Owner_Mobile`, `Owner_QID`, `path`) VALUES
(4, 'ALMANARA COMPANY FOR MAINTENANCE AND TRADE', 'شركة المنارة للصيانة والتجارة', 'almanara03@hotmail.com', 'almanarare.com', '', '', '', '', 'قيد المنشاة شركة المنارة للصيانة والتجارة2022.pdf', '/English/Master_Panal/Owners_QID/قيد المنشاة شركة المنارة للصيانة والتجارة2022.pdf'),
(5, 'SHIEKH FAHAD ABDULLA S F AL THANI', 'الشيخ فهد عبد الله سعود فهد ال ثاني', 'almanara03@hotmail.com', '', '', '', '', '', 'WhatsApp Image 2022-06-14 at 3.53.54 PM.jpeg', '/English/Master_Panal/Owners_QID/WhatsApp Image 2022-06-14 at 3.53.54 PM.jpeg'),
(9, 'Inheritors and Government  ', 'الدولة/ ورثة', '', '', '', '', '', '', 'No File', 'No File'),
(10, 'Inheritors', 'ورثة', '', '', '', '', '', '', 'No File', 'No File'),
(11, 'Shiekh Proceedings', 'الشيخ اجراءات', '', '', '', NULL, '', '', 'No File', 'No File'),
(12, 'Government', 'الدولة', '', '', '', '', '', '', 'No File', 'No File');

-- --------------------------------------------------------

--
-- Table structure for table `ownership_statment`
--

CREATE TABLE `ownership_statment` (
  `Statment_Id` int(11) NOT NULL,
  `Ownership_Id` varchar(200) DEFAULT NULL,
  `Statment_FileName` longtext,
  `Statment_Path` longtext,
  `Statment_Date` varchar(200) DEFAULT NULL
) ENGINE=InnoDB DEFAULT CHARSET=utf8mb4;

--
-- Dumping data for table `ownership_statment`
--

INSERT INTO `ownership_statment` (`Statment_Id`, `Ownership_Id`, `Statment_FileName`, `Statment_Path`, `Statment_Date`) VALUES
(2, '4', 'ملاحظات ومقترحات المنارة.docx', '/English/Main_Application/Ownership_Images/Statment/ملاحظات ومقترحات المنارة.docx', '08/03/2023');

-- --------------------------------------------------------

--
-- Table structure for table `ownership_status`
--

CREATE TABLE `ownership_status` (
  `ownership_status_id` int(11) NOT NULL,
  `ownership_english_status` varchar(200) NOT NULL,
  `ownership_arabic_status` varchar(200) NOT NULL
) ENGINE=InnoDB DEFAULT CHARSET=utf8;

--
-- Dumping data for table `ownership_status`
--

INSERT INTO `ownership_status` (`ownership_status_id`, `ownership_english_status`, `ownership_arabic_status`) VALUES
(1, 'Status One', 'حالة واحد'),
(2, 'Status Two', 'حالة ثانية'),
(3, 'Status Three', 'حالة ثالثة'),
(4, 'dadad', 'يسيسي'),
(5, 'adaddad', 'شيشيشي'),
(6, 'daadadad', 'شيشيشي');

-- --------------------------------------------------------

--
-- Table structure for table `owner_ship`
--

CREATE TABLE `owner_ship` (
  `Owner_Ship_Id` int(11) NOT NULL,
  `owner_Owner_Id` int(11) NOT NULL,
  `zone_zone_Id` int(11) NOT NULL,
  `Owner_Ship_EN_Name` varchar(200) NOT NULL,
  `Owner_Ship_AR_Name` varchar(200) NOT NULL,
  `ownership_NO` varchar(200) NOT NULL,
  `Parcel_Area` varchar(200) DEFAULT NULL,
  `Bond_NO` varchar(200) DEFAULT NULL,
  `Bond_Date` varchar(200) DEFAULT NULL,
  `Street_NO` varchar(200) DEFAULT NULL,
  `Street_Name` varchar(200) DEFAULT NULL,
  `Land_Value` varchar(45) DEFAULT NULL,
  `Appreciation_octagon` varchar(200) DEFAULT NULL,
  `PIN_Number` varchar(200) NOT NULL,
  `owner_ship_Code` varchar(200) DEFAULT NULL,
  `owner_ship_Certificate_Image` varchar(200) NOT NULL,
  `owner_ship_Certificate_Image_Path` varchar(200) NOT NULL,
  `Property_Scheme_Image` varchar(200) NOT NULL,
  `Property_Scheme_Image_Path` varchar(200) NOT NULL,
  `Active` tinyint(1) DEFAULT NULL,
  `Mab_Url` varchar(200) DEFAULT NULL,
  `IsRealEsataeInvesment` varchar(50) DEFAULT NULL
) ENGINE=InnoDB DEFAULT CHARSET=utf8;

--
-- Dumping data for table `owner_ship`
--

INSERT INTO `owner_ship` (`Owner_Ship_Id`, `owner_Owner_Id`, `zone_zone_Id`, `Owner_Ship_EN_Name`, `Owner_Ship_AR_Name`, `ownership_NO`, `Parcel_Area`, `Bond_NO`, `Bond_Date`, `Street_NO`, `Street_Name`, `Land_Value`, `Appreciation_octagon`, `PIN_Number`, `owner_ship_Code`, `owner_ship_Certificate_Image`, `owner_ship_Certificate_Image_Path`, `Property_Scheme_Image`, `Property_Scheme_Image_Path`, `Active`, `Mab_Url`, `IsRealEsataeInvesment`) VALUES
(4, 5, 8, 'Fereej Alghanim Hotel Apartments', 'شقق فندقية فريج الغانم ', '1', '1089', '119830', '', '852', 'شارع الأصمعي', '23826000', ' ', '06120023', '06/1', 'سند الغانم العتيق.pdf', '/English/Main_Application/Ownership_Images/Ownership_Certificate/سند الغانم العتيق.pdf', 'مخطط الغانم القديم 2.pdf', '/English/Main_Application/Ownership_Images/Property_Scheme/مخطط الغانم القديم 2.pdf', 0, 'https://goo.gl/maps/znuPdPCE1BeYzSF37', '0'),
(6, 5, 14, 'Fereej Abdulaziz Twin Buildings', 'عمارتين فريج عبدالعزيز', '1', '455', '66530', '', '920', 'شارع السليمي', '8571500', ' ', '14070007', '14/1', 'سند ومخطط فريج عبدالعزيز 2.pdf', '/English/Main_Application/Ownership_Images/Ownership_Certificate/سند ومخطط فريج عبدالعزيز 2.pdf', 'No File', 'No File', 0, 'No File', '0'),
(8, 5, 29, 'Bin Dirham Al Kubraa', 'بن درهم الكبرى', '2', '495', '30235', '', '816', 'شارع ضرار بن الخطاب', '10656000', ' ', '25680034', '25/2', 'سند ملكية رقم 30235 (بن درهم شيخ ).pdf', '/English/Main_Application/Ownership_Images/Ownership_Certificate/سند ملكية رقم 30235 (بن درهم شيخ ).pdf', 'بن درهم الكبرى مخطط.pdf', '/English/Main_Application/Ownership_Images/Property_Scheme/بن درهم الكبرى مخطط.pdf', 0, 'No File', '0'),
(9, 5, 30, 'Al Najma Building AL Makhbez', 'عمارة النجمة المخبز', '3', '112', '42363', '', '930', 'شارع ابن الربيع', '1809000', ' ', '26230049', '26/3', 'سند ملكية النجمة المخبز.pdf', '/English/Main_Application/Ownership_Images/Ownership_Certificate/سند ملكية النجمة المخبز.pdf', 'النجمة المخبز مخطط.pdf', '/English/Main_Application/Ownership_Images/Property_Scheme/النجمة المخبز مخطط.pdf', 0, 'No File', '0'),
(10, 5, 30, 'Al Najma 2 Stores and Shop', 'عمارة دورين ومحل', '4', '216', '125846', '', '937', 'شارع بشر بن البراء', '0', ' ', '26240024', '26/4', 'سند ملكية عمارة دورين ومحل النجمة .pdf', '/English/Main_Application/Ownership_Images/Ownership_Certificate/سند ملكية عمارة دورين ومحل النجمة .pdf', 'سند ملكية ومخطط رقم 125846.pdf', '/English/Main_Application/Ownership_Images/Property_Scheme/سند ملكية ومخطط رقم 125846.pdf', 0, 'No File', '0'),
(11, 5, 30, ' Al Najma Shops', 'محلات النجمة', '5', '143', '52875', '', '938', 'شارع حارثة الخزاعي', '1350000', ' ', '26250005', '26/5', 'سند ملكية ومخطط رقم 52875 ( محلات نجمه ).pdf', '/English/Main_Application/Ownership_Images/Ownership_Certificate/سند ملكية ومخطط رقم 52875 ( محلات نجمه ).pdf', 'سند ملكية ومخطط رقم 52875 ( محلات نجمه ).pdf', '/English/Main_Application/Ownership_Images/Property_Scheme/سند ملكية ومخطط رقم 52875 ( محلات نجمه ).pdf', 0, 'No File', '0'),
(12, 5, 31, 'Sanyo', 'سانيو', '2', '285', '2773', NULL, '894', 'لشارع العدالة', '5804800', ' ', '27110015', '27/2', 'سند ومخطط سانيو..pdf', '/English/Main_Application/Ownership_Images/Ownership_Certificate/سند ومخطط سانيو..pdf', 'سند ومخطط سانيو..pdf', '/English/Main_Application/Ownership_Images/Property_Scheme/سند ومخطط سانيو..pdf', 0, '', '0'),
(13, 4, 31, 'HSBC', 'أتش أس بي سي', '1', '641', '3709', '', '896', 'لشارع الحباب بن جبير', '13551450', ' ', '27070021', '27/1', 'مخطط و سند HSBC المنارة.pdf', '/English/Main_Application/Ownership_Images/Ownership_Certificate/مخطط و سند HSBC المنارة.pdf', 'مخطط و سند HSBC المنارة.pdf', '/English/Main_Application/Ownership_Images/Property_Scheme/مخطط و سند HSBC المنارة.pdf', 0, 'No File', '0'),
(14, 4, 31, 'Um Ghuwailina Hospital', 'أم غويلينة المستشفى', '3', '447', '12138', '', '880', 'شارع سميسمة', '8902200', ' ', '27230009', '27/3', 'سند ملكية ومخطط الصحي.pdf', '/English/Main_Application/Ownership_Images/Ownership_Certificate/سند ملكية ومخطط الصحي.pdf', 'سند ملكية ومخطط الصحي.pdf', '/English/Main_Application/Ownership_Images/Property_Scheme/سند ملكية ومخطط الصحي.pdf', 0, 'No File', '0'),
(15, 5, 31, 'Um Ghuwailina Al Sughra', 'أم غويلينة الصغرى', '5', '209', '2609', '', '810', 'شارع ابن الجوزي', '4050000', ' ', '27720003', '27/5', 'سند ملكية الصغرى.pdf', '/English/Main_Application/Ownership_Images/Ownership_Certificate/سند ملكية الصغرى.pdf', 'سند ملكية ومخطط رقم 2609.pdf', '/English/Main_Application/Ownership_Images/Property_Scheme/سند ملكية ومخطط رقم 2609.pdf', 0, 'No File', '0'),
(16, 5, 31, 'Um Ghuwailina Al Jadida', 'أم غويلينة الجديدة', '7', '824', '4831', '', '940', 'شارع حارثة بن سهل', '15966000', ' ', '27800009', '27/7', 'سند ملكية ام غويلينة الجديدة .pdf', '/English/Main_Application/Ownership_Images/Ownership_Certificate/سند ملكية ام غويلينة الجديدة .pdf', 'سند ومخطط ام غ الجديدة.pdf', '/English/Main_Application/Ownership_Images/Property_Scheme/سند ومخطط ام غ الجديدة.pdf', 0, 'No File', '0'),
(17, 5, 31, 'Um Ghuwailina Al Kubraa', 'أم غويلينة الكبرى', '8', '1002', '174368', '', '810', 'شارع ابن الجوزي', '16187700', ' ', '27870015', '27/8', 'سند ملكيةام غويلينة الكبرى .pdf', '/English/Main_Application/Ownership_Images/Ownership_Certificate/سند ملكيةام غويلينة الكبرى .pdf', 'سند ومخطط الشوك والكبرى.pdf', '/English/Main_Application/Ownership_Images/Property_Scheme/سند ومخطط الشوك والكبرى.pdf', 0, 'No File', '0'),
(18, 4, 37, 'Two Villas in Khalifa City North', 'فيلتان مدينة خليفة الشمالية', '1', '741', '43951', '', '884', 'شارع الظعاين', '4386800', ' ', '32080001', '32/1', 'سند ملكية ومخطط رقم43951.pdf', '/English/Main_Application/Ownership_Images/Ownership_Certificate/سند ملكية ومخطط رقم43951.pdf', 'سند ملكية ومخطط رقم43951.pdf', '/English/Main_Application/Ownership_Images/Property_Scheme/سند ملكية ومخطط رقم43951.pdf', 0, 'No File', '0'),
(19, 5, 37, 'Villa Zawia', 'فيلا زاوية', '2', '372', '87709', NULL, '834', 'شارع غشام', '2002000', ' ', '32230029', '32/2', 'سند ملكية رقم 87709.pdf', '/English/Main_Application/Ownership_Images/Ownership_Certificate/سند ملكية رقم 87709.pdf', 'مخطط فيلا زاويا.pdf', '/English/Main_Application/Ownership_Images/Property_Scheme/مخطط فيلا زاويا.pdf', 0, '', '0'),
(20, 5, 37, 'Villas Yumna Wusta', 'فلل يمنى وسطى', '3', '739', '87710', NULL, '834', 'شارع غشام', '4375250', ' ', '32230030', '32/3', 'سند ملكية رقم 87710.pdf', '/English/Main_Application/Ownership_Images/Ownership_Certificate/سند ملكية رقم 87710.pdf', 'سند ملكية رقم 87710.pdf', '/English/Main_Application/Ownership_Images/Property_Scheme/سند ملكية رقم 87710.pdf', 0, '', '0'),
(21, 5, 37, 'Villas Sharqiat Gharbiat  Al Jamea', 'فلل شرقية غربية الجامعة', '4', '739', '26207', NULL, '980', 'شارع الرويس', '4375250', ' ', '32230035', '32/4', 'سند فيلا غربية شرقية م خ ش.pdf', '/English/Main_Application/Ownership_Images/Ownership_Certificate/سند فيلا غربية شرقية م خ ش.pdf', 'سند فيلا غربية شرقية م خ ش.pdf', '/English/Main_Application/Ownership_Images/Property_Scheme/سند فيلا غربية شرقية م خ ش.pdf', 0, '', '0'),
(22, 4, 37, 'Khalifa City Building  Al Wadhia', 'عمارة مدينة خليفة الوضيحية', '5', '737', '6228', NULL, '958', 'شارع الوضيحية', ' 4398900', ' ', '32240043', '32/5', '1سند  ومخطط ملكية عمارة مدينة خليفة.pdf', '/English/Main_Application/Ownership_Images/Ownership_Certificate/1سند  ومخطط ملكية عمارة مدينة خليفة.pdf', 'سند ملكية عمارة مدينة خليفة.pdf', '/English/Main_Application/Ownership_Images/Property_Scheme/سند ملكية عمارة مدينة خليفة.pdf', 0, '', '0'),
(23, 4, 37, 'Khalifa City North House', 'منزل مدينة خليفة الشمالية', '6', '648', '137108', NULL, '884', 'شارع الظعاين', ' 3836250', ' ', '32080034', '32/6', 'سند ملكية.pdf', '/English/Main_Application/Ownership_Images/Ownership_Certificate/سند ملكية.pdf', 'مخطط.pdf', '/English/Main_Application/Ownership_Images/Property_Scheme/مخطط.pdf', 0, '', '0'),
(24, 4, 40, ' Gharnata House', 'منزل غرناطة', '1', '1804', '143088', NULL, '925', 'شارع الانوار', ' 10679900', ' ', '34060042', '34/1', 'سند ملكية رقم 143088.pdf', '/English/Main_Application/Ownership_Images/Ownership_Certificate/سند ملكية رقم 143088.pdf', 'سند ملكية رقم 143088.pdf', '/English/Main_Application/Ownership_Images/Property_Scheme/سند ملكية رقم 143088.pdf', 0, '', '0'),
(25, 5, 40, 'House in front of Al Murur', 'منزل مقابل المرور', '2', '404', '25946', '', '810', 'شارع عمر بن عبدالعزيز', '2174500', 'مثمن', '34300029', '34/2', 'سند ملكية مقابل المرور.pdf', '/English/Main_Application/Ownership_Images/Ownership_Certificate/سند ملكية مقابل المرور.pdf', 'سند ملكية مقابل المرور.pdf', '/English/Main_Application/Ownership_Images/Property_Scheme/سند ملكية مقابل المرور.pdf', 0, 'No File', '0'),
(26, 5, 56, 'Two detached villas', 'فيلتان متلاصقتان', '1', '750', '42149', NULL, '903', 'شارع أحد', '3961000', ' ', '45014054', '45/1', 'سند فلل المطار.pdf', '/English/Main_Application/Ownership_Images/Ownership_Certificate/سند فلل المطار.pdf', 'مخطط فلل المطار.pdf', '/English/Main_Application/Ownership_Images/Property_Scheme/مخطط فلل المطار.pdf', 0, '', '0'),
(27, 5, 71, 'Western Villa', 'فيلا غربية', '1', '515', '81231', '', '836', 'شارع وادى السمريه', '2772000', ' ', '51610130', '51/1', 'سند ملكية ازغوى غربية .pdf', '/English/Main_Application/Ownership_Images/Ownership_Certificate/سند ملكية ازغوى غربية .pdf', 'سند ومخطط ملكية رقم 81231.pdf', '/English/Main_Application/Ownership_Images/Property_Scheme/سند ومخطط ملكية رقم 81231.pdf', 0, 'No File', '0'),
(29, 5, 71, 'Eastern Villa   ', 'فيلا شرقية', '2', '451', '81232', '', '836', 'شارع وادى السمريه', '2772000', ' ', '51610131', '51/2', 'سند ملكية رقم 81232.pdf', '/English/Main_Application/Ownership_Images/Ownership_Certificate/سند ملكية رقم 81232.pdf', 'مخطط 81232 فيلا شرقية.pdf', '/English/Main_Application/Ownership_Images/Property_Scheme/مخطط 81232 فيلا شرقية.pdf', 0, 'No File', '0'),
(35, 5, 72, 'Villa Ain Khaled ', 'فيلا عين خالد', '1', '1047', '43368', '', '452', 'شارع 452', '4580000', ' ', '56130046', '56/1', 'سند ملكية رقم 43368.pdf', '/English/Main_Application/Ownership_Images/Ownership_Certificate/سند ملكية رقم 43368.pdf', 'سند ملكية رقم 43368.pdf', '/English/Main_Application/Ownership_Images/Property_Scheme/سند ملكية رقم 43368.pdf', 0, 'No File', '0'),
(36, 4, 73, 'New Industrial Garage', 'كراج الصناعية الجديد', '2', '2413', 'لا يوجد', '', '51', '	شارع 51', '3354895', ' ', '57010371', '57/2', 'عقد ايجار بلدية  الصناعية.pdf', '/English/Main_Application/Ownership_Images/Ownership_Certificate/عقد ايجار بلدية  الصناعية.pdf', 'مخطط الصناعية .pdf', '/English/Main_Application/Ownership_Images/Property_Scheme/مخطط الصناعية .pdf', 0, 'No File', '0'),
(37, 5, 74, 'Palm Tower Offices', 'مكاتب برج النخلة', '1', '643', '113439', '', '810', 'شارع ام حصاه', '000', ' ', '60030014', '60/1', 'عقد بيع مكتب 4603.pdf', '/English/Main_Application/Ownership_Images/Ownership_Certificate/عقد بيع مكتب 4603.pdf', 'عقد بيع مكتب رقم  4604.pdf', '/English/Main_Application/Ownership_Images/Property_Scheme/عقد بيع مكتب رقم  4604.pdf', 0, 'No File', '0'),
(38, 5, 69, 'Villa Al Khaysa', 'فيلا الخيسة', '1', '600', '422181', NULL, '585', 'شارع 585', '2906100', ' ', '70093257', '70/1', 'سند ومخطط فيلا الخيسة.pdf', '/English/Main_Application/Ownership_Images/Ownership_Certificate/سند ومخطط فيلا الخيسة.pdf', 'سند ومخطط فيلا الخيسة.pdf', '/English/Main_Application/Ownership_Images/Property_Scheme/سند ومخطط فيلا الخيسة.pdf', 0, '', '0'),
(39, 4, 76, 'Al Qatifia Villas', 'فلل القطيفية', '1', '3067', '90250', '', '2', 'شارع الامير', '33013000', ' ', '66170565', '66/1', 'سند ملكية ومخطط رقم 90250.pdf', '/English/Main_Application/Ownership_Images/Ownership_Certificate/سند ملكية ومخطط رقم 90250.pdf', 'سند ملكية ومخطط رقم 90250.pdf', '/English/Main_Application/Ownership_Images/Property_Scheme/سند ملكية ومخطط رقم 90250.pdf', 0, 'No File', '0'),
(40, 5, 68, ' Al Ruweys Villas', 'فلل الرويس', '1', '1273', '403853', '', '961', 'شارع 961', '800000', ' ', '79050397', '79/1', 'سند ملكية الرويس.pdf', '/English/Main_Application/Ownership_Images/Ownership_Certificate/سند ملكية الرويس.pdf', 'مخطط الرويس.pdf', '/English/Main_Application/Ownership_Images/Property_Scheme/مخطط الرويس.pdf', 0, 'No File', '0'),
(41, 5, 70, 'Villa Al Vakeer', 'فيلا الوكير', '1', '1019', '217469', NULL, '1200', 'شارع روضة الغزلانية', '300', ' ', '91060946', '91/1', 'سند الملكية والمخطط الوكير.pdf', '/English/Main_Application/Ownership_Images/Ownership_Certificate/سند الملكية والمخطط الوكير.pdf', 'سند الملكية والمخطط الوكير.pdf', '/English/Main_Application/Ownership_Images/Property_Scheme/سند الملكية والمخطط الوكير.pdf', 0, '', '0'),
(42, 9, 73, 'Garage 27th Street', 'جراج شارع 27', '1', '1100', 'لا يوجد  سند و رقم مساحي ', NULL, '27', 'شارع 27', '0', ' ', '57000000', '57/1', 'No File', 'No File', 'No File', 'No File', 0, '', '0'),
(43, 10, 76, 'Villa Al Dafna', 'فيلا الدفنة', '1', '1225', '81551', '', '	801', 'شارع ام الزبد', '7252300', ' ', '66160121', '66/1', 'سند ملكية فيلا الدفنة.pdf', '/English/Main_Application/Ownership_Images/Ownership_Certificate/سند ملكية فيلا الدفنة.pdf', 'مخطط بيت الدفنة ٦٦١٦٠١٢١.pdf', '/English/Main_Application/Ownership_Images/Property_Scheme/مخطط بيت الدفنة ٦٦١٦٠١٢١.pdf', 0, 'No File', '0'),
(44, 11, 69, 'Ravdat Al Hamamah', 'روضة الحمامه', '2', '1281', '116182', '', '	1215', 'شارع 1215', '335000', ' ', '70101529', '70/2', 'سند ملكية رقم 116182.pdf', '/English/Main_Application/Ownership_Images/Ownership_Certificate/سند ملكية رقم 116182.pdf', 'No File', 'No File', 0, 'No File', '0'),
(45, 5, 67, 'vaill garaft al ryan', 'فيلا غرافة الريان ', '3', '450', '158462', '', '511', '', '1680000', ' ', '51258088', '51/3', 'سند ملكية فيلا غرافة الريان.pdf', '/English/Main_Application/Ownership_Images/Ownership_Certificate/سند ملكية فيلا غرافة الريان.pdf', 'مخطط 158462 فيلا غرافة الريان_pdf.pdf', '/English/Main_Application/Ownership_Images/Property_Scheme/مخطط 158462 فيلا غرافة الريان_pdf.pdf', 0, 'No File', '1'),
(46, 5, 69, 'Villa Alkheesa New', 'فيلا الخيسة جديدة ', '4', '542', '426990', '', '660', '', '1656600', ' ', '70061114', '70/4', 'سند ملكية الخيسة الجديدة  .pdf', '/English/Main_Application/Ownership_Images/Ownership_Certificate/سند ملكية الخيسة الجديدة  .pdf', 'مخطط الخيسة الجديدة  .pdf', '/English/Main_Application/Ownership_Images/Property_Scheme/مخطط الخيسة الجديدة  .pdf', 0, 'No File', '1'),
(47, 5, 71, 'Izghawa', 'ازغوى اسكان ', '4', '615', '104155', '', '52', 'جري الساعي ', '1565992', 'مثمن', '71080436', '71/4', 'سند ملكية ازغوى اسكان .pdf', '/English/Main_Application/Ownership_Images/Ownership_Certificate/سند ملكية ازغوى اسكان .pdf', 'مخطط ازغوى اسكان 104155.pdf', '/English/Main_Application/Ownership_Images/Property_Scheme/مخطط ازغوى اسكان 104155.pdf', 0, 'No File', '0'),
(48, 5, 77, 'Al Gharafa Villa', 'الغرافة ', '5', '569', '463589', '', '839', 'رأس الغارية', '1565992', 'تقديري', '51610362', '51/5', 'سند ملكية فيلا الغرافة .pdf', '/English/Main_Application/Ownership_Images/Ownership_Certificate/سند ملكية فيلا الغرافة .pdf', 'مخطط الغرافة  463589.pdf', '/English/Main_Application/Ownership_Images/Property_Scheme/مخطط الغرافة  463589.pdf', 0, 'No File', '0'),
(50, 5, 69, 'Villa Alkheesa Hajar', 'فيلا الخيسة حجر', '5', '540', '559799', '', '170', 'شارع 170', '2005494', 'مثمن', '70093653', '70/5', 'سند ملكيةفيلا الخيسة الجديدة 2_230513_105413.pdf', '/English/Main_Application/Ownership_Images/Ownership_Certificate/سند ملكيةفيلا الخيسة الجديدة 2_230513_105413.pdf', 'مخطط فيلا الخيسة حجر.pdf', '/English/Main_Application/Ownership_Images/Property_Scheme/مخطط فيلا الخيسة حجر.pdf', 0, 'No File', '1'),
(51, 5, 70, 'Al Wakeer Vacant Land ', 'أرض فضاء الوكير', '2', '720', '231000', '', '871', 'روضة أبروق', '1604637', 'مثمن', '91011963', '91/2', 'سند ارض فضاء الوكير 91011963.pdf', '/English/Main_Application/Ownership_Images/Ownership_Certificate/سند ارض فضاء الوكير 91011963.pdf', 'No File', 'No File', 0, 'No File', '1'),
(52, 5, 70, '2 Al Wakeer Vacant Land ', 'أرض فضاء الوكير 2', '3', '720', '231001', '', '871', 'روضة أبروق', '1604637', 'مثمن', '91011964', '91/3', 'سند ارض الوكير 91011964.pdf', '/English/Main_Application/Ownership_Images/Ownership_Certificate/سند ارض الوكير 91011964.pdf', 'No File', 'No File', 0, 'No File', '1'),
(53, 5, 70, '3 Al Wakeer Vacant Land ', 'أرض فضاء الوكير 3', '4', '720', '231002', '', '871', 'روضة أبروق', '1604638', 'مثمن', '91011965', '91/4', 'سند ارض الوكير 91011965.pdf', '/English/Main_Application/Ownership_Images/Ownership_Certificate/سند ارض الوكير 91011965.pdf', 'No File', 'No File', 0, 'No File', '1'),
(54, 5, 70, '4 Al Wakeer Vacant Land ', 'أرض فضاء الوكير 4', '5', '720', '231011', '', '871', 'روضة أبروق', '1604638', 'مثمن', '91011974', '91/5', 'سند ارض الوكير 91011974.pdf', '/English/Main_Application/Ownership_Images/Ownership_Certificate/سند ارض الوكير 91011974.pdf', 'No File', 'No File', 0, 'No File', '1'),
(55, 5, 69, 'villa al kheesa school', 'الخيسة مدرسة ', '3', '560', '467245', '', '174', '174', '2000000', 'مثمن', '70093624', '70/3', 'سند ملكيةالخيسة المدرسة .pdf', '/English/Main_Application/Ownership_Images/Ownership_Certificate/سند ملكيةالخيسة المدرسة .pdf', 'No File', 'No File', 0, 'No File', '1'),
(58, 5, 69, 'Villa Al Khaysa22', 'فيلا الخيسة 22', '6', '620', '', '', '', '', '1752006', ' ', '70061103', '70/6', 'No File', 'No File', 'No File', 'No File', 0, 'No File', '0'),
(60, 5, 63, 'Villa Althamama', 'فيلا الثمامة', '50', '450', '150602', '', '423', '423', '1576026', 'مثمن', '50020396', '50/50', 'WhatsApp Image 2023-10-21 at 12.56.32 PM.jpeg', '/English/Main_Application/Ownership_Images/Ownership_Certificate/WhatsApp Image 2023-10-21 at 12.56.32 PM.jpeg', 'WhatsApp Image 2023-10-21 at 12.56.32 PM (1).jpeg', '/English/Main_Application/Ownership_Images/Property_Scheme/WhatsApp Image 2023-10-21 at 12.56.32 PM (1).jpeg', 0, 'No File', '0'),
(61, 5, 78, 'Um Silal Villa', 'فيلا أم صلال', '1', '450', '166567', '2024/01/21', '851', '851', '1002600', 'مثمن', '71548246', '71/1', 'سند فيلا ام صلال.jpg', '/English/Main_Application/Ownership_Images/Ownership_Certificate/سند فيلا ام صلال.jpg', 'خرائط ام صلال فيلا.jpg', '/English/Main_Application/Ownership_Images/Property_Scheme/خرائط ام صلال فيلا.jpg', 0, 'No File', '0'),
(64, 5, 69, 'Rawdah Al Hamamah ', 'أرض روضة الحمامة', '1', '3471', '435781', '2016', '', '', '300', 'مثمن', '70230543', '70/1', '20240226110613.pdf', '/English/Main_Application/Ownership_Images/Ownership_Certificate/20240226110613.pdf', 'No File', 'No File', 0, 'No File', '0');

-- --------------------------------------------------------

--
-- Table structure for table `payment_frequency`
--

CREATE TABLE `payment_frequency` (
  `Payment_Frequency_Id` int(11) NOT NULL,
  `Payment_English_Frequency` varchar(200) NOT NULL,
  `Payment_Arabic_Frequency` varchar(200) NOT NULL
) ENGINE=InnoDB DEFAULT CHARSET=utf8;

-- --------------------------------------------------------

--
-- Table structure for table `payment_type`
--

CREATE TABLE `payment_type` (
  `payment_type_Id` int(11) NOT NULL,
  `payment_English_type` varchar(200) NOT NULL,
  `payment_Arabic_type` varchar(200) NOT NULL
) ENGINE=InnoDB DEFAULT CHARSET=utf8;

--
-- Dumping data for table `payment_type`
--

INSERT INTO `payment_type` (`payment_type_Id`, `payment_English_type`, `payment_Arabic_type`) VALUES
(1, 'Annually', 'سنويا'),
(2, 'Monthly', 'شهريا'),
(3, 'Half a year', 'نصف سنة'),
(4, 'Quarter of a year', 'ربع سنة'),
(5, 'Advsnce', 'مقدم');

-- --------------------------------------------------------

--
-- Table structure for table `periodec_maintenance_new`
--

CREATE TABLE `periodec_maintenance_new` (
  `Periodec_Maintenance_ID` int(11) NOT NULL,
  `Aseet_ID` varchar(50) DEFAULT NULL,
  `Employee_ID` varchar(50) DEFAULT NULL,
  `Datre` varchar(50) DEFAULT NULL,
  `Notic` varchar(200) DEFAULT NULL
) ENGINE=InnoDB DEFAULT CHARSET=utf8;

--
-- Dumping data for table `periodec_maintenance_new`
--

INSERT INTO `periodec_maintenance_new` (`Periodec_Maintenance_ID`, `Aseet_ID`, `Employee_ID`, `Datre`, `Notic`) VALUES
(1, '1', '4', '10/05/2022', 'تجربة'),
(2, '1', '4', '31/05/2022', 'تجربة'),
(3, '1', '4', '31/05/2023', 'تجربة'),
(4, '1', '4', '31/05/2022', 'تجربة');

-- --------------------------------------------------------

--
-- Table structure for table `periodic_maintenence`
--

CREATE TABLE `periodic_maintenence` (
  `Periodic_Maintenence_ID` int(11) NOT NULL,
  `Asset_ID` varchar(45) CHARACTER SET utf8mb4 DEFAULT NULL,
  `M_1` varchar(45) CHARACTER SET utf8mb4 DEFAULT NULL,
  `E_M_1` varchar(200) CHARACTER SET utf8mb4 DEFAULT NULL,
  `D_M_1` varchar(200) CHARACTER SET utf8mb4 DEFAULT NULL,
  `M_2` varchar(45) CHARACTER SET utf8mb4 DEFAULT NULL,
  `E_M_2` varchar(200) CHARACTER SET utf8mb4 DEFAULT NULL,
  `D_M_2` varchar(200) CHARACTER SET utf8mb4 DEFAULT NULL,
  `M_3` varchar(45) CHARACTER SET utf8mb4 DEFAULT NULL,
  `E_M_3` varchar(200) CHARACTER SET utf8mb4 DEFAULT NULL,
  `D_M_3` varchar(200) CHARACTER SET utf8mb4 DEFAULT NULL,
  `M_4` varchar(45) CHARACTER SET utf8mb4 DEFAULT NULL,
  `E_M_4` varchar(200) CHARACTER SET utf8mb4 DEFAULT NULL,
  `D_M_4` varchar(200) CHARACTER SET utf8mb4 DEFAULT NULL,
  `M_5` varchar(45) CHARACTER SET utf8mb4 DEFAULT NULL,
  `E_M_5` varchar(200) CHARACTER SET utf8mb4 DEFAULT NULL,
  `D_M_5` varchar(45) CHARACTER SET utf8mb4 DEFAULT NULL,
  `M_6` varchar(45) CHARACTER SET utf8mb4 DEFAULT NULL,
  `E_M_6` varchar(200) CHARACTER SET utf8mb4 DEFAULT NULL,
  `D_M_6` varchar(200) CHARACTER SET utf8mb4 DEFAULT NULL,
  `M_7` varchar(45) CHARACTER SET utf8mb4 DEFAULT NULL,
  `E_M_7` varchar(200) CHARACTER SET utf8mb4 DEFAULT NULL,
  `D_M_7` varchar(45) CHARACTER SET utf8mb4 DEFAULT NULL,
  `M_8` varchar(45) CHARACTER SET utf8mb4 DEFAULT NULL,
  `E_M_8` varchar(200) CHARACTER SET utf8mb4 DEFAULT NULL,
  `D_M_8` varchar(200) CHARACTER SET utf8mb4 DEFAULT NULL,
  `M_9` varchar(45) CHARACTER SET utf8mb4 DEFAULT NULL,
  `E_M_9` varchar(200) CHARACTER SET utf8mb4 DEFAULT NULL,
  `D_M_9` varchar(200) CHARACTER SET utf8mb4 DEFAULT NULL,
  `M_10` varchar(45) CHARACTER SET utf8mb4 DEFAULT NULL,
  `E_M_10` varchar(200) CHARACTER SET utf8mb4 DEFAULT NULL,
  `D_M_10` varchar(200) CHARACTER SET utf8mb4 DEFAULT NULL,
  `M_11` varchar(45) CHARACTER SET utf8mb4 DEFAULT NULL,
  `E_M_11` varchar(200) CHARACTER SET utf8mb4 DEFAULT NULL,
  `D_M_11` varchar(200) CHARACTER SET utf8mb4 DEFAULT NULL,
  `M_12` varchar(45) CHARACTER SET utf8mb4 DEFAULT NULL,
  `E_M_12` varchar(200) CHARACTER SET utf8mb4 DEFAULT NULL,
  `D_M_12` varchar(200) CHARACTER SET utf8mb4 DEFAULT NULL,
  `Year` varchar(45) CHARACTER SET utf8mb4 DEFAULT NULL,
  `Last_Periodic_Maintenance_Date` varchar(45) CHARACTER SET utf8mb4 DEFAULT NULL
) ENGINE=InnoDB DEFAULT CHARSET=utf8;

--
-- Dumping data for table `periodic_maintenence`
--

INSERT INTO `periodic_maintenence` (`Periodic_Maintenence_ID`, `Asset_ID`, `M_1`, `E_M_1`, `D_M_1`, `M_2`, `E_M_2`, `D_M_2`, `M_3`, `E_M_3`, `D_M_3`, `M_4`, `E_M_4`, `D_M_4`, `M_5`, `E_M_5`, `D_M_5`, `M_6`, `E_M_6`, `D_M_6`, `M_7`, `E_M_7`, `D_M_7`, `M_8`, `E_M_8`, `D_M_8`, `M_9`, `E_M_9`, `D_M_9`, `M_10`, `E_M_10`, `D_M_10`, `M_11`, `E_M_11`, `D_M_11`, `M_12`, `E_M_12`, `D_M_12`, `Year`, `Last_Periodic_Maintenance_Date`) VALUES
(1, '1', '09/01/2023', '4', '', '', '', '', '', '', '', '', '', '', '', '', '', '', '', '', '', '', '', '', '', '', '', '', '', '', '', '', '', '', '', '', '', '', '2023', '09/01/2023'),
(2, '1', NULL, NULL, NULL, NULL, NULL, NULL, NULL, NULL, NULL, NULL, NULL, NULL, NULL, NULL, NULL, NULL, NULL, NULL, NULL, NULL, NULL, NULL, NULL, NULL, NULL, NULL, NULL, NULL, NULL, NULL, NULL, NULL, NULL, NULL, NULL, NULL, '2023', '09/01/2023'),
(5, '1', NULL, NULL, NULL, NULL, NULL, NULL, NULL, NULL, NULL, NULL, NULL, NULL, NULL, NULL, NULL, NULL, NULL, NULL, NULL, NULL, NULL, NULL, NULL, NULL, NULL, NULL, NULL, NULL, NULL, NULL, NULL, NULL, NULL, NULL, NULL, NULL, '2029', '09/01/2023'),
(6, '1', NULL, NULL, NULL, NULL, NULL, NULL, NULL, NULL, NULL, NULL, NULL, NULL, NULL, NULL, NULL, NULL, NULL, NULL, NULL, NULL, NULL, NULL, NULL, NULL, NULL, NULL, NULL, NULL, NULL, NULL, NULL, NULL, NULL, NULL, NULL, NULL, '2029', '09/01/2023'),
(19, '11', NULL, NULL, NULL, NULL, NULL, NULL, NULL, NULL, NULL, NULL, NULL, NULL, NULL, NULL, NULL, NULL, NULL, NULL, NULL, NULL, NULL, NULL, NULL, NULL, NULL, NULL, NULL, NULL, NULL, NULL, NULL, NULL, NULL, NULL, NULL, NULL, '2023', NULL),
(21, '13', NULL, NULL, NULL, NULL, NULL, NULL, NULL, NULL, NULL, NULL, NULL, NULL, NULL, NULL, NULL, NULL, NULL, NULL, NULL, NULL, NULL, NULL, NULL, NULL, NULL, NULL, NULL, NULL, NULL, NULL, NULL, NULL, NULL, NULL, NULL, NULL, '2023', NULL),
(22, '14', NULL, NULL, NULL, NULL, NULL, NULL, NULL, NULL, NULL, NULL, NULL, NULL, NULL, NULL, NULL, NULL, NULL, NULL, NULL, NULL, NULL, NULL, NULL, NULL, NULL, NULL, NULL, NULL, NULL, NULL, NULL, NULL, NULL, NULL, NULL, NULL, '2023', NULL),
(23, '15', NULL, NULL, NULL, NULL, NULL, NULL, NULL, NULL, NULL, NULL, NULL, NULL, NULL, NULL, NULL, NULL, NULL, NULL, NULL, NULL, NULL, NULL, NULL, NULL, NULL, NULL, NULL, NULL, NULL, NULL, NULL, NULL, NULL, NULL, NULL, NULL, '2023', NULL),
(24, '16', NULL, NULL, NULL, NULL, NULL, NULL, NULL, NULL, NULL, NULL, NULL, NULL, NULL, NULL, NULL, NULL, NULL, NULL, NULL, NULL, NULL, NULL, NULL, NULL, NULL, NULL, NULL, NULL, NULL, NULL, NULL, NULL, NULL, NULL, NULL, NULL, '2023', NULL),
(25, '17', NULL, NULL, NULL, NULL, NULL, NULL, NULL, NULL, NULL, NULL, NULL, NULL, NULL, NULL, NULL, NULL, NULL, NULL, NULL, NULL, NULL, NULL, NULL, NULL, NULL, NULL, NULL, NULL, NULL, NULL, NULL, NULL, NULL, NULL, NULL, NULL, '2023', NULL),
(28, '20', NULL, NULL, NULL, NULL, NULL, NULL, NULL, NULL, NULL, NULL, NULL, NULL, NULL, NULL, NULL, NULL, NULL, NULL, NULL, NULL, NULL, NULL, NULL, NULL, NULL, NULL, NULL, NULL, NULL, NULL, NULL, NULL, NULL, NULL, NULL, NULL, '2023', NULL),
(47, '39', NULL, NULL, NULL, NULL, NULL, NULL, NULL, NULL, NULL, NULL, NULL, NULL, NULL, NULL, NULL, NULL, NULL, NULL, NULL, NULL, NULL, NULL, NULL, NULL, NULL, NULL, NULL, NULL, NULL, NULL, NULL, NULL, NULL, NULL, NULL, NULL, '2023', NULL),
(48, '40', NULL, NULL, NULL, NULL, NULL, NULL, NULL, NULL, NULL, NULL, NULL, NULL, NULL, NULL, NULL, NULL, NULL, NULL, NULL, NULL, NULL, NULL, NULL, NULL, NULL, NULL, NULL, NULL, NULL, NULL, NULL, NULL, NULL, NULL, NULL, NULL, '2023', NULL),
(49, '41', NULL, NULL, NULL, NULL, NULL, NULL, NULL, NULL, NULL, NULL, NULL, NULL, NULL, NULL, NULL, NULL, NULL, NULL, NULL, NULL, NULL, NULL, NULL, NULL, NULL, NULL, NULL, NULL, NULL, NULL, NULL, NULL, NULL, NULL, NULL, NULL, '2023', NULL),
(50, '42', NULL, NULL, NULL, NULL, NULL, NULL, NULL, NULL, NULL, NULL, NULL, NULL, NULL, NULL, NULL, NULL, NULL, NULL, NULL, NULL, NULL, NULL, NULL, NULL, NULL, NULL, NULL, NULL, NULL, NULL, NULL, NULL, NULL, NULL, NULL, NULL, '2023', NULL),
(51, '43', NULL, NULL, NULL, NULL, NULL, NULL, NULL, NULL, NULL, NULL, NULL, NULL, NULL, NULL, NULL, NULL, NULL, NULL, NULL, NULL, NULL, NULL, NULL, NULL, NULL, NULL, NULL, NULL, NULL, NULL, NULL, NULL, NULL, NULL, NULL, NULL, '2023', NULL),
(52, '44', NULL, NULL, NULL, NULL, NULL, NULL, NULL, NULL, NULL, NULL, NULL, NULL, NULL, NULL, NULL, NULL, NULL, NULL, NULL, NULL, NULL, NULL, NULL, NULL, NULL, NULL, NULL, NULL, NULL, NULL, NULL, NULL, NULL, NULL, NULL, NULL, '2023', NULL),
(53, '45', NULL, NULL, NULL, NULL, NULL, NULL, NULL, NULL, NULL, NULL, NULL, NULL, NULL, NULL, NULL, NULL, NULL, NULL, NULL, NULL, NULL, NULL, NULL, NULL, NULL, NULL, NULL, NULL, NULL, NULL, NULL, NULL, NULL, NULL, NULL, NULL, '2023', NULL),
(54, '46', NULL, NULL, NULL, NULL, NULL, NULL, NULL, NULL, NULL, NULL, NULL, NULL, NULL, NULL, NULL, NULL, NULL, NULL, NULL, NULL, NULL, NULL, NULL, NULL, NULL, NULL, NULL, NULL, NULL, NULL, NULL, NULL, NULL, NULL, NULL, NULL, '2023', NULL),
(55, '47', NULL, NULL, NULL, NULL, NULL, NULL, NULL, NULL, NULL, NULL, NULL, NULL, NULL, NULL, NULL, NULL, NULL, NULL, NULL, NULL, NULL, NULL, NULL, NULL, NULL, NULL, NULL, NULL, NULL, NULL, NULL, NULL, NULL, NULL, NULL, NULL, '2023', NULL),
(56, '48', NULL, NULL, NULL, NULL, NULL, NULL, NULL, NULL, NULL, NULL, NULL, NULL, NULL, NULL, NULL, NULL, NULL, NULL, NULL, NULL, NULL, NULL, NULL, NULL, NULL, NULL, NULL, NULL, NULL, NULL, NULL, NULL, NULL, NULL, NULL, NULL, '2023', NULL),
(57, '49', NULL, NULL, NULL, NULL, NULL, NULL, NULL, NULL, NULL, NULL, NULL, NULL, NULL, NULL, NULL, NULL, NULL, NULL, NULL, NULL, NULL, NULL, NULL, NULL, NULL, NULL, NULL, NULL, NULL, NULL, NULL, NULL, NULL, NULL, NULL, NULL, '2023', NULL),
(58, '50', NULL, NULL, NULL, NULL, NULL, NULL, NULL, NULL, NULL, NULL, NULL, NULL, NULL, NULL, NULL, NULL, NULL, NULL, NULL, NULL, NULL, NULL, NULL, NULL, NULL, NULL, NULL, NULL, NULL, NULL, NULL, NULL, NULL, NULL, NULL, NULL, '2023', NULL),
(59, '51', NULL, NULL, NULL, NULL, NULL, NULL, NULL, NULL, NULL, NULL, NULL, NULL, NULL, NULL, NULL, NULL, NULL, NULL, NULL, NULL, NULL, NULL, NULL, NULL, NULL, NULL, NULL, NULL, NULL, NULL, NULL, NULL, NULL, NULL, NULL, NULL, '2023', NULL),
(60, '52', NULL, NULL, NULL, NULL, NULL, NULL, NULL, NULL, NULL, NULL, NULL, NULL, NULL, NULL, NULL, NULL, NULL, NULL, NULL, NULL, NULL, NULL, NULL, NULL, NULL, NULL, NULL, NULL, NULL, NULL, NULL, NULL, NULL, NULL, NULL, NULL, '2023', NULL),
(61, '53', NULL, NULL, NULL, NULL, NULL, NULL, NULL, NULL, NULL, NULL, NULL, NULL, NULL, NULL, NULL, NULL, NULL, NULL, NULL, NULL, NULL, NULL, NULL, NULL, NULL, NULL, NULL, NULL, NULL, NULL, NULL, NULL, NULL, NULL, NULL, NULL, '2023', NULL),
(62, '54', NULL, NULL, NULL, NULL, NULL, NULL, NULL, NULL, NULL, NULL, NULL, NULL, NULL, NULL, NULL, NULL, NULL, NULL, NULL, NULL, NULL, NULL, NULL, NULL, NULL, NULL, NULL, NULL, NULL, NULL, NULL, NULL, NULL, NULL, NULL, NULL, '2023', NULL),
(63, '55', NULL, NULL, NULL, NULL, NULL, NULL, NULL, NULL, NULL, NULL, NULL, NULL, NULL, NULL, NULL, NULL, NULL, NULL, NULL, NULL, NULL, NULL, NULL, NULL, NULL, NULL, NULL, NULL, NULL, NULL, NULL, NULL, NULL, NULL, NULL, NULL, '2023', NULL),
(64, '56', NULL, NULL, NULL, NULL, NULL, NULL, NULL, NULL, NULL, NULL, NULL, NULL, NULL, NULL, NULL, NULL, NULL, NULL, NULL, NULL, NULL, NULL, NULL, NULL, NULL, NULL, NULL, NULL, NULL, NULL, NULL, NULL, NULL, NULL, NULL, NULL, '2023', NULL),
(65, '57', NULL, NULL, NULL, NULL, NULL, NULL, NULL, NULL, NULL, NULL, NULL, NULL, NULL, NULL, NULL, NULL, NULL, NULL, NULL, NULL, NULL, NULL, NULL, NULL, NULL, NULL, NULL, NULL, NULL, NULL, NULL, NULL, NULL, NULL, NULL, NULL, '2023', NULL),
(66, '58', NULL, NULL, NULL, NULL, NULL, NULL, NULL, NULL, NULL, NULL, NULL, NULL, NULL, NULL, NULL, NULL, NULL, NULL, NULL, NULL, NULL, NULL, NULL, NULL, NULL, NULL, NULL, NULL, NULL, NULL, NULL, NULL, NULL, NULL, NULL, NULL, '2023', NULL),
(67, '59', NULL, NULL, NULL, NULL, NULL, NULL, NULL, NULL, NULL, NULL, NULL, NULL, NULL, NULL, NULL, NULL, NULL, NULL, NULL, NULL, NULL, NULL, NULL, NULL, NULL, NULL, NULL, NULL, NULL, NULL, NULL, NULL, NULL, NULL, NULL, NULL, '2023', NULL),
(68, '60', NULL, NULL, NULL, NULL, NULL, NULL, NULL, NULL, NULL, NULL, NULL, NULL, NULL, NULL, NULL, NULL, NULL, NULL, NULL, NULL, NULL, NULL, NULL, NULL, NULL, NULL, NULL, NULL, NULL, NULL, NULL, NULL, NULL, NULL, NULL, NULL, '2023', NULL),
(69, '61', NULL, NULL, NULL, NULL, NULL, NULL, NULL, NULL, NULL, NULL, NULL, NULL, NULL, NULL, NULL, NULL, NULL, NULL, NULL, NULL, NULL, NULL, NULL, NULL, NULL, NULL, NULL, NULL, NULL, NULL, NULL, NULL, NULL, NULL, NULL, NULL, '2023', NULL),
(70, '62', NULL, NULL, NULL, NULL, NULL, NULL, NULL, NULL, NULL, NULL, NULL, NULL, NULL, NULL, NULL, NULL, NULL, NULL, NULL, NULL, NULL, NULL, NULL, NULL, NULL, NULL, NULL, NULL, NULL, NULL, NULL, NULL, NULL, NULL, NULL, NULL, '2023', NULL),
(71, '63', NULL, NULL, NULL, NULL, NULL, NULL, NULL, NULL, NULL, NULL, NULL, NULL, NULL, NULL, NULL, NULL, NULL, NULL, NULL, NULL, NULL, NULL, NULL, NULL, NULL, NULL, NULL, NULL, NULL, NULL, NULL, NULL, NULL, NULL, NULL, NULL, '2023', NULL),
(72, '64', NULL, NULL, NULL, NULL, NULL, NULL, NULL, NULL, NULL, NULL, NULL, NULL, NULL, NULL, NULL, NULL, NULL, NULL, NULL, NULL, NULL, NULL, NULL, NULL, NULL, NULL, NULL, NULL, NULL, NULL, NULL, NULL, NULL, NULL, NULL, NULL, '2023', NULL),
(73, '65', NULL, NULL, NULL, NULL, NULL, NULL, NULL, NULL, NULL, NULL, NULL, NULL, NULL, NULL, NULL, NULL, NULL, NULL, NULL, NULL, NULL, NULL, NULL, NULL, NULL, NULL, NULL, NULL, NULL, NULL, NULL, NULL, NULL, NULL, NULL, NULL, '2023', NULL),
(74, '66', NULL, NULL, NULL, NULL, NULL, NULL, NULL, NULL, NULL, NULL, NULL, NULL, NULL, NULL, NULL, NULL, NULL, NULL, NULL, NULL, NULL, NULL, NULL, NULL, NULL, NULL, NULL, NULL, NULL, NULL, NULL, NULL, NULL, NULL, NULL, NULL, '2023', NULL),
(75, '67', NULL, NULL, NULL, NULL, NULL, NULL, NULL, NULL, NULL, NULL, NULL, NULL, NULL, NULL, NULL, NULL, NULL, NULL, NULL, NULL, NULL, NULL, NULL, NULL, NULL, NULL, NULL, NULL, NULL, NULL, NULL, NULL, NULL, NULL, NULL, NULL, '2023', NULL),
(76, '68', NULL, NULL, NULL, NULL, NULL, NULL, NULL, NULL, NULL, NULL, NULL, NULL, NULL, NULL, NULL, NULL, NULL, NULL, NULL, NULL, NULL, NULL, NULL, NULL, NULL, NULL, NULL, NULL, NULL, NULL, NULL, NULL, NULL, NULL, NULL, NULL, '2023', NULL),
(77, '69', NULL, NULL, NULL, NULL, NULL, NULL, NULL, NULL, NULL, NULL, NULL, NULL, NULL, NULL, NULL, NULL, NULL, NULL, NULL, NULL, NULL, NULL, NULL, NULL, NULL, NULL, NULL, NULL, NULL, NULL, NULL, NULL, NULL, NULL, NULL, NULL, '2023', NULL),
(78, '70', NULL, NULL, NULL, NULL, NULL, NULL, NULL, NULL, NULL, NULL, NULL, NULL, NULL, NULL, NULL, NULL, NULL, NULL, NULL, NULL, NULL, NULL, NULL, NULL, NULL, NULL, NULL, NULL, NULL, NULL, NULL, NULL, NULL, NULL, NULL, NULL, '2023', NULL),
(79, '71', NULL, NULL, NULL, NULL, NULL, NULL, NULL, NULL, NULL, NULL, NULL, NULL, NULL, NULL, NULL, NULL, NULL, NULL, NULL, NULL, NULL, NULL, NULL, NULL, NULL, NULL, NULL, NULL, NULL, NULL, NULL, NULL, NULL, NULL, NULL, NULL, '2023', NULL),
(80, '72', NULL, NULL, NULL, NULL, NULL, NULL, NULL, NULL, NULL, NULL, NULL, NULL, NULL, NULL, NULL, NULL, NULL, NULL, NULL, NULL, NULL, NULL, NULL, NULL, NULL, NULL, NULL, NULL, NULL, NULL, NULL, NULL, NULL, NULL, NULL, NULL, '2023', NULL),
(81, '73', NULL, NULL, NULL, NULL, NULL, NULL, NULL, NULL, NULL, NULL, NULL, NULL, NULL, NULL, NULL, NULL, NULL, NULL, NULL, NULL, NULL, NULL, NULL, NULL, NULL, NULL, NULL, NULL, NULL, NULL, NULL, NULL, NULL, NULL, NULL, NULL, '2023', NULL),
(82, '74', NULL, NULL, NULL, NULL, NULL, NULL, NULL, NULL, NULL, NULL, NULL, NULL, NULL, NULL, NULL, NULL, NULL, NULL, NULL, NULL, NULL, NULL, NULL, NULL, NULL, NULL, NULL, NULL, NULL, NULL, NULL, NULL, NULL, NULL, NULL, NULL, '2023', NULL),
(83, '75', NULL, NULL, NULL, NULL, NULL, NULL, NULL, NULL, NULL, NULL, NULL, NULL, NULL, NULL, NULL, NULL, NULL, NULL, NULL, NULL, NULL, NULL, NULL, NULL, NULL, NULL, NULL, NULL, NULL, NULL, NULL, NULL, NULL, NULL, NULL, NULL, '2023', NULL),
(84, '76', NULL, NULL, NULL, NULL, NULL, NULL, NULL, NULL, NULL, NULL, NULL, NULL, NULL, NULL, NULL, NULL, NULL, NULL, NULL, NULL, NULL, NULL, NULL, NULL, NULL, NULL, NULL, NULL, NULL, NULL, NULL, NULL, NULL, NULL, NULL, NULL, '2023', NULL),
(85, '77', NULL, NULL, NULL, NULL, NULL, NULL, NULL, NULL, NULL, NULL, NULL, NULL, NULL, NULL, NULL, NULL, NULL, NULL, NULL, NULL, NULL, NULL, NULL, NULL, NULL, NULL, NULL, NULL, NULL, NULL, NULL, NULL, NULL, NULL, NULL, NULL, '2023', NULL),
(86, '78', NULL, NULL, NULL, NULL, NULL, NULL, NULL, NULL, NULL, NULL, NULL, NULL, NULL, NULL, NULL, NULL, NULL, NULL, NULL, NULL, NULL, NULL, NULL, NULL, NULL, NULL, NULL, NULL, NULL, NULL, NULL, NULL, NULL, NULL, NULL, NULL, '2023', NULL),
(87, '79', NULL, NULL, NULL, NULL, NULL, NULL, NULL, NULL, NULL, NULL, NULL, NULL, NULL, NULL, NULL, NULL, NULL, NULL, NULL, NULL, NULL, NULL, NULL, NULL, NULL, NULL, NULL, NULL, NULL, NULL, NULL, NULL, NULL, NULL, NULL, NULL, '2023', NULL),
(88, '80', NULL, NULL, NULL, NULL, NULL, NULL, NULL, NULL, NULL, NULL, NULL, NULL, NULL, NULL, NULL, NULL, NULL, NULL, NULL, NULL, NULL, NULL, NULL, NULL, NULL, NULL, NULL, NULL, NULL, NULL, NULL, NULL, NULL, NULL, NULL, NULL, '2023', NULL),
(89, '81', NULL, NULL, NULL, NULL, NULL, NULL, NULL, NULL, NULL, NULL, NULL, NULL, NULL, NULL, NULL, NULL, NULL, NULL, NULL, NULL, NULL, NULL, NULL, NULL, NULL, NULL, NULL, NULL, NULL, NULL, NULL, NULL, NULL, NULL, NULL, NULL, '2023', NULL),
(90, '82', NULL, NULL, NULL, NULL, NULL, NULL, NULL, NULL, NULL, NULL, NULL, NULL, NULL, NULL, NULL, NULL, NULL, NULL, NULL, NULL, NULL, NULL, NULL, NULL, NULL, NULL, NULL, NULL, NULL, NULL, NULL, NULL, NULL, NULL, NULL, NULL, '2023', NULL),
(91, '83', NULL, NULL, NULL, NULL, NULL, NULL, NULL, NULL, NULL, NULL, NULL, NULL, NULL, NULL, NULL, NULL, NULL, NULL, NULL, NULL, NULL, NULL, NULL, NULL, NULL, NULL, NULL, NULL, NULL, NULL, NULL, NULL, NULL, NULL, NULL, NULL, '2023', NULL),
(92, '84', NULL, NULL, NULL, NULL, NULL, NULL, NULL, NULL, NULL, NULL, NULL, NULL, NULL, NULL, NULL, NULL, NULL, NULL, NULL, NULL, NULL, NULL, NULL, NULL, NULL, NULL, NULL, NULL, NULL, NULL, NULL, NULL, NULL, NULL, NULL, NULL, '2023', NULL),
(93, '85', NULL, NULL, NULL, NULL, NULL, NULL, NULL, NULL, NULL, NULL, NULL, NULL, NULL, NULL, NULL, NULL, NULL, NULL, NULL, NULL, NULL, NULL, NULL, NULL, NULL, NULL, NULL, NULL, NULL, NULL, NULL, NULL, NULL, NULL, NULL, NULL, '2023', NULL),
(94, '86', NULL, NULL, NULL, NULL, NULL, NULL, NULL, NULL, NULL, NULL, NULL, NULL, NULL, NULL, NULL, NULL, NULL, NULL, NULL, NULL, NULL, NULL, NULL, NULL, NULL, NULL, NULL, NULL, NULL, NULL, NULL, NULL, NULL, NULL, NULL, NULL, '2023', NULL),
(95, '87', NULL, NULL, NULL, NULL, NULL, NULL, NULL, NULL, NULL, NULL, NULL, NULL, NULL, NULL, NULL, NULL, NULL, NULL, NULL, NULL, NULL, NULL, NULL, NULL, NULL, NULL, NULL, NULL, NULL, NULL, NULL, NULL, NULL, NULL, NULL, NULL, '2023', NULL),
(96, '88', NULL, NULL, NULL, NULL, NULL, NULL, NULL, NULL, NULL, NULL, NULL, NULL, NULL, NULL, NULL, NULL, NULL, NULL, NULL, NULL, NULL, NULL, NULL, NULL, NULL, NULL, NULL, NULL, NULL, NULL, NULL, NULL, NULL, NULL, NULL, NULL, '2023', NULL),
(97, '89', NULL, NULL, NULL, NULL, NULL, NULL, NULL, NULL, NULL, NULL, NULL, NULL, NULL, NULL, NULL, NULL, NULL, NULL, NULL, NULL, NULL, NULL, NULL, NULL, NULL, NULL, NULL, NULL, NULL, NULL, NULL, NULL, NULL, NULL, NULL, NULL, '2023', NULL),
(98, '90', NULL, NULL, NULL, NULL, NULL, NULL, NULL, NULL, NULL, NULL, NULL, NULL, NULL, NULL, NULL, NULL, NULL, NULL, NULL, NULL, NULL, NULL, NULL, NULL, NULL, NULL, NULL, NULL, NULL, NULL, NULL, NULL, NULL, NULL, NULL, NULL, '2023', NULL),
(99, '91', NULL, NULL, NULL, NULL, NULL, NULL, NULL, NULL, NULL, NULL, NULL, NULL, NULL, NULL, NULL, NULL, NULL, NULL, NULL, NULL, NULL, NULL, NULL, NULL, NULL, NULL, NULL, NULL, NULL, NULL, NULL, NULL, NULL, NULL, NULL, NULL, '2023', NULL),
(100, '92', NULL, NULL, NULL, NULL, NULL, NULL, NULL, NULL, NULL, NULL, NULL, NULL, NULL, NULL, NULL, NULL, NULL, NULL, NULL, NULL, NULL, NULL, NULL, NULL, NULL, NULL, NULL, NULL, NULL, NULL, NULL, NULL, NULL, NULL, NULL, NULL, '2023', NULL),
(102, '94', NULL, NULL, NULL, NULL, NULL, NULL, NULL, NULL, NULL, NULL, NULL, NULL, NULL, NULL, NULL, NULL, NULL, NULL, NULL, NULL, NULL, NULL, NULL, NULL, NULL, NULL, NULL, NULL, NULL, NULL, NULL, NULL, NULL, NULL, NULL, NULL, '2023', NULL),
(103, '95', NULL, NULL, NULL, NULL, NULL, NULL, NULL, NULL, NULL, NULL, NULL, NULL, NULL, NULL, NULL, NULL, NULL, NULL, NULL, NULL, NULL, NULL, NULL, NULL, NULL, NULL, NULL, NULL, NULL, NULL, NULL, NULL, NULL, NULL, NULL, NULL, '2023', NULL),
(104, '96', NULL, NULL, NULL, NULL, NULL, NULL, NULL, NULL, NULL, NULL, NULL, NULL, NULL, NULL, NULL, NULL, NULL, NULL, NULL, NULL, NULL, NULL, NULL, NULL, NULL, NULL, NULL, NULL, NULL, NULL, NULL, NULL, NULL, NULL, NULL, NULL, '2023', NULL),
(105, '97', NULL, NULL, NULL, NULL, NULL, NULL, NULL, NULL, NULL, NULL, NULL, NULL, NULL, NULL, NULL, NULL, NULL, NULL, NULL, NULL, NULL, NULL, NULL, NULL, NULL, NULL, NULL, NULL, NULL, NULL, NULL, NULL, NULL, NULL, NULL, NULL, '2023', NULL),
(106, '98', NULL, NULL, NULL, NULL, NULL, NULL, NULL, NULL, NULL, NULL, NULL, NULL, NULL, NULL, NULL, NULL, NULL, NULL, NULL, NULL, NULL, NULL, NULL, NULL, NULL, NULL, NULL, NULL, NULL, NULL, NULL, NULL, NULL, NULL, NULL, NULL, '2023', NULL),
(107, '99', NULL, NULL, NULL, NULL, NULL, NULL, NULL, NULL, NULL, NULL, NULL, NULL, NULL, NULL, NULL, NULL, NULL, NULL, NULL, NULL, NULL, NULL, NULL, NULL, NULL, NULL, NULL, NULL, NULL, NULL, NULL, NULL, NULL, NULL, NULL, NULL, '2023', NULL),
(108, '100', NULL, NULL, NULL, NULL, NULL, NULL, NULL, NULL, NULL, NULL, NULL, NULL, NULL, NULL, NULL, NULL, NULL, NULL, NULL, NULL, NULL, NULL, NULL, NULL, NULL, NULL, NULL, NULL, NULL, NULL, NULL, NULL, NULL, NULL, NULL, NULL, '2023', NULL),
(109, '101', NULL, NULL, NULL, NULL, NULL, NULL, NULL, NULL, NULL, NULL, NULL, NULL, NULL, NULL, NULL, NULL, NULL, NULL, NULL, NULL, NULL, NULL, NULL, NULL, NULL, NULL, NULL, NULL, NULL, NULL, NULL, NULL, NULL, NULL, NULL, NULL, '2023', NULL),
(110, '102', NULL, NULL, NULL, NULL, NULL, NULL, NULL, NULL, NULL, NULL, NULL, NULL, NULL, NULL, NULL, NULL, NULL, NULL, NULL, NULL, NULL, NULL, NULL, NULL, NULL, NULL, NULL, NULL, NULL, NULL, NULL, NULL, NULL, NULL, NULL, NULL, '2023', NULL),
(111, '103', NULL, NULL, NULL, NULL, NULL, NULL, NULL, NULL, NULL, NULL, NULL, NULL, NULL, NULL, NULL, NULL, NULL, NULL, NULL, NULL, NULL, NULL, NULL, NULL, NULL, NULL, NULL, NULL, NULL, NULL, NULL, NULL, NULL, NULL, NULL, NULL, '2023', NULL),
(112, '104', NULL, NULL, NULL, NULL, NULL, NULL, NULL, NULL, NULL, NULL, NULL, NULL, NULL, NULL, NULL, NULL, NULL, NULL, NULL, NULL, NULL, NULL, NULL, NULL, NULL, NULL, NULL, NULL, NULL, NULL, NULL, NULL, NULL, NULL, NULL, NULL, '2023', NULL),
(113, '105', NULL, NULL, NULL, NULL, NULL, NULL, NULL, NULL, NULL, NULL, NULL, NULL, NULL, NULL, NULL, NULL, NULL, NULL, NULL, NULL, NULL, NULL, NULL, NULL, NULL, NULL, NULL, NULL, NULL, NULL, NULL, NULL, NULL, NULL, NULL, NULL, '2023', NULL),
(114, '106', NULL, NULL, NULL, NULL, NULL, NULL, NULL, NULL, NULL, NULL, NULL, NULL, NULL, NULL, NULL, NULL, NULL, NULL, NULL, NULL, NULL, NULL, NULL, NULL, NULL, NULL, NULL, NULL, NULL, NULL, NULL, NULL, NULL, NULL, NULL, NULL, '2023', NULL),
(115, '107', NULL, NULL, NULL, NULL, NULL, NULL, NULL, NULL, NULL, NULL, NULL, NULL, NULL, NULL, NULL, NULL, NULL, NULL, NULL, NULL, NULL, NULL, NULL, NULL, NULL, NULL, NULL, NULL, NULL, NULL, NULL, NULL, NULL, NULL, NULL, NULL, '2023', NULL),
(116, '108', NULL, NULL, NULL, NULL, NULL, NULL, NULL, NULL, NULL, NULL, NULL, NULL, NULL, NULL, NULL, NULL, NULL, NULL, NULL, NULL, NULL, NULL, NULL, NULL, NULL, NULL, NULL, NULL, NULL, NULL, NULL, NULL, NULL, NULL, NULL, NULL, '2023', NULL),
(117, '109', NULL, NULL, NULL, NULL, NULL, NULL, NULL, NULL, NULL, NULL, NULL, NULL, NULL, NULL, NULL, NULL, NULL, NULL, NULL, NULL, NULL, NULL, NULL, NULL, NULL, NULL, NULL, NULL, NULL, NULL, NULL, NULL, NULL, NULL, NULL, NULL, '2023', NULL),
(118, '110', NULL, NULL, NULL, NULL, NULL, NULL, NULL, NULL, NULL, NULL, NULL, NULL, NULL, NULL, NULL, NULL, NULL, NULL, NULL, NULL, NULL, NULL, NULL, NULL, NULL, NULL, NULL, NULL, NULL, NULL, NULL, NULL, NULL, NULL, NULL, NULL, '2023', NULL),
(119, '111', NULL, NULL, NULL, NULL, NULL, NULL, NULL, NULL, NULL, NULL, NULL, NULL, NULL, NULL, NULL, NULL, NULL, NULL, NULL, NULL, NULL, NULL, NULL, NULL, NULL, NULL, NULL, NULL, NULL, NULL, NULL, NULL, NULL, NULL, NULL, NULL, '2023', NULL),
(120, '112', NULL, NULL, NULL, NULL, NULL, NULL, NULL, NULL, NULL, NULL, NULL, NULL, NULL, NULL, NULL, NULL, NULL, NULL, NULL, NULL, NULL, NULL, NULL, NULL, NULL, NULL, NULL, NULL, NULL, NULL, NULL, NULL, NULL, NULL, NULL, NULL, '2023', NULL),
(121, '113', NULL, NULL, NULL, NULL, NULL, NULL, NULL, NULL, NULL, NULL, NULL, NULL, NULL, NULL, NULL, NULL, NULL, NULL, NULL, NULL, NULL, NULL, NULL, NULL, NULL, NULL, NULL, NULL, NULL, NULL, NULL, NULL, NULL, NULL, NULL, NULL, '2023', NULL),
(122, '114', NULL, NULL, NULL, NULL, NULL, NULL, NULL, NULL, NULL, NULL, NULL, NULL, NULL, NULL, NULL, NULL, NULL, NULL, NULL, NULL, NULL, NULL, NULL, NULL, NULL, NULL, NULL, NULL, NULL, NULL, NULL, NULL, NULL, NULL, NULL, NULL, '2023', NULL),
(123, '115', NULL, NULL, NULL, NULL, NULL, NULL, NULL, NULL, NULL, NULL, NULL, NULL, NULL, NULL, NULL, NULL, NULL, NULL, NULL, NULL, NULL, NULL, NULL, NULL, NULL, NULL, NULL, NULL, NULL, NULL, NULL, NULL, NULL, NULL, NULL, NULL, '2023', NULL),
(124, '116', NULL, NULL, NULL, NULL, NULL, NULL, NULL, NULL, NULL, NULL, NULL, NULL, NULL, NULL, NULL, NULL, NULL, NULL, NULL, NULL, NULL, NULL, NULL, NULL, NULL, NULL, NULL, NULL, NULL, NULL, NULL, NULL, NULL, NULL, NULL, NULL, '2023', NULL),
(125, '117', NULL, NULL, NULL, NULL, NULL, NULL, NULL, NULL, NULL, NULL, NULL, NULL, NULL, NULL, NULL, NULL, NULL, NULL, NULL, NULL, NULL, NULL, NULL, NULL, NULL, NULL, NULL, NULL, NULL, NULL, NULL, NULL, NULL, NULL, NULL, NULL, '2023', NULL),
(126, '118', NULL, NULL, NULL, NULL, NULL, NULL, NULL, NULL, NULL, NULL, NULL, NULL, NULL, NULL, NULL, NULL, NULL, NULL, NULL, NULL, NULL, NULL, NULL, NULL, NULL, NULL, NULL, NULL, NULL, NULL, NULL, NULL, NULL, NULL, NULL, NULL, '2023', NULL),
(127, '119', NULL, NULL, NULL, NULL, NULL, NULL, NULL, NULL, NULL, NULL, NULL, NULL, NULL, NULL, NULL, NULL, NULL, NULL, NULL, NULL, NULL, NULL, NULL, NULL, NULL, NULL, NULL, NULL, NULL, NULL, NULL, NULL, NULL, NULL, NULL, NULL, '2023', NULL),
(128, '120', NULL, NULL, NULL, NULL, NULL, NULL, NULL, NULL, NULL, NULL, NULL, NULL, NULL, NULL, NULL, NULL, NULL, NULL, NULL, NULL, NULL, NULL, NULL, NULL, NULL, NULL, NULL, NULL, NULL, NULL, NULL, NULL, NULL, NULL, NULL, NULL, '2023', NULL),
(129, '121', NULL, NULL, NULL, NULL, NULL, NULL, NULL, NULL, NULL, NULL, NULL, NULL, NULL, NULL, NULL, NULL, NULL, NULL, NULL, NULL, NULL, NULL, NULL, NULL, NULL, NULL, NULL, NULL, NULL, NULL, NULL, NULL, NULL, NULL, NULL, NULL, '2023', NULL),
(131, '123', NULL, NULL, NULL, NULL, NULL, NULL, NULL, NULL, NULL, NULL, NULL, NULL, NULL, NULL, NULL, NULL, NULL, NULL, NULL, NULL, NULL, NULL, NULL, NULL, NULL, NULL, NULL, NULL, NULL, NULL, NULL, NULL, NULL, NULL, NULL, NULL, '2023', NULL),
(132, '124', NULL, NULL, NULL, NULL, NULL, NULL, NULL, NULL, NULL, NULL, NULL, NULL, NULL, NULL, NULL, NULL, NULL, NULL, NULL, NULL, NULL, NULL, NULL, NULL, NULL, NULL, NULL, NULL, NULL, NULL, NULL, NULL, NULL, NULL, NULL, NULL, '2023', NULL),
(133, '125', NULL, NULL, NULL, NULL, NULL, NULL, NULL, NULL, NULL, NULL, NULL, NULL, NULL, NULL, NULL, NULL, NULL, NULL, NULL, NULL, NULL, NULL, NULL, NULL, NULL, NULL, NULL, NULL, NULL, NULL, NULL, NULL, NULL, NULL, NULL, NULL, '2023', NULL),
(134, '126', NULL, NULL, NULL, NULL, NULL, NULL, NULL, NULL, NULL, NULL, NULL, NULL, NULL, NULL, NULL, NULL, NULL, NULL, NULL, NULL, NULL, NULL, NULL, NULL, NULL, NULL, NULL, NULL, NULL, NULL, NULL, NULL, NULL, NULL, NULL, NULL, '2023', NULL),
(135, '127', NULL, NULL, NULL, NULL, NULL, NULL, NULL, NULL, NULL, NULL, NULL, NULL, NULL, NULL, NULL, NULL, NULL, NULL, NULL, NULL, NULL, NULL, NULL, NULL, NULL, NULL, NULL, NULL, NULL, NULL, NULL, NULL, NULL, NULL, NULL, NULL, '2023', NULL),
(136, '128', NULL, NULL, NULL, NULL, NULL, NULL, NULL, NULL, NULL, NULL, NULL, NULL, NULL, NULL, NULL, NULL, NULL, NULL, NULL, NULL, NULL, NULL, NULL, NULL, NULL, NULL, NULL, NULL, NULL, NULL, NULL, NULL, NULL, NULL, NULL, NULL, '2023', NULL),
(137, '129', NULL, NULL, NULL, NULL, NULL, NULL, NULL, NULL, NULL, NULL, NULL, NULL, NULL, NULL, NULL, NULL, NULL, NULL, NULL, NULL, NULL, NULL, NULL, NULL, NULL, NULL, NULL, NULL, NULL, NULL, NULL, NULL, NULL, NULL, NULL, NULL, '2023', NULL),
(138, '130', NULL, NULL, NULL, NULL, NULL, NULL, NULL, NULL, NULL, NULL, NULL, NULL, NULL, NULL, NULL, NULL, NULL, NULL, NULL, NULL, NULL, NULL, NULL, NULL, NULL, NULL, NULL, NULL, NULL, NULL, NULL, NULL, NULL, NULL, NULL, NULL, '2023', NULL),
(139, '131', NULL, NULL, NULL, NULL, NULL, NULL, NULL, NULL, NULL, NULL, NULL, NULL, NULL, NULL, NULL, NULL, NULL, NULL, NULL, NULL, NULL, NULL, NULL, NULL, NULL, NULL, NULL, NULL, NULL, NULL, NULL, NULL, NULL, NULL, NULL, NULL, '2023', NULL),
(140, '132', NULL, NULL, NULL, NULL, NULL, NULL, NULL, NULL, NULL, NULL, NULL, NULL, NULL, NULL, NULL, NULL, NULL, NULL, NULL, NULL, NULL, NULL, NULL, NULL, NULL, NULL, NULL, NULL, NULL, NULL, NULL, NULL, NULL, NULL, NULL, NULL, '2023', NULL),
(141, '133', NULL, NULL, NULL, NULL, NULL, NULL, NULL, NULL, NULL, NULL, NULL, NULL, NULL, NULL, NULL, NULL, NULL, NULL, NULL, NULL, NULL, NULL, NULL, NULL, NULL, NULL, NULL, NULL, NULL, NULL, NULL, NULL, NULL, NULL, NULL, NULL, '2023', NULL),
(142, '134', NULL, NULL, NULL, NULL, NULL, NULL, NULL, NULL, NULL, NULL, NULL, NULL, NULL, NULL, NULL, NULL, NULL, NULL, NULL, NULL, NULL, NULL, NULL, NULL, NULL, NULL, NULL, NULL, NULL, NULL, NULL, NULL, NULL, NULL, NULL, NULL, '2023', NULL),
(143, '135', NULL, NULL, NULL, NULL, NULL, NULL, NULL, NULL, NULL, NULL, NULL, NULL, NULL, NULL, NULL, NULL, NULL, NULL, NULL, NULL, NULL, NULL, NULL, NULL, NULL, NULL, NULL, NULL, NULL, NULL, NULL, NULL, NULL, NULL, NULL, NULL, '2023', NULL),
(144, '136', NULL, NULL, NULL, NULL, NULL, NULL, NULL, NULL, NULL, NULL, NULL, NULL, NULL, NULL, NULL, NULL, NULL, NULL, NULL, NULL, NULL, NULL, NULL, NULL, NULL, NULL, NULL, NULL, NULL, NULL, NULL, NULL, NULL, NULL, NULL, NULL, '2023', NULL),
(145, '137', NULL, NULL, NULL, NULL, NULL, NULL, NULL, NULL, NULL, NULL, NULL, NULL, NULL, NULL, NULL, NULL, NULL, NULL, NULL, NULL, NULL, NULL, NULL, NULL, NULL, NULL, NULL, NULL, NULL, NULL, NULL, NULL, NULL, NULL, NULL, NULL, '2023', NULL),
(146, '138', NULL, NULL, NULL, NULL, NULL, NULL, NULL, NULL, NULL, NULL, NULL, NULL, NULL, NULL, NULL, NULL, NULL, NULL, NULL, NULL, NULL, NULL, NULL, NULL, NULL, NULL, NULL, NULL, NULL, NULL, NULL, NULL, NULL, NULL, NULL, NULL, '2023', NULL),
(147, '139', NULL, NULL, NULL, NULL, NULL, NULL, NULL, NULL, NULL, NULL, NULL, NULL, NULL, NULL, NULL, NULL, NULL, NULL, NULL, NULL, NULL, NULL, NULL, NULL, NULL, NULL, NULL, NULL, NULL, NULL, NULL, NULL, NULL, NULL, NULL, NULL, '2023', NULL),
(148, '140', NULL, NULL, NULL, NULL, NULL, NULL, NULL, NULL, NULL, NULL, NULL, NULL, NULL, NULL, NULL, NULL, NULL, NULL, NULL, NULL, NULL, NULL, NULL, NULL, NULL, NULL, NULL, NULL, NULL, NULL, NULL, NULL, NULL, NULL, NULL, NULL, '2023', NULL),
(149, '141', NULL, NULL, NULL, NULL, NULL, NULL, NULL, NULL, NULL, NULL, NULL, NULL, NULL, NULL, NULL, NULL, NULL, NULL, NULL, NULL, NULL, NULL, NULL, NULL, NULL, NULL, NULL, NULL, NULL, NULL, NULL, NULL, NULL, NULL, NULL, NULL, '2023', NULL),
(150, '142', NULL, NULL, NULL, NULL, NULL, NULL, NULL, NULL, NULL, NULL, NULL, NULL, NULL, NULL, NULL, NULL, NULL, NULL, NULL, NULL, NULL, NULL, NULL, NULL, NULL, NULL, NULL, NULL, NULL, NULL, NULL, NULL, NULL, NULL, NULL, NULL, '2023', NULL),
(151, '143', NULL, NULL, NULL, NULL, NULL, NULL, NULL, NULL, NULL, NULL, NULL, NULL, NULL, NULL, NULL, NULL, NULL, NULL, NULL, NULL, NULL, NULL, NULL, NULL, NULL, NULL, NULL, NULL, NULL, NULL, NULL, NULL, NULL, NULL, NULL, NULL, '2023', NULL),
(152, '144', NULL, NULL, NULL, NULL, NULL, NULL, NULL, NULL, NULL, NULL, NULL, NULL, NULL, NULL, NULL, NULL, NULL, NULL, NULL, NULL, NULL, NULL, NULL, NULL, NULL, NULL, NULL, NULL, NULL, NULL, NULL, NULL, NULL, NULL, NULL, NULL, '2023', NULL),
(153, '145', NULL, NULL, NULL, NULL, NULL, NULL, NULL, NULL, NULL, NULL, NULL, NULL, NULL, NULL, NULL, NULL, NULL, NULL, NULL, NULL, NULL, NULL, NULL, NULL, NULL, NULL, NULL, NULL, NULL, NULL, NULL, NULL, NULL, NULL, NULL, NULL, '2023', NULL),
(154, '146', NULL, NULL, NULL, NULL, NULL, NULL, NULL, NULL, NULL, NULL, NULL, NULL, NULL, NULL, NULL, NULL, NULL, NULL, NULL, NULL, NULL, NULL, NULL, NULL, NULL, NULL, NULL, NULL, NULL, NULL, NULL, NULL, NULL, NULL, NULL, NULL, '2023', NULL),
(155, '147', NULL, NULL, NULL, NULL, NULL, NULL, NULL, NULL, NULL, NULL, NULL, NULL, NULL, NULL, NULL, NULL, NULL, NULL, NULL, NULL, NULL, NULL, NULL, NULL, NULL, NULL, NULL, NULL, NULL, NULL, NULL, NULL, NULL, NULL, NULL, NULL, '2023', NULL),
(156, '148', NULL, NULL, NULL, NULL, NULL, NULL, NULL, NULL, NULL, NULL, NULL, NULL, NULL, NULL, NULL, NULL, NULL, NULL, NULL, NULL, NULL, NULL, NULL, NULL, NULL, NULL, NULL, NULL, NULL, NULL, NULL, NULL, NULL, NULL, NULL, NULL, '2023', NULL),
(157, '149', NULL, NULL, NULL, NULL, NULL, NULL, NULL, NULL, NULL, NULL, NULL, NULL, NULL, NULL, NULL, NULL, NULL, NULL, NULL, NULL, NULL, NULL, NULL, NULL, NULL, NULL, NULL, NULL, NULL, NULL, NULL, NULL, NULL, NULL, NULL, NULL, '2023', NULL),
(158, '150', NULL, NULL, NULL, NULL, NULL, NULL, NULL, NULL, NULL, NULL, NULL, NULL, NULL, NULL, NULL, NULL, NULL, NULL, NULL, NULL, NULL, NULL, NULL, NULL, NULL, NULL, NULL, NULL, NULL, NULL, NULL, NULL, NULL, NULL, NULL, NULL, '2023', NULL),
(159, '151', NULL, NULL, NULL, NULL, NULL, NULL, NULL, NULL, NULL, NULL, NULL, NULL, NULL, NULL, NULL, NULL, NULL, NULL, NULL, NULL, NULL, NULL, NULL, NULL, NULL, NULL, NULL, NULL, NULL, NULL, NULL, NULL, NULL, NULL, NULL, NULL, '2023', NULL),
(160, '152', NULL, NULL, NULL, NULL, NULL, NULL, NULL, NULL, NULL, NULL, NULL, NULL, NULL, NULL, NULL, NULL, NULL, NULL, NULL, NULL, NULL, NULL, NULL, NULL, NULL, NULL, NULL, NULL, NULL, NULL, NULL, NULL, NULL, NULL, NULL, NULL, '2023', NULL),
(161, '153', NULL, NULL, NULL, NULL, NULL, NULL, NULL, NULL, NULL, NULL, NULL, NULL, NULL, NULL, NULL, NULL, NULL, NULL, NULL, NULL, NULL, NULL, NULL, NULL, NULL, NULL, NULL, NULL, NULL, NULL, NULL, NULL, NULL, NULL, NULL, NULL, '2023', NULL),
(162, '154', NULL, NULL, NULL, NULL, NULL, NULL, NULL, NULL, NULL, NULL, NULL, NULL, NULL, NULL, NULL, NULL, NULL, NULL, NULL, NULL, NULL, NULL, NULL, NULL, NULL, NULL, NULL, NULL, NULL, NULL, NULL, NULL, NULL, NULL, NULL, NULL, '2023', NULL),
(163, '155', NULL, NULL, NULL, NULL, NULL, NULL, NULL, NULL, NULL, NULL, NULL, NULL, NULL, NULL, NULL, NULL, NULL, NULL, NULL, NULL, NULL, NULL, NULL, NULL, NULL, NULL, NULL, NULL, NULL, NULL, NULL, NULL, NULL, NULL, NULL, NULL, '2023', NULL),
(164, '156', NULL, NULL, NULL, NULL, NULL, NULL, NULL, NULL, NULL, NULL, NULL, NULL, NULL, NULL, NULL, NULL, NULL, NULL, NULL, NULL, NULL, NULL, NULL, NULL, NULL, NULL, NULL, NULL, NULL, NULL, NULL, NULL, NULL, NULL, NULL, NULL, '2023', NULL),
(165, '157', NULL, NULL, NULL, NULL, NULL, NULL, NULL, NULL, NULL, NULL, NULL, NULL, NULL, NULL, NULL, NULL, NULL, NULL, NULL, NULL, NULL, NULL, NULL, NULL, NULL, NULL, NULL, NULL, NULL, NULL, NULL, NULL, NULL, NULL, NULL, NULL, '2023', NULL),
(166, '158', NULL, NULL, NULL, NULL, NULL, NULL, NULL, NULL, NULL, NULL, NULL, NULL, NULL, NULL, NULL, NULL, NULL, NULL, NULL, NULL, NULL, NULL, NULL, NULL, NULL, NULL, NULL, NULL, NULL, NULL, NULL, NULL, NULL, NULL, NULL, NULL, '2023', NULL),
(167, '159', NULL, NULL, NULL, NULL, NULL, NULL, NULL, NULL, NULL, NULL, NULL, NULL, NULL, NULL, NULL, NULL, NULL, NULL, NULL, NULL, NULL, NULL, NULL, NULL, NULL, NULL, NULL, NULL, NULL, NULL, NULL, NULL, NULL, NULL, NULL, NULL, '2023', NULL),
(168, '160', NULL, NULL, NULL, NULL, NULL, NULL, NULL, NULL, NULL, NULL, NULL, NULL, NULL, NULL, NULL, NULL, NULL, NULL, NULL, NULL, NULL, NULL, NULL, NULL, NULL, NULL, NULL, NULL, NULL, NULL, NULL, NULL, NULL, NULL, NULL, NULL, '2023', NULL),
(169, '161', NULL, NULL, NULL, NULL, NULL, NULL, NULL, NULL, NULL, NULL, NULL, NULL, NULL, NULL, NULL, NULL, NULL, NULL, NULL, NULL, NULL, NULL, NULL, NULL, NULL, NULL, NULL, NULL, NULL, NULL, NULL, NULL, NULL, NULL, NULL, NULL, '2023', NULL),
(170, '162', NULL, NULL, NULL, NULL, NULL, NULL, NULL, NULL, NULL, NULL, NULL, NULL, NULL, NULL, NULL, NULL, NULL, NULL, NULL, NULL, NULL, NULL, NULL, NULL, NULL, NULL, NULL, NULL, NULL, NULL, NULL, NULL, NULL, NULL, NULL, NULL, '2023', NULL),
(171, '163', NULL, NULL, NULL, NULL, NULL, NULL, NULL, NULL, NULL, NULL, NULL, NULL, NULL, NULL, NULL, NULL, NULL, NULL, NULL, NULL, NULL, NULL, NULL, NULL, NULL, NULL, NULL, NULL, NULL, NULL, NULL, NULL, NULL, NULL, NULL, NULL, '2023', NULL),
(172, '164', NULL, NULL, NULL, NULL, NULL, NULL, NULL, NULL, NULL, NULL, NULL, NULL, NULL, NULL, NULL, NULL, NULL, NULL, NULL, NULL, NULL, NULL, NULL, NULL, NULL, NULL, NULL, NULL, NULL, NULL, NULL, NULL, NULL, NULL, NULL, NULL, '2023', NULL),
(173, '165', NULL, NULL, NULL, NULL, NULL, NULL, NULL, NULL, NULL, NULL, NULL, NULL, NULL, NULL, NULL, NULL, NULL, NULL, NULL, NULL, NULL, NULL, NULL, NULL, NULL, NULL, NULL, NULL, NULL, NULL, NULL, NULL, NULL, NULL, NULL, NULL, '2023', NULL),
(174, '166', NULL, NULL, NULL, NULL, NULL, NULL, NULL, NULL, NULL, NULL, NULL, NULL, NULL, NULL, NULL, NULL, NULL, NULL, NULL, NULL, NULL, NULL, NULL, NULL, NULL, NULL, NULL, NULL, NULL, NULL, NULL, NULL, NULL, NULL, NULL, NULL, '2023', NULL),
(175, '167', NULL, NULL, NULL, NULL, NULL, NULL, NULL, NULL, NULL, NULL, NULL, NULL, NULL, NULL, NULL, NULL, NULL, NULL, NULL, NULL, NULL, NULL, NULL, NULL, NULL, NULL, NULL, NULL, NULL, NULL, NULL, NULL, NULL, NULL, NULL, NULL, '2023', NULL),
(176, '168', NULL, NULL, NULL, NULL, NULL, NULL, NULL, NULL, NULL, NULL, NULL, NULL, NULL, NULL, NULL, NULL, NULL, NULL, NULL, NULL, NULL, NULL, NULL, NULL, NULL, NULL, NULL, NULL, NULL, NULL, NULL, NULL, NULL, NULL, NULL, NULL, '2023', NULL),
(177, '169', NULL, NULL, NULL, NULL, NULL, NULL, NULL, NULL, NULL, NULL, NULL, NULL, NULL, NULL, NULL, NULL, NULL, NULL, NULL, NULL, NULL, NULL, NULL, NULL, NULL, NULL, NULL, NULL, NULL, NULL, NULL, NULL, NULL, NULL, NULL, NULL, '2023', NULL),
(178, '170', NULL, NULL, NULL, NULL, NULL, NULL, NULL, NULL, NULL, NULL, NULL, NULL, NULL, NULL, NULL, NULL, NULL, NULL, NULL, NULL, NULL, NULL, NULL, NULL, NULL, NULL, NULL, NULL, NULL, NULL, NULL, NULL, NULL, NULL, NULL, NULL, '2023', NULL),
(179, '171', NULL, NULL, NULL, NULL, NULL, NULL, NULL, NULL, NULL, NULL, NULL, NULL, NULL, NULL, NULL, NULL, NULL, NULL, NULL, NULL, NULL, NULL, NULL, NULL, NULL, NULL, NULL, NULL, NULL, NULL, NULL, NULL, NULL, NULL, NULL, NULL, '2023', NULL),
(180, '172', NULL, NULL, NULL, NULL, NULL, NULL, NULL, NULL, NULL, NULL, NULL, NULL, NULL, NULL, NULL, NULL, NULL, NULL, NULL, NULL, NULL, NULL, NULL, NULL, NULL, NULL, NULL, NULL, NULL, NULL, NULL, NULL, NULL, NULL, NULL, NULL, '2023', NULL),
(181, '173', NULL, NULL, NULL, NULL, NULL, NULL, NULL, NULL, NULL, NULL, NULL, NULL, NULL, NULL, NULL, NULL, NULL, NULL, NULL, NULL, NULL, NULL, NULL, NULL, NULL, NULL, NULL, NULL, NULL, NULL, NULL, NULL, NULL, NULL, NULL, NULL, '2023', NULL),
(182, '174', NULL, NULL, NULL, NULL, NULL, NULL, NULL, NULL, NULL, NULL, NULL, NULL, NULL, NULL, NULL, NULL, NULL, NULL, NULL, NULL, NULL, NULL, NULL, NULL, NULL, NULL, NULL, NULL, NULL, NULL, NULL, NULL, NULL, NULL, NULL, NULL, '2023', NULL),
(183, '175', NULL, NULL, NULL, NULL, NULL, NULL, NULL, NULL, NULL, NULL, NULL, NULL, NULL, NULL, NULL, NULL, NULL, NULL, NULL, NULL, NULL, NULL, NULL, NULL, NULL, NULL, NULL, NULL, NULL, NULL, NULL, NULL, NULL, NULL, NULL, NULL, '2023', NULL),
(184, '176', NULL, NULL, NULL, NULL, NULL, NULL, NULL, NULL, NULL, NULL, NULL, NULL, NULL, NULL, NULL, NULL, NULL, NULL, NULL, NULL, NULL, NULL, NULL, NULL, NULL, NULL, NULL, NULL, NULL, NULL, NULL, NULL, NULL, NULL, NULL, NULL, '2023', NULL),
(185, '177', NULL, NULL, NULL, NULL, NULL, NULL, NULL, NULL, NULL, NULL, NULL, NULL, NULL, NULL, NULL, NULL, NULL, NULL, NULL, NULL, NULL, NULL, NULL, NULL, NULL, NULL, NULL, NULL, NULL, NULL, NULL, NULL, NULL, NULL, NULL, NULL, '2023', NULL),
(186, '178', NULL, NULL, NULL, NULL, NULL, NULL, NULL, NULL, NULL, NULL, NULL, NULL, NULL, NULL, NULL, NULL, NULL, NULL, NULL, NULL, NULL, NULL, NULL, NULL, NULL, NULL, NULL, NULL, NULL, NULL, NULL, NULL, NULL, NULL, NULL, NULL, '2023', NULL),
(187, '179', NULL, NULL, NULL, NULL, NULL, NULL, NULL, NULL, NULL, NULL, NULL, NULL, NULL, NULL, NULL, NULL, NULL, NULL, NULL, NULL, NULL, NULL, NULL, NULL, NULL, NULL, NULL, NULL, NULL, NULL, NULL, NULL, NULL, NULL, NULL, NULL, '2023', NULL),
(188, '180', NULL, NULL, NULL, NULL, NULL, NULL, NULL, NULL, NULL, NULL, NULL, NULL, NULL, NULL, NULL, NULL, NULL, NULL, NULL, NULL, NULL, NULL, NULL, NULL, NULL, NULL, NULL, NULL, NULL, NULL, NULL, NULL, NULL, NULL, NULL, NULL, '2023', NULL),
(189, '181', NULL, NULL, NULL, NULL, NULL, NULL, NULL, NULL, NULL, NULL, NULL, NULL, NULL, NULL, NULL, NULL, NULL, NULL, NULL, NULL, NULL, NULL, NULL, NULL, NULL, NULL, NULL, NULL, NULL, NULL, NULL, NULL, NULL, NULL, NULL, NULL, '2023', NULL),
(190, '182', NULL, NULL, NULL, NULL, NULL, NULL, NULL, NULL, NULL, NULL, NULL, NULL, NULL, NULL, NULL, NULL, NULL, NULL, NULL, NULL, NULL, NULL, NULL, NULL, NULL, NULL, NULL, NULL, NULL, NULL, NULL, NULL, NULL, NULL, NULL, NULL, '2023', NULL),
(191, '183', NULL, NULL, NULL, NULL, NULL, NULL, NULL, NULL, NULL, NULL, NULL, NULL, NULL, NULL, NULL, NULL, NULL, NULL, NULL, NULL, NULL, NULL, NULL, NULL, NULL, NULL, NULL, NULL, NULL, NULL, NULL, NULL, NULL, NULL, NULL, NULL, '2023', NULL),
(192, '184', NULL, NULL, NULL, NULL, NULL, NULL, NULL, NULL, NULL, NULL, NULL, NULL, NULL, NULL, NULL, NULL, NULL, NULL, NULL, NULL, NULL, NULL, NULL, NULL, NULL, NULL, NULL, NULL, NULL, NULL, NULL, NULL, NULL, NULL, NULL, NULL, '2023', NULL),
(193, '185', NULL, NULL, NULL, NULL, NULL, NULL, NULL, NULL, NULL, NULL, NULL, NULL, NULL, NULL, NULL, NULL, NULL, NULL, NULL, NULL, NULL, NULL, NULL, NULL, NULL, NULL, NULL, NULL, NULL, NULL, NULL, NULL, NULL, NULL, NULL, NULL, '2023', NULL),
(194, '186', NULL, NULL, NULL, NULL, NULL, NULL, NULL, NULL, NULL, NULL, NULL, NULL, NULL, NULL, NULL, NULL, NULL, NULL, NULL, NULL, NULL, NULL, NULL, NULL, NULL, NULL, NULL, NULL, NULL, NULL, NULL, NULL, NULL, NULL, NULL, NULL, '2023', NULL),
(195, '187', NULL, NULL, NULL, NULL, NULL, NULL, NULL, NULL, NULL, NULL, NULL, NULL, NULL, NULL, NULL, NULL, NULL, NULL, NULL, NULL, NULL, NULL, NULL, NULL, NULL, NULL, NULL, NULL, NULL, NULL, NULL, NULL, NULL, NULL, NULL, NULL, '2023', NULL),
(196, '188', NULL, NULL, NULL, NULL, NULL, NULL, NULL, NULL, NULL, NULL, NULL, NULL, NULL, NULL, NULL, NULL, NULL, NULL, NULL, NULL, NULL, NULL, NULL, NULL, NULL, NULL, NULL, NULL, NULL, NULL, NULL, NULL, NULL, NULL, NULL, NULL, '2023', NULL),
(197, '189', NULL, NULL, NULL, NULL, NULL, NULL, NULL, NULL, NULL, NULL, NULL, NULL, NULL, NULL, NULL, NULL, NULL, NULL, NULL, NULL, NULL, NULL, NULL, NULL, NULL, NULL, NULL, NULL, NULL, NULL, NULL, NULL, NULL, NULL, NULL, NULL, '2023', NULL),
(198, '190', NULL, NULL, NULL, NULL, NULL, NULL, NULL, NULL, NULL, NULL, NULL, NULL, NULL, NULL, NULL, NULL, NULL, NULL, NULL, NULL, NULL, NULL, NULL, NULL, NULL, NULL, NULL, NULL, NULL, NULL, NULL, NULL, NULL, NULL, NULL, NULL, '2023', NULL),
(199, '191', NULL, NULL, NULL, NULL, NULL, NULL, NULL, NULL, NULL, NULL, NULL, NULL, NULL, NULL, NULL, NULL, NULL, NULL, NULL, NULL, NULL, NULL, NULL, NULL, NULL, NULL, NULL, NULL, NULL, NULL, NULL, NULL, NULL, NULL, NULL, NULL, '2023', NULL),
(200, '192', NULL, NULL, NULL, NULL, NULL, NULL, NULL, NULL, NULL, NULL, NULL, NULL, NULL, NULL, NULL, NULL, NULL, NULL, NULL, NULL, NULL, NULL, NULL, NULL, NULL, NULL, NULL, NULL, NULL, NULL, NULL, NULL, NULL, NULL, NULL, NULL, '2023', NULL),
(201, '193', NULL, NULL, NULL, NULL, NULL, NULL, NULL, NULL, NULL, NULL, NULL, NULL, NULL, NULL, NULL, NULL, NULL, NULL, NULL, NULL, NULL, NULL, NULL, NULL, NULL, NULL, NULL, NULL, NULL, NULL, NULL, NULL, NULL, NULL, NULL, NULL, '2023', NULL),
(202, '194', NULL, NULL, NULL, NULL, NULL, NULL, NULL, NULL, NULL, NULL, NULL, NULL, NULL, NULL, NULL, NULL, NULL, NULL, NULL, NULL, NULL, NULL, NULL, NULL, NULL, NULL, NULL, NULL, NULL, NULL, NULL, NULL, NULL, NULL, NULL, NULL, '2023', NULL),
(203, '195', NULL, NULL, NULL, NULL, NULL, NULL, NULL, NULL, NULL, NULL, NULL, NULL, NULL, NULL, NULL, NULL, NULL, NULL, NULL, NULL, NULL, NULL, NULL, NULL, NULL, NULL, NULL, NULL, NULL, NULL, NULL, NULL, NULL, NULL, NULL, NULL, '2023', NULL),
(204, '196', NULL, NULL, NULL, NULL, NULL, NULL, NULL, NULL, NULL, NULL, NULL, NULL, NULL, NULL, NULL, NULL, NULL, NULL, NULL, NULL, NULL, NULL, NULL, NULL, NULL, NULL, NULL, NULL, NULL, NULL, NULL, NULL, NULL, NULL, NULL, NULL, '2023', NULL),
(205, '197', NULL, NULL, NULL, NULL, NULL, NULL, NULL, NULL, NULL, NULL, NULL, NULL, NULL, NULL, NULL, NULL, NULL, NULL, NULL, NULL, NULL, NULL, NULL, NULL, NULL, NULL, NULL, NULL, NULL, NULL, NULL, NULL, NULL, NULL, NULL, NULL, '2023', NULL),
(206, '198', NULL, NULL, NULL, NULL, NULL, NULL, NULL, NULL, NULL, NULL, NULL, NULL, NULL, NULL, NULL, NULL, NULL, NULL, NULL, NULL, NULL, NULL, NULL, NULL, NULL, NULL, NULL, NULL, NULL, NULL, NULL, NULL, NULL, NULL, NULL, NULL, '2023', NULL),
(207, '199', NULL, NULL, NULL, NULL, NULL, NULL, NULL, NULL, NULL, NULL, NULL, NULL, NULL, NULL, NULL, NULL, NULL, NULL, NULL, NULL, NULL, NULL, NULL, NULL, NULL, NULL, NULL, NULL, NULL, NULL, NULL, NULL, NULL, NULL, NULL, NULL, '2023', NULL),
(208, '200', NULL, NULL, NULL, NULL, NULL, NULL, NULL, NULL, NULL, NULL, NULL, NULL, NULL, NULL, NULL, NULL, NULL, NULL, NULL, NULL, NULL, NULL, NULL, NULL, NULL, NULL, NULL, NULL, NULL, NULL, NULL, NULL, NULL, NULL, NULL, NULL, '2023', NULL),
(209, '201', NULL, NULL, NULL, NULL, NULL, NULL, NULL, NULL, NULL, NULL, NULL, NULL, NULL, NULL, NULL, NULL, NULL, NULL, NULL, NULL, NULL, NULL, NULL, NULL, NULL, NULL, NULL, NULL, NULL, NULL, NULL, NULL, NULL, NULL, NULL, NULL, '2023', NULL),
(210, '202', NULL, NULL, NULL, NULL, NULL, NULL, NULL, NULL, NULL, NULL, NULL, NULL, NULL, NULL, NULL, NULL, NULL, NULL, NULL, NULL, NULL, NULL, NULL, NULL, NULL, NULL, NULL, NULL, NULL, NULL, NULL, NULL, NULL, NULL, NULL, NULL, '2023', NULL),
(211, '203', NULL, NULL, NULL, NULL, NULL, NULL, NULL, NULL, NULL, NULL, NULL, NULL, NULL, NULL, NULL, NULL, NULL, NULL, NULL, NULL, NULL, NULL, NULL, NULL, NULL, NULL, NULL, NULL, NULL, NULL, NULL, NULL, NULL, NULL, NULL, NULL, '2023', NULL),
(212, '204', NULL, NULL, NULL, NULL, NULL, NULL, NULL, NULL, NULL, NULL, NULL, NULL, NULL, NULL, NULL, NULL, NULL, NULL, NULL, NULL, NULL, NULL, NULL, NULL, NULL, NULL, NULL, NULL, NULL, NULL, NULL, NULL, NULL, NULL, NULL, NULL, '2023', NULL),
(213, '205', NULL, NULL, NULL, NULL, NULL, NULL, NULL, NULL, NULL, NULL, NULL, NULL, NULL, NULL, NULL, NULL, NULL, NULL, NULL, NULL, NULL, NULL, NULL, NULL, NULL, NULL, NULL, NULL, NULL, NULL, NULL, NULL, NULL, NULL, NULL, NULL, '2023', NULL),
(214, '206', NULL, NULL, NULL, NULL, NULL, NULL, NULL, NULL, NULL, NULL, NULL, NULL, NULL, NULL, NULL, NULL, NULL, NULL, NULL, NULL, NULL, NULL, NULL, NULL, NULL, NULL, NULL, NULL, NULL, NULL, NULL, NULL, NULL, NULL, NULL, NULL, '2023', NULL),
(215, '207', NULL, NULL, NULL, NULL, NULL, NULL, NULL, NULL, NULL, NULL, NULL, NULL, NULL, NULL, NULL, NULL, NULL, NULL, NULL, NULL, NULL, NULL, NULL, NULL, NULL, NULL, NULL, NULL, NULL, NULL, NULL, NULL, NULL, NULL, NULL, NULL, '2023', NULL),
(216, '208', NULL, NULL, NULL, NULL, NULL, NULL, NULL, NULL, NULL, NULL, NULL, NULL, NULL, NULL, NULL, NULL, NULL, NULL, NULL, NULL, NULL, NULL, NULL, NULL, NULL, NULL, NULL, NULL, NULL, NULL, NULL, NULL, NULL, NULL, NULL, NULL, '2023', NULL),
(217, '209', NULL, NULL, NULL, NULL, NULL, NULL, NULL, NULL, NULL, NULL, NULL, NULL, NULL, NULL, NULL, NULL, NULL, NULL, NULL, NULL, NULL, NULL, NULL, NULL, NULL, NULL, NULL, NULL, NULL, NULL, NULL, NULL, NULL, NULL, NULL, NULL, '2023', NULL),
(218, '210', NULL, NULL, NULL, NULL, NULL, NULL, NULL, NULL, NULL, NULL, NULL, NULL, NULL, NULL, NULL, NULL, NULL, NULL, NULL, NULL, NULL, NULL, NULL, NULL, NULL, NULL, NULL, NULL, NULL, NULL, NULL, NULL, NULL, NULL, NULL, NULL, '2023', NULL),
(219, '211', NULL, NULL, NULL, NULL, NULL, NULL, NULL, NULL, NULL, NULL, NULL, NULL, NULL, NULL, NULL, NULL, NULL, NULL, NULL, NULL, NULL, NULL, NULL, NULL, NULL, NULL, NULL, NULL, NULL, NULL, NULL, NULL, NULL, NULL, NULL, NULL, '2023', NULL),
(220, '212', NULL, NULL, NULL, NULL, NULL, NULL, NULL, NULL, NULL, NULL, NULL, NULL, NULL, NULL, NULL, NULL, NULL, NULL, NULL, NULL, NULL, NULL, NULL, NULL, NULL, NULL, NULL, NULL, NULL, NULL, NULL, NULL, NULL, NULL, NULL, NULL, '2023', NULL),
(221, '213', NULL, NULL, NULL, NULL, NULL, NULL, NULL, NULL, NULL, NULL, NULL, NULL, NULL, NULL, NULL, NULL, NULL, NULL, NULL, NULL, NULL, NULL, NULL, NULL, NULL, NULL, NULL, NULL, NULL, NULL, NULL, NULL, NULL, NULL, NULL, NULL, '2023', NULL),
(222, '214', NULL, NULL, NULL, NULL, NULL, NULL, NULL, NULL, NULL, NULL, NULL, NULL, NULL, NULL, NULL, NULL, NULL, NULL, NULL, NULL, NULL, NULL, NULL, NULL, NULL, NULL, NULL, NULL, NULL, NULL, NULL, NULL, NULL, NULL, NULL, NULL, '2023', NULL),
(223, '215', NULL, NULL, NULL, NULL, NULL, NULL, NULL, NULL, NULL, NULL, NULL, NULL, NULL, NULL, NULL, NULL, NULL, NULL, NULL, NULL, NULL, NULL, NULL, NULL, NULL, NULL, NULL, NULL, NULL, NULL, NULL, NULL, NULL, NULL, NULL, NULL, '2023', NULL),
(224, '216', NULL, NULL, NULL, NULL, NULL, NULL, NULL, NULL, NULL, NULL, NULL, NULL, NULL, NULL, NULL, NULL, NULL, NULL, NULL, NULL, NULL, NULL, NULL, NULL, NULL, NULL, NULL, NULL, NULL, NULL, NULL, NULL, NULL, NULL, NULL, NULL, '2023', NULL),
(225, '217', NULL, NULL, NULL, NULL, NULL, NULL, NULL, NULL, NULL, NULL, NULL, NULL, NULL, NULL, NULL, NULL, NULL, NULL, NULL, NULL, NULL, NULL, NULL, NULL, NULL, NULL, NULL, NULL, NULL, NULL, NULL, NULL, NULL, NULL, NULL, NULL, '2023', NULL),
(226, '218', NULL, NULL, NULL, NULL, NULL, NULL, NULL, NULL, NULL, NULL, NULL, NULL, NULL, NULL, NULL, NULL, NULL, NULL, NULL, NULL, NULL, NULL, NULL, NULL, NULL, NULL, NULL, NULL, NULL, NULL, NULL, NULL, NULL, NULL, NULL, NULL, '2023', NULL),
(227, '219', NULL, NULL, NULL, NULL, NULL, NULL, NULL, NULL, NULL, NULL, NULL, NULL, NULL, NULL, NULL, NULL, NULL, NULL, NULL, NULL, NULL, NULL, NULL, NULL, NULL, NULL, NULL, NULL, NULL, NULL, NULL, NULL, NULL, NULL, NULL, NULL, '2023', NULL),
(228, '220', NULL, NULL, NULL, NULL, NULL, NULL, NULL, NULL, NULL, NULL, NULL, NULL, NULL, NULL, NULL, NULL, NULL, NULL, NULL, NULL, NULL, NULL, NULL, NULL, NULL, NULL, NULL, NULL, NULL, NULL, NULL, NULL, NULL, NULL, NULL, NULL, '2023', NULL),
(229, '221', NULL, NULL, NULL, NULL, NULL, NULL, NULL, NULL, NULL, NULL, NULL, NULL, NULL, NULL, NULL, NULL, NULL, NULL, NULL, NULL, NULL, NULL, NULL, NULL, NULL, NULL, NULL, NULL, NULL, NULL, NULL, NULL, NULL, NULL, NULL, NULL, '2023', NULL),
(230, '222', NULL, NULL, NULL, NULL, NULL, NULL, NULL, NULL, NULL, NULL, NULL, NULL, NULL, NULL, NULL, NULL, NULL, NULL, NULL, NULL, NULL, NULL, NULL, NULL, NULL, NULL, NULL, NULL, NULL, NULL, NULL, NULL, NULL, NULL, NULL, NULL, '2023', NULL),
(231, '223', NULL, NULL, NULL, NULL, NULL, NULL, NULL, NULL, NULL, NULL, NULL, NULL, NULL, NULL, NULL, NULL, NULL, NULL, NULL, NULL, NULL, NULL, NULL, NULL, NULL, NULL, NULL, NULL, NULL, NULL, NULL, NULL, NULL, NULL, NULL, NULL, '2023', NULL),
(232, '224', NULL, NULL, NULL, NULL, NULL, NULL, NULL, NULL, NULL, NULL, NULL, NULL, NULL, NULL, NULL, NULL, NULL, NULL, NULL, NULL, NULL, NULL, NULL, NULL, NULL, NULL, NULL, NULL, NULL, NULL, NULL, NULL, NULL, NULL, NULL, NULL, '2023', NULL),
(233, '225', NULL, NULL, NULL, NULL, NULL, NULL, NULL, NULL, NULL, NULL, NULL, NULL, NULL, NULL, NULL, NULL, NULL, NULL, NULL, NULL, NULL, NULL, NULL, NULL, NULL, NULL, NULL, NULL, NULL, NULL, NULL, NULL, NULL, NULL, NULL, NULL, '2023', NULL),
(234, '226', NULL, NULL, NULL, NULL, NULL, NULL, NULL, NULL, NULL, NULL, NULL, NULL, NULL, NULL, NULL, NULL, NULL, NULL, NULL, NULL, NULL, NULL, NULL, NULL, NULL, NULL, NULL, NULL, NULL, NULL, NULL, NULL, NULL, NULL, NULL, NULL, '2023', NULL),
(235, '227', NULL, NULL, NULL, NULL, NULL, NULL, NULL, NULL, NULL, NULL, NULL, NULL, NULL, NULL, NULL, NULL, NULL, NULL, NULL, NULL, NULL, NULL, NULL, NULL, NULL, NULL, NULL, NULL, NULL, NULL, NULL, NULL, NULL, NULL, NULL, NULL, '2023', NULL),
(236, '228', NULL, NULL, NULL, NULL, NULL, NULL, NULL, NULL, NULL, NULL, NULL, NULL, NULL, NULL, NULL, NULL, NULL, NULL, NULL, NULL, NULL, NULL, NULL, NULL, NULL, NULL, NULL, NULL, NULL, NULL, NULL, NULL, NULL, NULL, NULL, NULL, '2023', NULL),
(237, '229', NULL, NULL, NULL, NULL, NULL, NULL, NULL, NULL, NULL, NULL, NULL, NULL, NULL, NULL, NULL, NULL, NULL, NULL, NULL, NULL, NULL, NULL, NULL, NULL, NULL, NULL, NULL, NULL, NULL, NULL, NULL, NULL, NULL, NULL, NULL, NULL, '2023', NULL),
(238, '230', NULL, NULL, NULL, NULL, NULL, NULL, NULL, NULL, NULL, NULL, NULL, NULL, NULL, NULL, NULL, NULL, NULL, NULL, NULL, NULL, NULL, NULL, NULL, NULL, NULL, NULL, NULL, NULL, NULL, NULL, NULL, NULL, NULL, NULL, NULL, NULL, '2023', NULL),
(239, '231', NULL, NULL, NULL, NULL, NULL, NULL, NULL, NULL, NULL, NULL, NULL, NULL, NULL, NULL, NULL, NULL, NULL, NULL, NULL, NULL, NULL, NULL, NULL, NULL, NULL, NULL, NULL, NULL, NULL, NULL, NULL, NULL, NULL, NULL, NULL, NULL, '2023', NULL),
(240, '232', NULL, NULL, NULL, NULL, NULL, NULL, NULL, NULL, NULL, NULL, NULL, NULL, NULL, NULL, NULL, NULL, NULL, NULL, NULL, NULL, NULL, NULL, NULL, NULL, NULL, NULL, NULL, NULL, NULL, NULL, NULL, NULL, NULL, NULL, NULL, NULL, '2023', NULL),
(241, '233', NULL, NULL, NULL, NULL, NULL, NULL, NULL, NULL, NULL, NULL, NULL, NULL, NULL, NULL, NULL, NULL, NULL, NULL, NULL, NULL, NULL, NULL, NULL, NULL, NULL, NULL, NULL, NULL, NULL, NULL, NULL, NULL, NULL, NULL, NULL, NULL, '2023', NULL),
(242, '234', NULL, NULL, NULL, NULL, NULL, NULL, NULL, NULL, NULL, NULL, NULL, NULL, NULL, NULL, NULL, NULL, NULL, NULL, NULL, NULL, NULL, NULL, NULL, NULL, NULL, NULL, NULL, NULL, NULL, NULL, NULL, NULL, NULL, NULL, NULL, NULL, '2023', NULL);
INSERT INTO `periodic_maintenence` (`Periodic_Maintenence_ID`, `Asset_ID`, `M_1`, `E_M_1`, `D_M_1`, `M_2`, `E_M_2`, `D_M_2`, `M_3`, `E_M_3`, `D_M_3`, `M_4`, `E_M_4`, `D_M_4`, `M_5`, `E_M_5`, `D_M_5`, `M_6`, `E_M_6`, `D_M_6`, `M_7`, `E_M_7`, `D_M_7`, `M_8`, `E_M_8`, `D_M_8`, `M_9`, `E_M_9`, `D_M_9`, `M_10`, `E_M_10`, `D_M_10`, `M_11`, `E_M_11`, `D_M_11`, `M_12`, `E_M_12`, `D_M_12`, `Year`, `Last_Periodic_Maintenance_Date`) VALUES
(243, '235', NULL, NULL, NULL, NULL, NULL, NULL, NULL, NULL, NULL, NULL, NULL, NULL, NULL, NULL, NULL, NULL, NULL, NULL, NULL, NULL, NULL, NULL, NULL, NULL, NULL, NULL, NULL, NULL, NULL, NULL, NULL, NULL, NULL, NULL, NULL, NULL, '2023', NULL),
(244, '236', NULL, NULL, NULL, NULL, NULL, NULL, NULL, NULL, NULL, NULL, NULL, NULL, NULL, NULL, NULL, NULL, NULL, NULL, NULL, NULL, NULL, NULL, NULL, NULL, NULL, NULL, NULL, NULL, NULL, NULL, NULL, NULL, NULL, NULL, NULL, NULL, '2023', NULL),
(245, '237', NULL, NULL, NULL, NULL, NULL, NULL, NULL, NULL, NULL, NULL, NULL, NULL, NULL, NULL, NULL, NULL, NULL, NULL, NULL, NULL, NULL, NULL, NULL, NULL, NULL, NULL, NULL, NULL, NULL, NULL, NULL, NULL, NULL, NULL, NULL, NULL, '2023', NULL),
(246, '238', NULL, NULL, NULL, NULL, NULL, NULL, NULL, NULL, NULL, NULL, NULL, NULL, NULL, NULL, NULL, NULL, NULL, NULL, NULL, NULL, NULL, NULL, NULL, NULL, NULL, NULL, NULL, NULL, NULL, NULL, NULL, NULL, NULL, NULL, NULL, NULL, '2023', NULL),
(247, '239', NULL, NULL, NULL, NULL, NULL, NULL, NULL, NULL, NULL, NULL, NULL, NULL, NULL, NULL, NULL, NULL, NULL, NULL, NULL, NULL, NULL, NULL, NULL, NULL, NULL, NULL, NULL, NULL, NULL, NULL, NULL, NULL, NULL, NULL, NULL, NULL, '2023', NULL),
(248, '240', NULL, NULL, NULL, NULL, NULL, NULL, NULL, NULL, NULL, NULL, NULL, NULL, NULL, NULL, NULL, NULL, NULL, NULL, NULL, NULL, NULL, NULL, NULL, NULL, NULL, NULL, NULL, NULL, NULL, NULL, NULL, NULL, NULL, NULL, NULL, NULL, '2023', NULL),
(249, '241', NULL, NULL, NULL, NULL, NULL, NULL, NULL, NULL, NULL, NULL, NULL, NULL, NULL, NULL, NULL, NULL, NULL, NULL, NULL, NULL, NULL, NULL, NULL, NULL, NULL, NULL, NULL, NULL, NULL, NULL, NULL, NULL, NULL, NULL, NULL, NULL, '2023', NULL),
(250, '242', NULL, NULL, NULL, NULL, NULL, NULL, NULL, NULL, NULL, NULL, NULL, NULL, NULL, NULL, NULL, NULL, NULL, NULL, NULL, NULL, NULL, NULL, NULL, NULL, NULL, NULL, NULL, NULL, NULL, NULL, NULL, NULL, NULL, NULL, NULL, NULL, '2023', NULL),
(251, '243', NULL, NULL, NULL, NULL, NULL, NULL, NULL, NULL, NULL, NULL, NULL, NULL, NULL, NULL, NULL, NULL, NULL, NULL, NULL, NULL, NULL, NULL, NULL, NULL, NULL, NULL, NULL, NULL, NULL, NULL, NULL, NULL, NULL, NULL, NULL, NULL, '2023', NULL),
(252, '244', NULL, NULL, NULL, NULL, NULL, NULL, NULL, NULL, NULL, NULL, NULL, NULL, NULL, NULL, NULL, NULL, NULL, NULL, NULL, NULL, NULL, NULL, NULL, NULL, NULL, NULL, NULL, NULL, NULL, NULL, NULL, NULL, NULL, NULL, NULL, NULL, '2023', NULL),
(253, '245', NULL, NULL, NULL, NULL, NULL, NULL, NULL, NULL, NULL, NULL, NULL, NULL, NULL, NULL, NULL, NULL, NULL, NULL, NULL, NULL, NULL, NULL, NULL, NULL, NULL, NULL, NULL, NULL, NULL, NULL, NULL, NULL, NULL, NULL, NULL, NULL, '2023', NULL),
(254, '246', NULL, NULL, NULL, NULL, NULL, NULL, NULL, NULL, NULL, NULL, NULL, NULL, NULL, NULL, NULL, NULL, NULL, NULL, NULL, NULL, NULL, NULL, NULL, NULL, NULL, NULL, NULL, NULL, NULL, NULL, NULL, NULL, NULL, NULL, NULL, NULL, '2023', NULL),
(255, '247', NULL, NULL, NULL, NULL, NULL, NULL, NULL, NULL, NULL, NULL, NULL, NULL, NULL, NULL, NULL, NULL, NULL, NULL, NULL, NULL, NULL, NULL, NULL, NULL, NULL, NULL, NULL, NULL, NULL, NULL, NULL, NULL, NULL, NULL, NULL, NULL, '2023', NULL),
(256, '248', NULL, NULL, NULL, NULL, NULL, NULL, NULL, NULL, NULL, NULL, NULL, NULL, NULL, NULL, NULL, NULL, NULL, NULL, NULL, NULL, NULL, NULL, NULL, NULL, NULL, NULL, NULL, NULL, NULL, NULL, NULL, NULL, NULL, NULL, NULL, NULL, '2023', NULL),
(257, '249', NULL, NULL, NULL, NULL, NULL, NULL, NULL, NULL, NULL, NULL, NULL, NULL, NULL, NULL, NULL, NULL, NULL, NULL, NULL, NULL, NULL, NULL, NULL, NULL, NULL, NULL, NULL, NULL, NULL, NULL, NULL, NULL, NULL, NULL, NULL, NULL, '2023', NULL),
(258, '250', NULL, NULL, NULL, NULL, NULL, NULL, NULL, NULL, NULL, NULL, NULL, NULL, NULL, NULL, NULL, NULL, NULL, NULL, NULL, NULL, NULL, NULL, NULL, NULL, NULL, NULL, NULL, NULL, NULL, NULL, NULL, NULL, NULL, NULL, NULL, NULL, '2023', NULL),
(259, '251', NULL, NULL, NULL, NULL, NULL, NULL, NULL, NULL, NULL, NULL, NULL, NULL, NULL, NULL, NULL, NULL, NULL, NULL, NULL, NULL, NULL, NULL, NULL, NULL, NULL, NULL, NULL, NULL, NULL, NULL, NULL, NULL, NULL, NULL, NULL, NULL, '2023', NULL),
(260, '252', NULL, NULL, NULL, NULL, NULL, NULL, NULL, NULL, NULL, NULL, NULL, NULL, NULL, NULL, NULL, NULL, NULL, NULL, NULL, NULL, NULL, NULL, NULL, NULL, NULL, NULL, NULL, NULL, NULL, NULL, NULL, NULL, NULL, NULL, NULL, NULL, '2023', NULL),
(261, '253', NULL, NULL, NULL, NULL, NULL, NULL, NULL, NULL, NULL, NULL, NULL, NULL, NULL, NULL, NULL, NULL, NULL, NULL, NULL, NULL, NULL, NULL, NULL, NULL, NULL, NULL, NULL, NULL, NULL, NULL, NULL, NULL, NULL, NULL, NULL, NULL, '2023', NULL),
(262, '254', NULL, NULL, NULL, NULL, NULL, NULL, NULL, NULL, NULL, NULL, NULL, NULL, NULL, NULL, NULL, NULL, NULL, NULL, NULL, NULL, NULL, NULL, NULL, NULL, NULL, NULL, NULL, NULL, NULL, NULL, NULL, NULL, NULL, NULL, NULL, NULL, '2023', NULL),
(263, '255', NULL, NULL, NULL, NULL, NULL, NULL, NULL, NULL, NULL, NULL, NULL, NULL, NULL, NULL, NULL, NULL, NULL, NULL, NULL, NULL, NULL, NULL, NULL, NULL, NULL, NULL, NULL, NULL, NULL, NULL, NULL, NULL, NULL, NULL, NULL, NULL, '2023', NULL),
(264, '256', NULL, NULL, NULL, NULL, NULL, NULL, NULL, NULL, NULL, NULL, NULL, NULL, NULL, NULL, NULL, NULL, NULL, NULL, NULL, NULL, NULL, NULL, NULL, NULL, NULL, NULL, NULL, NULL, NULL, NULL, NULL, NULL, NULL, NULL, NULL, NULL, '2023', NULL),
(265, '257', NULL, NULL, NULL, NULL, NULL, NULL, NULL, NULL, NULL, NULL, NULL, NULL, NULL, NULL, NULL, NULL, NULL, NULL, NULL, NULL, NULL, NULL, NULL, NULL, NULL, NULL, NULL, NULL, NULL, NULL, NULL, NULL, NULL, NULL, NULL, NULL, '2023', NULL),
(266, '258', NULL, NULL, NULL, NULL, NULL, NULL, NULL, NULL, NULL, NULL, NULL, NULL, NULL, NULL, NULL, NULL, NULL, NULL, NULL, NULL, NULL, NULL, NULL, NULL, NULL, NULL, NULL, NULL, NULL, NULL, NULL, NULL, NULL, NULL, NULL, NULL, '2023', NULL),
(267, '259', NULL, NULL, NULL, NULL, NULL, NULL, NULL, NULL, NULL, NULL, NULL, NULL, NULL, NULL, NULL, NULL, NULL, NULL, NULL, NULL, NULL, NULL, NULL, NULL, NULL, NULL, NULL, NULL, NULL, NULL, NULL, NULL, NULL, NULL, NULL, NULL, '2023', NULL),
(268, '260', NULL, NULL, NULL, NULL, NULL, NULL, NULL, NULL, NULL, NULL, NULL, NULL, NULL, NULL, NULL, NULL, NULL, NULL, NULL, NULL, NULL, NULL, NULL, NULL, NULL, NULL, NULL, NULL, NULL, NULL, NULL, NULL, NULL, NULL, NULL, NULL, '2023', NULL),
(269, '262', NULL, NULL, NULL, NULL, NULL, NULL, NULL, NULL, NULL, NULL, NULL, NULL, NULL, NULL, NULL, NULL, NULL, NULL, NULL, NULL, NULL, NULL, NULL, NULL, NULL, NULL, NULL, NULL, NULL, NULL, NULL, NULL, NULL, NULL, NULL, NULL, '2023', NULL),
(270, '263', NULL, NULL, NULL, NULL, NULL, NULL, NULL, NULL, NULL, NULL, NULL, NULL, NULL, NULL, NULL, NULL, NULL, NULL, NULL, NULL, NULL, NULL, NULL, NULL, NULL, NULL, NULL, NULL, NULL, NULL, NULL, NULL, NULL, NULL, NULL, NULL, '2023', NULL),
(271, '264', NULL, NULL, NULL, NULL, NULL, NULL, NULL, NULL, NULL, NULL, NULL, NULL, NULL, NULL, NULL, NULL, NULL, NULL, NULL, NULL, NULL, NULL, NULL, NULL, NULL, NULL, NULL, NULL, NULL, NULL, NULL, NULL, NULL, NULL, NULL, NULL, '2023', NULL),
(272, '265', NULL, NULL, NULL, NULL, NULL, NULL, NULL, NULL, NULL, NULL, NULL, NULL, NULL, NULL, NULL, NULL, NULL, NULL, NULL, NULL, NULL, NULL, NULL, NULL, NULL, NULL, NULL, NULL, NULL, NULL, NULL, NULL, NULL, NULL, NULL, NULL, '2023', NULL),
(273, '266', NULL, NULL, NULL, NULL, NULL, NULL, NULL, NULL, NULL, NULL, NULL, NULL, NULL, NULL, NULL, NULL, NULL, NULL, NULL, NULL, NULL, NULL, NULL, NULL, NULL, NULL, NULL, NULL, NULL, NULL, NULL, NULL, NULL, NULL, NULL, NULL, '2023', NULL),
(274, '267', NULL, NULL, NULL, NULL, NULL, NULL, NULL, NULL, NULL, NULL, NULL, NULL, NULL, NULL, NULL, NULL, NULL, NULL, NULL, NULL, NULL, NULL, NULL, NULL, NULL, NULL, NULL, NULL, NULL, NULL, NULL, NULL, NULL, NULL, NULL, NULL, '2023', NULL),
(275, '268', NULL, NULL, NULL, NULL, NULL, NULL, NULL, NULL, NULL, NULL, NULL, NULL, NULL, NULL, NULL, NULL, NULL, NULL, NULL, NULL, NULL, NULL, NULL, NULL, NULL, NULL, NULL, NULL, NULL, NULL, NULL, NULL, NULL, NULL, NULL, NULL, '2023', NULL),
(277, '270', NULL, NULL, NULL, NULL, NULL, NULL, NULL, NULL, NULL, NULL, NULL, NULL, NULL, NULL, NULL, NULL, NULL, NULL, NULL, NULL, NULL, NULL, NULL, NULL, NULL, NULL, NULL, NULL, NULL, NULL, NULL, NULL, NULL, NULL, NULL, NULL, '2023', NULL),
(278, '271', NULL, NULL, NULL, NULL, NULL, NULL, NULL, NULL, NULL, NULL, NULL, NULL, NULL, NULL, NULL, NULL, NULL, NULL, NULL, NULL, NULL, NULL, NULL, NULL, NULL, NULL, NULL, NULL, NULL, NULL, NULL, NULL, NULL, NULL, NULL, NULL, '2023', NULL),
(279, '272', NULL, NULL, NULL, NULL, NULL, NULL, NULL, NULL, NULL, NULL, NULL, NULL, NULL, NULL, NULL, NULL, NULL, NULL, NULL, NULL, NULL, NULL, NULL, NULL, NULL, NULL, NULL, NULL, NULL, NULL, NULL, NULL, NULL, NULL, NULL, NULL, '2023', NULL),
(280, '273', NULL, NULL, NULL, NULL, NULL, NULL, NULL, NULL, NULL, NULL, NULL, NULL, NULL, NULL, NULL, NULL, NULL, NULL, NULL, NULL, NULL, NULL, NULL, NULL, NULL, NULL, NULL, NULL, NULL, NULL, NULL, NULL, NULL, NULL, NULL, NULL, '2023', NULL),
(281, '274', NULL, NULL, NULL, NULL, NULL, NULL, NULL, NULL, NULL, NULL, NULL, NULL, NULL, NULL, NULL, NULL, NULL, NULL, NULL, NULL, NULL, NULL, NULL, NULL, NULL, NULL, NULL, NULL, NULL, NULL, NULL, NULL, NULL, NULL, NULL, NULL, '2023', NULL),
(282, '275', NULL, NULL, NULL, NULL, NULL, NULL, NULL, NULL, NULL, NULL, NULL, NULL, NULL, NULL, NULL, NULL, NULL, NULL, NULL, NULL, NULL, NULL, NULL, NULL, NULL, NULL, NULL, NULL, NULL, NULL, NULL, NULL, NULL, NULL, NULL, NULL, '2023', NULL),
(283, '276', NULL, NULL, NULL, NULL, NULL, NULL, NULL, NULL, NULL, NULL, NULL, NULL, NULL, NULL, NULL, NULL, NULL, NULL, NULL, NULL, NULL, NULL, NULL, NULL, NULL, NULL, NULL, NULL, NULL, NULL, NULL, NULL, NULL, NULL, NULL, NULL, '2023', NULL),
(284, '277', NULL, NULL, NULL, NULL, NULL, NULL, NULL, NULL, NULL, NULL, NULL, NULL, NULL, NULL, NULL, NULL, NULL, NULL, NULL, NULL, NULL, NULL, NULL, NULL, NULL, NULL, NULL, NULL, NULL, NULL, NULL, NULL, NULL, NULL, NULL, NULL, '2023', NULL),
(285, '278', NULL, NULL, NULL, NULL, NULL, NULL, NULL, NULL, NULL, NULL, NULL, NULL, NULL, NULL, NULL, NULL, NULL, NULL, NULL, NULL, NULL, NULL, NULL, NULL, NULL, NULL, NULL, NULL, NULL, NULL, NULL, NULL, NULL, NULL, NULL, NULL, '2023', NULL),
(286, '279', NULL, NULL, NULL, NULL, NULL, NULL, NULL, NULL, NULL, NULL, NULL, NULL, NULL, NULL, NULL, NULL, NULL, NULL, NULL, NULL, NULL, NULL, NULL, NULL, NULL, NULL, NULL, NULL, NULL, NULL, NULL, NULL, NULL, NULL, NULL, NULL, '2023', NULL),
(287, '280', NULL, NULL, NULL, NULL, NULL, NULL, NULL, NULL, NULL, NULL, NULL, NULL, NULL, NULL, NULL, NULL, NULL, NULL, NULL, NULL, NULL, NULL, NULL, NULL, NULL, NULL, NULL, NULL, NULL, NULL, NULL, NULL, NULL, NULL, NULL, NULL, '2023', NULL),
(288, '281', NULL, NULL, NULL, NULL, NULL, NULL, NULL, NULL, NULL, NULL, NULL, NULL, NULL, NULL, NULL, NULL, NULL, NULL, NULL, NULL, NULL, NULL, NULL, NULL, NULL, NULL, NULL, NULL, NULL, NULL, NULL, NULL, NULL, NULL, NULL, NULL, '2023', NULL),
(289, '282', NULL, NULL, NULL, NULL, NULL, NULL, NULL, NULL, NULL, NULL, NULL, NULL, NULL, NULL, NULL, NULL, NULL, NULL, NULL, NULL, NULL, NULL, NULL, NULL, NULL, NULL, NULL, NULL, NULL, NULL, NULL, NULL, NULL, NULL, NULL, NULL, '2023', NULL),
(290, '283', NULL, NULL, NULL, NULL, NULL, NULL, NULL, NULL, NULL, NULL, NULL, NULL, NULL, NULL, NULL, NULL, NULL, NULL, NULL, NULL, NULL, NULL, NULL, NULL, NULL, NULL, NULL, NULL, NULL, NULL, NULL, NULL, NULL, NULL, NULL, NULL, '2023', NULL),
(291, '284', NULL, NULL, NULL, NULL, NULL, NULL, NULL, NULL, NULL, NULL, NULL, NULL, NULL, NULL, NULL, NULL, NULL, NULL, NULL, NULL, NULL, NULL, NULL, NULL, NULL, NULL, NULL, NULL, NULL, NULL, NULL, NULL, NULL, NULL, NULL, NULL, '2023', NULL),
(292, '285', NULL, NULL, NULL, NULL, NULL, NULL, NULL, NULL, NULL, NULL, NULL, NULL, NULL, NULL, NULL, NULL, NULL, NULL, NULL, NULL, NULL, NULL, NULL, NULL, NULL, NULL, NULL, NULL, NULL, NULL, NULL, NULL, NULL, NULL, NULL, NULL, '2023', NULL),
(293, '286', NULL, NULL, NULL, NULL, NULL, NULL, NULL, NULL, NULL, NULL, NULL, NULL, NULL, NULL, NULL, NULL, NULL, NULL, NULL, NULL, NULL, NULL, NULL, NULL, NULL, NULL, NULL, NULL, NULL, NULL, NULL, NULL, NULL, NULL, NULL, NULL, '2023', NULL),
(294, '287', NULL, NULL, NULL, NULL, NULL, NULL, NULL, NULL, NULL, NULL, NULL, NULL, NULL, NULL, NULL, NULL, NULL, NULL, NULL, NULL, NULL, NULL, NULL, NULL, NULL, NULL, NULL, NULL, NULL, NULL, NULL, NULL, NULL, NULL, NULL, NULL, '2023', NULL),
(295, '288', NULL, NULL, NULL, NULL, NULL, NULL, NULL, NULL, NULL, NULL, NULL, NULL, NULL, NULL, NULL, NULL, NULL, NULL, NULL, NULL, NULL, NULL, NULL, NULL, NULL, NULL, NULL, NULL, NULL, NULL, NULL, NULL, NULL, NULL, NULL, NULL, '2023', NULL),
(296, '289', NULL, NULL, NULL, NULL, NULL, NULL, NULL, NULL, NULL, NULL, NULL, NULL, NULL, NULL, NULL, NULL, NULL, NULL, NULL, NULL, NULL, NULL, NULL, NULL, NULL, NULL, NULL, NULL, NULL, NULL, NULL, NULL, NULL, NULL, NULL, NULL, '2023', NULL),
(297, '290', NULL, NULL, NULL, NULL, NULL, NULL, NULL, NULL, NULL, NULL, NULL, NULL, NULL, NULL, NULL, NULL, NULL, NULL, NULL, NULL, NULL, NULL, NULL, NULL, NULL, NULL, NULL, NULL, NULL, NULL, NULL, NULL, NULL, NULL, NULL, NULL, '2023', NULL),
(298, '291', NULL, NULL, NULL, NULL, NULL, NULL, NULL, NULL, NULL, NULL, NULL, NULL, NULL, NULL, NULL, NULL, NULL, NULL, NULL, NULL, NULL, NULL, NULL, NULL, NULL, NULL, NULL, NULL, NULL, NULL, NULL, NULL, NULL, NULL, NULL, NULL, '2023', NULL),
(299, '292', NULL, NULL, NULL, NULL, NULL, NULL, NULL, NULL, NULL, NULL, NULL, NULL, NULL, NULL, NULL, NULL, NULL, NULL, NULL, NULL, NULL, NULL, NULL, NULL, NULL, NULL, NULL, NULL, NULL, NULL, NULL, NULL, NULL, NULL, NULL, NULL, '2023', NULL),
(300, '293', NULL, NULL, NULL, NULL, NULL, NULL, NULL, NULL, NULL, NULL, NULL, NULL, NULL, NULL, NULL, NULL, NULL, NULL, NULL, NULL, NULL, NULL, NULL, NULL, NULL, NULL, NULL, NULL, NULL, NULL, NULL, NULL, NULL, NULL, NULL, NULL, '2023', NULL),
(301, '294', NULL, NULL, NULL, NULL, NULL, NULL, NULL, NULL, NULL, NULL, NULL, NULL, NULL, NULL, NULL, NULL, NULL, NULL, NULL, NULL, NULL, NULL, NULL, NULL, NULL, NULL, NULL, NULL, NULL, NULL, NULL, NULL, NULL, NULL, NULL, NULL, '2023', NULL),
(302, '295', NULL, NULL, NULL, NULL, NULL, NULL, NULL, NULL, NULL, NULL, NULL, NULL, NULL, NULL, NULL, NULL, NULL, NULL, NULL, NULL, NULL, NULL, NULL, NULL, NULL, NULL, NULL, NULL, NULL, NULL, NULL, NULL, NULL, NULL, NULL, NULL, '2023', NULL),
(303, '296', NULL, NULL, NULL, NULL, NULL, NULL, NULL, NULL, NULL, NULL, NULL, NULL, NULL, NULL, NULL, NULL, NULL, NULL, NULL, NULL, NULL, NULL, NULL, NULL, NULL, NULL, NULL, NULL, NULL, NULL, NULL, NULL, NULL, NULL, NULL, NULL, '2023', NULL),
(304, '297', NULL, NULL, NULL, NULL, NULL, NULL, NULL, NULL, NULL, NULL, NULL, NULL, NULL, NULL, NULL, NULL, NULL, NULL, NULL, NULL, NULL, NULL, NULL, NULL, NULL, NULL, NULL, NULL, NULL, NULL, NULL, NULL, NULL, NULL, NULL, NULL, '2023', NULL),
(305, '298', NULL, NULL, NULL, NULL, NULL, NULL, NULL, NULL, NULL, NULL, NULL, NULL, NULL, NULL, NULL, NULL, NULL, NULL, NULL, NULL, NULL, NULL, NULL, NULL, NULL, NULL, NULL, NULL, NULL, NULL, NULL, NULL, NULL, NULL, NULL, NULL, '2023', NULL),
(306, '299', NULL, NULL, NULL, NULL, NULL, NULL, NULL, NULL, NULL, NULL, NULL, NULL, NULL, NULL, NULL, NULL, NULL, NULL, NULL, NULL, NULL, NULL, NULL, NULL, NULL, NULL, NULL, NULL, NULL, NULL, NULL, NULL, NULL, NULL, NULL, NULL, '2023', NULL),
(307, '300', NULL, NULL, NULL, NULL, NULL, NULL, NULL, NULL, NULL, NULL, NULL, NULL, NULL, NULL, NULL, NULL, NULL, NULL, NULL, NULL, NULL, NULL, NULL, NULL, NULL, NULL, NULL, NULL, NULL, NULL, NULL, NULL, NULL, NULL, NULL, NULL, '2023', NULL),
(308, '301', NULL, NULL, NULL, NULL, NULL, NULL, NULL, NULL, NULL, NULL, NULL, NULL, NULL, NULL, NULL, NULL, NULL, NULL, NULL, NULL, NULL, NULL, NULL, NULL, NULL, NULL, NULL, NULL, NULL, NULL, NULL, NULL, NULL, NULL, NULL, NULL, '2023', NULL),
(309, '302', NULL, NULL, NULL, NULL, NULL, NULL, NULL, NULL, NULL, NULL, NULL, NULL, NULL, NULL, NULL, NULL, NULL, NULL, NULL, NULL, NULL, NULL, NULL, NULL, NULL, NULL, NULL, NULL, NULL, NULL, NULL, NULL, NULL, NULL, NULL, NULL, '2023', NULL),
(310, '303', NULL, NULL, NULL, NULL, NULL, NULL, NULL, NULL, NULL, NULL, NULL, NULL, NULL, NULL, NULL, NULL, NULL, NULL, NULL, NULL, NULL, NULL, NULL, NULL, NULL, NULL, NULL, NULL, NULL, NULL, NULL, NULL, NULL, NULL, NULL, NULL, '2023', NULL),
(311, '304', NULL, NULL, NULL, NULL, NULL, NULL, NULL, NULL, NULL, NULL, NULL, NULL, NULL, NULL, NULL, NULL, NULL, NULL, NULL, NULL, NULL, NULL, NULL, NULL, NULL, NULL, NULL, NULL, NULL, NULL, NULL, NULL, NULL, NULL, NULL, NULL, '2023', NULL),
(314, '307', NULL, NULL, NULL, NULL, NULL, NULL, NULL, NULL, NULL, NULL, NULL, NULL, NULL, NULL, NULL, NULL, NULL, NULL, NULL, NULL, NULL, NULL, NULL, NULL, NULL, NULL, NULL, NULL, NULL, NULL, NULL, NULL, NULL, NULL, NULL, NULL, '2023', NULL),
(315, '308', NULL, NULL, NULL, NULL, NULL, NULL, NULL, NULL, NULL, NULL, NULL, NULL, NULL, NULL, NULL, NULL, NULL, NULL, NULL, NULL, NULL, NULL, NULL, NULL, NULL, NULL, NULL, NULL, NULL, NULL, NULL, NULL, NULL, NULL, NULL, NULL, '2023', NULL),
(316, '309', NULL, NULL, NULL, NULL, NULL, NULL, NULL, NULL, NULL, NULL, NULL, NULL, NULL, NULL, NULL, NULL, NULL, NULL, NULL, NULL, NULL, NULL, NULL, NULL, NULL, NULL, NULL, NULL, NULL, NULL, NULL, NULL, NULL, NULL, NULL, NULL, '2023', NULL),
(317, '310', NULL, NULL, NULL, NULL, NULL, NULL, NULL, NULL, NULL, NULL, NULL, NULL, NULL, NULL, NULL, NULL, NULL, NULL, NULL, NULL, NULL, NULL, NULL, NULL, NULL, NULL, NULL, NULL, NULL, NULL, NULL, NULL, NULL, NULL, NULL, NULL, '2023', NULL),
(318, '311', NULL, NULL, NULL, NULL, NULL, NULL, NULL, NULL, NULL, NULL, NULL, NULL, NULL, NULL, NULL, NULL, NULL, NULL, NULL, NULL, NULL, NULL, NULL, NULL, NULL, NULL, NULL, NULL, NULL, NULL, NULL, NULL, NULL, NULL, NULL, NULL, '2023', NULL),
(319, '312', NULL, NULL, NULL, NULL, NULL, NULL, NULL, NULL, NULL, NULL, NULL, NULL, NULL, NULL, NULL, NULL, NULL, NULL, NULL, NULL, NULL, NULL, NULL, NULL, NULL, NULL, NULL, NULL, NULL, NULL, NULL, NULL, NULL, NULL, NULL, NULL, '2023', NULL),
(320, '313', NULL, NULL, NULL, NULL, NULL, NULL, NULL, NULL, NULL, NULL, NULL, NULL, NULL, NULL, NULL, NULL, NULL, NULL, NULL, NULL, NULL, NULL, NULL, NULL, NULL, NULL, NULL, NULL, NULL, NULL, NULL, NULL, NULL, NULL, NULL, NULL, '2023', NULL),
(321, '314', NULL, NULL, NULL, NULL, NULL, NULL, NULL, NULL, NULL, NULL, NULL, NULL, NULL, NULL, NULL, NULL, NULL, NULL, NULL, NULL, NULL, NULL, NULL, NULL, NULL, NULL, NULL, NULL, NULL, NULL, NULL, NULL, NULL, NULL, NULL, NULL, '2023', NULL),
(322, '315', NULL, NULL, NULL, NULL, NULL, NULL, NULL, NULL, NULL, NULL, NULL, NULL, NULL, NULL, NULL, NULL, NULL, NULL, NULL, NULL, NULL, NULL, NULL, NULL, NULL, NULL, NULL, NULL, NULL, NULL, NULL, NULL, NULL, NULL, NULL, NULL, '2023', NULL),
(324, '317', NULL, NULL, NULL, NULL, NULL, NULL, NULL, NULL, NULL, NULL, NULL, NULL, NULL, NULL, NULL, NULL, NULL, NULL, NULL, NULL, NULL, NULL, NULL, NULL, NULL, NULL, NULL, NULL, NULL, NULL, NULL, NULL, NULL, NULL, NULL, NULL, '2023', NULL),
(325, '318', NULL, NULL, NULL, NULL, NULL, NULL, NULL, NULL, NULL, NULL, NULL, NULL, NULL, NULL, NULL, NULL, NULL, NULL, NULL, NULL, NULL, NULL, NULL, NULL, NULL, NULL, NULL, NULL, NULL, NULL, NULL, NULL, NULL, NULL, NULL, NULL, '2023', NULL),
(326, '319', NULL, NULL, NULL, NULL, NULL, NULL, NULL, NULL, NULL, NULL, NULL, NULL, NULL, NULL, NULL, NULL, NULL, NULL, NULL, NULL, NULL, NULL, NULL, NULL, NULL, NULL, NULL, NULL, NULL, NULL, NULL, NULL, NULL, NULL, NULL, NULL, '2023', NULL),
(327, '320', NULL, NULL, NULL, NULL, NULL, NULL, NULL, NULL, NULL, NULL, NULL, NULL, NULL, NULL, NULL, NULL, NULL, NULL, NULL, NULL, NULL, NULL, NULL, NULL, NULL, NULL, NULL, NULL, NULL, NULL, NULL, NULL, NULL, NULL, NULL, NULL, '2023', NULL),
(328, '321', NULL, NULL, NULL, NULL, NULL, NULL, NULL, NULL, NULL, NULL, NULL, NULL, NULL, NULL, NULL, NULL, NULL, NULL, NULL, NULL, NULL, NULL, NULL, NULL, NULL, NULL, NULL, NULL, NULL, NULL, NULL, NULL, NULL, NULL, NULL, NULL, '2023', NULL),
(329, '322', NULL, NULL, NULL, NULL, NULL, NULL, NULL, NULL, NULL, NULL, NULL, NULL, NULL, NULL, NULL, NULL, NULL, NULL, NULL, NULL, NULL, NULL, NULL, NULL, NULL, NULL, NULL, NULL, NULL, NULL, NULL, NULL, NULL, NULL, NULL, NULL, '2023', NULL),
(330, '323', NULL, NULL, NULL, NULL, NULL, NULL, NULL, NULL, NULL, NULL, NULL, NULL, NULL, NULL, NULL, NULL, NULL, NULL, NULL, NULL, NULL, NULL, NULL, NULL, NULL, NULL, NULL, NULL, NULL, NULL, NULL, NULL, NULL, NULL, NULL, NULL, '2023', NULL),
(331, '324', NULL, NULL, NULL, NULL, NULL, NULL, NULL, NULL, NULL, NULL, NULL, NULL, NULL, NULL, NULL, NULL, NULL, NULL, NULL, NULL, NULL, NULL, NULL, NULL, NULL, NULL, NULL, NULL, NULL, NULL, NULL, NULL, NULL, NULL, NULL, NULL, '2023', NULL),
(332, '325', NULL, NULL, NULL, NULL, NULL, NULL, NULL, NULL, NULL, NULL, NULL, NULL, NULL, NULL, NULL, NULL, NULL, NULL, NULL, NULL, NULL, NULL, NULL, NULL, NULL, NULL, NULL, NULL, NULL, NULL, NULL, NULL, NULL, NULL, NULL, NULL, '2023', NULL),
(333, '326', NULL, NULL, NULL, NULL, NULL, NULL, NULL, NULL, NULL, NULL, NULL, NULL, NULL, NULL, NULL, NULL, NULL, NULL, NULL, NULL, NULL, NULL, NULL, NULL, NULL, NULL, NULL, NULL, NULL, NULL, NULL, NULL, NULL, NULL, NULL, NULL, '2023', NULL),
(334, '327', NULL, NULL, NULL, NULL, NULL, NULL, NULL, NULL, NULL, NULL, NULL, NULL, NULL, NULL, NULL, NULL, NULL, NULL, NULL, NULL, NULL, NULL, NULL, NULL, NULL, NULL, NULL, NULL, NULL, NULL, NULL, NULL, NULL, NULL, NULL, NULL, '2023', NULL),
(335, '328', NULL, NULL, NULL, NULL, NULL, NULL, NULL, NULL, NULL, NULL, NULL, NULL, NULL, NULL, NULL, NULL, NULL, NULL, NULL, NULL, NULL, NULL, NULL, NULL, NULL, NULL, NULL, NULL, NULL, NULL, NULL, NULL, NULL, NULL, NULL, NULL, '2023', NULL),
(336, '329', NULL, NULL, NULL, NULL, NULL, NULL, NULL, NULL, NULL, NULL, NULL, NULL, NULL, NULL, NULL, NULL, NULL, NULL, NULL, NULL, NULL, NULL, NULL, NULL, NULL, NULL, NULL, NULL, NULL, NULL, NULL, NULL, NULL, NULL, NULL, NULL, '2023', NULL),
(337, '330', NULL, NULL, NULL, NULL, NULL, NULL, NULL, NULL, NULL, NULL, NULL, NULL, NULL, NULL, NULL, NULL, NULL, NULL, NULL, NULL, NULL, NULL, NULL, NULL, NULL, NULL, NULL, NULL, NULL, NULL, NULL, NULL, NULL, NULL, NULL, NULL, '2023', NULL),
(338, '331', NULL, NULL, NULL, NULL, NULL, NULL, NULL, NULL, NULL, NULL, NULL, NULL, NULL, NULL, NULL, NULL, NULL, NULL, NULL, NULL, NULL, NULL, NULL, NULL, NULL, NULL, NULL, NULL, NULL, NULL, NULL, NULL, NULL, NULL, NULL, NULL, '2023', NULL),
(339, '332', NULL, NULL, NULL, NULL, NULL, NULL, NULL, NULL, NULL, NULL, NULL, NULL, NULL, NULL, NULL, NULL, NULL, NULL, NULL, NULL, NULL, NULL, NULL, NULL, NULL, NULL, NULL, NULL, NULL, NULL, NULL, NULL, NULL, NULL, NULL, NULL, '2023', NULL),
(340, '333', NULL, NULL, NULL, NULL, NULL, NULL, NULL, NULL, NULL, NULL, NULL, NULL, NULL, NULL, NULL, NULL, NULL, NULL, NULL, NULL, NULL, NULL, NULL, NULL, NULL, NULL, NULL, NULL, NULL, NULL, NULL, NULL, NULL, NULL, NULL, NULL, '2023', NULL),
(341, '334', NULL, NULL, NULL, NULL, NULL, NULL, NULL, NULL, NULL, NULL, NULL, NULL, NULL, NULL, NULL, NULL, NULL, NULL, NULL, NULL, NULL, NULL, NULL, NULL, NULL, NULL, NULL, NULL, NULL, NULL, NULL, NULL, NULL, NULL, NULL, NULL, '2023', NULL),
(342, '335', NULL, NULL, NULL, NULL, NULL, NULL, NULL, NULL, NULL, NULL, NULL, NULL, NULL, NULL, NULL, NULL, NULL, NULL, NULL, NULL, NULL, NULL, NULL, NULL, NULL, NULL, NULL, NULL, NULL, NULL, NULL, NULL, NULL, NULL, NULL, NULL, '2023', NULL),
(343, '336', NULL, NULL, NULL, NULL, NULL, NULL, NULL, NULL, NULL, NULL, NULL, NULL, NULL, NULL, NULL, NULL, NULL, NULL, NULL, NULL, NULL, NULL, NULL, NULL, NULL, NULL, NULL, NULL, NULL, NULL, NULL, NULL, NULL, NULL, NULL, NULL, '2023', NULL),
(344, '337', NULL, NULL, NULL, NULL, NULL, NULL, NULL, NULL, NULL, NULL, NULL, NULL, NULL, NULL, NULL, NULL, NULL, NULL, NULL, NULL, NULL, NULL, NULL, NULL, NULL, NULL, NULL, NULL, NULL, NULL, NULL, NULL, NULL, NULL, NULL, NULL, '2023', NULL),
(345, '338', NULL, NULL, NULL, NULL, NULL, NULL, NULL, NULL, NULL, NULL, NULL, NULL, NULL, NULL, NULL, NULL, NULL, NULL, NULL, NULL, NULL, NULL, NULL, NULL, NULL, NULL, NULL, NULL, NULL, NULL, NULL, NULL, NULL, NULL, NULL, NULL, '2023', NULL),
(346, '339', NULL, NULL, NULL, NULL, NULL, NULL, NULL, NULL, NULL, NULL, NULL, NULL, NULL, NULL, NULL, NULL, NULL, NULL, NULL, NULL, NULL, NULL, NULL, NULL, NULL, NULL, NULL, NULL, NULL, NULL, NULL, NULL, NULL, NULL, NULL, NULL, '2023', NULL),
(347, '340', NULL, NULL, NULL, NULL, NULL, NULL, NULL, NULL, NULL, NULL, NULL, NULL, NULL, NULL, NULL, NULL, NULL, NULL, NULL, NULL, NULL, NULL, NULL, NULL, NULL, NULL, NULL, NULL, NULL, NULL, NULL, NULL, NULL, NULL, NULL, NULL, '2023', NULL),
(348, '341', NULL, NULL, NULL, NULL, NULL, NULL, NULL, NULL, NULL, NULL, NULL, NULL, NULL, NULL, NULL, NULL, NULL, NULL, NULL, NULL, NULL, NULL, NULL, NULL, NULL, NULL, NULL, NULL, NULL, NULL, NULL, NULL, NULL, NULL, NULL, NULL, '2023', NULL),
(349, '342', NULL, NULL, NULL, NULL, NULL, NULL, NULL, NULL, NULL, NULL, NULL, NULL, NULL, NULL, NULL, NULL, NULL, NULL, NULL, NULL, NULL, NULL, NULL, NULL, NULL, NULL, NULL, NULL, NULL, NULL, NULL, NULL, NULL, NULL, NULL, NULL, '2023', NULL),
(350, '343', NULL, NULL, NULL, NULL, NULL, NULL, NULL, NULL, NULL, NULL, NULL, NULL, NULL, NULL, NULL, NULL, NULL, NULL, NULL, NULL, NULL, NULL, NULL, NULL, NULL, NULL, NULL, NULL, NULL, NULL, NULL, NULL, NULL, NULL, NULL, NULL, '2023', NULL),
(351, '344', NULL, NULL, NULL, NULL, NULL, NULL, NULL, NULL, NULL, NULL, NULL, NULL, NULL, NULL, NULL, NULL, NULL, NULL, NULL, NULL, NULL, NULL, NULL, NULL, NULL, NULL, NULL, NULL, NULL, NULL, NULL, NULL, NULL, NULL, NULL, NULL, '2023', NULL),
(352, '345', NULL, NULL, NULL, NULL, NULL, NULL, NULL, NULL, NULL, NULL, NULL, NULL, NULL, NULL, NULL, NULL, NULL, NULL, NULL, NULL, NULL, NULL, NULL, NULL, NULL, NULL, NULL, NULL, NULL, NULL, NULL, NULL, NULL, NULL, NULL, NULL, '2023', NULL),
(353, '346', NULL, NULL, NULL, NULL, NULL, NULL, NULL, NULL, NULL, NULL, NULL, NULL, NULL, NULL, NULL, NULL, NULL, NULL, NULL, NULL, NULL, NULL, NULL, NULL, NULL, NULL, NULL, NULL, NULL, NULL, NULL, NULL, NULL, NULL, NULL, NULL, '2023', NULL),
(354, '347', NULL, NULL, NULL, NULL, NULL, NULL, NULL, NULL, NULL, NULL, NULL, NULL, NULL, NULL, NULL, NULL, NULL, NULL, NULL, NULL, NULL, NULL, NULL, NULL, NULL, NULL, NULL, NULL, NULL, NULL, NULL, NULL, NULL, NULL, NULL, NULL, '2023', NULL),
(355, '348', NULL, NULL, NULL, NULL, NULL, NULL, NULL, NULL, NULL, NULL, NULL, NULL, NULL, NULL, NULL, NULL, NULL, NULL, NULL, NULL, NULL, NULL, NULL, NULL, NULL, NULL, NULL, NULL, NULL, NULL, NULL, NULL, NULL, NULL, NULL, NULL, '2023', NULL),
(356, '349', NULL, NULL, NULL, NULL, NULL, NULL, NULL, NULL, NULL, NULL, NULL, NULL, NULL, NULL, NULL, NULL, NULL, NULL, NULL, NULL, NULL, NULL, NULL, NULL, NULL, NULL, NULL, NULL, NULL, NULL, NULL, NULL, NULL, NULL, NULL, NULL, '2023', NULL),
(357, '350', NULL, NULL, NULL, NULL, NULL, NULL, NULL, NULL, NULL, NULL, NULL, NULL, NULL, NULL, NULL, NULL, NULL, NULL, NULL, NULL, NULL, NULL, NULL, NULL, NULL, NULL, NULL, NULL, NULL, NULL, NULL, NULL, NULL, NULL, NULL, NULL, '2023', NULL),
(358, '351', NULL, NULL, NULL, NULL, NULL, NULL, NULL, NULL, NULL, NULL, NULL, NULL, NULL, NULL, NULL, NULL, NULL, NULL, NULL, NULL, NULL, NULL, NULL, NULL, NULL, NULL, NULL, NULL, NULL, NULL, NULL, NULL, NULL, NULL, NULL, NULL, '2023', NULL),
(359, '352', NULL, NULL, NULL, NULL, NULL, NULL, NULL, NULL, NULL, NULL, NULL, NULL, NULL, NULL, NULL, NULL, NULL, NULL, NULL, NULL, NULL, NULL, NULL, NULL, NULL, NULL, NULL, NULL, NULL, NULL, NULL, NULL, NULL, NULL, NULL, NULL, '2023', NULL),
(360, '353', NULL, NULL, NULL, NULL, NULL, NULL, NULL, NULL, NULL, NULL, NULL, NULL, NULL, NULL, NULL, NULL, NULL, NULL, NULL, NULL, NULL, NULL, NULL, NULL, NULL, NULL, NULL, NULL, NULL, NULL, NULL, NULL, NULL, NULL, NULL, NULL, '2023', NULL),
(361, '354', NULL, NULL, NULL, NULL, NULL, NULL, NULL, NULL, NULL, NULL, NULL, NULL, NULL, NULL, NULL, NULL, NULL, NULL, NULL, NULL, NULL, NULL, NULL, NULL, NULL, NULL, NULL, NULL, NULL, NULL, NULL, NULL, NULL, NULL, NULL, NULL, '2023', NULL),
(362, '355', NULL, NULL, NULL, NULL, NULL, NULL, NULL, NULL, NULL, NULL, NULL, NULL, NULL, NULL, NULL, NULL, NULL, NULL, NULL, NULL, NULL, NULL, NULL, NULL, NULL, NULL, NULL, NULL, NULL, NULL, NULL, NULL, NULL, NULL, NULL, NULL, '2023', NULL),
(369, '362', NULL, NULL, NULL, NULL, NULL, NULL, NULL, NULL, NULL, NULL, NULL, NULL, NULL, NULL, NULL, NULL, NULL, NULL, NULL, NULL, NULL, NULL, NULL, NULL, NULL, NULL, NULL, NULL, NULL, NULL, NULL, NULL, NULL, NULL, NULL, NULL, '2023', NULL),
(370, '363', NULL, NULL, NULL, NULL, NULL, NULL, NULL, NULL, NULL, NULL, NULL, NULL, NULL, NULL, NULL, NULL, NULL, NULL, NULL, NULL, NULL, NULL, NULL, NULL, NULL, NULL, NULL, NULL, NULL, NULL, NULL, NULL, NULL, NULL, NULL, NULL, '2023', NULL),
(371, '364', NULL, NULL, NULL, NULL, NULL, NULL, NULL, NULL, NULL, NULL, NULL, NULL, NULL, NULL, NULL, NULL, NULL, NULL, NULL, NULL, NULL, NULL, NULL, NULL, NULL, NULL, NULL, NULL, NULL, NULL, NULL, NULL, NULL, NULL, NULL, NULL, '2023', NULL),
(372, '365', NULL, NULL, NULL, NULL, NULL, NULL, NULL, NULL, NULL, NULL, NULL, NULL, NULL, NULL, NULL, NULL, NULL, NULL, NULL, NULL, NULL, NULL, NULL, NULL, NULL, NULL, NULL, NULL, NULL, NULL, NULL, NULL, NULL, NULL, NULL, NULL, '2023', NULL),
(373, '366', NULL, NULL, NULL, NULL, NULL, NULL, NULL, NULL, NULL, NULL, NULL, NULL, NULL, NULL, NULL, NULL, NULL, NULL, NULL, NULL, NULL, NULL, NULL, NULL, NULL, NULL, NULL, NULL, NULL, NULL, NULL, NULL, NULL, NULL, NULL, NULL, '2023', NULL),
(374, '367', NULL, NULL, NULL, NULL, NULL, NULL, NULL, NULL, NULL, NULL, NULL, NULL, NULL, NULL, NULL, NULL, NULL, NULL, NULL, NULL, NULL, NULL, NULL, NULL, NULL, NULL, NULL, NULL, NULL, NULL, NULL, NULL, NULL, NULL, NULL, NULL, '2023', NULL),
(375, '368', NULL, NULL, NULL, NULL, NULL, NULL, NULL, NULL, NULL, NULL, NULL, NULL, NULL, NULL, NULL, NULL, NULL, NULL, NULL, NULL, NULL, NULL, NULL, NULL, NULL, NULL, NULL, NULL, NULL, NULL, NULL, NULL, NULL, NULL, NULL, NULL, '2023', NULL),
(376, '369', NULL, NULL, NULL, NULL, NULL, NULL, NULL, NULL, NULL, NULL, NULL, NULL, NULL, NULL, NULL, NULL, NULL, NULL, NULL, NULL, NULL, NULL, NULL, NULL, NULL, NULL, NULL, NULL, NULL, NULL, NULL, NULL, NULL, NULL, NULL, NULL, '2023', NULL),
(377, '370', NULL, NULL, NULL, NULL, NULL, NULL, NULL, NULL, NULL, NULL, NULL, NULL, NULL, NULL, NULL, NULL, NULL, NULL, NULL, NULL, NULL, NULL, NULL, NULL, NULL, NULL, NULL, NULL, NULL, NULL, NULL, NULL, NULL, NULL, NULL, NULL, '2023', NULL),
(378, '371', NULL, NULL, NULL, NULL, NULL, NULL, NULL, NULL, NULL, NULL, NULL, NULL, NULL, NULL, NULL, NULL, NULL, NULL, NULL, NULL, NULL, NULL, NULL, NULL, NULL, NULL, NULL, NULL, NULL, NULL, NULL, NULL, NULL, NULL, NULL, NULL, '2023', NULL),
(379, '372', NULL, NULL, NULL, NULL, NULL, NULL, NULL, NULL, NULL, NULL, NULL, NULL, NULL, NULL, NULL, NULL, NULL, NULL, NULL, NULL, NULL, NULL, NULL, NULL, NULL, NULL, NULL, NULL, NULL, NULL, NULL, NULL, NULL, NULL, NULL, NULL, '2023', NULL),
(380, '373', NULL, NULL, NULL, NULL, NULL, NULL, NULL, NULL, NULL, NULL, NULL, NULL, NULL, NULL, NULL, NULL, NULL, NULL, NULL, NULL, NULL, NULL, NULL, NULL, NULL, NULL, NULL, NULL, NULL, NULL, NULL, NULL, NULL, NULL, NULL, NULL, '2023', NULL),
(381, '374', NULL, NULL, NULL, NULL, NULL, NULL, NULL, NULL, NULL, NULL, NULL, NULL, NULL, NULL, NULL, NULL, NULL, NULL, NULL, NULL, NULL, NULL, NULL, NULL, NULL, NULL, NULL, NULL, NULL, NULL, NULL, NULL, NULL, NULL, NULL, NULL, '2023', NULL),
(382, '375', NULL, NULL, NULL, NULL, NULL, NULL, NULL, NULL, NULL, NULL, NULL, NULL, NULL, NULL, NULL, NULL, NULL, NULL, NULL, NULL, NULL, NULL, NULL, NULL, NULL, NULL, NULL, NULL, NULL, NULL, NULL, NULL, NULL, NULL, NULL, NULL, '2023', NULL),
(383, '376', NULL, NULL, NULL, NULL, NULL, NULL, NULL, NULL, NULL, NULL, NULL, NULL, NULL, NULL, NULL, NULL, NULL, NULL, NULL, NULL, NULL, NULL, NULL, NULL, NULL, NULL, NULL, NULL, NULL, NULL, NULL, NULL, NULL, NULL, NULL, NULL, '2023', NULL),
(384, '377', NULL, NULL, NULL, NULL, NULL, NULL, NULL, NULL, NULL, NULL, NULL, NULL, NULL, NULL, NULL, NULL, NULL, NULL, NULL, NULL, NULL, NULL, NULL, NULL, NULL, NULL, NULL, NULL, NULL, NULL, NULL, NULL, NULL, NULL, NULL, NULL, '2023', NULL),
(385, '378', NULL, NULL, NULL, NULL, NULL, NULL, NULL, NULL, NULL, NULL, NULL, NULL, NULL, NULL, NULL, NULL, NULL, NULL, NULL, NULL, NULL, NULL, NULL, NULL, NULL, NULL, NULL, NULL, NULL, NULL, NULL, NULL, NULL, NULL, NULL, NULL, '2023', NULL),
(386, '379', NULL, NULL, NULL, NULL, NULL, NULL, NULL, NULL, NULL, NULL, NULL, NULL, NULL, NULL, NULL, NULL, NULL, NULL, NULL, NULL, NULL, NULL, NULL, NULL, NULL, NULL, NULL, NULL, NULL, NULL, NULL, NULL, NULL, NULL, NULL, NULL, '2023', NULL),
(387, '380', NULL, NULL, NULL, NULL, NULL, NULL, NULL, NULL, NULL, NULL, NULL, NULL, NULL, NULL, NULL, NULL, NULL, NULL, NULL, NULL, NULL, NULL, NULL, NULL, NULL, NULL, NULL, NULL, NULL, NULL, NULL, NULL, NULL, NULL, NULL, NULL, '2023', NULL),
(388, '381', NULL, NULL, NULL, NULL, NULL, NULL, NULL, NULL, NULL, NULL, NULL, NULL, NULL, NULL, NULL, NULL, NULL, NULL, NULL, NULL, NULL, NULL, NULL, NULL, NULL, NULL, NULL, NULL, NULL, NULL, NULL, NULL, NULL, NULL, NULL, NULL, '2023', NULL),
(389, '382', NULL, NULL, NULL, NULL, NULL, NULL, NULL, NULL, NULL, NULL, NULL, NULL, NULL, NULL, NULL, NULL, NULL, NULL, NULL, NULL, NULL, NULL, NULL, NULL, NULL, NULL, NULL, NULL, NULL, NULL, NULL, NULL, NULL, NULL, NULL, NULL, '2023', NULL),
(390, '383', NULL, NULL, NULL, NULL, NULL, NULL, NULL, NULL, NULL, NULL, NULL, NULL, NULL, NULL, NULL, NULL, NULL, NULL, NULL, NULL, NULL, NULL, NULL, NULL, NULL, NULL, NULL, NULL, NULL, NULL, NULL, NULL, NULL, NULL, NULL, NULL, '2023', NULL),
(391, '384', NULL, NULL, NULL, NULL, NULL, NULL, NULL, NULL, NULL, NULL, NULL, NULL, NULL, NULL, NULL, NULL, NULL, NULL, NULL, NULL, NULL, NULL, NULL, NULL, NULL, NULL, NULL, NULL, NULL, NULL, NULL, NULL, NULL, NULL, NULL, NULL, '2023', NULL),
(392, '385', NULL, NULL, NULL, NULL, NULL, NULL, NULL, NULL, NULL, NULL, NULL, NULL, NULL, NULL, NULL, NULL, NULL, NULL, NULL, NULL, NULL, NULL, NULL, NULL, NULL, NULL, NULL, NULL, NULL, NULL, NULL, NULL, NULL, NULL, NULL, NULL, '2023', NULL),
(393, '386', NULL, NULL, NULL, NULL, NULL, NULL, NULL, NULL, NULL, NULL, NULL, NULL, NULL, NULL, NULL, NULL, NULL, NULL, NULL, NULL, NULL, NULL, NULL, NULL, NULL, NULL, NULL, NULL, NULL, NULL, NULL, NULL, NULL, NULL, NULL, NULL, '2023', NULL),
(394, '387', NULL, NULL, NULL, NULL, NULL, NULL, NULL, NULL, NULL, NULL, NULL, NULL, NULL, NULL, NULL, NULL, NULL, NULL, NULL, NULL, NULL, NULL, NULL, NULL, NULL, NULL, NULL, NULL, NULL, NULL, NULL, NULL, NULL, NULL, NULL, NULL, '2023', NULL),
(395, '388', NULL, NULL, NULL, NULL, NULL, NULL, NULL, NULL, NULL, NULL, NULL, NULL, NULL, NULL, NULL, NULL, NULL, NULL, NULL, NULL, NULL, NULL, NULL, NULL, NULL, NULL, NULL, NULL, NULL, NULL, NULL, NULL, NULL, NULL, NULL, NULL, '2023', NULL),
(396, '389', NULL, NULL, NULL, NULL, NULL, NULL, NULL, NULL, NULL, NULL, NULL, NULL, NULL, NULL, NULL, NULL, NULL, NULL, NULL, NULL, NULL, NULL, NULL, NULL, NULL, NULL, NULL, NULL, NULL, NULL, NULL, NULL, NULL, NULL, NULL, NULL, '2023', NULL),
(397, '390', NULL, NULL, NULL, NULL, NULL, NULL, NULL, NULL, NULL, NULL, NULL, NULL, NULL, NULL, NULL, NULL, NULL, NULL, NULL, NULL, NULL, NULL, NULL, NULL, NULL, NULL, NULL, NULL, NULL, NULL, NULL, NULL, NULL, NULL, NULL, NULL, '2023', NULL),
(398, '391', NULL, NULL, NULL, NULL, NULL, NULL, NULL, NULL, NULL, NULL, NULL, NULL, NULL, NULL, NULL, NULL, NULL, NULL, NULL, NULL, NULL, NULL, NULL, NULL, NULL, NULL, NULL, NULL, NULL, NULL, NULL, NULL, NULL, NULL, NULL, NULL, '2023', NULL),
(399, '392', NULL, NULL, NULL, NULL, NULL, NULL, NULL, NULL, NULL, NULL, NULL, NULL, NULL, NULL, NULL, NULL, NULL, NULL, NULL, NULL, NULL, NULL, NULL, NULL, NULL, NULL, NULL, NULL, NULL, NULL, NULL, NULL, NULL, NULL, NULL, NULL, '2023', NULL),
(400, '393', NULL, NULL, NULL, NULL, NULL, NULL, NULL, NULL, NULL, NULL, NULL, NULL, NULL, NULL, NULL, NULL, NULL, NULL, NULL, NULL, NULL, NULL, NULL, NULL, NULL, NULL, NULL, NULL, NULL, NULL, NULL, NULL, NULL, NULL, NULL, NULL, '2023', NULL),
(401, '394', NULL, NULL, NULL, NULL, NULL, NULL, NULL, NULL, NULL, NULL, NULL, NULL, NULL, NULL, NULL, NULL, NULL, NULL, NULL, NULL, NULL, NULL, NULL, NULL, NULL, NULL, NULL, NULL, NULL, NULL, NULL, NULL, NULL, NULL, NULL, NULL, '2023', NULL),
(402, '395', NULL, NULL, NULL, NULL, NULL, NULL, NULL, NULL, NULL, NULL, NULL, NULL, NULL, NULL, NULL, NULL, NULL, NULL, NULL, NULL, NULL, NULL, NULL, NULL, NULL, NULL, NULL, NULL, NULL, NULL, NULL, NULL, NULL, NULL, NULL, NULL, '2023', NULL),
(403, '396', NULL, NULL, NULL, NULL, NULL, NULL, NULL, NULL, NULL, NULL, NULL, NULL, NULL, NULL, NULL, NULL, NULL, NULL, NULL, NULL, NULL, NULL, NULL, NULL, NULL, NULL, NULL, NULL, NULL, NULL, NULL, NULL, NULL, NULL, NULL, NULL, '2023', NULL),
(404, '397', NULL, NULL, NULL, NULL, NULL, NULL, NULL, NULL, NULL, NULL, NULL, NULL, NULL, NULL, NULL, NULL, NULL, NULL, NULL, NULL, NULL, NULL, NULL, NULL, NULL, NULL, NULL, NULL, NULL, NULL, NULL, NULL, NULL, NULL, NULL, NULL, '2023', NULL),
(405, '398', NULL, NULL, NULL, NULL, NULL, NULL, NULL, NULL, NULL, NULL, NULL, NULL, NULL, NULL, NULL, NULL, NULL, NULL, NULL, NULL, NULL, NULL, NULL, NULL, NULL, NULL, NULL, NULL, NULL, NULL, NULL, NULL, NULL, NULL, NULL, NULL, '2023', NULL),
(406, '399', NULL, NULL, NULL, NULL, NULL, NULL, NULL, NULL, NULL, NULL, NULL, NULL, NULL, NULL, NULL, NULL, NULL, NULL, NULL, NULL, NULL, NULL, NULL, NULL, NULL, NULL, NULL, NULL, NULL, NULL, NULL, NULL, NULL, NULL, NULL, NULL, '2023', NULL),
(407, '400', NULL, NULL, NULL, NULL, NULL, NULL, NULL, NULL, NULL, NULL, NULL, NULL, NULL, NULL, NULL, NULL, NULL, NULL, NULL, NULL, NULL, NULL, NULL, NULL, NULL, NULL, NULL, NULL, NULL, NULL, NULL, NULL, NULL, NULL, NULL, NULL, '2023', NULL),
(408, '401', NULL, NULL, NULL, NULL, NULL, NULL, NULL, NULL, NULL, NULL, NULL, NULL, NULL, NULL, NULL, NULL, NULL, NULL, NULL, NULL, NULL, NULL, NULL, NULL, NULL, NULL, NULL, NULL, NULL, NULL, NULL, NULL, NULL, NULL, NULL, NULL, '2023', NULL),
(409, '402', NULL, NULL, NULL, NULL, NULL, NULL, NULL, NULL, NULL, NULL, NULL, NULL, NULL, NULL, NULL, NULL, NULL, NULL, NULL, NULL, NULL, NULL, NULL, NULL, NULL, NULL, NULL, NULL, NULL, NULL, NULL, NULL, NULL, NULL, NULL, NULL, '2023', NULL),
(410, '403', NULL, NULL, NULL, NULL, NULL, NULL, NULL, NULL, NULL, NULL, NULL, NULL, NULL, NULL, NULL, NULL, NULL, NULL, NULL, NULL, NULL, NULL, NULL, NULL, NULL, NULL, NULL, NULL, NULL, NULL, NULL, NULL, NULL, NULL, NULL, NULL, '2023', NULL),
(411, '404', NULL, NULL, NULL, NULL, NULL, NULL, NULL, NULL, NULL, NULL, NULL, NULL, NULL, NULL, NULL, NULL, NULL, NULL, NULL, NULL, NULL, NULL, NULL, NULL, NULL, NULL, NULL, NULL, NULL, NULL, NULL, NULL, NULL, NULL, NULL, NULL, '2023', NULL),
(412, '405', NULL, NULL, NULL, NULL, NULL, NULL, NULL, NULL, NULL, NULL, NULL, NULL, NULL, NULL, NULL, NULL, NULL, NULL, NULL, NULL, NULL, NULL, NULL, NULL, NULL, NULL, NULL, NULL, NULL, NULL, NULL, NULL, NULL, NULL, NULL, NULL, '2023', NULL),
(413, '406', NULL, NULL, NULL, NULL, NULL, NULL, NULL, NULL, NULL, NULL, NULL, NULL, NULL, NULL, NULL, NULL, NULL, NULL, NULL, NULL, NULL, NULL, NULL, NULL, NULL, NULL, NULL, NULL, NULL, NULL, NULL, NULL, NULL, NULL, NULL, NULL, '2023', NULL),
(414, '407', NULL, NULL, NULL, NULL, NULL, NULL, NULL, NULL, NULL, NULL, NULL, NULL, NULL, NULL, NULL, NULL, NULL, NULL, NULL, NULL, NULL, NULL, NULL, NULL, NULL, NULL, NULL, NULL, NULL, NULL, NULL, NULL, NULL, NULL, NULL, NULL, '2023', NULL),
(415, '408', NULL, NULL, NULL, NULL, NULL, NULL, NULL, NULL, NULL, NULL, NULL, NULL, NULL, NULL, NULL, NULL, NULL, NULL, NULL, NULL, NULL, NULL, NULL, NULL, NULL, NULL, NULL, NULL, NULL, NULL, NULL, NULL, NULL, NULL, NULL, NULL, '2023', NULL),
(416, '409', NULL, NULL, NULL, NULL, NULL, NULL, NULL, NULL, NULL, NULL, NULL, NULL, NULL, NULL, NULL, NULL, NULL, NULL, NULL, NULL, NULL, NULL, NULL, NULL, NULL, NULL, NULL, NULL, NULL, NULL, NULL, NULL, NULL, NULL, NULL, NULL, '2023', NULL),
(417, '410', NULL, NULL, NULL, NULL, NULL, NULL, NULL, NULL, NULL, NULL, NULL, NULL, NULL, NULL, NULL, NULL, NULL, NULL, NULL, NULL, NULL, NULL, NULL, NULL, NULL, NULL, NULL, NULL, NULL, NULL, NULL, NULL, NULL, NULL, NULL, NULL, '2023', NULL),
(418, '411', NULL, NULL, NULL, NULL, NULL, NULL, NULL, NULL, NULL, NULL, NULL, NULL, NULL, NULL, NULL, NULL, NULL, NULL, NULL, NULL, NULL, NULL, NULL, NULL, NULL, NULL, NULL, NULL, NULL, NULL, NULL, NULL, NULL, NULL, NULL, NULL, '2023', NULL),
(419, '412', NULL, NULL, NULL, NULL, NULL, NULL, NULL, NULL, NULL, NULL, NULL, NULL, NULL, NULL, NULL, NULL, NULL, NULL, NULL, NULL, NULL, NULL, NULL, NULL, NULL, NULL, NULL, NULL, NULL, NULL, NULL, NULL, NULL, NULL, NULL, NULL, '2023', NULL),
(420, '413', NULL, NULL, NULL, NULL, NULL, NULL, NULL, NULL, NULL, NULL, NULL, NULL, NULL, NULL, NULL, NULL, NULL, NULL, NULL, NULL, NULL, NULL, NULL, NULL, NULL, NULL, NULL, NULL, NULL, NULL, NULL, NULL, NULL, NULL, NULL, NULL, '2023', NULL),
(421, '414', NULL, NULL, NULL, NULL, NULL, NULL, NULL, NULL, NULL, NULL, NULL, NULL, NULL, NULL, NULL, NULL, NULL, NULL, NULL, NULL, NULL, NULL, NULL, NULL, NULL, NULL, NULL, NULL, NULL, NULL, NULL, NULL, NULL, NULL, NULL, NULL, '2023', NULL),
(422, '415', NULL, NULL, NULL, NULL, NULL, NULL, NULL, NULL, NULL, NULL, NULL, NULL, NULL, NULL, NULL, NULL, NULL, NULL, NULL, NULL, NULL, NULL, NULL, NULL, NULL, NULL, NULL, NULL, NULL, NULL, NULL, NULL, NULL, NULL, NULL, NULL, '2023', NULL),
(423, '416', NULL, NULL, NULL, NULL, NULL, NULL, NULL, NULL, NULL, NULL, NULL, NULL, NULL, NULL, NULL, NULL, NULL, NULL, NULL, NULL, NULL, NULL, NULL, NULL, NULL, NULL, NULL, NULL, NULL, NULL, NULL, NULL, NULL, NULL, NULL, NULL, '2023', NULL),
(424, '417', NULL, NULL, NULL, NULL, NULL, NULL, NULL, NULL, NULL, NULL, NULL, NULL, NULL, NULL, NULL, NULL, NULL, NULL, NULL, NULL, NULL, NULL, NULL, NULL, NULL, NULL, NULL, NULL, NULL, NULL, NULL, NULL, NULL, NULL, NULL, NULL, '2023', NULL),
(425, '418', NULL, NULL, NULL, NULL, NULL, NULL, NULL, NULL, NULL, NULL, NULL, NULL, NULL, NULL, NULL, NULL, NULL, NULL, NULL, NULL, NULL, NULL, NULL, NULL, NULL, NULL, NULL, NULL, NULL, NULL, NULL, NULL, NULL, NULL, NULL, NULL, '2023', NULL),
(426, '419', NULL, NULL, NULL, NULL, NULL, NULL, NULL, NULL, NULL, NULL, NULL, NULL, NULL, NULL, NULL, NULL, NULL, NULL, NULL, NULL, NULL, NULL, NULL, NULL, NULL, NULL, NULL, NULL, NULL, NULL, NULL, NULL, NULL, NULL, NULL, NULL, '2023', NULL),
(427, '420', NULL, NULL, NULL, NULL, NULL, NULL, NULL, NULL, NULL, NULL, NULL, NULL, NULL, NULL, NULL, NULL, NULL, NULL, NULL, NULL, NULL, NULL, NULL, NULL, NULL, NULL, NULL, NULL, NULL, NULL, NULL, NULL, NULL, NULL, NULL, NULL, '2023', NULL),
(428, '421', NULL, NULL, NULL, NULL, NULL, NULL, NULL, NULL, NULL, NULL, NULL, NULL, NULL, NULL, NULL, NULL, NULL, NULL, NULL, NULL, NULL, NULL, NULL, NULL, NULL, NULL, NULL, NULL, NULL, NULL, NULL, NULL, NULL, NULL, NULL, NULL, '2023', NULL),
(429, '422', NULL, NULL, NULL, NULL, NULL, NULL, NULL, NULL, NULL, NULL, NULL, NULL, NULL, NULL, NULL, NULL, NULL, NULL, NULL, NULL, NULL, NULL, NULL, NULL, NULL, NULL, NULL, NULL, NULL, NULL, NULL, NULL, NULL, NULL, NULL, NULL, '2023', NULL),
(430, '423', NULL, NULL, NULL, NULL, NULL, NULL, NULL, NULL, NULL, NULL, NULL, NULL, NULL, NULL, NULL, NULL, NULL, NULL, NULL, NULL, NULL, NULL, NULL, NULL, NULL, NULL, NULL, NULL, NULL, NULL, NULL, NULL, NULL, NULL, NULL, NULL, '2023', NULL),
(431, '424', NULL, NULL, NULL, NULL, NULL, NULL, NULL, NULL, NULL, NULL, NULL, NULL, NULL, NULL, NULL, NULL, NULL, NULL, NULL, NULL, NULL, NULL, NULL, NULL, NULL, NULL, NULL, NULL, NULL, NULL, NULL, NULL, NULL, NULL, NULL, NULL, '2023', NULL),
(432, '425', NULL, NULL, NULL, NULL, NULL, NULL, NULL, NULL, NULL, NULL, NULL, NULL, NULL, NULL, NULL, NULL, NULL, NULL, NULL, NULL, NULL, NULL, NULL, NULL, NULL, NULL, NULL, NULL, NULL, NULL, NULL, NULL, NULL, NULL, NULL, NULL, '2023', NULL),
(433, '426', NULL, NULL, NULL, NULL, NULL, NULL, NULL, NULL, NULL, NULL, NULL, NULL, NULL, NULL, NULL, NULL, NULL, NULL, NULL, NULL, NULL, NULL, NULL, NULL, NULL, NULL, NULL, NULL, NULL, NULL, NULL, NULL, NULL, NULL, NULL, NULL, '2023', NULL),
(434, '427', NULL, NULL, NULL, NULL, NULL, NULL, NULL, NULL, NULL, NULL, NULL, NULL, NULL, NULL, NULL, NULL, NULL, NULL, NULL, NULL, NULL, NULL, NULL, NULL, NULL, NULL, NULL, NULL, NULL, NULL, NULL, NULL, NULL, NULL, NULL, NULL, '2023', NULL),
(435, '428', NULL, NULL, NULL, NULL, NULL, NULL, NULL, NULL, NULL, NULL, NULL, NULL, NULL, NULL, NULL, NULL, NULL, NULL, NULL, NULL, NULL, NULL, NULL, NULL, NULL, NULL, NULL, NULL, NULL, NULL, NULL, NULL, NULL, NULL, NULL, NULL, '2023', NULL),
(436, '429', NULL, NULL, NULL, NULL, NULL, NULL, NULL, NULL, NULL, NULL, NULL, NULL, NULL, NULL, NULL, NULL, NULL, NULL, NULL, NULL, NULL, NULL, NULL, NULL, NULL, NULL, NULL, NULL, NULL, NULL, NULL, NULL, NULL, NULL, NULL, NULL, '2023', NULL),
(437, '430', NULL, NULL, NULL, NULL, NULL, NULL, NULL, NULL, NULL, NULL, NULL, NULL, NULL, NULL, NULL, NULL, NULL, NULL, NULL, NULL, NULL, NULL, NULL, NULL, NULL, NULL, NULL, NULL, NULL, NULL, NULL, NULL, NULL, NULL, NULL, NULL, '2023', NULL),
(438, '431', NULL, NULL, NULL, NULL, NULL, NULL, NULL, NULL, NULL, NULL, NULL, NULL, NULL, NULL, NULL, NULL, NULL, NULL, NULL, NULL, NULL, NULL, NULL, NULL, NULL, NULL, NULL, NULL, NULL, NULL, NULL, NULL, NULL, NULL, NULL, NULL, '2023', NULL),
(439, '432', NULL, NULL, NULL, NULL, NULL, NULL, NULL, NULL, NULL, NULL, NULL, NULL, NULL, NULL, NULL, NULL, NULL, NULL, NULL, NULL, NULL, NULL, NULL, NULL, NULL, NULL, NULL, NULL, NULL, NULL, NULL, NULL, NULL, NULL, NULL, NULL, '2023', NULL),
(440, '433', NULL, NULL, NULL, NULL, NULL, NULL, NULL, NULL, NULL, NULL, NULL, NULL, NULL, NULL, NULL, NULL, NULL, NULL, NULL, NULL, NULL, NULL, NULL, NULL, NULL, NULL, NULL, NULL, NULL, NULL, NULL, NULL, NULL, NULL, NULL, NULL, '2023', NULL),
(441, '434', NULL, NULL, NULL, NULL, NULL, NULL, NULL, NULL, NULL, NULL, NULL, NULL, NULL, NULL, NULL, NULL, NULL, NULL, NULL, NULL, NULL, NULL, NULL, NULL, NULL, NULL, NULL, NULL, NULL, NULL, NULL, NULL, NULL, NULL, NULL, NULL, '2023', NULL),
(442, '435', NULL, NULL, NULL, NULL, NULL, NULL, NULL, NULL, NULL, NULL, NULL, NULL, NULL, NULL, NULL, NULL, NULL, NULL, NULL, NULL, NULL, NULL, NULL, NULL, NULL, NULL, NULL, NULL, NULL, NULL, NULL, NULL, NULL, NULL, NULL, NULL, '2023', NULL),
(443, '436', NULL, NULL, NULL, NULL, NULL, NULL, NULL, NULL, NULL, NULL, NULL, NULL, NULL, NULL, NULL, NULL, NULL, NULL, NULL, NULL, NULL, NULL, NULL, NULL, NULL, NULL, NULL, NULL, NULL, NULL, NULL, NULL, NULL, NULL, NULL, NULL, '2023', NULL),
(444, '437', NULL, NULL, NULL, NULL, NULL, NULL, NULL, NULL, NULL, NULL, NULL, NULL, NULL, NULL, NULL, NULL, NULL, NULL, NULL, NULL, NULL, NULL, NULL, NULL, NULL, NULL, NULL, NULL, NULL, NULL, NULL, NULL, NULL, NULL, NULL, NULL, '2023', NULL),
(445, '438', NULL, NULL, NULL, NULL, NULL, NULL, NULL, NULL, NULL, NULL, NULL, NULL, NULL, NULL, NULL, NULL, NULL, NULL, NULL, NULL, NULL, NULL, NULL, NULL, NULL, NULL, NULL, NULL, NULL, NULL, NULL, NULL, NULL, NULL, NULL, NULL, '2023', NULL),
(446, '439', NULL, NULL, NULL, NULL, NULL, NULL, NULL, NULL, NULL, NULL, NULL, NULL, NULL, NULL, NULL, NULL, NULL, NULL, NULL, NULL, NULL, NULL, NULL, NULL, NULL, NULL, NULL, NULL, NULL, NULL, NULL, NULL, NULL, NULL, NULL, NULL, '2023', NULL),
(447, '440', NULL, NULL, NULL, NULL, NULL, NULL, NULL, NULL, NULL, NULL, NULL, NULL, NULL, NULL, NULL, NULL, NULL, NULL, NULL, NULL, NULL, NULL, NULL, NULL, NULL, NULL, NULL, NULL, NULL, NULL, NULL, NULL, NULL, NULL, NULL, NULL, '2023', NULL),
(448, '441', NULL, NULL, NULL, NULL, NULL, NULL, NULL, NULL, NULL, NULL, NULL, NULL, NULL, NULL, NULL, NULL, NULL, NULL, NULL, NULL, NULL, NULL, NULL, NULL, NULL, NULL, NULL, NULL, NULL, NULL, NULL, NULL, NULL, NULL, NULL, NULL, '2023', NULL),
(449, '442', NULL, NULL, NULL, NULL, NULL, NULL, NULL, NULL, NULL, NULL, NULL, NULL, NULL, NULL, NULL, NULL, NULL, NULL, NULL, NULL, NULL, NULL, NULL, NULL, NULL, NULL, NULL, NULL, NULL, NULL, NULL, NULL, NULL, NULL, NULL, NULL, '2023', NULL),
(450, '443', NULL, NULL, NULL, NULL, NULL, NULL, NULL, NULL, NULL, NULL, NULL, NULL, NULL, NULL, NULL, NULL, NULL, NULL, NULL, NULL, NULL, NULL, NULL, NULL, NULL, NULL, NULL, NULL, NULL, NULL, NULL, NULL, NULL, NULL, NULL, NULL, '2023', NULL),
(452, '445', NULL, NULL, NULL, NULL, NULL, NULL, NULL, NULL, NULL, NULL, NULL, NULL, NULL, NULL, NULL, NULL, NULL, NULL, NULL, NULL, NULL, NULL, NULL, NULL, NULL, NULL, NULL, NULL, NULL, NULL, NULL, NULL, NULL, NULL, NULL, NULL, '2023', NULL),
(453, '446', NULL, NULL, NULL, NULL, NULL, NULL, NULL, NULL, NULL, NULL, NULL, NULL, NULL, NULL, NULL, NULL, NULL, NULL, NULL, NULL, NULL, NULL, NULL, NULL, NULL, NULL, NULL, NULL, NULL, NULL, NULL, NULL, NULL, NULL, NULL, NULL, '2023', NULL),
(454, '447', NULL, NULL, NULL, NULL, NULL, NULL, NULL, NULL, NULL, NULL, NULL, NULL, NULL, NULL, NULL, NULL, NULL, NULL, NULL, NULL, NULL, NULL, NULL, NULL, NULL, NULL, NULL, NULL, NULL, NULL, NULL, NULL, NULL, NULL, NULL, NULL, '2023', NULL),
(455, '448', NULL, NULL, NULL, NULL, NULL, NULL, NULL, NULL, NULL, NULL, NULL, NULL, NULL, NULL, NULL, NULL, NULL, NULL, NULL, NULL, NULL, NULL, NULL, NULL, NULL, NULL, NULL, NULL, NULL, NULL, NULL, NULL, NULL, NULL, NULL, NULL, '2023', NULL),
(456, '449', NULL, NULL, NULL, NULL, NULL, NULL, NULL, NULL, NULL, NULL, NULL, NULL, NULL, NULL, NULL, NULL, NULL, NULL, NULL, NULL, NULL, NULL, NULL, NULL, NULL, NULL, NULL, NULL, NULL, NULL, NULL, NULL, NULL, NULL, NULL, NULL, '2023', NULL),
(457, '450', NULL, NULL, NULL, NULL, NULL, NULL, NULL, NULL, NULL, NULL, NULL, NULL, NULL, NULL, NULL, NULL, NULL, NULL, NULL, NULL, NULL, NULL, NULL, NULL, NULL, NULL, NULL, NULL, NULL, NULL, NULL, NULL, NULL, NULL, NULL, NULL, '2023', NULL);
INSERT INTO `periodic_maintenence` (`Periodic_Maintenence_ID`, `Asset_ID`, `M_1`, `E_M_1`, `D_M_1`, `M_2`, `E_M_2`, `D_M_2`, `M_3`, `E_M_3`, `D_M_3`, `M_4`, `E_M_4`, `D_M_4`, `M_5`, `E_M_5`, `D_M_5`, `M_6`, `E_M_6`, `D_M_6`, `M_7`, `E_M_7`, `D_M_7`, `M_8`, `E_M_8`, `D_M_8`, `M_9`, `E_M_9`, `D_M_9`, `M_10`, `E_M_10`, `D_M_10`, `M_11`, `E_M_11`, `D_M_11`, `M_12`, `E_M_12`, `D_M_12`, `Year`, `Last_Periodic_Maintenance_Date`) VALUES
(458, '451', NULL, NULL, NULL, NULL, NULL, NULL, NULL, NULL, NULL, NULL, NULL, NULL, NULL, NULL, NULL, NULL, NULL, NULL, NULL, NULL, NULL, NULL, NULL, NULL, NULL, NULL, NULL, NULL, NULL, NULL, NULL, NULL, NULL, NULL, NULL, NULL, '2023', NULL),
(459, '452', NULL, NULL, NULL, NULL, NULL, NULL, NULL, NULL, NULL, NULL, NULL, NULL, NULL, NULL, NULL, NULL, NULL, NULL, NULL, NULL, NULL, NULL, NULL, NULL, NULL, NULL, NULL, NULL, NULL, NULL, NULL, NULL, NULL, NULL, NULL, NULL, '2023', NULL),
(460, '453', NULL, NULL, NULL, NULL, NULL, NULL, NULL, NULL, NULL, NULL, NULL, NULL, NULL, NULL, NULL, NULL, NULL, NULL, NULL, NULL, NULL, NULL, NULL, NULL, NULL, NULL, NULL, NULL, NULL, NULL, NULL, NULL, NULL, NULL, NULL, NULL, '2023', NULL),
(461, '454', NULL, NULL, NULL, NULL, NULL, NULL, NULL, NULL, NULL, NULL, NULL, NULL, NULL, NULL, NULL, NULL, NULL, NULL, NULL, NULL, NULL, NULL, NULL, NULL, NULL, NULL, NULL, NULL, NULL, NULL, NULL, NULL, NULL, NULL, NULL, NULL, '2023', NULL),
(462, '455', NULL, NULL, NULL, NULL, NULL, NULL, NULL, NULL, NULL, NULL, NULL, NULL, NULL, NULL, NULL, NULL, NULL, NULL, NULL, NULL, NULL, NULL, NULL, NULL, NULL, NULL, NULL, NULL, NULL, NULL, NULL, NULL, NULL, NULL, NULL, NULL, '2023', NULL),
(463, '456', NULL, NULL, NULL, NULL, NULL, NULL, NULL, NULL, NULL, NULL, NULL, NULL, NULL, NULL, NULL, NULL, NULL, NULL, NULL, NULL, NULL, NULL, NULL, NULL, NULL, NULL, NULL, NULL, NULL, NULL, NULL, NULL, NULL, NULL, NULL, NULL, '2023', NULL),
(464, '457', NULL, NULL, NULL, NULL, NULL, NULL, NULL, NULL, NULL, NULL, NULL, NULL, NULL, NULL, NULL, NULL, NULL, NULL, NULL, NULL, NULL, NULL, NULL, NULL, NULL, NULL, NULL, NULL, NULL, NULL, NULL, NULL, NULL, NULL, NULL, NULL, '2023', NULL),
(465, '458', NULL, NULL, NULL, NULL, NULL, NULL, NULL, NULL, NULL, NULL, NULL, NULL, NULL, NULL, NULL, NULL, NULL, NULL, NULL, NULL, NULL, NULL, NULL, NULL, NULL, NULL, NULL, NULL, NULL, NULL, NULL, NULL, NULL, NULL, NULL, NULL, '2023', NULL),
(466, '459', NULL, NULL, NULL, NULL, NULL, NULL, NULL, NULL, NULL, NULL, NULL, NULL, NULL, NULL, NULL, NULL, NULL, NULL, NULL, NULL, NULL, NULL, NULL, NULL, NULL, NULL, NULL, NULL, NULL, NULL, NULL, NULL, NULL, NULL, NULL, NULL, '2023', NULL),
(467, '460', NULL, NULL, NULL, NULL, NULL, NULL, NULL, NULL, NULL, NULL, NULL, NULL, NULL, NULL, NULL, NULL, NULL, NULL, NULL, NULL, NULL, NULL, NULL, NULL, NULL, NULL, NULL, NULL, NULL, NULL, NULL, NULL, NULL, NULL, NULL, NULL, '2023', NULL),
(468, '461', NULL, NULL, NULL, NULL, NULL, NULL, NULL, NULL, NULL, NULL, NULL, NULL, NULL, NULL, NULL, NULL, NULL, NULL, NULL, NULL, NULL, NULL, NULL, NULL, NULL, NULL, NULL, NULL, NULL, NULL, NULL, NULL, NULL, NULL, NULL, NULL, '2023', NULL),
(469, '462', NULL, NULL, NULL, NULL, NULL, NULL, NULL, NULL, NULL, NULL, NULL, NULL, NULL, NULL, NULL, NULL, NULL, NULL, NULL, NULL, NULL, NULL, NULL, NULL, NULL, NULL, NULL, NULL, NULL, NULL, NULL, NULL, NULL, NULL, NULL, NULL, '2023', NULL),
(470, '463', NULL, NULL, NULL, NULL, NULL, NULL, NULL, NULL, NULL, NULL, NULL, NULL, NULL, NULL, NULL, NULL, NULL, NULL, NULL, NULL, NULL, NULL, NULL, NULL, NULL, NULL, NULL, NULL, NULL, NULL, NULL, NULL, NULL, NULL, NULL, NULL, '2023', NULL),
(471, '464', NULL, NULL, NULL, NULL, NULL, NULL, NULL, NULL, NULL, NULL, NULL, NULL, NULL, NULL, NULL, NULL, NULL, NULL, NULL, NULL, NULL, NULL, NULL, NULL, NULL, NULL, NULL, NULL, NULL, NULL, NULL, NULL, NULL, NULL, NULL, NULL, '2023', NULL),
(472, '465', NULL, NULL, NULL, NULL, NULL, NULL, NULL, NULL, NULL, NULL, NULL, NULL, NULL, NULL, NULL, NULL, NULL, NULL, NULL, NULL, NULL, NULL, NULL, NULL, NULL, NULL, NULL, NULL, NULL, NULL, NULL, NULL, NULL, NULL, NULL, NULL, '2023', NULL),
(473, '466', NULL, NULL, NULL, NULL, NULL, NULL, NULL, NULL, NULL, NULL, NULL, NULL, NULL, NULL, NULL, NULL, NULL, NULL, NULL, NULL, NULL, NULL, NULL, NULL, NULL, NULL, NULL, NULL, NULL, NULL, NULL, NULL, NULL, NULL, NULL, NULL, '2023', NULL),
(474, '467', NULL, NULL, NULL, NULL, NULL, NULL, NULL, NULL, NULL, NULL, NULL, NULL, NULL, NULL, NULL, NULL, NULL, NULL, NULL, NULL, NULL, NULL, NULL, NULL, NULL, NULL, NULL, NULL, NULL, NULL, NULL, NULL, NULL, NULL, NULL, NULL, '2023', NULL),
(475, '468', NULL, NULL, NULL, NULL, NULL, NULL, NULL, NULL, NULL, NULL, NULL, NULL, NULL, NULL, NULL, NULL, NULL, NULL, NULL, NULL, NULL, NULL, NULL, NULL, NULL, NULL, NULL, NULL, NULL, NULL, NULL, NULL, NULL, NULL, NULL, NULL, '2023', NULL),
(476, '469', NULL, NULL, NULL, NULL, NULL, NULL, NULL, NULL, NULL, NULL, NULL, NULL, NULL, NULL, NULL, NULL, NULL, NULL, NULL, NULL, NULL, NULL, NULL, NULL, NULL, NULL, NULL, NULL, NULL, NULL, NULL, NULL, NULL, NULL, NULL, NULL, '2023', NULL),
(477, '470', NULL, NULL, NULL, NULL, NULL, NULL, NULL, NULL, NULL, NULL, NULL, NULL, NULL, NULL, NULL, NULL, NULL, NULL, NULL, NULL, NULL, NULL, NULL, NULL, NULL, NULL, NULL, NULL, NULL, NULL, NULL, NULL, NULL, NULL, NULL, NULL, '2023', NULL),
(478, '471', NULL, NULL, NULL, NULL, NULL, NULL, NULL, NULL, NULL, NULL, NULL, NULL, NULL, NULL, NULL, NULL, NULL, NULL, NULL, NULL, NULL, NULL, NULL, NULL, NULL, NULL, NULL, NULL, NULL, NULL, NULL, NULL, NULL, NULL, NULL, NULL, '2023', NULL),
(479, '472', NULL, NULL, NULL, NULL, NULL, NULL, NULL, NULL, NULL, NULL, NULL, NULL, NULL, NULL, NULL, NULL, NULL, NULL, NULL, NULL, NULL, NULL, NULL, NULL, NULL, NULL, NULL, NULL, NULL, NULL, NULL, NULL, NULL, NULL, NULL, NULL, '2023', NULL),
(480, '473', NULL, NULL, NULL, NULL, NULL, NULL, NULL, NULL, NULL, NULL, NULL, NULL, NULL, NULL, NULL, NULL, NULL, NULL, NULL, NULL, NULL, NULL, NULL, NULL, NULL, NULL, NULL, NULL, NULL, NULL, NULL, NULL, NULL, NULL, NULL, NULL, '2023', NULL),
(481, '474', NULL, NULL, NULL, NULL, NULL, NULL, NULL, NULL, NULL, NULL, NULL, NULL, NULL, NULL, NULL, NULL, NULL, NULL, NULL, NULL, NULL, NULL, NULL, NULL, NULL, NULL, NULL, NULL, NULL, NULL, NULL, NULL, NULL, NULL, NULL, NULL, '2023', NULL),
(482, '475', NULL, NULL, NULL, NULL, NULL, NULL, NULL, NULL, NULL, NULL, NULL, NULL, NULL, NULL, NULL, NULL, NULL, NULL, NULL, NULL, NULL, NULL, NULL, NULL, NULL, NULL, NULL, NULL, NULL, NULL, NULL, NULL, NULL, NULL, NULL, NULL, '2023', NULL),
(483, '476', NULL, NULL, NULL, NULL, NULL, NULL, NULL, NULL, NULL, NULL, NULL, NULL, NULL, NULL, NULL, NULL, NULL, NULL, NULL, NULL, NULL, NULL, NULL, NULL, NULL, NULL, NULL, NULL, NULL, NULL, NULL, NULL, NULL, NULL, NULL, NULL, '2023', NULL),
(484, '477', NULL, NULL, NULL, NULL, NULL, NULL, NULL, NULL, NULL, NULL, NULL, NULL, NULL, NULL, NULL, NULL, NULL, NULL, NULL, NULL, NULL, NULL, NULL, NULL, NULL, NULL, NULL, NULL, NULL, NULL, NULL, NULL, NULL, NULL, NULL, NULL, '2023', NULL),
(485, '478', NULL, NULL, NULL, NULL, NULL, NULL, NULL, NULL, NULL, NULL, NULL, NULL, NULL, NULL, NULL, NULL, NULL, NULL, NULL, NULL, NULL, NULL, NULL, NULL, NULL, NULL, NULL, NULL, NULL, NULL, NULL, NULL, NULL, NULL, NULL, NULL, '2023', NULL),
(486, '479', NULL, NULL, NULL, NULL, NULL, NULL, NULL, NULL, NULL, NULL, NULL, NULL, NULL, NULL, NULL, NULL, NULL, NULL, NULL, NULL, NULL, NULL, NULL, NULL, NULL, NULL, NULL, NULL, NULL, NULL, NULL, NULL, NULL, NULL, NULL, NULL, '2023', NULL),
(487, '480', NULL, NULL, NULL, NULL, NULL, NULL, NULL, NULL, NULL, NULL, NULL, NULL, NULL, NULL, NULL, NULL, NULL, NULL, NULL, NULL, NULL, NULL, NULL, NULL, NULL, NULL, NULL, NULL, NULL, NULL, NULL, NULL, NULL, NULL, NULL, NULL, '2023', NULL),
(488, '481', NULL, NULL, NULL, NULL, NULL, NULL, NULL, NULL, NULL, NULL, NULL, NULL, NULL, NULL, NULL, NULL, NULL, NULL, NULL, NULL, NULL, NULL, NULL, NULL, NULL, NULL, NULL, NULL, NULL, NULL, NULL, NULL, NULL, NULL, NULL, NULL, '2023', NULL),
(489, '482', NULL, NULL, NULL, NULL, NULL, NULL, NULL, NULL, NULL, NULL, NULL, NULL, NULL, NULL, NULL, NULL, NULL, NULL, NULL, NULL, NULL, NULL, NULL, NULL, NULL, NULL, NULL, NULL, NULL, NULL, NULL, NULL, NULL, NULL, NULL, NULL, '2023', NULL),
(490, '483', NULL, NULL, NULL, NULL, NULL, NULL, NULL, NULL, NULL, NULL, NULL, NULL, NULL, NULL, NULL, NULL, NULL, NULL, NULL, NULL, NULL, NULL, NULL, NULL, NULL, NULL, NULL, NULL, NULL, NULL, NULL, NULL, NULL, NULL, NULL, NULL, '2023', NULL),
(491, '484', NULL, NULL, NULL, NULL, NULL, NULL, NULL, NULL, NULL, NULL, NULL, NULL, NULL, NULL, NULL, NULL, NULL, NULL, NULL, NULL, NULL, NULL, NULL, NULL, NULL, NULL, NULL, NULL, NULL, NULL, NULL, NULL, NULL, NULL, NULL, NULL, '2023', NULL),
(492, '485', NULL, NULL, NULL, NULL, NULL, NULL, NULL, NULL, NULL, NULL, NULL, NULL, NULL, NULL, NULL, NULL, NULL, NULL, NULL, NULL, NULL, NULL, NULL, NULL, NULL, NULL, NULL, NULL, NULL, NULL, NULL, NULL, NULL, NULL, NULL, NULL, '2023', NULL),
(493, '486', NULL, NULL, NULL, NULL, NULL, NULL, NULL, NULL, NULL, NULL, NULL, NULL, NULL, NULL, NULL, NULL, NULL, NULL, NULL, NULL, NULL, NULL, NULL, NULL, NULL, NULL, NULL, NULL, NULL, NULL, NULL, NULL, NULL, NULL, NULL, NULL, '2023', NULL),
(494, '487', NULL, NULL, NULL, NULL, NULL, NULL, NULL, NULL, NULL, NULL, NULL, NULL, NULL, NULL, NULL, NULL, NULL, NULL, NULL, NULL, NULL, NULL, NULL, NULL, NULL, NULL, NULL, NULL, NULL, NULL, NULL, NULL, NULL, NULL, NULL, NULL, '2023', NULL),
(495, '488', NULL, NULL, NULL, NULL, NULL, NULL, NULL, NULL, NULL, NULL, NULL, NULL, NULL, NULL, NULL, NULL, NULL, NULL, NULL, NULL, NULL, NULL, NULL, NULL, NULL, NULL, NULL, NULL, NULL, NULL, NULL, NULL, NULL, NULL, NULL, NULL, '2023', NULL),
(496, '489', NULL, NULL, NULL, NULL, NULL, NULL, NULL, NULL, NULL, NULL, NULL, NULL, NULL, NULL, NULL, NULL, NULL, NULL, NULL, NULL, NULL, NULL, NULL, NULL, NULL, NULL, NULL, NULL, NULL, NULL, NULL, NULL, NULL, NULL, NULL, NULL, '2023', NULL),
(497, '490', NULL, NULL, NULL, NULL, NULL, NULL, NULL, NULL, NULL, NULL, NULL, NULL, NULL, NULL, NULL, NULL, NULL, NULL, NULL, NULL, NULL, NULL, NULL, NULL, NULL, NULL, NULL, NULL, NULL, NULL, NULL, NULL, NULL, NULL, NULL, NULL, '2023', NULL),
(498, '491', NULL, NULL, NULL, NULL, NULL, NULL, NULL, NULL, NULL, NULL, NULL, NULL, NULL, NULL, NULL, NULL, NULL, NULL, NULL, NULL, NULL, NULL, NULL, NULL, NULL, NULL, NULL, NULL, NULL, NULL, NULL, NULL, NULL, NULL, NULL, NULL, '2023', NULL),
(499, '492', NULL, NULL, NULL, NULL, NULL, NULL, NULL, NULL, NULL, NULL, NULL, NULL, NULL, NULL, NULL, NULL, NULL, NULL, NULL, NULL, NULL, NULL, NULL, NULL, NULL, NULL, NULL, NULL, NULL, NULL, NULL, NULL, NULL, NULL, NULL, NULL, '2023', NULL),
(500, '493', NULL, NULL, NULL, NULL, NULL, NULL, NULL, NULL, NULL, NULL, NULL, NULL, NULL, NULL, NULL, NULL, NULL, NULL, NULL, NULL, NULL, NULL, NULL, NULL, NULL, NULL, NULL, NULL, NULL, NULL, NULL, NULL, NULL, NULL, NULL, NULL, '2023', NULL);

-- --------------------------------------------------------

--
-- Table structure for table `pickup_delivery`
--

CREATE TABLE `pickup_delivery` (
  `Pickup_Delivery_Id` int(11) NOT NULL,
  `Unit_Id` varchar(200) DEFAULT NULL,
  `Tenant_ID` varchar(200) DEFAULT NULL,
  `Type` varchar(200) DEFAULT NULL,
  `Status` varchar(200) DEFAULT NULL,
  `Note` varchar(200) DEFAULT NULL,
  `Date` varchar(200) DEFAULT NULL,
  `Prosses` varchar(200) DEFAULT NULL,
  `Discription` longtext
) ENGINE=InnoDB DEFAULT CHARSET=utf8mb4;

--
-- Dumping data for table `pickup_delivery`
--

INSERT INTO `pickup_delivery` (`Pickup_Delivery_Id`, `Unit_Id`, `Tenant_ID`, `Type`, `Status`, `Note`, `Date`, `Prosses`, `Discription`) VALUES
(1, '35', NULL, 'المفاتيح', '1', 'Test Test', '18/03/2023', '2', NULL),
(2, '35', NULL, 'الأثاث', '1', 'Test Test', '18/03/2023', '2', NULL),
(3, '35', NULL, 'الأجهزة المنزلية', '1', '', '18/03/2023', '2', NULL),
(4, '35', NULL, 'المطبخ', '2', 'Test Test', '18/03/2023', '2', NULL),
(5, '35', NULL, 'المنافذ الكهربائية', '2', '', '18/03/2023', '2', NULL),
(6, '35', NULL, 'الأرضيات', '1', 'Test Test', '18/03/2023', '2', NULL),
(7, '35', NULL, 'الحمامات / غرف الغسيل', '1', '', '18/03/2023', '2', NULL),
(8, '35', NULL, 'الجدران و الأسقف', '1', '', '18/03/2023', '2', NULL),
(9, '35', NULL, 'الأبواب', '', '', '18/03/2023', '2', NULL),
(10, '35', NULL, 'النوافذ', '2', 'Test Test', '18/03/2023', '2', NULL),
(11, '35', NULL, 'المكيفات', '1', '', '18/03/2023', '2', NULL),
(12, '93', NULL, 'المفاتيح', '1', 'Test Test', '19/03/2023', '1', NULL),
(13, '93', NULL, 'الأثاث', '2', '', '19/03/2023', '1', NULL),
(14, '93', NULL, 'الأجهزة المنزلية', '1', 'Test Test', '19/03/2023', '1', NULL),
(15, '93', NULL, 'المطبخ', '2', '', '19/03/2023', '1', NULL),
(16, '93', NULL, 'المنافذ الكهربائية', '1', 'Test Test', '19/03/2023', '1', NULL),
(17, '93', NULL, 'الأرضيات', '2', '', '19/03/2023', '1', NULL),
(18, '93', NULL, 'الحمامات / غرف الغسيل', '1', 'Test Test', '19/03/2023', '1', NULL),
(19, '93', NULL, 'الجدران و الأسقف', '2', '', '19/03/2023', '1', NULL),
(20, '93', NULL, 'الأبواب', '1', 'Test Test', '19/03/2023', '1', NULL),
(21, '93', NULL, 'النوافذ', '1', '', '19/03/2023', '1', NULL),
(22, '93', NULL, 'المكيفات', '1', '', '19/03/2023', '1', NULL),
(23, '124', '130', 'المفاتيح', '1', '', '12/05/2023', '2', NULL),
(24, '124', '130', 'الأثاث', '1', '', '12/05/2023', '2', NULL),
(25, '124', '130', 'الأجهزة المنزلية', '1', '', '12/05/2023', '2', NULL),
(26, '124', '130', 'المطبخ', '1', '', '12/05/2023', '2', NULL),
(27, '124', '130', 'المنافذ الكهربائية', '2', '', '12/05/2023', '2', NULL),
(28, '124', '130', 'الأرضيات', '2', '', '12/05/2023', '2', NULL),
(29, '124', '130', 'الحمامات / غرف الغسيل', '2', '', '12/05/2023', '2', NULL),
(30, '124', '130', 'الجدران و الأسقف', '1', '', '12/05/2023', '2', NULL),
(31, '124', '130', 'الأبواب', '1', '', '12/05/2023', '2', NULL),
(32, '124', '130', 'النوافذ', '2', '', '12/05/2023', '2', NULL),
(33, '124', '130', 'المكيفات', '1', '', '12/05/2023', '2', NULL),
(34, '124', '130', 'ملاحظات', '0', NULL, '12/05/2023', '2', 'ملاحظات تجربة \r\n ');

-- --------------------------------------------------------

--
-- Table structure for table `real_estate_investment`
--

CREATE TABLE `real_estate_investment` (
  `Id` int(11) NOT NULL,
  `Year` varchar(200) DEFAULT NULL,
  `Value` varchar(200) DEFAULT NULL,
  `Name` varchar(200) DEFAULT NULL
) ENGINE=InnoDB DEFAULT CHARSET=utf8mb4;

--
-- Dumping data for table `real_estate_investment`
--

INSERT INTO `real_estate_investment` (`Id`, `Year`, `Value`, `Name`) VALUES
(32, '2018', '2187500', 'عمارة عبد العزبز الجديدة'),
(47, '2018', '21510000', 'شقق فندقية فريج الغانم'),
(48, '2019', '2052811', 'سانيو'),
(50, '2019', '6681012', 'أم غويلينة أتش أس بي سي'),
(51, '2019', '6791491', 'عمارة مدينة خليفة  الوضيحية'),
(52, '2019', '6237000', 'بن درهم الكبرى'),
(53, '2021', '8188630', 'بيت الشوك'),
(54, '2021', '2834500', 'فيلا غرافة الريان'),
(55, '2022', '282015', 'فيلا الخيسة جديدة'),
(56, '2023', '3342500', 'فيلا الخيسة حجر'),
(57, '2023', '1604637', 'أرض فضاء الوكير'),
(58, '2023', '1604637', 'أرض فضاء الوكير 2'),
(59, '2023', '1604638', 'أرض فضاء الوكير 3'),
(60, '2023', '1604638', 'أرض فضاء الوكير 4'),
(61, '2022', '3333333', 'الخيسة مدرسة'),
(62, '2022', '30198', 'فيلا الخيسة'),
(63, '2022', '33521', 'فيلا غربية'),
(64, '2023', '30000', 'بن درهم الكبرى'),
(65, '2022', '20000', 'بن درهم الكبرى');

-- --------------------------------------------------------

--
-- Table structure for table `reason_for_rent`
--

CREATE TABLE `reason_for_rent` (
  `Reason_For_Rent_Id` int(11) NOT NULL,
  `Reason_AR_For_Rent` varchar(200) CHARACTER SET utf8mb4 NOT NULL,
  `Reason_En_For_Rent` varchar(200) CHARACTER SET utf8mb4 NOT NULL
) ENGINE=InnoDB DEFAULT CHARSET=utf8;

--
-- Dumping data for table `reason_for_rent`
--

INSERT INTO `reason_for_rent` (`Reason_For_Rent_Id`, `Reason_AR_For_Rent`, `Reason_En_For_Rent`) VALUES
(1, 'سكن عائلي', 'family residence'),
(2, 'سكن عذاب', 'Singel  residence'),
(3, 'عمل تجاري', 'Business');

-- --------------------------------------------------------

--
-- Table structure for table `relateddocuments`
--

CREATE TABLE `relateddocuments` (
  `DocId` int(11) NOT NULL,
  `TransactionTime` datetime DEFAULT NULL,
  `TransactionByUser` varchar(255) CHARACTER SET utf8mb4 DEFAULT NULL,
  `Ownership` varchar(255) CHARACTER SET utf8mb4 DEFAULT NULL,
  `Building` varchar(255) CHARACTER SET utf8mb4 DEFAULT NULL,
  `Unit` varchar(255) CHARACTER SET utf8mb4 DEFAULT NULL,
  `Tenant` varchar(255) CHARACTER SET utf8mb4 DEFAULT NULL,
  `Contract` varchar(255) CHARACTER SET utf8mb4 DEFAULT NULL,
  `Note` varchar(255) CHARACTER SET utf8mb4 DEFAULT NULL,
  `IsActive` tinyint(1) DEFAULT NULL
) ENGINE=InnoDB DEFAULT CHARSET=utf8;

-- --------------------------------------------------------

--
-- Table structure for table `requst_source`
--

CREATE TABLE `requst_source` (
  `Requst_Source_id` int(11) NOT NULL,
  `Ar_Requst_Source` varchar(200) DEFAULT NULL,
  `En_Requst_Source` varchar(200) DEFAULT NULL
) ENGINE=InnoDB DEFAULT CHARSET=utf8mb4;

-- --------------------------------------------------------

--
-- Table structure for table `roles`
--

CREATE TABLE `roles` (
  `Role_ID` int(11) NOT NULL,
  `Role_name` varchar(200) DEFAULT NULL,
  `properties` varchar(200) DEFAULT NULL,
  `Contracting` varchar(200) DEFAULT NULL,
  `Customer_Affairs` varchar(200) DEFAULT NULL,
  `Asset_Management` varchar(200) DEFAULT NULL,
  `Collecting` varchar(200) DEFAULT NULL,
  `Financial_Statements` varchar(200) DEFAULT NULL,
  `Marketing` varchar(200) DEFAULT NULL,
  `Task_Management` varchar(200) DEFAULT NULL,
  `Deficiency_Detection` varchar(200) DEFAULT NULL,
  `System_Settings` varchar(200) DEFAULT NULL
) ENGINE=InnoDB DEFAULT CHARSET=utf8mb4;

--
-- Dumping data for table `roles`
--

INSERT INTO `roles` (`Role_ID`, `Role_name`, `properties`, `Contracting`, `Customer_Affairs`, `Asset_Management`, `Collecting`, `Financial_Statements`, `Marketing`, `Task_Management`, `Deficiency_Detection`, `System_Settings`) VALUES
(1, 'Super Admin', 'R,A,E,D', 'R,A,E,D', 'R,A,E,D', 'R,A,E,D', 'R,0,0,0', 'R,A,E,D', 'R,A,E,D', 'R,A,E,D', 'R,0,E,0', 'R'),
(2, 'Admin', 'R,A,E,D', 'R,A,E,D', 'R,A,E,D', 'R,A,E,D', 'R,0,0,0', 'R,A,E,D', 'R,A,E,D', 'R,0,0,0', 'R,0,0,0', 'R'),
(3, 'محاسب المنارة', '0,0,0,0', '0,0,0,0', '0,0,0,0', '0,0,0,0', 'R,E', 'R,A,E,D', '0,0,0,0', '0,0,0,0', '0,0', '0'),
(4, 'Alshiekh ', 'R,0,0,0', 'R,0,0,0', 'R,0,0,0', 'R,0,0,0', 'R,0,0,0', 'R,0,0,0', 'R,0,0,0', 'R,A,E,D', 'R,0,0,0', 'R');

-- --------------------------------------------------------

--
-- Table structure for table `sub_type_evaluation`
--

CREATE TABLE `sub_type_evaluation` (
  `Sub_Type_Evaluation_Id` int(11) NOT NULL,
  `Main_Type_Evaluation_Id` varchar(50) DEFAULT NULL,
  `Ar_Name` varchar(200) DEFAULT NULL,
  `En_Name` varchar(200) DEFAULT NULL,
  `Sub_Weight` varchar(200) DEFAULT NULL,
  `R_Sub_Weight` varchar(200) DEFAULT NULL
) ENGINE=InnoDB DEFAULT CHARSET=utf8mb4;

-- --------------------------------------------------------

--
-- Table structure for table `task_management`
--

CREATE TABLE `task_management` (
  `Task_Management_ID` int(11) NOT NULL,
  `Task_Type` longtext,
  `Department_Id` varchar(45) DEFAULT NULL,
  `Employee_Id` varchar(45) DEFAULT NULL,
  `Task_Descrioption` longtext,
  `Start_date` varchar(200) DEFAULT NULL,
  `End_Date` varchar(200) DEFAULT NULL,
  `Actual_End_Date` varchar(200) DEFAULT NULL,
  `Task_Status` varchar(45) DEFAULT NULL,
  `Task_Priority` varchar(45) DEFAULT NULL,
  `Task_Priority_Word` varchar(45) DEFAULT NULL,
  `Notification_Activ` varchar(45) NOT NULL
) ENGINE=InnoDB DEFAULT CHARSET=utf8mb4;

-- --------------------------------------------------------

--
-- Table structure for table `task_part`
--

CREATE TABLE `task_part` (
  `Task_Part_Id` int(11) NOT NULL,
  `Task_Id` varchar(45) DEFAULT NULL,
  `Task_Part_Discription` longtext,
  `Status` varchar(45) NOT NULL
) ENGINE=InnoDB DEFAULT CHARSET=utf8mb4;

-- --------------------------------------------------------

--
-- Table structure for table `task_type`
--

CREATE TABLE `task_type` (
  `Task_Type_Id` int(11) NOT NULL,
  `Task_Arabic_Type` varchar(200) DEFAULT NULL,
  `Task_English_Type` varchar(200) DEFAULT NULL
) ENGINE=InnoDB DEFAULT CHARSET=utf8mb4;

--
-- Dumping data for table `task_type`
--

INSERT INTO `task_type` (`Task_Type_Id`, `Task_Arabic_Type`, `Task_English_Type`) VALUES
(1, 'اضافة ملكيات', 'Add Ownership'),
(2, 'اضافة أبنية', 'Add Building');

-- --------------------------------------------------------

--
-- Table structure for table `tenants`
--

CREATE TABLE `tenants` (
  `Tenants_ID` int(11) NOT NULL,
  `tenant_type_Tenant_Type_Id` int(11) NOT NULL,
  `nationality_nationality_ID` int(11) NOT NULL,
  `Tenants_English_Name` varchar(200) NOT NULL,
  `Tenants_Arabic_Name` varchar(200) NOT NULL,
  `Tenants_Tell` varchar(200) DEFAULT NULL,
  `Tenants_Mobile` varchar(200) NOT NULL,
  `Tenants_Fax` varchar(200) DEFAULT NULL,
  `Tenants_Email` varchar(200) NOT NULL,
  `Tenants_Address` varchar(200) NOT NULL,
  `Tenants_Nationality_Address` varchar(200) NOT NULL,
  `ID_NO` varchar(200) DEFAULT NULL,
  `ID_Expiry` varchar(200) DEFAULT NULL,
  `business_records` varchar(200) DEFAULT NULL,
  `P_O_Box` varchar(200) DEFAULT NULL,
  `Tenants_QId` varchar(200) NOT NULL,
  `Tenants_QId_Path` varchar(200) NOT NULL,
  `PassPort` varchar(200) NOT NULL,
  `PassPort_Path` varchar(200) NOT NULL,
  `business_records_FileName` varchar(200) DEFAULT NULL,
  `business_records_Path` varchar(200) DEFAULT NULL,
  `Company_registration_No` varchar(200) DEFAULT NULL,
  `Company_registration_FileName` varchar(200) DEFAULT NULL,
  `Company_registration_Path` varchar(200) DEFAULT NULL
) ENGINE=InnoDB DEFAULT CHARSET=utf8;

--
-- Dumping data for table `tenants`
--

INSERT INTO `tenants` (`Tenants_ID`, `tenant_type_Tenant_Type_Id`, `nationality_nationality_ID`, `Tenants_English_Name`, `Tenants_Arabic_Name`, `Tenants_Tell`, `Tenants_Mobile`, `Tenants_Fax`, `Tenants_Email`, `Tenants_Address`, `Tenants_Nationality_Address`, `ID_NO`, `ID_Expiry`, `business_records`, `P_O_Box`, `Tenants_QId`, `Tenants_QId_Path`, `PassPort`, `PassPort_Path`, `business_records_FileName`, `business_records_Path`, `Company_registration_No`, `Company_registration_FileName`, `Company_registration_Path`) VALUES
(2, 1, 165, 'Shahad Kandasil', 'شهد كانداسيل', '50067988', '50067988', '', '', '', '', '28735602092', '', '', '', 'empty_Image.jpg', '/English/Main_Application/Main_Image/empty_Image.jpg', 'empty_Image.jpg', '/English/Main_Application/Main_Image/empty_Image.jpg', '', '', '', '', ''),
(3, 1, 44, 'Gokkhan Kurban', 'كهوكان كوربان', '66221695', '66221695', '', '', '', '', '28705005739', '', NULL, NULL, 'empty_Image.jpg', '/English/Main_Application/Main_Image/empty_Image.jpg', 'empty_Image.jpg', '/English/Main_Application/Main_Image/empty_Image.jpg', NULL, NULL, NULL, NULL, NULL),
(4, 1, 120, 'Sabinus Ugochukwu Duru', 'سبونوس وجكوة درو', '70797231', '70797231', '', '', '', '', '28656600478', '24/04/2022', NULL, NULL, 'ام غويلينة الجديدة شقة 3.pdf', '/English/Main_Application/Tenant_QID/ام غويلينة الجديدة شقة 3.pdf', 'ام غويلينة الجديدة شقة 3.pdf', '/English/Main_Application/Tenant_Passport/ام غويلينة الجديدة شقة 3.pdf', NULL, NULL, NULL, NULL, NULL),
(5, 1, 44, 'Maktar hussein shamoun', 'مكتر حسين شمون', '55517067', '55517067', '', '', '', '', '28705025589', '', NULL, NULL, 'empty_Image.jpg', '/English/Main_Application/Main_Image/empty_Image.jpg', 'empty_Image.jpg', '/English/Main_Application/Main_Image/empty_Image.jpg', NULL, NULL, NULL, NULL, NULL),
(6, 1, 27, 'Giulito Flamble', 'جوليتو فلامبل', '50789059', '50789059', '', '', '', '', '26560807476', '', NULL, NULL, 'empty_Image.jpg', '/English/Main_Application/Main_Image/empty_Image.jpg', 'empty_Image.jpg', '/English/Main_Application/Main_Image/empty_Image.jpg', NULL, NULL, NULL, NULL, NULL),
(7, 1, 19, 'Mohammed Nehal Akther', 'محمد نيهل أكتار', '33838491', '33838491', '', '', '', '', '27835634095', '10/1/2022', NULL, NULL, 'ام غويلينة الجديدة شقة 6.pdf', '/English/Main_Application/Tenant_QID/ام غويلينة الجديدة شقة 6.pdf', 'ام غويلينة الجديدة شقة 6.pdf', '/English/Main_Application/Tenant_Passport/ام غويلينة الجديدة شقة 6.pdf', NULL, NULL, NULL, NULL, NULL),
(8, 1, 19, 'Mustafa Abdullah Kuti', 'مصطفى عبدالله كوتي', '66542432', '66542432', '', '', '', '', '28735601086', '', NULL, NULL, 'empty_Image.jpg', '/English/Main_Application/Main_Image/empty_Image.jpg', 'empty_Image.jpg', '/English/Main_Application/Main_Image/empty_Image.jpg', NULL, NULL, NULL, NULL, NULL),
(9, 1, 44, 'A K M Sikander Hossain', 'ايه كي أم سكيندر حسين', '33204089', '33204089', '', '', '', '', '28805005223', '8/9/2022', NULL, NULL, 'ام غويلينة الجديدة شقة 10.pdf', '/English/Main_Application/Tenant_QID/ام غويلينة الجديدة شقة 10.pdf', 'ام غويلينة الجديدة شقة 10.pdf', '/English/Main_Application/Tenant_Passport/ام غويلينة الجديدة شقة 10.pdf', NULL, NULL, NULL, NULL, NULL),
(10, 1, 44, 'Mohamed Shamso Miyah Mohammed Ali', 'محمد شمسو مياه محمد علي', '66752176', '66752176', '', '', '', '', '26305000575', '', NULL, NULL, 'empty_Image.jpg', '/English/Main_Application/Main_Image/empty_Image.jpg', 'empty_Image.jpg', '/English/Main_Application/Main_Image/empty_Image.jpg', NULL, NULL, NULL, NULL, NULL),
(11, 1, 19, 'Ismail Nelkat Kolek', 'اسماعيل نلكات كوليك', '66907260', '66907260', '', '', '', '', '28735604732', '', NULL, NULL, 'empty_Image.jpg', '/English/Main_Application/Main_Image/empty_Image.jpg', 'empty_Image.jpg', '/English/Main_Application/Main_Image/empty_Image.jpg', NULL, NULL, NULL, NULL, NULL),
(12, 1, 97, 'Waleed Ahmed Khazal', 'وليد احمد خزعل', '33507932', '33507932', '', '', '', '', '27742200491', '', NULL, NULL, 'empty_Image.jpg', '/English/Main_Application/Main_Image/empty_Image.jpg', 'empty_Image.jpg', '/English/Main_Application/Main_Image/empty_Image.jpg', NULL, NULL, NULL, NULL, NULL),
(13, 1, 116, 'ASHOK LAMA', 'اشوك لاما', '50911682', '50911682', '', '', '', '', '28552450500', '28/11/2023', NULL, NULL, 'ام غويلينة الجديدة شقة 20.pdf', '/English/Main_Application/Tenant_QID/ام غويلينة الجديدة شقة 20.pdf', 'ام غويلينة الجديدة شقة 20.pdf', '/English/Main_Application/Tenant_Passport/ام غويلينة الجديدة شقة 20.pdf', NULL, NULL, NULL, NULL, NULL),
(14, 1, 141, 'Abdi Ismail Rageh', 'عبدي اسماعيل راجه', '55496397', '55496397', '', '', '', '', '26570600025', '11/9/2022 55', NULL, NULL, 'ام غويلينة الجديدة 21.pdf', '/English/Main_Application/Tenant_QID/ام غويلينة الجديدة 21.pdf', 'ام غويلينة الجديدة 21.pdf', '/English/Main_Application/Tenant_Passport/ام غويلينة الجديدة 21.pdf', NULL, NULL, NULL, NULL, NULL),
(15, 1, 19, 'Afzal Kareem', 'افزال كريم', '70096672', '70096672', '', '', '', '', '27235612887', '', NULL, NULL, 'empty_Image.jpg', '/English/Main_Application/Main_Image/empty_Image.jpg', 'empty_Image.jpg', '/English/Main_Application/Main_Image/empty_Image.jpg', NULL, NULL, NULL, NULL, NULL),
(16, 1, 70, 'Islam Mohammad Khalaf Ahmed', 'إسلام محمد خلف أحمد', '30366040', '30366040', '', '', '', '', '28881805807', '', NULL, NULL, 'empty_Image.jpg', '/English/Main_Application/Main_Image/empty_Image.jpg', 'empty_Image.jpg', '/English/Main_Application/Main_Image/empty_Image.jpg', NULL, NULL, NULL, NULL, NULL),
(17, 1, 19, 'Perumalsamy Balasubramanian', 'بيرومالسامي بالاسوبرامانيان', '55704747', '55704747', '', '', '', '', '28135643919', '24/04/2023', NULL, NULL, 'شقة 2.pdf', '/English/Main_Application/Tenant_QID/شقة 2.pdf', 'شقة 2.pdf', '/English/Main_Application/Tenant_Passport/شقة 2.pdf', NULL, NULL, NULL, NULL, NULL),
(18, 1, 27, 'Edward Mojado Berdos', 'ايدورد موجادو بيردوس', '4445155', '4445155', '', '', '', '', '27760819341', '18/10/2022', NULL, NULL, 'شقة 3.pdf', '/English/Main_Application/Tenant_QID/شقة 3.pdf', 'شقة 3.pdf', '/English/Main_Application/Tenant_Passport/شقة 3.pdf', NULL, NULL, NULL, NULL, NULL),
(19, 1, 91, 'Amjad Zaid', 'امجد يحيى حسن أبو زيد', '55206105', '55206105', '', '', '', '', '28540001132', '27/02/2022', NULL, NULL, 'شقة 4.pdf', '/English/Main_Application/Tenant_QID/شقة 4.pdf', 'شقة 4.pdf', '/English/Main_Application/Tenant_Passport/شقة 4.pdf', NULL, NULL, NULL, NULL, NULL),
(20, 1, 44, ' Borhan Uddin MD Anatur Rahman ', ' برهان محمد ', '55148460', '55148460', '', '', 'rented 11 units from 1 to 11 on the building number 55/ street 810 /zone 27', '', '28505000899', '22/02/2024', '', '', 'ام غويلينة الكبرى 11 شقة.pdf', '/English/Main_Application/Tenant_QID/ام غويلينة الكبرى 11 شقة.pdf', 'ام غويلينة الكبرى 11 شقة.pdf', '/English/Main_Application/Tenant_Passport/ام غويلينة الكبرى 11 شقة.pdf', '', '', '', '', ''),
(21, 2, 165, 'Vodafone', 'فودافون', '', '0', '', '', '', 'Null', '', '', NULL, NULL, 'empty_Image.jpg', '/English/Main_Application/Main_Image/empty_Image.jpg', 'empty_Image.jpg', '/English/Main_Application/Main_Image/empty_Image.jpg', NULL, NULL, NULL, NULL, NULL),
(22, 1, 19, 'Jagadeswara Reddy Panjugulla', 'جكاد يشوارا ريدي بنجيكولا', '50137714', '50137714', '', '', '', '', '28635677091', '15/06/2022', NULL, NULL, 'شقة 5.pdf', '/English/Main_Application/Tenant_QID/شقة 5.pdf', 'شقة 5.pdf', '/English/Main_Application/Tenant_Passport/شقة 5.pdf', NULL, NULL, NULL, NULL, NULL),
(23, 1, 19, 'Bevin Viginarah', 'بيفين فيجيناراه', '70618952', '70618952', '', '', '', '', '28735622113', '26/03/2023', '', '', 'empty_Image.jpg', '/English/Main_Application/Main_Image/empty_Image.jpg', 'empty_Image.jpg', '/English/Main_Application/Main_Image/empty_Image.jpg', '', '', '', '', ''),
(24, 1, 19, 'Rajesh Bit Yan', 'راجيش بت يان', '70651954', '70651954', '', '', '', '', '26735616475', '', NULL, NULL, 'empty_Image.jpg', '/English/Main_Application/Main_Image/empty_Image.jpg', 'empty_Image.jpg', '/English/Main_Application/Main_Image/empty_Image.jpg', NULL, NULL, NULL, NULL, NULL),
(25, 1, 152, 'SANA JEMAI', 'سناء الجميعي', '31315274', '31315274', '', '', '', '', '28478801085', '28/05/2022', NULL, NULL, 'شقة 8.pdf', '/English/Main_Application/Tenant_QID/شقة 8.pdf', 'شقة 8.pdf', '/English/Main_Application/Tenant_Passport/شقة 8.pdf', NULL, NULL, NULL, NULL, NULL),
(26, 1, 70, 'Mohamed Qabeel Mohamed Ali', 'محمد قابيل محمد علي', '33562557', '33562557', '', '', '', '', '28681811844', '11/10/2023', '', '', 'شقة 9.pdf', '/English/Main_Application/Tenant_QID/شقة 9.pdf', 'شقة 9.pdf', '/English/Main_Application/Tenant_Passport/شقة 9.pdf', '', '', '', '', ''),
(27, 1, 113, 'Mohamed Eljannus', 'محمد الخنوس', '50166278', '50166278', '', '', '', '', '28950400881', '19/06/2022', NULL, NULL, 'شقة 10.pdf', '/English/Main_Application/Tenant_QID/شقة 10.pdf', 'شقة 10.pdf', '/English/Main_Application/Tenant_Passport/شقة 10.pdf', NULL, NULL, NULL, NULL, NULL),
(28, 1, 19, 'Shwayta Kristi Orkyam', 'شويتا كريستى اوركيام', '33708856', '33708856', '', '', '', '', '28435675426', '', NULL, NULL, 'empty_Image.jpg', '/English/Main_Application/Main_Image/empty_Image.jpg', 'شقة 11.pdf', '/English/Main_Application/Tenant_Passport/شقة 11.pdf', NULL, NULL, NULL, NULL, NULL),
(29, 1, 70, 'Ahmed Nabil Abedalazez Abedalbast', 'احمد نبيل عبد الغزيز عبدالباسط', '5573821', '55573821', '', '', '', '', '28281807027', '23/05/2024', '', '', 'شقة 12.pdf', '/English/Main_Application/Tenant_QID/شقة 12.pdf', 'شقة 12.pdf', '/English/Main_Application/Tenant_Passport/شقة 12.pdf', '', '', '', '', ''),
(30, 1, 19, 'Najer Nasser', 'ناجير ناصر', '55157676', '55157676', '', '', '', '', '29535602105', '', NULL, NULL, 'empty_Image.jpg', '/English/Main_Application/Main_Image/empty_Image.jpg', 'empty_Image.jpg', '/English/Main_Application/Main_Image/empty_Image.jpg', NULL, NULL, NULL, NULL, NULL),
(31, 1, 19, 'Surakshith Kumar Ramesh Seena', 'سوراكشيث كومار', '66304607', '66304607', '', '', '', '', '28735621560', '22/07/2022', NULL, NULL, 'شقة 14.pdf', '/English/Main_Application/Tenant_QID/شقة 14.pdf', 'شقة 14.pdf', '/English/Main_Application/Tenant_Passport/شقة 14.pdf', NULL, NULL, NULL, NULL, NULL),
(32, 1, 70, 'Ahmed Saeed Abdeslam ', 'احمد سعيد عبد السلام ', '66680433', '66680433', '', '', '', '', '27981806006', '', NULL, NULL, 'empty_Image.jpg', '/English/Main_Application/Main_Image/empty_Image.jpg', 'empty_Image.jpg', '/English/Main_Application/Main_Image/empty_Image.jpg', NULL, NULL, NULL, NULL, NULL),
(33, 1, 27, 'Luz Vimi Anda Salvani', 'لوز فيمينداسالفاني', '6698577', '6698577', '', '', '', '', '27460810938', '', NULL, NULL, 'empty_Image.jpg', '/English/Main_Application/Main_Image/empty_Image.jpg', 'empty_Image.jpg', '/English/Main_Application/Main_Image/empty_Image.jpg', NULL, NULL, NULL, NULL, NULL),
(34, 1, 123, 'Abul Hassan Karim', 'ابول حسن كريم', '6636972', '6636972', '', '', '', '', '27658603033', '', '', '', 'empty_Image.jpg', '/English/Main_Application/Main_Image/empty_Image.jpg', 'empty_Image.jpg', '/English/Main_Application/Main_Image/empty_Image.jpg', '', '', '', '', ''),
(40, 1, 166, 'Monzer Saleem Faraj Qrinawi', 'منذر سليم فرج القرناوي', '55854972', '55854972', '', '', '', '', '27799900232', '03/07/2022', NULL, NULL, 'No File', 'No File', 'No File', 'No File', NULL, NULL, NULL, NULL, NULL),
(41, 2, 165, 'Property Venture Qatar', 'شركة بروبرتي فنشر قطر', '55805309', '55805309', '', '', '', 'Null', '12-8241-00', '03/11/2021', '', '', 'No File', 'No File', 'No File', 'No File', '', '', '', '', ''),
(42, 2, 165, 'Kaheel Company', 'شركة كحيل', '55805309', '55805309', '', '', '', 'Null', '', '', '39286', '47681', 'No File', 'No File', 'No File', 'No File', '', '', '', '', ''),
(43, 2, 165, 'AL Baraka International', 'البركة العالمية', '31000046', '31000046', '', '', '', 'Null', '', '', '', '', 'No File', 'No File', 'No File', 'No File', '', '', '', '', ''),
(47, 1, 44, 'Mohammad Khan', 'محمد خان زينات خان', '50475149', '50475149', '', '', '', '', '25905001689', '', NULL, NULL, 'No File', 'No File', 'No File', 'No File', NULL, NULL, NULL, NULL, NULL),
(48, 2, 165, 'Hadook Trading and Contracting Real Estate', 'هادوك تريدينغ اند كونتراكتينغ ريل استيت', '30207090', '66983786', '', '', '', 'Null', '17-1871-40', '06/02/2022', '141309', '217', 'No File', 'No File', 'No File', 'No File', '', '', '', '', ''),
(49, 1, 44, 'Nasser Al Din Mohamed Idris Ali', 'ناصرالدين محمد ادريس علي', '77770943', '77770943', '', '', '', '', '27305001423', '', NULL, NULL, 'No File', 'No File', 'No File', 'No File', NULL, NULL, NULL, NULL, NULL),
(50, 2, 165, 'Al Saltanah Lights', 'اضواء السلطنة', '30030650', '30030650', '', '', '', 'Null', '', '', NULL, NULL, 'No File', 'No File', 'No File', 'No File', NULL, NULL, NULL, NULL, NULL),
(51, 1, 44, 'MD MOZIBURRAHMAN MD ABDULBARAK', 'محمد مجيب الرحمن محمد عبد البارك', '55324480', '55324480', '', '', '', '', '26705000500', '02/05/2020', '', '', 'No File', 'No File', 'No File', 'No File', '', '', '', '', ''),
(52, 3, 165, 'Government Housing and Building Department', 'الاسكان الحكومي', '', '0', '', '', '', 'Null', '', '', '', '', 'No File', 'No File', 'No File', 'No File', '', '', '', '', ''),
(53, 1, 44, 'Mohammad Sayedur Rahman', 'الاولمحمد رحمان', '30207090', '66665935', '', '', '', '', '27805009671', '05/06/2021', NULL, NULL, 'No File', 'No File', 'No File', 'No File', NULL, NULL, NULL, NULL, NULL),
(54, 1, 19, 'Chakanat Panamkiti Sassi Kumar', 'شاكانات بانامكيتي ساسي كومار', '55267813', '55267813', '', '', '', '', '25735601989', '', NULL, NULL, 'No File', 'No File', 'No File', 'No File', NULL, NULL, NULL, NULL, NULL),
(55, 2, 165, 'Cobalt Trading And Contracting Company', 'شركة كوبالت تريدينج اند كونتراكتينغ', '55947576', '55947576', '', '', '61639 ', 'Null', '61639', '', NULL, NULL, 'No File', 'No File', 'No File', 'No File', NULL, NULL, NULL, NULL, NULL),
(56, 1, 130, 'Khalifa Saeed Ramadan Al Otaibi', 'خليفة سعيد رمضان العتيبي', '66249867', '66528649', '', '', '', '', '27363401813', '', NULL, NULL, 'No File', 'No File', 'No File', 'No File', NULL, NULL, NULL, NULL, NULL),
(57, 1, 44, 'Fazhla Rabi', 'فظلا  رابي', '50739912', '50739912', '', '', '', '', '28105013241', '', NULL, NULL, 'No File', 'No File', 'No File', 'No File', NULL, NULL, NULL, NULL, NULL),
(58, 2, 165, 'Fast and Care  Trading and Car  maintenance', 'فاست اند كاير للتجارة وصيانة السيارات', '33357687', '33357687', '', '', '', 'Null', '162655', '', NULL, NULL, 'No File', 'No File', 'No File', 'No File', NULL, NULL, NULL, NULL, NULL),
(59, 2, 165, 'Jurkha Bike Readers Trading', 'جورخا بايك ريديرس تريدينغ', '74745253', '74745253', '', '', '', 'Null', '152858', '', NULL, NULL, 'No File', 'No File', 'No File', 'No File', NULL, NULL, NULL, NULL, NULL),
(60, 1, 165, 'Mohamed Ali Al Ansari', 'محمد علي الانصاري', '55372779', '55372779', '', '', '', '', '2593400347', '', NULL, NULL, 'No File', 'No File', 'No File', 'No File', NULL, NULL, NULL, NULL, NULL),
(61, 2, 165, 'Sky Moon Trading and Contracting', 'قمر السماء للتجارة والمقاولات', '66664983', '66664983', '', '', '', 'Null', '119146', '', '', '', 'No File', 'No File', 'No File', 'No File', '', '', '', '', ''),
(62, 1, 58, 'Sauer Ngino Nata', 'ساور نجينو ناتا', '55012375', '55012375', '', '', '', '', '28912000039', '', NULL, NULL, 'No File', 'No File', 'No File', 'No File', NULL, NULL, NULL, NULL, NULL),
(63, 1, 44, 'Didar Azizullah', 'ديدار عزيز الله', '33585856', '33585856', '', '', '', '', '27305004727', '01/05/2021', NULL, NULL, 'No File', 'No File', 'No File', 'No File', NULL, NULL, NULL, NULL, NULL),
(64, 1, 44, 'Stan', 'ستان', '50285504', '50285504', '', '', '', '', '', '', NULL, NULL, 'No File', 'No File', 'No File', 'No File', NULL, NULL, NULL, NULL, NULL),
(65, 2, 165, 'Canyon', 'كانيون للانشاءات العامة والتجارة ', '55510503', '55510503', '', '', '', 'Null', '', '', '127227', '', 'No File', 'No File', 'No File', 'No File', 'xdo.pdf', '/English/Main_Application/business_records/xdo.pdf', '17180375', 'WhatsApp Image 2023-09-26 at 12.26.49 PM.jpeg', '/English/Main_Application/Company_registration/WhatsApp Image 2023-09-26 at 12.26.49 PM.jpeg'),
(66, 1, 123, 'Aagaz Ahmad Khan Mubashir Ahmad', 'اعجاز احمد خان مبشر احمد', '66684541', '66684541', '', '', '', '', '26958600778', '', NULL, NULL, 'No File', 'No File', 'No File', 'No File', NULL, NULL, NULL, NULL, NULL),
(67, 2, 165, 'Dar Al Widad Real Estate ', 'دار الوداد للعقارات', '55852431', '44423965', '', '', '', 'Null', '161010', '', '', '', 'No File', 'No File', 'No File', 'No File', '', '', '', '', ''),
(68, 1, 165, 'Talal Al Dosari', 'طلال الدوسري', '55708615', '55708615', '', '', '', '', '', '', NULL, NULL, 'No File', 'No File', 'No File', 'No File', NULL, NULL, NULL, NULL, NULL),
(69, 1, 165, 'Joanna', 'جوانا', '74038292', '74038292', '', '', '', '', '', '', NULL, NULL, 'No File', 'No File', 'No File', 'No File', NULL, NULL, NULL, NULL, NULL),
(70, 1, 27, 'Nathan Delos Reyes Biala', 'ناثان ديلوس ريس بيلا', '55056062', '55056062', '', '', '', '', '27560800377', '27/08/2020', NULL, NULL, 'No File', 'No File', 'No File', 'No File', NULL, NULL, NULL, NULL, NULL),
(73, 1, 88, 'Mehdi Rahimanian', 'مهدي رحيمانيان', '55303799', '55303799', '', '', '', '', '28036400141', '', NULL, NULL, 'No File', 'No File', 'No File', 'No File', NULL, NULL, NULL, NULL, NULL),
(74, 2, 165, 'Al Markhiya Restaurant', 'مطعم المرخية', '66113337', '70022822', '', '', '', 'Null', '156131', '', NULL, NULL, 'No File', 'No File', 'No File', 'No File', NULL, NULL, NULL, NULL, NULL),
(75, 1, 130, 'Abdullah Fahd Mohammed Al Fahd Al Nuaimi', 'عبدالله فهد محمد الفهد النعيمي', '70022822', '70022822', '', '', '', '', '29863401630', '', NULL, NULL, 'No File', 'No File', 'No File', 'No File', NULL, NULL, NULL, NULL, NULL),
(76, 2, 165, 'Mashakik Doha Restaurant', 'مطعم مشاكيك الدوحة', '77001997', '77001997', '', '', '', 'Null', '135842', '', '135842', '1117', 'No File', 'No File', 'No File', 'No File', '', '', '', '', ''),
(77, 2, 165, 'Doha Light for Trading and Services', 'دوحة لايت للتجارة والخدمات ', '55439758', '55439758', '', '', '', 'Null', '153239', '', NULL, NULL, 'No File', 'No File', 'No File', 'No File', NULL, NULL, NULL, NULL, NULL),
(78, 2, 165, 'Friends Burger Restaurant', 'مطعم فريندس برجر', '66333353', '66333353', '', '', '', 'Null', '150448', '', NULL, NULL, 'No File', 'No File', 'No File', 'No File', NULL, NULL, NULL, NULL, NULL),
(79, 2, 165, 'Oreedo', 'أوريدو', '0', '0', '', '', '', 'Null', '0', '', NULL, NULL, 'No File', 'No File', 'No File', 'No File', NULL, NULL, NULL, NULL, NULL),
(80, 1, 143, 'Mohammed Jaroof Ahmed Lebbe', 'محمد ظروف احمد لبي', '77707379', '77707379', '', '', '', '', '28314401048', '14/05/2023', NULL, NULL, 'No File', 'No File', 'No File', 'No File', NULL, NULL, NULL, NULL, NULL),
(81, 1, 44, 'Mujibur Rahman Talukar ', 'مجيب الرحمن تالوكار ', '55234480', '55234480', '', '', '', '', '2750500806', '', NULL, NULL, 'No File', 'No File', 'No File', 'No File', NULL, NULL, NULL, NULL, NULL),
(82, 1, 19, 'Kengo Mohamed Rashed', 'كنجو محمد راشيد', '70228830', '70228830', '', '', '', '', '27935602282', '', NULL, NULL, 'No File', 'No File', 'No File', 'No File', NULL, NULL, NULL, NULL, NULL),
(83, 1, 27, 'Marcel Baring Al Jabri', 'مارسيل بارنج الجابري ', '50191760', '50191760', '', '', '', '', '27560808003', '', NULL, NULL, 'No File', 'No File', 'No File', 'No File', NULL, NULL, NULL, NULL, NULL),
(84, 2, 165, 'Shine Technology Co', 'شركة شاين تكنولوجي', '33760074', '33760074', '', '', '', 'Null', '13-3740-00', '', NULL, NULL, 'No File', 'No File', 'No File', 'No File', NULL, NULL, NULL, NULL, NULL),
(85, 1, 130, 'Latifa Ali Rashid Al Khater', 'لطيفه علي راشد الخاطر', '55881281', '55881281', '', '', '', '', '26063401739', '', NULL, NULL, 'No File', 'No File', 'No File', 'No File', NULL, NULL, NULL, NULL, NULL),
(86, 1, 130, 'Mohammed Mubarak Saeed al Amer Al Kaabi', 'محمد مبارك سعيد ال عامر الكعبي', '', '', '', '', '', '', '26363400230', '', NULL, NULL, 'No File', 'No File', 'No File', 'No File', NULL, NULL, NULL, NULL, NULL),
(87, 2, 165, 'Lilas Furniture', 'ليلاس للمفروشات', '30000797', '30000797', '', '', '', 'Null', '130513', '', NULL, NULL, 'No File', 'No File', 'No File', 'No File', NULL, NULL, NULL, NULL, NULL),
(88, 2, 165, 'Sama Qalamoun Investment and Real Estate Management', 'سما القلمون للاستثمار وإدارة الأملاك العقارية', '44164168', '44164168', '', '', '', 'Null', '104457', '', NULL, NULL, 'No File', 'No File', 'No File', 'No File', NULL, NULL, NULL, NULL, NULL),
(89, 2, 165, ' Akdeniz Proje CO ', 'شركة آكدينيز بروجه', '', '', '', '', '', 'Null', '52041', '', NULL, NULL, 'No File', 'No File', 'No File', 'No File', NULL, NULL, NULL, NULL, NULL),
(90, 2, 165, 'British Standards Institution Middle East', 'شركة بريتش ستاندردز انستيتيوشن ميدل ايست', '44727280', '44727280', '', '', '', 'Null', '59887', '', NULL, NULL, 'No File', 'No File', 'No File', 'No File', NULL, NULL, NULL, NULL, NULL),
(91, 1, 166, 'Abdulrahman Rafiq Ahmed Samour', 'عبدالرحمن رفيق احمد سمور', '', '', '', '', '', '', '28699900206', '', NULL, NULL, 'No File', 'No File', 'No File', 'No File', NULL, NULL, NULL, NULL, NULL),
(92, 1, 166, 'Bilal Ismail Shadha Qudeih', 'بلال إسماعيل شدحه قديح', '', '', '', '', '', '', '28799900484', '', NULL, NULL, 'No File', 'No File', 'No File', 'No File', NULL, NULL, NULL, NULL, NULL),
(93, 1, 19, 'Abdul Shamir Badikal', 'عبدالشامير باديكال', '', '', '', '', '', '', '2773560706', '', NULL, NULL, 'No File', 'No File', 'No File', 'No File', NULL, NULL, NULL, NULL, NULL),
(94, 3, 165, 'Ministry of Finance', 'وزارة المالية', '', '', '', '', '', 'Null', '', '', NULL, NULL, 'No File', 'No File', 'No File', 'No File', NULL, NULL, NULL, NULL, NULL),
(96, 1, 166, 'Abdelrahman R A Sammour', 'عبد الرحمن رفيق احمد سمور ', '66269255', '66269255', '', '', '', '', '2869900206', '', NULL, NULL, 'No File', 'No File', 'No File', 'No File', NULL, NULL, NULL, NULL, NULL),
(97, 3, 165, 'Awqaf Ministry', 'وزارة الأوقاف', '', '', '', '', '', 'Null', '', '', '', '', 'No File', 'No File', 'No File', 'No File', 'No File', 'No File', '', 'No File', 'No File'),
(98, 2, 165, 'Sahara', 'صحارى لادارة المرافق والمقاولات', '33859990', '33859990', '', '', '', 'Null', '', '', '147386', '', 'No File', 'No File', 'No File', 'No File', 'New Commercial Registration.pdf', '/English/Main_Application/business_records/New Commercial Registration.pdf', '17183285', 'New Computer card.pdf', '/English/Main_Application/Company_registration/New Computer card.pdf'),
(99, 2, 165, 'Fast and Care', 'فاست اند كير للتجارة وصيانة السيارات', '', '33357787', '', '', '', 'Null', '', '', '162655', '', 'No File', 'No File', 'No File', 'No File', 'No File', 'No File', '', 'No File', 'No File'),
(100, 2, 165, 'Mohamed Ali Al Ansari Auto Electricity ', 'محمد علي الانصاري لكهرباء السيارات ', '', '55372779', '', '', '', 'Null', '', '', '125593', '', 'No File', 'No File', 'No File', 'No File', 'No File', 'No File', '', 'No File', 'No File'),
(101, 1, 19, 'Sudhakar yellu shivajl ressy ', 'سوداكار يلوو شيفاجي ريدي يلوو', '66345197', '66345197', '', '', '', '', '', '', '', '', 'No File', 'No File', 'No File', 'No File', '', '', '', '', ''),
(102, 1, 70, 'Michael boules abdelmassih', 'مشيل بولس ندها عبد المسيح ', '50767299', '50767299', '', '', '', '', '28781805839', '5/6/2023', '', '', 'No File', 'No File', 'No File', 'No File', 'No File', 'No File', '', 'No File', 'No File'),
(103, 2, 165, 'royl keer', 'رويال كير لتجارة واصلاح السيارات ', '33357687', '', '', '', '', 'Null', '', '', '178277', '', 'No File', 'No File', 'No File', 'No File', 'No File', 'No File', '', 'No File', 'No File'),
(104, 2, 165, 'Q Solutions Company', 'شركة ق للحلول ', '0000000', '', '', '', '', 'Null', '', '', '46301', '16048', 'No File', 'No File', 'No File', 'No File', 'No File', 'No File', '', 'No File', 'No File'),
(105, 1, 116, 'Kamal sherpa', 'كمال شيربا', '74776242', '74776242', '', '', '', '', '29252430907', '', '', '', 'No File', 'No File', 'No File', 'No File', '', '', '', '', ''),
(106, 2, 165, 'Al SAQUR co', 'شركة الصقر ', '44138888', '', '', '', '', 'Null', '', '', '', '201124', 'No File', 'No File', 'No File', 'No File', 'No File', 'No File', '', 'No File', 'No File'),
(107, 1, 147, 'mohammad ashras ', 'محمد اشرف اسامة عيسى ', '55376112', '0097455376112', '', '', '', '', '', '', '', '', 'No File', 'No File', 'No File', 'No File', '', '', '', '', ''),
(108, 1, 70, 'Mohamed ElmaGraby', 'محمد المغربي عبدالرافع', '', '70009591', '', '', '', '', '', '03/08/2023', '', '', 'No File', 'No File', 'No File', 'No File', '', '', '', '', ''),
(109, 1, 91, 'ali yousef ibrahim ', ' علي يوسف ابراهيم العطيات ', '74077800', '74077800', '', '', '', '', '', '11/09/2023', '', '', 'No File', 'No File', 'No File', 'No File', '', '', '', '', ''),
(110, 1, 70, 'ALAA SALAMA HAMED AWADEIN', 'علاء سلامة حامد عوضين', '33616259', '33616259', '', 'gaalaa088@gmail.com', '', '', '28081810880', '13/04/2023', '', '', 'jpg2pdf.pdf', '/English/Main_Application/Tenant_QID/jpg2pdf.pdf', 'No File', 'No File', 'No File', 'No File', '', 'No File', 'No File'),
(111, 1, 122, 'Said Mohamed S Albadarani', 'سعيد محمد سالم البدراني', '66117841', '66117841', '', '', '', '', '26051200002', '02/02/2021', '', '', 'No File', 'No File', 'No File', 'No File', '', '', '', '', ''),
(112, 1, 43, 'Ali Ebrahim S A Al Fadhala', 'علي ابراهيم سند علي الفضالة', '33332404', '33332404', '', '', '', '', '26604800077', '30/05/2021', '', '', 'No File', 'No File', 'No File', 'No File', 'No File', 'No File', '', 'No File', 'No File'),
(113, 1, 130, ' Saif Essa M K AL FADALA', 'سيف عيسى مبارك خليفة الفضالة', '55543334', '55543334', '', '', '', '', '26563400500', '27/12/2025', '', '', 'No File', 'No File', 'No File', 'No File', 'No File', 'No File', '', 'No File', 'No File'),
(114, 1, 28, 'ayman ayyub', 'ايمن ايوب ', '30102321', '30102321', '', '', '', '', '29364300040', '28/09/2023', '', '', 'No File', 'No File', 'No File', 'No File', 'No File', 'No File', '', 'No File', 'No File'),
(115, 2, 165, 'betrokim ', 'بتروكيم للهندسة والخدمات ', '55852431', '', '', '', '', 'Null', '', '', '35835', '37987', 'No File', 'No File', 'No File', 'No File', 'No File', 'No File', '12-5175-00', 'No File', 'No File'),
(116, 2, 165, 'ragda', 'رغده الدوسري', '55708615', '', '', '', '', 'Null', '', '', '113236', '', 'No File', 'No File', 'No File', 'No File', 'No File', 'No File', '', 'No File', 'No File'),
(117, 2, 165, '', 'مطاعم وحلويات جبري ', '55517067', '', '', '', '', 'Null', '', '', '21800', '158', 'No File', 'No File', 'No File', 'No File', 'No File', 'No File', '11-3171-00', 'No File', 'No File'),
(118, 2, 165, '', 'شركة قطر للصباغة ', '55513142', '', '', '', '', 'Null', '', '', '27652', '120', 'No File', 'No File', 'No File', 'No File', 'No File', 'No File', '11-8983-00', 'No File', 'No File'),
(119, 1, 83, '', 'محمد منتلا غودول ', '50285504', '', '', '', '', '', '29028800242', '', '', '', 'No File', 'No File', 'No File', 'No File', 'No File', 'No File', '', 'No File', 'No File'),
(120, 1, 70, '', 'حسن الديدامونيالسيد خليل ', '55432015', '', '', '', '', '', '2688180006', '', '', '', 'No File', 'No File', 'No File', 'No File', 'No File', 'No File', '', 'No File', 'No File'),
(121, 1, 130, '', 'حمد فهد جاسم عبدالعزيز ال ثاني ', '66113337', '', '', '', '', '', '27763402882', '', '', '', 'No File', 'No File', 'No File', 'No File', 'No File', 'No File', '', 'No File', 'No File'),
(122, 1, 130, 'mohammad ', 'محمد فهد محمد النعيمي ', '70022822', '', '', '', '', '', '29663403499', '', '', '', 'No File', 'No File', 'No File', 'No File', 'No File', 'No File', '', 'No File', 'No File'),
(123, 1, 1, 'jhjkgk', 'محمد', '', '', '', '', '', 'الدوحة', '', '', '', '', 'No File', 'No File', 'No File', 'No File', 'No File', 'No File', '', 'No File', 'No File'),
(124, 1, 30, 'Aaaaa', 'تجربة', '66046374', '66046374', '', '', '', '', '', '', '', '', 'No File', 'No File', 'No File', 'No File', 'No File', 'No File', '', 'No File', 'No File'),
(125, 1, 19, '', 'شهاب الدين كيناتيعيل', '', '30380916', '', '', '', '', '28935619435', '27/04/2025', '', '', 'No File', 'No File', 'No File', 'No File', 'No File', 'No File', '', 'No File', 'No File'),
(126, 1, 19, '', 'محمد راشد باروكوت ', '', '', '', '', '', '', '2883566664', '', '', '', 'No File', 'No File', 'No File', 'No File', 'No File', 'No File', '', 'No File', 'No File'),
(127, 1, 70, 'alaa shaban', 'علاء شعبان عطا السيد ', '77090455', '77090455', '', '', '', '', '27081801129', '26/07/2026', '', '', 'No File', 'No File', 'No File', 'No File', '', '', '', '', ''),
(128, 1, 144, '', 'امير الطيب محمد الامير ', '55544018', '55544018', '', '', '', '', '29473602142', '29/11/2024', '', '', 'No File', 'No File', 'No File', 'No File', 'No File', 'No File', '', 'No File', 'No File'),
(129, 1, 44, 'm', 'مستفيزور الرحمان ام دي امير اودين ', '', '55989338', '', '', '', '', '30105001122', '06/03/2025', '', '', 'No File', 'No File', 'No File', 'No File', '', '', '', '', ''),
(130, 1, 5, 'Test Test 2', 'تجربة تجربة 2', '123456789', '123456789', '123456789', 'Test@test.com', '', 'ْْْْْXXXXXXXXXXXXXX', '', '', '', '', 'No File', 'No File', 'No File', 'No File', 'No File', 'No File', '', 'No File', 'No File'),
(131, 1, 44, 'mostafizur', 'مستفرور الرحمان امى دي امير اودين  ', '55989338', '55080338', '', '', '', '', '30105001122', '06/03/2025', '', '', 'No File', 'No File', 'No File', 'No File', 'No File', 'No File', '', 'No File', 'No File'),
(132, 1, 130, ' ABDELA', 'عبدالله محمد عبدالله المطوع ', '66797970', '66797970', '', '', '', '', '28263400635', '01/01/2025', '', '', 'No File', 'No File', 'No File', 'No File', 'No File', 'No File', '', 'No File', 'No File'),
(133, 2, 165, 'sahara', 'صحاري ستي للعقارات ', '33859990', '33859990', '', '', '', 'Null', '', '', '147386', '13990', 'No File', 'No File', 'No File', 'No File', 'New Commercial Registration.pdf', '/English/Main_Application/business_records/New Commercial Registration.pdf', '17191821', 'New Computer card.pdf', '/English/Main_Application/Company_registration/New Computer card.pdf'),
(134, 2, 165, 'Oreedo', 'أوريدو', '', '0', '', '', '', 'Null', '', '', '', '', 'No File', 'No File', 'No File', 'No File', 'No File', 'No File', '', 'No File', 'No File'),
(135, 1, 19, 'Abdul Shamir Bakdeel', 'عبد الشامير باكديل', '', '0', '', '', '', '', '2773560706', '', '', '', 'No File', 'No File', 'No File', 'No File', 'No File', 'No File', '', 'No File', 'No File'),
(136, 1, 58, 'Ncha takoh emmanuel', 'نشا تاكوت امانويل ', '55480010', '55480010', '', '', '', '', '28812000040', '27/05/2023', '', '', 'No File', 'No File', 'No File', 'No File', '', '', '', '', ''),
(137, 2, 165, 'amase', 'اماسي للضيافه والخدمات ', '70704171', '70704171', '', '', '', 'Null', '', '', '80283', '', 'No File', 'No File', 'No File', 'No File', 'No File', 'No File', '15528000', 'No File', 'No File'),
(138, 2, 165, 'AMASY FOR HOSPITALITY', 'أماسي للضيافه والخدمات ', '30102321', '30602960', '', '', '', 'Null', '', '', '80283', '', 'No File', 'No File', 'No File', 'No File', 'No File', 'No File', '15528000', 'No File', 'No File'),
(139, 2, 165, 'NEW BRIGHT TRADING CONTRRACTING SERVICES', 'نيو برايت تريدينغ كونتر اكتينغ اند سيرفيسيس', '70774485', '70774485', '', '', '', 'Null', '', '', '88729', '', 'No File', 'No File', 'No File', 'No File', 'No File', 'No File', '16201700', 'No File', 'No File'),
(140, 1, 130, 'Abdullah Nasser Mubarak Al Mufqai Al Hajri', 'عبدالله ناصر مبارك المفقاعي الهاجري', '70551170', '70551170', '', '', '', '', '27263400285', '', '', '', 'No File', 'No File', 'No File', 'No File', 'No File', 'No File', '', 'No File', 'No File'),
(141, 2, 165, 'al fadhala elect and cont co ', 'شركة الفضاله لمقاولات البناء والكهرباء', '', '33332404', '', '', '', 'Null', '', '', '58432', '', 'No File', 'No File', 'No File', 'No File', 'السجل التجارى للفضاله 2023.pdf', '/English/Main_Application/business_records/السجل التجارى للفضاله 2023.pdf', '13838600', 'قيد المنشأة 2023.pdf', '/English/Main_Application/Company_registration/قيد المنشأة 2023.pdf'),
(142, 2, 165, 'ALNoor medical center', 'مركز النور الطبي', '', '55820025', '', '', '', 'Null', '', '', '86455', '', 'No File', 'No File', 'No File', 'No File', 'مستخرج سجل جديد.pdf', '/English/Main_Application/business_records/مستخرج سجل جديد.pdf', '16186600', 'WhatsApp Image 2023-10-11 at 10.17.23 AM.jpeg', '/English/Main_Application/Company_registration/WhatsApp Image 2023-10-11 at 10.17.23 AM.jpeg'),
(143, 1, 91, 'Hazem Raed Shawkat Al Eswed', 'حازم رائد شوكت العسود', '77342339', '77342339', '', '', '', '', '29240002047', '23/09/2024', '', '', 'No File', 'No File', 'No File', 'No File', 'No File', 'No File', '', 'No File', 'No File'),
(144, 1, 44, 'ABDULBARI FAZLULHOQUE', 'عبدالباري فضل الحق', '55175534', '55175534', '', '', '', '', '26705000849', '25/07/2025', '', '', 'No File', 'No File', 'No File', 'No File', 'No File', 'No File', '', 'No File', 'No File'),
(145, 1, 19, 'FRANCIS ANTHONYRAJ ANTHONYRAJ', 'فرانسيس أنتونيراج أنتونيراج', '51015020', '51015020', '', '', '', '', '29735629684', '28/11/2024', '', '', 'No File', 'No File', 'No File', 'No File', 'No File', 'No File', '', 'No File', 'No File'),
(146, 1, 44, 'Jahid Molla Nurul Molla', 'جهيد مولا', '33572728', '33572728', '', '', '', '', '28505015442', '18/11/2024', '', '', 'No File', 'No File', 'No File', 'No File', 'No File', 'No File', '', 'No File', 'No File'),
(147, 1, 19, 'Mohammed Ejaz Uddin', 'محمد عيجاز الدين', '55120311', '55120311', '', '', '', '', '28235617116', '14/09/2024', '', '', 'No File', 'No File', 'No File', 'No File', 'No File', 'No File', '', 'No File', 'No File'),
(148, 1, 58, 'Blessing Mbang Jai', 'بليسنغ مبانج جاي', '71176974', '71176974', '', '', '', '', '29012000127', '11/11/2024', '', '', 'No File', 'No File', 'No File', 'No File', 'No File', 'No File', '', 'No File', 'No File'),
(149, 1, 44, 'Khondakar Asaduzzaman Haji Wahed', 'خونداكور وحيد', '55175534', '55175534', '', '', '', '', '27505004638', '23/03/2024', '', '', 'No File', 'No File', 'No File', 'No File', 'No File', 'No File', '', 'No File', 'No File'),
(150, 2, 165, 'Polka', 'مطعم بولكا', '66569944', '66569944', '', '', '', 'Null', '', '', '135842', '', 'No File', 'No File', 'No File', 'No File', 'No File', 'No File', '17-1857-14', '9ae5bb90-93af-44b4-b80d-6508b247bb4a.jpeg', '/English/Main_Application/Company_registration/9ae5bb90-93af-44b4-b80d-6508b247bb4a.jpeg'),
(151, 2, 165, 'Aqua Jets', 'أكوا جتس لتجارة السفن والقوارب بكافة أنواعها', '70777448', '70777448', '', '', '', 'Null', '', '', '194975', '', 'No File', 'No File', 'No File', 'No File', 'No File', 'No File', '', 'No File', 'No File'),
(152, 1, 70, ' Ibrahim I M ABDELHADY', 'ابراهيم ابراهيم محمود عبدالهادي', '55561932', '55561932', '', '', '', '', '26981802335', '13/07/2024', '', '', 'No File', 'No File', 'No File', 'No File', 'No File', 'No File', '', 'No File', 'No File'),
(153, 1, 114, 'Mandlenkosi SIBANDA', 'ماندلينكوسي سيباندا ', '55548374', '55548374', '', '', '', '', '28471600081', '28/11/2026', '', '', 'State Of Qatar.pdf', '/English/Main_Application/Tenant_QID/State Of Qatar.pdf', 'Passport Number.pdf', '/English/Main_Application/Tenant_Passport/Passport Number.pdf', 'No File', 'No File', '', 'No File', 'No File'),
(154, 2, 165, 'ًSahara for General Services', 'صحارى لخدمات العامة', '33859990', '33859990', '', '', '', 'Null', '', '', '158592', '', 'No File', 'No File', 'No File', 'No File', 'No File', 'No File', '200681', 'No File', 'No File'),
(155, 2, 165, 'Doha Light', 'دوحا لايت للتجارة والخدمات', '55439758', '55439758', '', '', '', 'Null', '', '', '153239', '', 'No File', 'No File', 'No File', 'No File', 'No File', 'No File', '', 'No File', 'No File'),
(156, 1, 116, 'Abdul Baitha Dhobi', 'عبدالفتاح دهوبي', '66566593', '66566593', '', '', '', '', '27052410955', '08/04/2024', '', '', 'No File', 'No File', 'No File', 'No File', 'No File', 'No File', '', 'No File', 'No File'),
(157, 1, 130, 'Naser ibrahim', 'ناصر ابراهيم عيسى موسى الرئيسي', '0', '0', '', '', '0', '', '0', '', '', '', 'No File', 'No File', 'No File', 'No File', 'No File', 'No File', '', 'No File', 'No File'),
(158, 1, 0, 'muhammad', 'محمد جاروف', '000000', '0000000', '', '', '', '', '000000', '', '', '', 'No File', 'No File', 'No File', 'No File', 'No File', 'No File', '', 'No File', 'No File');

-- --------------------------------------------------------

--
-- Table structure for table `tenant_accounts`
--

CREATE TABLE `tenant_accounts` (
  `Tenant_Accounts_Id` int(11) NOT NULL,
  `Tenant_ID` varchar(45) DEFAULT NULL,
  `User_Name` varchar(200) DEFAULT NULL,
  `Pass_Word` varchar(200) DEFAULT NULL
) ENGINE=InnoDB DEFAULT CHARSET=utf8mb4;

--
-- Dumping data for table `tenant_accounts`
--

INSERT INTO `tenant_accounts` (`Tenant_Accounts_Id`, `Tenant_ID`, `User_Name`, `Pass_Word`) VALUES
(1, '25', 'SANA', '456'),
(2, '48', 'Yazeed', '555'),
(3, '107', '', ''),
(4, '2', '', ''),
(5, '98', '', ''),
(6, '133', '', ''),
(7, '136', '', ''),
(8, '51', '', ''),
(9, '65', '', ''),
(10, '141', '', ''),
(11, '142', '', ''),
(12, '150', '', ''),
(13, '105', '', '');

-- --------------------------------------------------------

--
-- Table structure for table `tenant_evaluation`
--

CREATE TABLE `tenant_evaluation` (
  `Tenant_Evaluation_Id` int(11) NOT NULL,
  `Tenant_Id` varchar(50) DEFAULT NULL,
  `Main_Type_Id` varchar(50) DEFAULT NULL,
  `Sup_Type_Id` varchar(50) DEFAULT NULL,
  `Weight` varchar(200) DEFAULT NULL,
  `Date` varchar(200) DEFAULT NULL
) ENGINE=InnoDB DEFAULT CHARSET=utf8mb4;

--
-- Dumping data for table `tenant_evaluation`
--

INSERT INTO `tenant_evaluation` (`Tenant_Evaluation_Id`, `Tenant_Id`, `Main_Type_Id`, `Sup_Type_Id`, `Weight`, `Date`) VALUES
(1, '124', '1', '1', '18', NULL),
(2, '124', '2', '4', '10', NULL);

-- --------------------------------------------------------

--
-- Table structure for table `tenant_notification`
--

CREATE TABLE `tenant_notification` (
  `Tenant_Notification_Id` int(11) NOT NULL,
  `Tenant_ID` varchar(50) DEFAULT NULL,
  `Request_Classification` varchar(50) DEFAULT NULL,
  `Seen` varchar(50) DEFAULT NULL,
  `From_Who` varchar(50) DEFAULT NULL
) ENGINE=InnoDB DEFAULT CHARSET=utf8mb4;

--
-- Dumping data for table `tenant_notification`
--

INSERT INTO `tenant_notification` (`Tenant_Notification_Id`, `Tenant_ID`, `Request_Classification`, `Seen`, `From_Who`) VALUES
(1, '25', 'بلاغ', '1', 'Ahmad'),
(2, '25', 'بلاغ', '1', 'Ahmad'),
(3, '25', 'بلاغ', '1', 'Ahmad'),
(4, '25', 'بلاغ', '1', 'Ahmad'),
(5, '25', 'شكوى', '1', 'Ahmad'),
(6, '25', 'شكوى', '1', 'Ahmad'),
(7, '25', 'بلاغ', '1', 'Ahmad'),
(8, '25', 'شكوى', '1', 'Ahmad');

-- --------------------------------------------------------

--
-- Table structure for table `tenant_sending`
--

CREATE TABLE `tenant_sending` (
  `Tenant_Sending_Id` int(11) NOT NULL,
  `Level` varchar(200) DEFAULT NULL,
  `Type` varchar(200) DEFAULT NULL,
  `Mounth` varchar(200) DEFAULT NULL,
  `Year` varchar(200) DEFAULT NULL,
  `Tenant_Tenant_Id` varchar(50) DEFAULT NULL,
  `User_Name` varchar(200) DEFAULT NULL,
  `SMS` longtext,
  `Attatchment_File_Name` longtext,
  `Attatchment_File_Path` longtext,
  `Discription` varchar(200) DEFAULT NULL
) ENGINE=InnoDB DEFAULT CHARSET=utf8mb4;

--
-- Dumping data for table `tenant_sending`
--

INSERT INTO `tenant_sending` (`Tenant_Sending_Id`, `Level`, `Type`, `Mounth`, `Year`, `Tenant_Tenant_Id`, `User_Name`, `SMS`, `Attatchment_File_Name`, `Attatchment_File_Path`, `Discription`) VALUES
(1, NULL, NULL, NULL, NULL, '2', NULL, 'تجربة ', NULL, NULL, NULL),
(2, NULL, NULL, NULL, NULL, '4', NULL, NULL, 'ملف تجربة', '/English/Main_Application/Tenant_Att/تعديلات الجمعة 3-3-2023.docx', 'تعديلات الجمعة 3-3-2023.docx'),
(3, NULL, NULL, NULL, NULL, '40', NULL, 'اختبار', NULL, NULL, NULL),
(4, 'عميل محدد', 'رسالة SMS', '3', '2023', '40', 'أحمد', 'السلام عليكم ', NULL, NULL, NULL),
(6, 'عميل محدد', 'رسالة SMS', '5', '2023', '107', 'أحمد', 'السلام عليكم تجربة ', NULL, NULL, NULL),
(7, 'عميل محدد', 'رسالة SMS', '5', '2023', '107', 'أحمد', 'السلام عليكم تجربة	2', NULL, NULL, NULL);

-- --------------------------------------------------------

--
-- Table structure for table `tenant_type`
--

CREATE TABLE `tenant_type` (
  `Tenant_Type_Id` int(11) NOT NULL,
  `Tenant_English_Type` varchar(200) NOT NULL,
  `Tenant_Arabic_Type` varchar(200) NOT NULL
) ENGINE=InnoDB DEFAULT CHARSET=utf8;

--
-- Dumping data for table `tenant_type`
--

INSERT INTO `tenant_type` (`Tenant_Type_Id`, `Tenant_English_Type`, `Tenant_Arabic_Type`) VALUES
(1, 'Individual', 'أفراد'),
(2, 'Corporate', 'شركة'),
(3, 'Government', 'حكومة');

-- --------------------------------------------------------

--
-- Table structure for table `transaction_type`
--

CREATE TABLE `transaction_type` (
  `Transaction_Type_Id` int(11) NOT NULL,
  `Transaction_English_Type` varchar(200) NOT NULL,
  `Transaction_Arabic_Type` varchar(200) NOT NULL
) ENGINE=InnoDB DEFAULT CHARSET=utf8;

--
-- Dumping data for table `transaction_type`
--

INSERT INTO `transaction_type` (`Transaction_Type_Id`, `Transaction_English_Type`, `Transaction_Arabic_Type`) VALUES
(1, 'transaction type One ', 'نمط أول');

-- --------------------------------------------------------

--
-- Table structure for table `transformation_bank`
--

CREATE TABLE `transformation_bank` (
  `transformation_Bank_ID` int(11) NOT NULL,
  `Bank_No` varchar(200) DEFAULT NULL,
  `Bank_No_En` varchar(200) DEFAULT NULL,
  `Bank_Id` varchar(200) DEFAULT NULL,
  `Bank_Name` varchar(200) DEFAULT NULL,
  `Bank_Name_En` varchar(200) DEFAULT NULL,
  `Account_No` varchar(200) DEFAULT NULL,
  `Account_No_En` varchar(200) DEFAULT NULL,
  `Soaft_Code_No` varchar(200) DEFAULT NULL,
  `Soaft_Code_No_En` varchar(200) DEFAULT NULL,
  `Bank_Adress` varchar(200) DEFAULT NULL,
  `Bank_Adress_En` varchar(200) DEFAULT NULL,
  `currency_type` varchar(200) DEFAULT NULL,
  `currency_type_En` varchar(200) DEFAULT NULL,
  `Beneficiary_Name` varchar(200) DEFAULT NULL,
  `Beneficiary_Name_En` varchar(200) DEFAULT NULL
) ENGINE=InnoDB DEFAULT CHARSET=utf8mb4;

--
-- Dumping data for table `transformation_bank`
--

INSERT INTO `transformation_bank` (`transformation_Bank_ID`, `Bank_No`, `Bank_No_En`, `Bank_Id`, `Bank_Name`, `Bank_Name_En`, `Account_No`, `Account_No_En`, `Soaft_Code_No`, `Soaft_Code_No_En`, `Bank_Adress`, `Bank_Adress_En`, `currency_type`, `currency_type_En`, `Beneficiary_Name`, `Beneficiary_Name_En`) VALUES
(13, '1', '1', '11', 'مصرف الريان', 'AL RAYAN BANK', '344434', '344434', 'QA04MAFR00000000000344434100', 'QA04MAFR00000000000344434100', 'شارع حمد الكبير ', '', 'ريال قطري ', '', 'الشيخ فهد عبدالله سعود ال ثاني ', ''),
(14, '2', '2', '1', ' بنك قطر الوطني', 'QNB', '441001', '441001', 'QA61QNBA00000000019777441001', 'QA61QNBA00000000019777441001', 'الدوحة ', '', 'ريال قطري ', '', 'الشيخ فهدبن عبدالله سعود ال ثاني', '');

-- --------------------------------------------------------

--
-- Table structure for table `transformation_table`
--

CREATE TABLE `transformation_table` (
  `transformation_Table_ID` int(11) NOT NULL,
  `transformation_Bank_ID` varchar(200) DEFAULT NULL,
  `transformation_No` varchar(200) DEFAULT NULL,
  `transformation_Date` varchar(200) DEFAULT NULL,
  `Amount` varchar(200) DEFAULT NULL,
  `Status` varchar(200) DEFAULT NULL,
  `tenant_Id` varchar(200) DEFAULT NULL,
  `Contract_Id` varchar(200) DEFAULT NULL,
  `Collection_Date` varchar(200) DEFAULT NULL
) ENGINE=InnoDB DEFAULT CHARSET=utf8mb4;

--
-- Dumping data for table `transformation_table`
--

INSERT INTO `transformation_table` (`transformation_Table_ID`, `transformation_Bank_ID`, `transformation_No`, `transformation_Date`, `Amount`, `Status`, `tenant_Id`, `Contract_Id`, `Collection_Date`) VALUES
(90, '13', '1', '01/01/2020', '48000', 'محصل', '52', '139', ''),
(91, '13', '2', '01/07/2020', '48000', 'محصل', '52', '139', '01/07/2020'),
(92, '13', '3', '01/01/2021', '48000', 'محصل', '52', '139', '01/10/2021'),
(93, '13', '4', '01/07/2021', '48000', 'محصل', '52', '139', '01/07/2021'),
(94, '13', '5', '01/01/2022', '48000', 'محصل', '52', '139', '01/01/2022'),
(95, '13', '6', '01/07/2022', '48000', 'محصل', '52', '139', '01/07/2022'),
(96, '13', '1', '01/01/2020', '66000', 'محصل', '52', '140', '01/01/2020'),
(97, '13', '2', '01/07/2020', '66000', 'محصل', '52', '140', '01/07/2020'),
(98, '13', '3', '01/01/2021', '66000', 'محصل', '52', '140', '01/01/2021'),
(99, '13', '4', '01/07/2021', '66000', 'محصل', '52', '140', '01/07/2021'),
(100, '13', '5', '01/01/2022', '66000', 'محصل', '52', '140', '01/01/2022'),
(101, '13', '6', '01/07/2022', '66000', 'محصل', '52', '140', '01/07/2022'),
(102, '13', '1', '01/01/2020', '69000', 'محصل', '52', '141', '01/01/2020'),
(103, '13', '2', '01/07/2020', '69000', 'محصل', '52', '141', '01/07/2020'),
(104, '13', '3', '01/01/2021', '69000', 'محصل', '52', '141', '01/01/2021'),
(105, '13', '4', '01/07/2021', '69000', 'محصل', '52', '141', '01/07/2021'),
(106, '13', '5', '01/01/2022', '69000', 'محصل', '52', '141', '01/01/2022'),
(107, '13', '6', '01/07/2022', '69000', 'محصل', '52', '141', '01/07/2022'),
(108, '13', '1', '01/01/2020', '79200', 'محصل', '52', '142', '01/01/2020'),
(109, '13', '2', '01/07/2020', '79200', 'محصل', '52', '142', '01/07/2020'),
(110, '13', '3', '01/01/2021', '79200', 'محصل', '52', '142', '03/01/2021'),
(111, '13', '4', '01/07/2021', '79200', 'محصل', '52', '142', '01/07/2021'),
(112, '13', '5', '01/01/2022', '79200', 'محصل', '52', '142', '02/01/2022'),
(113, '13', '6', '01/07/2022', '79200', 'محصل', '52', '142', '03/07/2021'),
(114, '13', '1', '01/01/2023', '45000', 'محصل', '106', '127', '02/02/2023'),
(115, '13', '2', '01/04/2023', '45000', 'محصل', '106', '127', '01/04/2023'),
(116, '13', '3', '01/07/2023', '45000', 'محصل', '106', '127', '01/07/2023'),
(118, '13', '4', '01/10/2023', '45000', 'غير محصل', '106', '127', NULL),
(119, '13', '5', '01/01/2024', '45000', 'محصل', '106', '127', '01/01/2024'),
(120, '13', '6', '01/04/2024', '45000', 'غير محصل', '106', '127', NULL),
(121, '13', '7', '01/07/2024', '45000', 'غير محصل', '106', '127', NULL),
(122, '13', '8', '01/10/2024', '45000', 'غير محصل', '106', '127', NULL),
(123, '13', '9', '01/01/2024', '45000', 'غير محصل', '106', '127', NULL),
(124, '13', '10', '01/04/2024', '45000', 'غير محصل', '106', '127', NULL),
(125, '13', '11', '01/07/2024', '45000', 'غير محصل', '106', '127', NULL),
(126, '13', '12', '01/10/2024', '45000', 'غير محصل', '106', '127', NULL),
(127, '13', '13', '01/01/2025', '45000', 'غير محصل', '106', '127', NULL),
(128, '13', '14', '01/04/2025', '45000', 'غير محصل', '106', '127', NULL),
(129, '13', '15', '01/07/2025', '45000', 'غير محصل', '106', '127', NULL),
(130, '13', '16', '01/10/2025', '45000', 'غير محصل', '106', '127', NULL),
(131, '13', '17', '01/01/2026', '45000', 'غير محصل', '106', '127', NULL),
(132, '13', '18', '01/04/2026', '45000', 'غير محصل', '106', '127', NULL),
(133, '13', '19', '01/07/2026', '45000', 'غير محصل', '106', '127', NULL),
(134, '13', '20', '01/10/2026', '45000', 'غير محصل', '106', '127', NULL),
(136, '14', '2', '01/01/2023', '3500', 'محصل', '25', '7', '01/01/2023'),
(137, '14', '2', '01/02/2023', '3500', 'محصل', '25', '7', '01/02/2023'),
(138, '14', '3', '01/03/2023', '3500', 'محصل', '25', '7', '01/03/2023'),
(139, '14', '4', '01/04/2023', '3500', 'محصل', '25', '7', '07/04/2023'),
(140, '14', '5', '01/05/2023', '3500', 'محصل', '25', '7', '01/05/2023'),
(141, '14', '6', '01/06/2023', '3500', 'محصل', '25', '7', '01/06/2023'),
(142, '14', '7', '01/07/2023', '3500', 'محصل', '25', '7', '10/07/2023'),
(143, '14', '8', '01/08/2023', '3500', 'محصل', '25', '7', '01/08/2023'),
(144, '14', '9', '01/09/2023', '3500', 'غير محصل', '25', '7', NULL),
(145, '14', '10', '01/10/2023', '3500', 'غير محصل', '25', '7', NULL),
(146, '14', '11', '01/11/2023', '3500', 'غير محصل', '25', '7', NULL),
(147, '14', '12', '01/12/2023', '3500', 'غير محصل', '25', '7', NULL),
(148, '13', '1', '01/07/2020', '36000', 'محصل', '97', '100', '01/07/2020'),
(149, '13', '1', '01/12/2020', '36000', 'محصل', '97', '100', '01/12/2020'),
(150, '13', '1', '01/01/2023', '39600', 'محصل', '52', '150', '01/01/2023'),
(151, '13', '2', '01/04/2023', '39600', 'محصل', '52', '150', '01/04/2023'),
(152, '13', '3', '01/07/2023', '39600', 'غير محصل', '52', '150', NULL),
(153, '13', '4', '01/10/2023', '39600', 'غير محصل', '52', '150', NULL),
(154, '13', '1', '01/01/2023', '24000', 'محصل', '52', '152', '01/01/2023'),
(155, '13', '2', '01/04/2023', '24000', 'محصل', '52', '152', '03/04/2023'),
(156, '13', '3', '01/07/2023', '24000', 'غير محصل', '52', '152', NULL),
(157, '13', '4', '01/10/2023', '24000', 'غير محصل', '52', '152', NULL),
(158, '13', '1', '01/01/2023', '39600', 'محصل', '52', '153', '01/01/2023'),
(159, '13', '2', '01/04/2023', '39600', 'محصل', '52', '153', '03/04/2023'),
(160, '13', '3', '01/07/2023', '39600', 'غير محصل', '52', '153', NULL),
(161, '13', '4', '01/10/2023', '39600', 'غير محصل', '52', '153', NULL),
(162, '13', '1', '01/01/2023', '33000', 'محصل', '52', '154', '01/01/2023'),
(163, '13', '2', '01/04/2023', '33000', 'محصل', '52', '154', '03/04/2023'),
(164, '13', '3', '01/07/2023', '33000', 'غير محصل', '52', '154', NULL),
(165, '13', '4', '01/10/2023', '33000', 'غير محصل', '52', '154', NULL),
(166, '13', '1', '01/01/2023', '34500', 'محصل', '52', '155', '01/01/2023'),
(167, '13', '2', '01/04/2023', '34500', 'محصل', '52', '155', '03/04/2023'),
(168, '13', '3', '01/07/2023', '34500', 'غير محصل', '52', '155', NULL),
(169, '13', '4', '01/10/2023', '34500', 'غير محصل', '52', '155', NULL),
(171, '13', '1', '08/06/2015', '33000', 'غير محصل', '79', '169', NULL),
(172, '13', '2', '01/01/2016', '33000', 'غير محصل', '79', '169', NULL),
(173, '13', '3', '01/06/2016', '33000', 'غير محصل', '79', '169', NULL),
(174, '13', '4', '01/01/2017', '33000', 'غير محصل', '79', '169', NULL),
(175, '13', '5', '01/06/2017', '33000', 'غير محصل', '79', '169', NULL),
(176, '13', '6', '01/01/2018', '33000', 'غير محصل', '79', '169', NULL),
(177, '13', '7', '01/06/2018', '33000', 'غير محصل', '79', '169', NULL),
(178, '13', '8', '01/01/2019', '33000', 'غير محصل', '79', '169', NULL),
(179, '13', '9', '01/06/2019', '33000', 'غير محصل', '79', '169', NULL),
(180, '13', '10', '01/01/2020', '33000', 'غير محصل', '79', '169', NULL),
(181, '13', '11', '01/06/2020', '33000', 'غير محصل', '79', '169', NULL),
(182, '13', '12', '01/01/2021', '33000', 'غير محصل', '79', '169', NULL),
(183, '13', '13', '01/06/2021', '33000', 'غير محصل', '79', '169', NULL),
(184, '13', '14', '01/01/2022', '33000', 'غير محصل', '79', '169', NULL),
(185, '13', '15', '01/06/2022', '33000', 'غير محصل', '79', '169', NULL),
(186, '13', '16', '01/01/2023', '33000', 'غير محصل', '79', '169', NULL),
(187, '13', '17', '01/06/2023', '33000', 'غير محصل', '79', '169', NULL),
(188, '13', '18', '01/01/2024', '33000', 'محصل', '79', '169', '01/01/2024'),
(189, '13', '19', '01/06/2024', '33000', 'غير محصل', '79', '169', NULL),
(190, '13', '20', '01/01/2025', '33000', 'غير محصل', '79', '169', NULL),
(191, '13', '21', '01/06/2025', '33000', 'غير محصل', '79', '169', NULL),
(192, '13', '22', '01/01/2026', '33000', 'غير محصل', '79', '169', NULL),
(193, '13', '23', '01/06/2026', '33000', 'غير محصل', '79', '169', NULL),
(194, '13', '1', '01/08/2015', '42000', 'غير محصل', '21', '170', NULL),
(195, '13', '2', '01/02/2016', '42000', 'غير محصل', '21', '170', NULL),
(196, '13', '3', '01/08/2016', '42000', 'غير محصل', '21', '170', NULL),
(197, '13', '4', '01/02/2017', '42000', 'غير محصل', '21', '170', NULL),
(198, '13', '5', '01/08/2017', '42000', 'غير محصل', '21', '170', NULL),
(199, '13', '6', '01/02/2018', '42000', 'غير محصل', '21', '170', NULL),
(200, '13', '7', '01/08/2018', '42000', 'غير محصل', '21', '170', NULL),
(201, '13', '8', '01/02/2019', '42000', 'غير محصل', '21', '170', NULL),
(202, '13', '9', '01/08/2019', '42000', 'غير محصل', '21', '170', NULL),
(203, '13', '10', '01/02/2020', '42000', 'غير محصل', '21', '170', NULL),
(204, '13', '11', '01/08/2020', '42000', 'غير محصل', '21', '170', NULL),
(205, '13', '12', '01/02/2021', '42000', 'غير محصل', '21', '170', NULL),
(206, '13', '13', '01/08/2021', '42000', 'غير محصل', '21', '170', NULL),
(207, '13', '14', '01/02/2022', '42000', 'غير محصل', '21', '170', NULL),
(208, '13', '15', '01/08/2022', '42000', 'غير محصل', '21', '170', NULL),
(209, '13', '16', '01/02/2023', '42000', 'غير محصل', '21', '170', NULL),
(210, '13', '17', '01/08/2023', '42000', 'غير محصل', '21', '170', NULL),
(211, '13', '18', '01/02/2024', '42000', 'محصل', '21', '170', '01/02/2024'),
(212, '13', '19', '01/08/2024', '42000', 'غير محصل', '21', '170', NULL),
(213, '13', '20', '01/02/2025', '42000', 'غير محصل', '21', '170', NULL),
(214, '13', '21', '01/08/2025', '42000', 'غير محصل', '21', '170', NULL),
(215, '13', '22', '01/02/2026', '42000', 'غير محصل', '21', '170', NULL),
(216, '13', '23', '01/08/2026', '42000', 'غير محصل', '21', '170', NULL),
(218, '13', '1', '02/04/2023', '39000', 'غير محصل', '52', '138', NULL),
(219, '13', '1', '02/07/2023', '39000', 'غير محصل', '52', '138', NULL),
(220, '13', '1', '02/10/2023', '39000', 'غير محصل', '52', '138', NULL),
(221, '13', '1', '02/01/2024', '24000', 'محصل', '52', '214', '02/01/2024'),
(222, '13', '2', '02/04/2024', '24000', 'غير محصل', '52', '214', NULL),
(223, '13', '3', '02/07/2024', '24000', 'غير محصل', '52', '214', NULL),
(224, '13', '4', '02/10/2024', '24000', 'غير محصل', '52', '214', NULL),
(226, '14', '0000002', '28/02/2024', '10000', 'غير محصل', '150', '224', NULL),
(227, '14', '1', '07/01/2024', '3500', 'محصل', '25', '236', ''),
(228, '14', '1', '07/02/2024', '3500', 'محصل', '25', '236', ''),
(229, '14', '0000001', '28/01/2024', '10000', 'محصل', '150', '224', '11/02/2024'),
(230, '13', '1', '01/01/2024', '39000', 'محصل', '52', '247', '01/01/2024'),
(231, '13', '2', '01/04/2024', '39000', 'غير محصل', '52', '247', NULL),
(232, '13', '3', '01/07/2024', '39000', 'غير محصل', '52', '247', NULL),
(234, '13', '4', '01/10/2024', '39000', 'غير محصل', '52', '247', NULL),
(235, '13', '5', '01/01/2024', '39000', 'محصل', '52', '150', '01/01/2024'),
(236, '13', '6', '01/04/2024', '39000', 'غير محصل', '52', '150', NULL),
(237, '13', '7', '01/07/2024', '39000', 'غير محصل', '52', '150', NULL),
(238, '13', '8', '01/10/2024', '39000', 'غير محصل', '52', '150', NULL),
(239, '13', '1', '01/01/2024', '39000', 'محصل', '52', '248', '01/01/2024'),
(240, '13', '2', '01/04/2024', '39000', 'غير محصل', '52', '248', NULL),
(241, '13', '3', '01/07/2024', '39000', 'غير محصل', '52', '248', NULL),
(242, '13', '4', '01/10/2024', '39000', 'غير محصل', '52', '248', NULL),
(243, '13', '1', '01/01/2024', '39000', 'محصل', '52', '249', '01/01/2024'),
(244, '13', '2', '01/04/2024', '39000', 'غير محصل', '52', '249', NULL),
(245, '13', '3', '01/07/2024', '39000', 'غير محصل', '52', '249', NULL),
(246, '13', '4', '01/10/2024', '39000', 'غير محصل', '52', '249', NULL),
(247, '13', '5', '01/01/2024', '39000', 'محصل', '52', '153', '01/01/2024'),
(248, '13', '6', '01/04/2024', '39000', 'غير محصل', '52', '153', NULL),
(249, '13', '7', '01/07/2024', '39000', 'غير محصل', '52', '153', NULL),
(250, '13', '8', '01/10/2024', '39000', 'غير محصل', '52', '153', NULL),
(251, '13', '1', '01/01/2024', '39000', 'محصل', '52', '251', '01/01/2024'),
(252, '13', '2', '01/04/2024', '39000', 'غير محصل', '52', '251', NULL),
(253, '13', '3', '01/07/2024', '39000', 'غير محصل', '52', '251', NULL),
(254, '13', '4', '01/10/2024', '39000', 'غير محصل', '52', '251', NULL),
(259, '13', '1', '05/01/2024', '10000', 'محصل', '154', '234', '05/01/2024'),
(260, '13', '2', '05/02/2024', '10000', 'محصل', '154', '234', ''),
(261, '13', '5', '01/01/2024', '33000', 'محصل', '52', '154', '01/01/2024'),
(262, '13', '6', '01/04/2024', '33000', 'غير محصل', '52', '154', NULL),
(263, '13', '7', '01/07/2024', '33000', 'غير محصل', '52', '154', NULL),
(264, '13', '8', '01/10/2024', '33000', 'غير محصل', '52', '154', NULL),
(267, '13', '5', '01/01/2024', '34500', 'محصل', '52', '155', '01/01/2024'),
(268, '13', '6', '01/04/2024', '34500', 'غير محصل', '52', '155', NULL),
(269, '13', '7', '01/07/2024', '34500', 'غير محصل', '52', '155', NULL),
(270, '13', '8', '01/10/2024', '34500', 'غير محصل', '52', '155', NULL);

-- --------------------------------------------------------

--
-- Table structure for table `under_contract`
--

CREATE TABLE `under_contract` (
  `Under_Contract_Id` int(11) NOT NULL,
  `Under_Contractt_English_Type` varchar(200) NOT NULL,
  `Under_Contract_Arabic_Type` varchar(200) NOT NULL
) ENGINE=InnoDB DEFAULT CHARSET=utf8;

-- --------------------------------------------------------

--
-- Table structure for table `units`
--

CREATE TABLE `units` (
  `Unit_ID` int(11) NOT NULL,
  `unit_condition_Unit_Condition_Id` int(11) NOT NULL,
  `unit_detail_Unit_Detail_Id` int(11) NOT NULL,
  `unit_type_Unit_Type_Id` int(11) NOT NULL,
  `building_Building_Id` int(11) NOT NULL,
  `furniture_case_Furniture_case_Id` int(11) NOT NULL,
  `Unit_Number` varchar(200) DEFAULT NULL,
  `Floor_Number` varchar(200) DEFAULT NULL,
  `Unit_Space` varchar(200) DEFAULT NULL,
  `current_situation` varchar(200) DEFAULT NULL,
  `Oreedo_Number` varchar(200) DEFAULT NULL,
  `Electricityt_Number` varchar(200) DEFAULT NULL,
  `Water_Number` varchar(200) DEFAULT NULL,
  `virtual_Value` varchar(200) DEFAULT NULL,
  `Image_One` varchar(200) DEFAULT NULL,
  `Image_One_Path` varchar(200) DEFAULT NULL,
  `Image_Two` varchar(200) DEFAULT NULL,
  `Image_Two_Path` varchar(200) DEFAULT NULL,
  `Image_Three` varchar(200) DEFAULT NULL,
  `Image_Three_Path` varchar(200) DEFAULT NULL,
  `Image_Four` varchar(200) DEFAULT NULL,
  `Image_Four_Path` varchar(200) DEFAULT NULL,
  `Active` tinyint(1) DEFAULT NULL,
  `Image_One_Path_Website` varchar(200) DEFAULT NULL,
  `Image_Two_Path_Website` varchar(200) DEFAULT NULL,
  `Image_Three_Path_Website` varchar(200) DEFAULT NULL,
  `Image_Four_Path_Website` varchar(200) DEFAULT NULL,
  `Half` varchar(45) DEFAULT NULL
) ENGINE=InnoDB DEFAULT CHARSET=utf8;

--
-- Dumping data for table `units`
--

INSERT INTO `units` (`Unit_ID`, `unit_condition_Unit_Condition_Id`, `unit_detail_Unit_Detail_Id`, `unit_type_Unit_Type_Id`, `building_Building_Id`, `furniture_case_Furniture_case_Id`, `Unit_Number`, `Floor_Number`, `Unit_Space`, `current_situation`, `Oreedo_Number`, `Electricityt_Number`, `Water_Number`, `virtual_Value`, `Image_One`, `Image_One_Path`, `Image_Two`, `Image_Two_Path`, `Image_Three`, `Image_Three_Path`, `Image_Four`, `Image_Four_Path`, `Active`, `Image_One_Path_Website`, `Image_Two_Path_Website`, `Image_Three_Path_Website`, `Image_Four_Path_Website`, `Half`) VALUES
(3, 1, 2, 1, 28, 4, '1', '1', '95', '', '', '١٠٨٦٩٧', '١٠٠٠٣٩٩', '5250', 'U_1.jpg', '/English/Main_Application/units_Photo/U_1.jpg', 'U_2.jpg', '/English/Main_Application/units_Photo/U_2.jpg', 'U_3.jpeg', '/English/Main_Application/units_Photo/U_3.jpeg', 'U_4.jpg', '/English/Main_Application/units_Photo/U_4.jpg', 1, 'https://amlak2.wisdom.qa/English/Main_Application/units_Photo/U_1.jpg', 'https://amlak2.wisdom.qa/English/Main_Application/units_Photo/U_2.jpg', 'https://amlak2.wisdom.qa/English/Main_Application/units_Photo/U_3.jpeg', 'https://amlak2.wisdom.qa/English/Main_Application/units_Photo/U_4.jpg', '0'),
(4, 1, 2, 1, 28, 4, '2', '1', '100', '', '', '١٠٨٩٦٩٨', '١٠٠٠٤٠٠', '5250', 'empty_Image.jpg', '/English/Main_Application/units_Photo/empty_Image.jpg', 'empty_Image.jpg', '/English/Main_Application/units_Photo/empty_Image.jpg', 'empty_Image.jpg', '/English/Main_Application/units_Photo/empty_Image.jpg', 'empty_Image.jpg', '/English/Main_Application/units_Photo/empty_Image.jpg', 1, 'https://amlak2.wisdom.qa/English/Main_Application/units_Photo/empty_Image.jpg', 'https://amlak2.wisdom.qa/English/Main_Application/units_Photo/empty_Image.jpg', 'https://amlak2.wisdom.qa/English/Main_Application/units_Photo/empty_Image.jpg', 'https://amlak2.wisdom.qa/English/Main_Application/units_Photo/empty_Image.jpg', '0'),
(5, 1, 2, 1, 28, 4, '3', '1', '105', '', '', '1089699', '1000401', '5250', 'empty_Image.jpg', '/English/Main_Application/units_Photo/empty_Image.jpg', 'empty_Image.jpg', '/English/Main_Application/units_Photo/empty_Image.jpg', 'empty_Image.jpg', '/English/Main_Application/units_Photo/empty_Image.jpg', 'empty_Image.jpg', '/English/Main_Application/units_Photo/empty_Image.jpg', 0, '', '', '', '', '0'),
(6, 1, 2, 1, 28, 4, '4', '1', '105', '', '', '1089700', '1000402', '5250', 'empty_Image.jpg', '/English/Main_Application/units_Photo/empty_Image.jpg', 'empty_Image.jpg', '/English/Main_Application/units_Photo/empty_Image.jpg', 'empty_Image.jpg', '/English/Main_Application/units_Photo/empty_Image.jpg', 'empty_Image.jpg', '/English/Main_Application/units_Photo/empty_Image.jpg', 0, '', '', '', '', '0'),
(7, 1, 2, 1, 28, 4, '5', '2', '95', '', '', '1089701', '1000403', '5250', 'empty_Image.jpg', '/English/Main_Application/units_Photo/empty_Image.jpg', 'empty_Image.jpg', '/English/Main_Application/units_Photo/empty_Image.jpg', 'empty_Image.jpg', '/English/Main_Application/units_Photo/empty_Image.jpg', 'empty_Image.jpg', '/English/Main_Application/units_Photo/empty_Image.jpg', 0, '', '', '', '', '0'),
(8, 1, 2, 1, 28, 4, '6', '2', '100', '', '', '1089702', '1000404', '5250', 'empty_Image.jpg', '/English/Main_Application/units_Photo/empty_Image.jpg', 'empty_Image.jpg', '/English/Main_Application/units_Photo/empty_Image.jpg', 'empty_Image.jpg', '/English/Main_Application/units_Photo/empty_Image.jpg', 'empty_Image.jpg', '/English/Main_Application/units_Photo/empty_Image.jpg', 0, '', '', '', '', '0'),
(9, 1, 2, 1, 28, 1, '7', '2', '105', '', '', '1089703', '1000405', '5250', 'empty_Image.jpg', '/English/Main_Application/units_Photo/empty_Image.jpg', 'empty_Image.jpg', '/English/Main_Application/units_Photo/empty_Image.jpg', 'empty_Image.jpg', '/English/Main_Application/units_Photo/empty_Image.jpg', 'empty_Image.jpg', '/English/Main_Application/units_Photo/empty_Image.jpg', 0, '', '', '', '', '0'),
(10, 1, 2, 1, 28, 1, '8', '2', '105', '', '', '1089704', '1000406', '5250', 'empty_Image.jpg', '/English/Main_Application/units_Photo/empty_Image.jpg', 'empty_Image.jpg', '/English/Main_Application/units_Photo/empty_Image.jpg', 'empty_Image.jpg', '/English/Main_Application/units_Photo/empty_Image.jpg', 'empty_Image.jpg', '/English/Main_Application/units_Photo/empty_Image.jpg', 0, '', '', '', '', '0'),
(13, 1, 2, 1, 28, 4, '9', '3', '95', '', '', '1089705', '1000407', '5250', 'empty_Image.jpg', '/English/Main_Application/units_Photo/empty_Image.jpg', 'empty_Image.jpg', '/English/Main_Application/units_Photo/empty_Image.jpg', 'empty_Image.jpg', '/English/Main_Application/units_Photo/empty_Image.jpg', 'empty_Image.jpg', '/English/Main_Application/units_Photo/empty_Image.jpg', 0, '', '', '', '', '0'),
(14, 1, 2, 1, 28, 4, '10', '3', '100', '', '', '1089706', '1000408', '5250', 'empty_Image.jpg', '/English/Main_Application/units_Photo/empty_Image.jpg', 'empty_Image.jpg', '/English/Main_Application/units_Photo/empty_Image.jpg', 'empty_Image.jpg', '/English/Main_Application/units_Photo/empty_Image.jpg', 'empty_Image.jpg', '/English/Main_Application/units_Photo/empty_Image.jpg', 0, '', '', '', '', '0'),
(15, 1, 2, 1, 28, 4, '11', '3', '105', '', '', '1089707', '1000409', '5250', 'empty_Image.jpg', '/English/Main_Application/units_Photo/empty_Image.jpg', 'empty_Image.jpg', '/English/Main_Application/units_Photo/empty_Image.jpg', 'empty_Image.jpg', '/English/Main_Application/units_Photo/empty_Image.jpg', 'empty_Image.jpg', '/English/Main_Application/units_Photo/empty_Image.jpg', 0, '', '', '', '', '0'),
(16, 1, 2, 1, 28, 1, '12', '3', '105', '', '', '1089708', '1000410', '5250', 'empty_Image.jpg', '/English/Main_Application/units_Photo/empty_Image.jpg', 'empty_Image.jpg', '/English/Main_Application/units_Photo/empty_Image.jpg', 'empty_Image.jpg', '/English/Main_Application/units_Photo/empty_Image.jpg', 'empty_Image.jpg', '/English/Main_Application/units_Photo/empty_Image.jpg', 0, '', '', '', '', '0'),
(17, 1, 2, 1, 28, 4, '13', '4', '95', '', '', '1089710', '1000412', '5250', 'empty_Image.jpg', '/English/Main_Application/units_Photo/empty_Image.jpg', 'empty_Image.jpg', '/English/Main_Application/units_Photo/empty_Image.jpg', 'empty_Image.jpg', '/English/Main_Application/units_Photo/empty_Image.jpg', 'empty_Image.jpg', '/English/Main_Application/units_Photo/empty_Image.jpg', 0, '', '', '', '', '0'),
(18, 1, 2, 1, 28, 4, '14', '4', '100', '', '', '1089711', '1000413', '5250', 'empty_Image.jpg', '/English/Main_Application/units_Photo/empty_Image.jpg', 'empty_Image.jpg', '/English/Main_Application/units_Photo/empty_Image.jpg', 'empty_Image.jpg', '/English/Main_Application/units_Photo/empty_Image.jpg', 'empty_Image.jpg', '/English/Main_Application/units_Photo/empty_Image.jpg', 0, '', '', '', '', '0'),
(19, 1, 2, 1, 28, 1, '15', '4', '105', '', '', '1089712', '1000414', '5250', 'empty_Image.jpg', '/English/Main_Application/units_Photo/empty_Image.jpg', 'empty_Image.jpg', '/English/Main_Application/units_Photo/empty_Image.jpg', 'empty_Image.jpg', '/English/Main_Application/units_Photo/empty_Image.jpg', 'empty_Image.jpg', '/English/Main_Application/units_Photo/empty_Image.jpg', 0, '', '', '', '', '0'),
(20, 1, 2, 1, 28, 4, '16', '4', '105', '', '', '1089713', '1000415', '5250', 'empty_Image.jpg', '/English/Main_Application/units_Photo/empty_Image.jpg', 'empty_Image.jpg', '/English/Main_Application/units_Photo/empty_Image.jpg', 'empty_Image.jpg', '/English/Main_Application/units_Photo/empty_Image.jpg', 'empty_Image.jpg', '/English/Main_Application/units_Photo/empty_Image.jpg', 0, '', '', '', '', '0'),
(22, 1, 2, 1, 28, 4, '17', '5', '95', '', '', '1089714', '1000416', '5250', 'empty_Image.jpg', '/English/Main_Application/units_Photo/empty_Image.jpg', 'empty_Image.jpg', '/English/Main_Application/units_Photo/empty_Image.jpg', 'empty_Image.jpg', '/English/Main_Application/units_Photo/empty_Image.jpg', 'empty_Image.jpg', '/English/Main_Application/units_Photo/empty_Image.jpg', 0, '', '', '', '', '0'),
(23, 1, 2, 1, 28, 1, '18', '5', '100', '', '', '1089715', '1000417', '5250', 'empty_Image.jpg', '/English/Main_Application/units_Photo/empty_Image.jpg', 'empty_Image.jpg', '/English/Main_Application/units_Photo/empty_Image.jpg', 'empty_Image.jpg', '/English/Main_Application/units_Photo/empty_Image.jpg', 'empty_Image.jpg', '/English/Main_Application/units_Photo/empty_Image.jpg', 0, '', '', '', '', '0'),
(24, 1, 2, 1, 28, 4, '19', '5', '105', '', '', '1089715', '1000417', '5250', 'empty_Image.jpg', '/English/Main_Application/units_Photo/empty_Image.jpg', 'empty_Image.jpg', '/English/Main_Application/units_Photo/empty_Image.jpg', 'empty_Image.jpg', '/English/Main_Application/units_Photo/empty_Image.jpg', 'empty_Image.jpg', '/English/Main_Application/units_Photo/empty_Image.jpg', 0, '', '', '', '', '0'),
(25, 1, 2, 1, 28, 1, '20', '5', '105', '', '', '1089717', '1000419', '5250', 'empty_Image.jpg', '/English/Main_Application/units_Photo/empty_Image.jpg', 'empty_Image.jpg', '/English/Main_Application/units_Photo/empty_Image.jpg', 'empty_Image.jpg', '/English/Main_Application/units_Photo/empty_Image.jpg', 'empty_Image.jpg', '/English/Main_Application/units_Photo/empty_Image.jpg', 0, '', '', '', '', '0'),
(26, 1, 2, 1, 28, 4, '21', '6', '95', '', '', '1089718', '1000420', '5250', 'empty_Image.jpg', '/English/Main_Application/units_Photo/empty_Image.jpg', 'empty_Image.jpg', '/English/Main_Application/units_Photo/empty_Image.jpg', 'empty_Image.jpg', '/English/Main_Application/units_Photo/empty_Image.jpg', 'empty_Image.jpg', '/English/Main_Application/units_Photo/empty_Image.jpg', 0, '', '', '', '', '0'),
(27, 1, 2, 1, 28, 4, '22', '6', '100', '', '', '1089719', '1000421', '5250', 'empty_Image.jpg', '/English/Main_Application/units_Photo/empty_Image.jpg', 'empty_Image.jpg', '/English/Main_Application/units_Photo/empty_Image.jpg', 'empty_Image.jpg', '/English/Main_Application/units_Photo/empty_Image.jpg', 'empty_Image.jpg', '/English/Main_Application/units_Photo/empty_Image.jpg', 0, '', '', '', '', '0'),
(28, 1, 2, 1, 28, 4, '23', '6', '105', '', '', '1089720', '1000422', '5250', 'empty_Image.jpg', '/English/Main_Application/units_Photo/empty_Image.jpg', 'empty_Image.jpg', '/English/Main_Application/units_Photo/empty_Image.jpg', 'empty_Image.jpg', '/English/Main_Application/units_Photo/empty_Image.jpg', 'empty_Image.jpg', '/English/Main_Application/units_Photo/empty_Image.jpg', 0, '', '', '', '', '0'),
(29, 1, 2, 1, 28, 4, '24', '6', '105', '', '', '1089721', '1000423', '5250', 'empty_Image.jpg', '/English/Main_Application/units_Photo/empty_Image.jpg', 'empty_Image.jpg', '/English/Main_Application/units_Photo/empty_Image.jpg', 'empty_Image.jpg', '/English/Main_Application/units_Photo/empty_Image.jpg', 'empty_Image.jpg', '/English/Main_Application/units_Photo/empty_Image.jpg', 0, '', '', '', '', '0'),
(30, 1, 2, 1, 28, 4, '25', '7', '95', '', '', '1089722', '1000424', '5250', 'empty_Image.jpg', '/English/Main_Application/units_Photo/empty_Image.jpg', 'empty_Image.jpg', '/English/Main_Application/units_Photo/empty_Image.jpg', 'empty_Image.jpg', '/English/Main_Application/units_Photo/empty_Image.jpg', 'empty_Image.jpg', '/English/Main_Application/units_Photo/empty_Image.jpg', 0, '', '', '', '', '0'),
(31, 1, 2, 1, 28, 4, '26', '7', '100', '', '', '1089723', '1000425', '5250', 'empty_Image.jpg', '/English/Main_Application/units_Photo/empty_Image.jpg', 'empty_Image.jpg', '/English/Main_Application/units_Photo/empty_Image.jpg', 'empty_Image.jpg', '/English/Main_Application/units_Photo/empty_Image.jpg', 'empty_Image.jpg', '/English/Main_Application/units_Photo/empty_Image.jpg', 0, '', '', '', '', '0'),
(32, 1, 2, 1, 28, 4, '27', '7', '105', '', '', '1089723', 'مشمول في 25', '5250', 'empty_Image.jpg', '/English/Main_Application/units_Photo/empty_Image.jpg', 'empty_Image.jpg', '/English/Main_Application/units_Photo/empty_Image.jpg', 'empty_Image.jpg', '/English/Main_Application/units_Photo/empty_Image.jpg', 'empty_Image.jpg', '/English/Main_Application/units_Photo/empty_Image.jpg', 0, '', '', '', '', '0'),
(33, 1, 2, 1, 28, 4, '28', '7', '105', '', '', '1089722', 'مشمول في 26', '5250', 'empty_Image.jpg', '/English/Main_Application/units_Photo/empty_Image.jpg', 'empty_Image.jpg', '/English/Main_Application/units_Photo/empty_Image.jpg', 'empty_Image.jpg', '/English/Main_Application/units_Photo/empty_Image.jpg', 'empty_Image.jpg', '/English/Main_Application/units_Photo/empty_Image.jpg', 0, '', '', '', '', '0'),
(34, 5, 3, 5, 28, 4, '29', '8', '', '', '', '', '', '500', 'No File', 'No File', 'No File', 'No File', 'No File', 'No File', 'No File', 'No File', 0, '', '', '', '', '0'),
(35, 1, 4, 1, 8, 2, '104', '1', '128', '', '', '1261803', '1217640', '4000', 'U_5.jpg', '/English/Main_Application/units_Photo/U_5.jpg', 'U_6.jpg', '/English/Main_Application/units_Photo/U_6.jpg', 'U_7.jpg', '/English/Main_Application/units_Photo/U_7.jpg', 'U_8.jpeg', '/English/Main_Application/units_Photo/U_8.jpeg', 1, 'https://amlak2.wisdom.qa/English/Main_Application/units_Photo/U_5.jpg', 'https://amlak2.wisdom.qa/English/Main_Application/units_Photo/U_6.jpg', 'https://amlak2.wisdom.qa/English/Main_Application/units_Photo/U_7.jpg', 'https://amlak2.wisdom.qa/English/Main_Application/units_Photo/U_8.jpeg', '0'),
(36, 1, 4, 1, 8, 1, '105', '1', '128', '', '', '1261801', '1217687', '4000', 'empty_Image.jpg', '/English/Main_Application/units_Photo/empty_Image.jpg', 'empty_Image.jpg', '/English/Main_Application/units_Photo/empty_Image.jpg', 'empty_Image.jpg', '/English/Main_Application/units_Photo/empty_Image.jpg', 'empty_Image.jpg', '/English/Main_Application/units_Photo/empty_Image.jpg', 0, '', '', '', '', '0'),
(37, 1, 4, 1, 8, 1, '204', '2', '128', '', '', '1261802', '1217688', '4000', 'empty_Image.jpg', '/English/Main_Application/units_Photo/empty_Image.jpg', 'empty_Image.jpg', '/English/Main_Application/units_Photo/empty_Image.jpg', 'empty_Image.jpg', '/English/Main_Application/units_Photo/empty_Image.jpg', 'empty_Image.jpg', '/English/Main_Application/units_Photo/empty_Image.jpg', 0, '', '', '', '', '0'),
(38, 1, 4, 1, 8, 1, '205', '2', '128', '', '', '1261803', '1217689', '4000', 'empty_Image.jpg', '/English/Main_Application/units_Photo/empty_Image.jpg', 'empty_Image.jpg', '/English/Main_Application/units_Photo/empty_Image.jpg', 'empty_Image.jpg', '/English/Main_Application/units_Photo/empty_Image.jpg', 'empty_Image.jpg', '/English/Main_Application/units_Photo/empty_Image.jpg', 0, '', '', '', '', '0'),
(39, 1, 4, 1, 8, 1, '304', '3', '128', '', '', '1261804', '1217690', '4000', 'empty_Image.jpg', '/English/Main_Application/units_Photo/empty_Image.jpg', 'empty_Image.jpg', '/English/Main_Application/units_Photo/empty_Image.jpg', 'empty_Image.jpg', '/English/Main_Application/units_Photo/empty_Image.jpg', 'empty_Image.jpg', '/English/Main_Application/units_Photo/empty_Image.jpg', 0, '', '', '', '', '0'),
(40, 1, 4, 1, 8, 1, '305', '3', '128', '', '', '1261805', '1217691', '4000', 'empty_Image.jpg', '/English/Main_Application/units_Photo/empty_Image.jpg', 'empty_Image.jpg', '/English/Main_Application/units_Photo/empty_Image.jpg', 'empty_Image.jpg', '/English/Main_Application/units_Photo/empty_Image.jpg', 'empty_Image.jpg', '/English/Main_Application/units_Photo/empty_Image.jpg', 0, '', '', '', '', '0'),
(41, 1, 4, 1, 8, 1, '404', '4', '128', '', '', '1261806', '1217692', '4000', 'empty_Image.jpg', '/English/Main_Application/units_Photo/empty_Image.jpg', 'empty_Image.jpg', '/English/Main_Application/units_Photo/empty_Image.jpg', 'empty_Image.jpg', '/English/Main_Application/units_Photo/empty_Image.jpg', 'empty_Image.jpg', '/English/Main_Application/units_Photo/empty_Image.jpg', 0, '', '', '', '', '0'),
(42, 1, 4, 1, 8, 1, '405', '4', '128', '', '', '1261807', '1217693', '4000', 'empty_Image.jpg', '/English/Main_Application/units_Photo/empty_Image.jpg', 'empty_Image.jpg', '/English/Main_Application/units_Photo/empty_Image.jpg', 'empty_Image.jpg', '/English/Main_Application/units_Photo/empty_Image.jpg', 'empty_Image.jpg', '/English/Main_Application/units_Photo/empty_Image.jpg', 0, '', '', '', '', '0'),
(43, 1, 4, 1, 8, 1, '504', '5', '128', '', '', '1261808', '1217694', '4000', 'empty_Image.jpg', '/English/Main_Application/units_Photo/empty_Image.jpg', 'empty_Image.jpg', '/English/Main_Application/units_Photo/empty_Image.jpg', 'empty_Image.jpg', '/English/Main_Application/units_Photo/empty_Image.jpg', 'empty_Image.jpg', '/English/Main_Application/units_Photo/empty_Image.jpg', 0, '', '', '', '', '0'),
(44, 1, 4, 1, 8, 1, '505', '5', '128', '', '', '1261809', '1217695', '4000', 'empty_Image.jpg', '/English/Main_Application/units_Photo/empty_Image.jpg', 'empty_Image.jpg', '/English/Main_Application/units_Photo/empty_Image.jpg', 'empty_Image.jpg', '/English/Main_Application/units_Photo/empty_Image.jpg', 'empty_Image.jpg', '/English/Main_Application/units_Photo/empty_Image.jpg', 0, '', '', '', '', '0'),
(45, 1, 4, 1, 8, 1, '604', '6', '128', '', '', '1261810', '1217696', '4000', 'empty_Image.jpg', '/English/Main_Application/units_Photo/empty_Image.jpg', 'empty_Image.jpg', '/English/Main_Application/units_Photo/empty_Image.jpg', 'empty_Image.jpg', '/English/Main_Application/units_Photo/empty_Image.jpg', 'empty_Image.jpg', '/English/Main_Application/units_Photo/empty_Image.jpg', 0, '', '', '', '', '0'),
(46, 1, 4, 1, 8, 1, '605', '6', '128', '', '', '1261811', ' 1217697', '4000', 'empty_Image.jpg', '/English/Main_Application/units_Photo/empty_Image.jpg', 'empty_Image.jpg', '/English/Main_Application/units_Photo/empty_Image.jpg', 'empty_Image.jpg', '/English/Main_Application/units_Photo/empty_Image.jpg', 'empty_Image.jpg', '/English/Main_Application/units_Photo/empty_Image.jpg', 0, '', '', '', '', '0'),
(47, 1, 6, 1, 8, 2, '101', '1', '64', '', '', '1261800', '1217637', '3500', 'empty_Image.jpg', '/English/Main_Application/units_Photo/empty_Image.jpg', 'empty_Image.jpg', '/English/Main_Application/units_Photo/empty_Image.jpg', 'empty_Image.jpg', '/English/Main_Application/units_Photo/empty_Image.jpg', 'empty_Image.jpg', '/English/Main_Application/units_Photo/empty_Image.jpg', 0, '', '', '', '', '0'),
(48, 1, 6, 1, 8, 2, '102', '1', '64', '', '', '1261801', '1217638', '3500', 'empty_Image.jpg', '/English/Main_Application/units_Photo/empty_Image.jpg', 'empty_Image.jpg', '/English/Main_Application/units_Photo/empty_Image.jpg', 'empty_Image.jpg', '/English/Main_Application/units_Photo/empty_Image.jpg', 'empty_Image.jpg', '/English/Main_Application/units_Photo/empty_Image.jpg', 0, '', '', '', '', '0'),
(49, 1, 6, 1, 8, 2, '103', '1', '64', '', '', '1261802', '1217639', '3500', 'empty_Image.jpg', '/English/Main_Application/units_Photo/empty_Image.jpg', 'empty_Image.jpg', '/English/Main_Application/units_Photo/empty_Image.jpg', 'empty_Image.jpg', '/English/Main_Application/units_Photo/empty_Image.jpg', 'empty_Image.jpg', '/English/Main_Application/units_Photo/empty_Image.jpg', 0, '', '', '', '', '0'),
(50, 1, 6, 1, 8, 1, '106', '1', '64', '', '', '1261815', '1217701', '3500', 'empty_Image.jpg', '/English/Main_Application/units_Photo/empty_Image.jpg', 'empty_Image.jpg', '/English/Main_Application/units_Photo/empty_Image.jpg', 'empty_Image.jpg', '/English/Main_Application/units_Photo/empty_Image.jpg', 'empty_Image.jpg', '/English/Main_Application/units_Photo/empty_Image.jpg', 0, '', '', '', '', '0'),
(51, 1, 6, 1, 8, 1, '107', '1', '64', '', '', '1261816', '1217702', '3500', 'empty_Image.jpg', '/English/Main_Application/units_Photo/empty_Image.jpg', 'empty_Image.jpg', '/English/Main_Application/units_Photo/empty_Image.jpg', 'empty_Image.jpg', '/English/Main_Application/units_Photo/empty_Image.jpg', 'empty_Image.jpg', '/English/Main_Application/units_Photo/empty_Image.jpg', 0, '', '', '', '', '0'),
(52, 1, 6, 1, 8, 1, '108', '1', '64', '', '', '1261817', '1217703', '3500', 'empty_Image.jpg', '/English/Main_Application/units_Photo/empty_Image.jpg', 'empty_Image.jpg', '/English/Main_Application/units_Photo/empty_Image.jpg', 'empty_Image.jpg', '/English/Main_Application/units_Photo/empty_Image.jpg', 'empty_Image.jpg', '/English/Main_Application/units_Photo/empty_Image.jpg', 0, '', '', '', '', '0'),
(53, 1, 6, 1, 8, 1, '201', '2', '64', '', '', '1261818', '1217704', '3500', 'empty_Image.jpg', '/English/Main_Application/units_Photo/empty_Image.jpg', 'empty_Image.jpg', '/English/Main_Application/units_Photo/empty_Image.jpg', 'empty_Image.jpg', '/English/Main_Application/units_Photo/empty_Image.jpg', 'empty_Image.jpg', '/English/Main_Application/units_Photo/empty_Image.jpg', 0, '', '', '', '', '0'),
(54, 1, 6, 1, 8, 1, '202', '2', '64', '', '', '1261819', '1217705', '3500', 'empty_Image.jpg', '/English/Main_Application/units_Photo/empty_Image.jpg', 'empty_Image.jpg', '/English/Main_Application/units_Photo/empty_Image.jpg', 'empty_Image.jpg', '/English/Main_Application/units_Photo/empty_Image.jpg', 'empty_Image.jpg', '/English/Main_Application/units_Photo/empty_Image.jpg', 0, '', '', '', '', '0'),
(55, 1, 6, 1, 8, 1, '203', '2', '64', '', '', '1261820', '1217706', '3500', 'empty_Image.jpg', '/English/Main_Application/units_Photo/empty_Image.jpg', 'empty_Image.jpg', '/English/Main_Application/units_Photo/empty_Image.jpg', 'empty_Image.jpg', '/English/Main_Application/units_Photo/empty_Image.jpg', 'empty_Image.jpg', '/English/Main_Application/units_Photo/empty_Image.jpg', 0, '', '', '', '', '0'),
(56, 1, 6, 1, 8, 1, '206', '2', '64', '', '', '1261821', '1217707', '3500', 'empty_Image.jpg', '/English/Main_Application/units_Photo/empty_Image.jpg', 'empty_Image.jpg', '/English/Main_Application/units_Photo/empty_Image.jpg', 'empty_Image.jpg', '/English/Main_Application/units_Photo/empty_Image.jpg', 'empty_Image.jpg', '/English/Main_Application/units_Photo/empty_Image.jpg', 0, '', '', '', '', '0'),
(57, 1, 6, 1, 8, 1, '207', '2', '64', '', '', '1261822', '1217708', '3500', 'empty_Image.jpg', '/English/Main_Application/units_Photo/empty_Image.jpg', 'empty_Image.jpg', '/English/Main_Application/units_Photo/empty_Image.jpg', 'empty_Image.jpg', '/English/Main_Application/units_Photo/empty_Image.jpg', 'empty_Image.jpg', '/English/Main_Application/units_Photo/empty_Image.jpg', 0, '', '', '', '', '0'),
(58, 1, 6, 1, 8, 1, '208', '2', '64', '', '', '1261823', '1217709', '3500', 'empty_Image.jpg', '/English/Main_Application/units_Photo/empty_Image.jpg', 'empty_Image.jpg', '/English/Main_Application/units_Photo/empty_Image.jpg', 'empty_Image.jpg', '/English/Main_Application/units_Photo/empty_Image.jpg', 'empty_Image.jpg', '/English/Main_Application/units_Photo/empty_Image.jpg', 0, '', '', '', '', '0'),
(59, 1, 6, 1, 8, 1, '301', '3', '64', '', '', '1261824', '1217710', '3500', 'empty_Image.jpg', '/English/Main_Application/units_Photo/empty_Image.jpg', 'empty_Image.jpg', '/English/Main_Application/units_Photo/empty_Image.jpg', 'empty_Image.jpg', '/English/Main_Application/units_Photo/empty_Image.jpg', 'empty_Image.jpg', '/English/Main_Application/units_Photo/empty_Image.jpg', 0, '', '', '', '', '0'),
(60, 1, 6, 1, 8, 1, '302', '3', '64', '', '', '1261825', '1217711', '3500', 'empty_Image.jpg', '/English/Main_Application/units_Photo/empty_Image.jpg', 'empty_Image.jpg', '/English/Main_Application/units_Photo/empty_Image.jpg', 'empty_Image.jpg', '/English/Main_Application/units_Photo/empty_Image.jpg', 'empty_Image.jpg', '/English/Main_Application/units_Photo/empty_Image.jpg', 0, '', '', '', '', '0'),
(61, 1, 6, 1, 8, 1, '303', '3', '64', '', '', '1261826', '1217712', '3500', 'empty_Image.jpg', '/English/Main_Application/units_Photo/empty_Image.jpg', 'empty_Image.jpg', '/English/Main_Application/units_Photo/empty_Image.jpg', 'empty_Image.jpg', '/English/Main_Application/units_Photo/empty_Image.jpg', 'empty_Image.jpg', '/English/Main_Application/units_Photo/empty_Image.jpg', 0, '', '', '', '', '0'),
(62, 1, 6, 1, 8, 1, '306', '3', '64', '', '', '1261827', '1217713', '3500', 'empty_Image.jpg', '/English/Main_Application/units_Photo/empty_Image.jpg', 'empty_Image.jpg', '/English/Main_Application/units_Photo/empty_Image.jpg', 'empty_Image.jpg', '/English/Main_Application/units_Photo/empty_Image.jpg', 'empty_Image.jpg', '/English/Main_Application/units_Photo/empty_Image.jpg', 0, '', '', '', '', '0'),
(63, 1, 6, 1, 8, 1, '307', '3', '64', '', '', '1261828', '1217714', '3500', 'empty_Image.jpg', '/English/Main_Application/units_Photo/empty_Image.jpg', 'empty_Image.jpg', '/English/Main_Application/units_Photo/empty_Image.jpg', 'empty_Image.jpg', '/English/Main_Application/units_Photo/empty_Image.jpg', 'empty_Image.jpg', '/English/Main_Application/units_Photo/empty_Image.jpg', 0, '', '', '', '', '0'),
(64, 1, 6, 1, 8, 1, '308', '3', '64', '', '', '1261829', '1217715', '3500', 'empty_Image.jpg', '/English/Main_Application/units_Photo/empty_Image.jpg', 'empty_Image.jpg', '/English/Main_Application/units_Photo/empty_Image.jpg', 'empty_Image.jpg', '/English/Main_Application/units_Photo/empty_Image.jpg', 'empty_Image.jpg', '/English/Main_Application/units_Photo/empty_Image.jpg', 0, '', '', '', '', '0'),
(65, 1, 6, 1, 8, 1, '401', '4', '64', '', '', '1261830', '1217716', '3500', 'empty_Image.jpg', '/English/Main_Application/units_Photo/empty_Image.jpg', 'empty_Image.jpg', '/English/Main_Application/units_Photo/empty_Image.jpg', 'empty_Image.jpg', '/English/Main_Application/units_Photo/empty_Image.jpg', 'empty_Image.jpg', '/English/Main_Application/units_Photo/empty_Image.jpg', 0, '', '', '', '', '0'),
(66, 1, 6, 1, 8, 1, '402', '4', '64', '', '', '1261833', '1217719', '3500', 'empty_Image.jpg', '/English/Main_Application/units_Photo/empty_Image.jpg', 'empty_Image.jpg', '/English/Main_Application/units_Photo/empty_Image.jpg', 'empty_Image.jpg', '/English/Main_Application/units_Photo/empty_Image.jpg', 'empty_Image.jpg', '/English/Main_Application/units_Photo/empty_Image.jpg', 0, '', '', '', '', '0'),
(67, 1, 6, 1, 8, 1, '403', '4', '64', '', '', '1261834', '1217720', '3500', 'empty_Image.jpg', '/English/Main_Application/units_Photo/empty_Image.jpg', 'empty_Image.jpg', '/English/Main_Application/units_Photo/empty_Image.jpg', 'empty_Image.jpg', '/English/Main_Application/units_Photo/empty_Image.jpg', 'empty_Image.jpg', '/English/Main_Application/units_Photo/empty_Image.jpg', 0, '', '', '', '', '0'),
(68, 1, 6, 1, 8, 1, '406', '4', '64', '', '', '1261835', '1217721', '3500', 'empty_Image.jpg', '/English/Main_Application/units_Photo/empty_Image.jpg', 'empty_Image.jpg', '/English/Main_Application/units_Photo/empty_Image.jpg', 'empty_Image.jpg', '/English/Main_Application/units_Photo/empty_Image.jpg', 'empty_Image.jpg', '/English/Main_Application/units_Photo/empty_Image.jpg', 0, '', '', '', '', '0'),
(69, 1, 6, 1, 8, 1, '407', '4', '64', '', '', '1261836', '1217722', '3500', 'empty_Image.jpg', '/English/Main_Application/units_Photo/empty_Image.jpg', 'empty_Image.jpg', '/English/Main_Application/units_Photo/empty_Image.jpg', 'empty_Image.jpg', '/English/Main_Application/units_Photo/empty_Image.jpg', 'empty_Image.jpg', '/English/Main_Application/units_Photo/empty_Image.jpg', 0, '', '', '', '', '0'),
(70, 1, 6, 1, 8, 1, '408', '4', '64', '', '', '1261837', '1217723', '3500', 'empty_Image.jpg', '/English/Main_Application/units_Photo/empty_Image.jpg', 'empty_Image.jpg', '/English/Main_Application/units_Photo/empty_Image.jpg', 'empty_Image.jpg', '/English/Main_Application/units_Photo/empty_Image.jpg', 'empty_Image.jpg', '/English/Main_Application/units_Photo/empty_Image.jpg', 0, '', '', '', '', '0'),
(71, 1, 6, 1, 8, 1, '501', '5', '64', '', '', '1261838', '1217724', '3500', 'empty_Image.jpg', '/English/Main_Application/units_Photo/empty_Image.jpg', 'empty_Image.jpg', '/English/Main_Application/units_Photo/empty_Image.jpg', 'empty_Image.jpg', '/English/Main_Application/units_Photo/empty_Image.jpg', 'empty_Image.jpg', '/English/Main_Application/units_Photo/empty_Image.jpg', 0, '', '', '', '', '0'),
(72, 1, 6, 1, 8, 1, '502', '5', '64', '', '', '1261839', '1217725', '3500', 'empty_Image.jpg', '/English/Main_Application/units_Photo/empty_Image.jpg', 'empty_Image.jpg', '/English/Main_Application/units_Photo/empty_Image.jpg', 'empty_Image.jpg', '/English/Main_Application/units_Photo/empty_Image.jpg', 'empty_Image.jpg', '/English/Main_Application/units_Photo/empty_Image.jpg', 0, '', '', '', '', '0'),
(73, 1, 6, 1, 8, 1, '503', '5', '64', '', '', '1261840', '1217726', '3500', 'empty_Image.jpg', '/English/Main_Application/units_Photo/empty_Image.jpg', 'empty_Image.jpg', '/English/Main_Application/units_Photo/empty_Image.jpg', 'empty_Image.jpg', '/English/Main_Application/units_Photo/empty_Image.jpg', 'empty_Image.jpg', '/English/Main_Application/units_Photo/empty_Image.jpg', 0, '', '', '', '', '0'),
(74, 1, 6, 1, 8, 1, '506', '5', '64', '', '', '1261841', '1217727', '3500', 'empty_Image.jpg', '/English/Main_Application/units_Photo/empty_Image.jpg', 'empty_Image.jpg', '/English/Main_Application/units_Photo/empty_Image.jpg', 'empty_Image.jpg', '/English/Main_Application/units_Photo/empty_Image.jpg', 'empty_Image.jpg', '/English/Main_Application/units_Photo/empty_Image.jpg', 0, '', '', '', '', '0'),
(75, 1, 6, 1, 8, 1, '507', '5', '64', '', '', '1261842', '1217728', '3500', 'empty_Image.jpg', '/English/Main_Application/units_Photo/empty_Image.jpg', 'empty_Image.jpg', '/English/Main_Application/units_Photo/empty_Image.jpg', 'empty_Image.jpg', '/English/Main_Application/units_Photo/empty_Image.jpg', 'empty_Image.jpg', '/English/Main_Application/units_Photo/empty_Image.jpg', 0, '', '', '', '', '0'),
(76, 1, 6, 1, 8, 1, '508', '5', '64', '', '', '1261843', '1217729', '3500', 'empty_Image.jpg', '/English/Main_Application/units_Photo/empty_Image.jpg', 'empty_Image.jpg', '/English/Main_Application/units_Photo/empty_Image.jpg', 'empty_Image.jpg', '/English/Main_Application/units_Photo/empty_Image.jpg', 'empty_Image.jpg', '/English/Main_Application/units_Photo/empty_Image.jpg', 0, '', '', '', '', '0'),
(77, 1, 6, 1, 8, 1, '601', '6', '64', '', '', '1261844', '1217730', '3500', 'empty_Image.jpg', '/English/Main_Application/units_Photo/empty_Image.jpg', 'empty_Image.jpg', '/English/Main_Application/units_Photo/empty_Image.jpg', 'empty_Image.jpg', '/English/Main_Application/units_Photo/empty_Image.jpg', 'empty_Image.jpg', '/English/Main_Application/units_Photo/empty_Image.jpg', 0, '', '', '', '', '0'),
(78, 1, 6, 1, 8, 1, '602', '6', '64', '', '', '1261845', '1217731', '3500', 'empty_Image.jpg', '/English/Main_Application/units_Photo/empty_Image.jpg', 'empty_Image.jpg', '/English/Main_Application/units_Photo/empty_Image.jpg', 'empty_Image.jpg', '/English/Main_Application/units_Photo/empty_Image.jpg', 'empty_Image.jpg', '/English/Main_Application/units_Photo/empty_Image.jpg', 0, '', '', '', '', '0'),
(79, 1, 6, 1, 8, 1, '603', '6', '64', '', '', '1261846', '1217732', '3500', 'empty_Image.jpg', '/English/Main_Application/units_Photo/empty_Image.jpg', 'empty_Image.jpg', '/English/Main_Application/units_Photo/empty_Image.jpg', 'empty_Image.jpg', '/English/Main_Application/units_Photo/empty_Image.jpg', 'empty_Image.jpg', '/English/Main_Application/units_Photo/empty_Image.jpg', 0, '', '', '', '', '0'),
(80, 1, 6, 1, 8, 1, '606', '6', '64', '', '', '1261847', '1217733', '3500', 'empty_Image.jpg', '/English/Main_Application/units_Photo/empty_Image.jpg', 'empty_Image.jpg', '/English/Main_Application/units_Photo/empty_Image.jpg', 'empty_Image.jpg', '/English/Main_Application/units_Photo/empty_Image.jpg', 'empty_Image.jpg', '/English/Main_Application/units_Photo/empty_Image.jpg', 0, '', '', '', '', '0'),
(81, 1, 6, 1, 8, 1, '607', '6', '64', '', '', '1261831', '1217717', '3500', 'empty_Image.jpg', '/English/Main_Application/units_Photo/empty_Image.jpg', 'empty_Image.jpg', '/English/Main_Application/units_Photo/empty_Image.jpg', 'empty_Image.jpg', '/English/Main_Application/units_Photo/empty_Image.jpg', 'empty_Image.jpg', '/English/Main_Application/units_Photo/empty_Image.jpg', 0, '', '', '', '', '0'),
(82, 1, 6, 1, 8, 1, '608', '6', '64', '', '', '1261832', '1217718', '3500', 'empty_Image.jpg', '/English/Main_Application/units_Photo/empty_Image.jpg', 'empty_Image.jpg', '/English/Main_Application/units_Photo/empty_Image.jpg', 'empty_Image.jpg', '/English/Main_Application/units_Photo/empty_Image.jpg', 'empty_Image.jpg', '/English/Main_Application/units_Photo/empty_Image.jpg', 0, '', '', '', '', '0'),
(83, 1, 7, 2, 8, 1, '49', '1', '40', '', '', '1262790', '1217627', '7000', 'empty_Image.jpg', '/English/Main_Application/units_Photo/empty_Image.jpg', 'empty_Image.jpg', '/English/Main_Application/units_Photo/empty_Image.jpg', 'empty_Image.jpg', '/English/Main_Application/units_Photo/empty_Image.jpg', 'empty_Image.jpg', '/English/Main_Application/units_Photo/empty_Image.jpg', 0, '', '', '', '', '0'),
(84, 1, 7, 2, 8, 1, '50', '1', '40', '', '', '1262791', '1217628', '7000', 'empty_Image.jpg', '/English/Main_Application/units_Photo/empty_Image.jpg', 'empty_Image.jpg', '/English/Main_Application/units_Photo/empty_Image.jpg', 'empty_Image.jpg', '/English/Main_Application/units_Photo/empty_Image.jpg', 'empty_Image.jpg', '/English/Main_Application/units_Photo/empty_Image.jpg', 0, '', '', '', '', '0'),
(85, 1, 7, 2, 8, 1, '51', '1', '40', '', '', '1262792', '1217629', '7000', 'empty_Image.jpg', '/English/Main_Application/units_Photo/empty_Image.jpg', 'empty_Image.jpg', '/English/Main_Application/units_Photo/empty_Image.jpg', 'empty_Image.jpg', '/English/Main_Application/units_Photo/empty_Image.jpg', 'empty_Image.jpg', '/English/Main_Application/units_Photo/empty_Image.jpg', 0, '', '', '', '', '0'),
(86, 1, 7, 2, 8, 1, '52', '1', '40', '', '', '1262793', '1217630', '7000', 'empty_Image.jpg', '/English/Main_Application/units_Photo/empty_Image.jpg', 'empty_Image.jpg', '/English/Main_Application/units_Photo/empty_Image.jpg', 'empty_Image.jpg', '/English/Main_Application/units_Photo/empty_Image.jpg', 'empty_Image.jpg', '/English/Main_Application/units_Photo/empty_Image.jpg', 0, '', '', '', '', '0'),
(87, 1, 7, 2, 8, 1, '53', '1', '40', '', '', '1262794', '1217631', '7000', 'empty_Image.jpg', '/English/Main_Application/units_Photo/empty_Image.jpg', 'empty_Image.jpg', '/English/Main_Application/units_Photo/empty_Image.jpg', 'empty_Image.jpg', '/English/Main_Application/units_Photo/empty_Image.jpg', 'empty_Image.jpg', '/English/Main_Application/units_Photo/empty_Image.jpg', 0, '', '', '', '', '0'),
(88, 1, 7, 2, 8, 1, '54', '1', '40', '', '', '1262795', '1217632', '7000', 'empty_Image.jpg', '/English/Main_Application/units_Photo/empty_Image.jpg', 'empty_Image.jpg', '/English/Main_Application/units_Photo/empty_Image.jpg', 'empty_Image.jpg', '/English/Main_Application/units_Photo/empty_Image.jpg', 'empty_Image.jpg', '/English/Main_Application/units_Photo/empty_Image.jpg', 0, '', '', '', '', '0'),
(89, 1, 7, 2, 8, 1, '55', '1', '40', '', '', '1262796', '1217633', '7000', 'empty_Image.jpg', '/English/Main_Application/units_Photo/empty_Image.jpg', 'empty_Image.jpg', '/English/Main_Application/units_Photo/empty_Image.jpg', 'empty_Image.jpg', '/English/Main_Application/units_Photo/empty_Image.jpg', 'empty_Image.jpg', '/English/Main_Application/units_Photo/empty_Image.jpg', 0, '', '', '', '', '0'),
(90, 1, 7, 2, 8, 1, '56', '1', '40', '', '', '1262797', '1217634', '7000', 'empty_Image.jpg', '/English/Main_Application/units_Photo/empty_Image.jpg', 'empty_Image.jpg', '/English/Main_Application/units_Photo/empty_Image.jpg', 'empty_Image.jpg', '/English/Main_Application/units_Photo/empty_Image.jpg', 'empty_Image.jpg', '/English/Main_Application/units_Photo/empty_Image.jpg', 0, '', '', '', '', '0'),
(91, 1, 7, 2, 8, 1, '57', '1', '40', '', '', '1262798', '1217635', '7000', 'empty_Image.jpg', '/English/Main_Application/units_Photo/empty_Image.jpg', 'empty_Image.jpg', '/English/Main_Application/units_Photo/empty_Image.jpg', 'empty_Image.jpg', '/English/Main_Application/units_Photo/empty_Image.jpg', 'empty_Image.jpg', '/English/Main_Application/units_Photo/empty_Image.jpg', 0, '', '', '', '', '0'),
(92, 1, 7, 2, 8, 1, '58', '1', '40', '', '', '1262799', '1217636', '7000', 'empty_Image.jpg', '/English/Main_Application/units_Photo/empty_Image.jpg', 'empty_Image.jpg', '/English/Main_Application/units_Photo/empty_Image.jpg', 'empty_Image.jpg', '/English/Main_Application/units_Photo/empty_Image.jpg', 'empty_Image.jpg', '/English/Main_Application/units_Photo/empty_Image.jpg', 0, '', '', '', '', '0'),
(93, 1, 8, 1, 11, 1, '1', '1', '100', '', '', '125148', '91966', '3800', 'U_9.jpg', '/English/Main_Application/units_Photo/U_9.jpg', 'U_10.jpg', '/English/Main_Application/units_Photo/U_10.jpg', 'U_11.jpg', '/English/Main_Application/units_Photo/U_11.jpg', 'U_12.jpg', '/English/Main_Application/units_Photo/U_12.jpg', 1, 'https://amlak2.wisdom.qa/English/Main_Application/units_Photo/U_9.jpg', 'https://amlak2.wisdom.qa/English/Main_Application/units_Photo/U_10.jpg', 'https://amlak2.wisdom.qa/English/Main_Application/units_Photo/U_11.jpg', 'https://amlak2.wisdom.qa/English/Main_Application/units_Photo/U_12.jpg', '0'),
(94, 1, 8, 1, 11, 1, '2', '1', '100', '', '', '125149', '91965', '3800', 'empty_Image.jpg', '/English/Main_Application/units_Photo/empty_Image.jpg', 'empty_Image.jpg', '/English/Main_Application/units_Photo/empty_Image.jpg', 'empty_Image.jpg', '/English/Main_Application/units_Photo/empty_Image.jpg', 'empty_Image.jpg', '/English/Main_Application/units_Photo/empty_Image.jpg', 0, '', '', '', '', '0'),
(95, 1, 8, 1, 11, 1, '3', '2', '100', '', '', '125149', '91967', '3800', 'empty_Image.jpg', '/English/Main_Application/units_Photo/empty_Image.jpg', 'empty_Image.jpg', '/English/Main_Application/units_Photo/empty_Image.jpg', 'empty_Image.jpg', '/English/Main_Application/units_Photo/empty_Image.jpg', 'empty_Image.jpg', '/English/Main_Application/units_Photo/empty_Image.jpg', 0, '', '', '', '', '0'),
(96, 1, 8, 1, 11, 1, '4', '2', '100', '', '', '125150', '91968', '3800', 'empty_Image.jpg', '/English/Main_Application/units_Photo/empty_Image.jpg', 'empty_Image.jpg', '/English/Main_Application/units_Photo/empty_Image.jpg', 'empty_Image.jpg', '/English/Main_Application/units_Photo/empty_Image.jpg', 'empty_Image.jpg', '/English/Main_Application/units_Photo/empty_Image.jpg', 0, '', '', '', '', '0'),
(97, 1, 8, 1, 11, 1, '5', '3', '100', '', '', '125151', '91969', '3800', 'empty_Image.jpg', '/English/Main_Application/units_Photo/empty_Image.jpg', 'empty_Image.jpg', '/English/Main_Application/units_Photo/empty_Image.jpg', 'empty_Image.jpg', '/English/Main_Application/units_Photo/empty_Image.jpg', 'empty_Image.jpg', '/English/Main_Application/units_Photo/empty_Image.jpg', 0, '', '', '', '', '0'),
(98, 1, 8, 1, 11, 1, '6', '3', '100', '', '', '125152', '91970', '3800', 'empty_Image.jpg', '/English/Main_Application/units_Photo/empty_Image.jpg', 'empty_Image.jpg', '/English/Main_Application/units_Photo/empty_Image.jpg', 'empty_Image.jpg', '/English/Main_Application/units_Photo/empty_Image.jpg', 'empty_Image.jpg', '/English/Main_Application/units_Photo/empty_Image.jpg', 0, '', '', '', '', '0'),
(99, 1, 4, 1, 18, 1, '1', '1', '310', 'رقم المبنى 80', '', '1251073', '1191369', '3800', 'U_3.jpeg', '/English/Main_Application/units_Photo/U_3.jpeg', 'U_2.jpg', '/English/Main_Application/units_Photo/U_2.jpg', 'U_11.jpg', '/English/Main_Application/units_Photo/U_11.jpg', 'U_12.jpg', '/English/Main_Application/units_Photo/U_12.jpg', 1, 'https://amlak2.wisdom.qa/English/Main_Application/units_Photo/U_3.jpeg', 'https://amlak2.wisdom.qa/English/Main_Application/units_Photo/U_2.jpg', 'https://amlak2.wisdom.qa/English/Main_Application/units_Photo/U_11.jpg', 'https://amlak2.wisdom.qa/English/Main_Application/units_Photo/U_12.jpg', '0'),
(100, 1, 4, 1, 18, 1, '2', '1', '160', 'رقم المبنى 80', '', '1251074', '1191370', '3800', 'empty_Image.jpg', '/English/Main_Application/units_Photo/empty_Image.jpg', 'empty_Image.jpg', '/English/Main_Application/units_Photo/empty_Image.jpg', 'empty_Image.jpg', '/English/Main_Application/units_Photo/empty_Image.jpg', 'empty_Image.jpg', '/English/Main_Application/units_Photo/empty_Image.jpg', 0, '', '', '', '', '0'),
(101, 1, 4, 1, 18, 1, '3', '1', '310', 'رقم المبنى 80', '', '1251075', '1191371', '3800', 'empty_Image.jpg', '/English/Main_Application/units_Photo/empty_Image.jpg', 'empty_Image.jpg', '/English/Main_Application/units_Photo/empty_Image.jpg', 'empty_Image.jpg', '/English/Main_Application/units_Photo/empty_Image.jpg', 'empty_Image.jpg', '/English/Main_Application/units_Photo/empty_Image.jpg', 0, '', '', '', '', '0'),
(102, 1, 4, 1, 18, 1, '4', '1', '160', 'رقم المبنى 80 شقة أرضية', '', '', '', '3800', 'empty_Image.jpg', '/English/Main_Application/units_Photo/empty_Image.jpg', 'empty_Image.jpg', '/English/Main_Application/units_Photo/empty_Image.jpg', 'empty_Image.jpg', '/English/Main_Application/units_Photo/empty_Image.jpg', 'empty_Image.jpg', '/English/Main_Application/units_Photo/empty_Image.jpg', 0, '', '', '', '', '0'),
(103, 1, 2, 1, 19, 2, '1', '1', '120', '', '', '1181983', '1152740', '5250', 'U_12.jpg', '/English/Main_Application/units_Photo/U_12.jpg', 'U_3.jpeg', '/English/Main_Application/units_Photo/U_3.jpeg', 'U_8.jpeg', '/English/Main_Application/units_Photo/U_8.jpeg', 'U_12.jpg', '/English/Main_Application/units_Photo/U_12.jpg', 1, 'https://amlak2.wisdom.qa/English/Main_Application/units_Photo/U_12.jpg', 'https://amlak2.wisdom.qa/English/Main_Application/units_Photo/U_3.jpeg', 'https://amlak2.wisdom.qa/English/Main_Application/units_Photo/U_8.jpeg', 'https://amlak2.wisdom.qa/English/Main_Application/units_Photo/U_12.jpg', '0'),
(104, 1, 2, 1, 19, 2, '2', '1', '125', '', '', '1181984', '1152741', '5250', 'empty_Image.jpg', '/English/Main_Application/units_Photo/empty_Image.jpg', 'empty_Image.jpg', '/English/Main_Application/units_Photo/empty_Image.jpg', 'empty_Image.jpg', '/English/Main_Application/units_Photo/empty_Image.jpg', 'empty_Image.jpg', '/English/Main_Application/units_Photo/empty_Image.jpg', 0, '', '', '', '', '0'),
(105, 1, 2, 1, 19, 2, '3', '2', '120', '', '', '1181985', '1152742', '5250', 'empty_Image.jpg', '/English/Main_Application/units_Photo/empty_Image.jpg', 'empty_Image.jpg', '/English/Main_Application/units_Photo/empty_Image.jpg', 'empty_Image.jpg', '/English/Main_Application/units_Photo/empty_Image.jpg', 'empty_Image.jpg', '/English/Main_Application/units_Photo/empty_Image.jpg', 0, '', '', '', '', '0'),
(106, 1, 2, 1, 19, 2, '4', '2', '125', '', '', '1181986', '1152743', '5250', 'empty_Image.jpg', '/English/Main_Application/units_Photo/empty_Image.jpg', 'empty_Image.jpg', '/English/Main_Application/units_Photo/empty_Image.jpg', 'empty_Image.jpg', '/English/Main_Application/units_Photo/empty_Image.jpg', 'empty_Image.jpg', '/English/Main_Application/units_Photo/empty_Image.jpg', 0, '', '', '', '', '0'),
(107, 1, 2, 1, 19, 2, '5', '3', '120', '', '', '1181987', '1152744', '5250', 'empty_Image.jpg', '/English/Main_Application/units_Photo/empty_Image.jpg', 'empty_Image.jpg', '/English/Main_Application/units_Photo/empty_Image.jpg', 'empty_Image.jpg', '/English/Main_Application/units_Photo/empty_Image.jpg', 'empty_Image.jpg', '/English/Main_Application/units_Photo/empty_Image.jpg', 0, '', '', '', '', '0'),
(108, 1, 2, 1, 19, 2, '6', '3', '125', '', '', '1181988', '1152745', '5250', 'empty_Image.jpg', '/English/Main_Application/units_Photo/empty_Image.jpg', 'empty_Image.jpg', '/English/Main_Application/units_Photo/empty_Image.jpg', 'empty_Image.jpg', '/English/Main_Application/units_Photo/empty_Image.jpg', 'empty_Image.jpg', '/English/Main_Application/units_Photo/empty_Image.jpg', 0, '', '', '', '', '0'),
(109, 1, 2, 1, 19, 2, '7', '4', '120', '', '', '1181989', '1152746', '5250', 'empty_Image.jpg', '/English/Main_Application/units_Photo/empty_Image.jpg', 'empty_Image.jpg', '/English/Main_Application/units_Photo/empty_Image.jpg', 'empty_Image.jpg', '/English/Main_Application/units_Photo/empty_Image.jpg', 'empty_Image.jpg', '/English/Main_Application/units_Photo/empty_Image.jpg', 0, '', '', '', '', '0'),
(110, 1, 2, 1, 19, 2, '8', '4', '125', '', '', '1181990', '1152747', '5250', 'empty_Image.jpg', '/English/Main_Application/units_Photo/empty_Image.jpg', 'empty_Image.jpg', '/English/Main_Application/units_Photo/empty_Image.jpg', 'empty_Image.jpg', '/English/Main_Application/units_Photo/empty_Image.jpg', 'empty_Image.jpg', '/English/Main_Application/units_Photo/empty_Image.jpg', 0, '', '', '', '', '0'),
(111, 1, 2, 1, 19, 2, '9', '5', '120', '', '', '1181991', '1152748', '5250', 'empty_Image.jpg', '/English/Main_Application/units_Photo/empty_Image.jpg', 'empty_Image.jpg', '/English/Main_Application/units_Photo/empty_Image.jpg', 'empty_Image.jpg', '/English/Main_Application/units_Photo/empty_Image.jpg', 'empty_Image.jpg', '/English/Main_Application/units_Photo/empty_Image.jpg', 0, '', '', '', '', '0'),
(112, 1, 2, 1, 19, 2, '10', '5', '125', '', '', '1181992', '1152749', '5250', 'empty_Image.jpg', '/English/Main_Application/units_Photo/empty_Image.jpg', 'empty_Image.jpg', '/English/Main_Application/units_Photo/empty_Image.jpg', 'empty_Image.jpg', '/English/Main_Application/units_Photo/empty_Image.jpg', 'empty_Image.jpg', '/English/Main_Application/units_Photo/empty_Image.jpg', 0, '', '', '', '', '0'),
(113, 1, 2, 1, 19, 2, '11', '6', '120', '', '', '1181993', '1152750', '5250', 'empty_Image.jpg', '/English/Main_Application/units_Photo/empty_Image.jpg', 'empty_Image.jpg', '/English/Main_Application/units_Photo/empty_Image.jpg', 'empty_Image.jpg', '/English/Main_Application/units_Photo/empty_Image.jpg', 'empty_Image.jpg', '/English/Main_Application/units_Photo/empty_Image.jpg', 0, '', '', '', '', '0'),
(114, 1, 2, 1, 19, 2, '12', '6', '125', '', '', '1181994', '1152751', '5250', 'empty_Image.jpg', '/English/Main_Application/units_Photo/empty_Image.jpg', 'empty_Image.jpg', '/English/Main_Application/units_Photo/empty_Image.jpg', 'empty_Image.jpg', '/English/Main_Application/units_Photo/empty_Image.jpg', 'empty_Image.jpg', '/English/Main_Application/units_Photo/empty_Image.jpg', 0, '', '', '', '', '0'),
(115, 1, 8, 1, 20, 3, '1', '1', '60', '', '', '1183418', '1152805', '3000', 'U_4.jpg', '/English/Main_Application/units_Photo/U_4.jpg', 'U_5.jpg', '/English/Main_Application/units_Photo/U_5.jpg', 'U_6.jpg', '/English/Main_Application/units_Photo/U_6.jpg', 'U_7.jpg', '/English/Main_Application/units_Photo/U_7.jpg', 1, 'https://amlak2.wisdom.qa/English/Main_Application/units_Photo/U_4.jpg', 'https://amlak2.wisdom.qa/English/Main_Application/units_Photo/U_5.jpg', 'https://amlak2.wisdom.qa/English/Main_Application/units_Photo/U_6.jpg', 'https://amlak2.wisdom.qa/English/Main_Application/units_Photo/U_7.jpg', '0'),
(116, 1, 8, 1, 20, 3, '2', '2', '60', '', '', '1183418', '1152805', '3000', 'empty_Image.jpg', '/English/Main_Application/units_Photo/empty_Image.jpg', 'empty_Image.jpg', '/English/Main_Application/units_Photo/empty_Image.jpg', 'empty_Image.jpg', '/English/Main_Application/units_Photo/empty_Image.jpg', 'empty_Image.jpg', '/English/Main_Application/units_Photo/empty_Image.jpg', 0, '', '', '', '', '0'),
(117, 1, 8, 1, 20, 1, '3', '3', '60', '', '', '1183418', '1152805', '3000', 'empty_Image.jpg', '/English/Main_Application/units_Photo/empty_Image.jpg', 'empty_Image.jpg', '/English/Main_Application/units_Photo/empty_Image.jpg', 'empty_Image.jpg', '/English/Main_Application/units_Photo/empty_Image.jpg', 'empty_Image.jpg', '/English/Main_Application/units_Photo/empty_Image.jpg', 0, '', '', '', '', '0'),
(118, 1, 5, 2, 22, 1, '1', '1', '15', '', '', '103724', '', '1000', 'empty_Image.jpg', '/English/Main_Application/units_Photo/empty_Image.jpg', 'empty_Image.jpg', '/English/Main_Application/units_Photo/empty_Image.jpg', 'empty_Image.jpg', '/English/Main_Application/units_Photo/empty_Image.jpg', 'empty_Image.jpg', '/English/Main_Application/units_Photo/empty_Image.jpg', 0, '', '', '', '', '0'),
(119, 1, 8, 1, 22, 1, '2', '1', '95', '', '', '90580', '64118', '3000', 'empty_Image.jpg', '/English/Main_Application/units_Photo/empty_Image.jpg', 'empty_Image.jpg', '/English/Main_Application/units_Photo/empty_Image.jpg', 'empty_Image.jpg', '/English/Main_Application/units_Photo/empty_Image.jpg', 'empty_Image.jpg', '/English/Main_Application/units_Photo/empty_Image.jpg', 0, '', '', '', '', '0'),
(120, 1, 8, 1, 22, 1, '3', '1', '95', '', '', '90579', '64118', '3000', 'empty_Image.jpg', '/English/Main_Application/units_Photo/empty_Image.jpg', 'empty_Image.jpg', '/English/Main_Application/units_Photo/empty_Image.jpg', 'empty_Image.jpg', '/English/Main_Application/units_Photo/empty_Image.jpg', 'empty_Image.jpg', '/English/Main_Application/units_Photo/empty_Image.jpg', 0, '', '', '', '', '0'),
(121, 1, 5, 6, 22, 1, '4', '1', '110', '', '', '7948', '64118', '4500', 'empty_Image.jpg', '/English/Main_Application/units_Photo/empty_Image.jpg', 'empty_Image.jpg', '/English/Main_Application/units_Photo/empty_Image.jpg', 'empty_Image.jpg', '/English/Main_Application/units_Photo/empty_Image.jpg', 'empty_Image.jpg', '/English/Main_Application/units_Photo/empty_Image.jpg', 0, '', '', '', '', '0'),
(122, 1, 5, 2, 23, 1, '1', '1', '40', '', '', '1183414', '1146795', '10000', 'empty_Image.jpg', '/English/Main_Application/units_Photo/empty_Image.jpg', 'empty_Image.jpg', '/English/Main_Application/units_Photo/empty_Image.jpg', 'empty_Image.jpg', '/English/Main_Application/units_Photo/empty_Image.jpg', 'empty_Image.jpg', '/English/Main_Application/units_Photo/empty_Image.jpg', 1, 'https://amlak2.wisdom.qa/English/Main_Application/units_Photo/empty_Image.jpg', 'https://amlak2.wisdom.qa/English/Main_Application/units_Photo/empty_Image.jpg', 'https://amlak2.wisdom.qa/English/Main_Application/units_Photo/empty_Image.jpg', 'https://amlak2.wisdom.qa/English/Main_Application/units_Photo/empty_Image.jpg', '0');
INSERT INTO `units` (`Unit_ID`, `unit_condition_Unit_Condition_Id`, `unit_detail_Unit_Detail_Id`, `unit_type_Unit_Type_Id`, `building_Building_Id`, `furniture_case_Furniture_case_Id`, `Unit_Number`, `Floor_Number`, `Unit_Space`, `current_situation`, `Oreedo_Number`, `Electricityt_Number`, `Water_Number`, `virtual_Value`, `Image_One`, `Image_One_Path`, `Image_Two`, `Image_Two_Path`, `Image_Three`, `Image_Three_Path`, `Image_Four`, `Image_Four_Path`, `Active`, `Image_One_Path_Website`, `Image_Two_Path_Website`, `Image_Three_Path_Website`, `Image_Four_Path_Website`, `Half`) VALUES
(123, 1, 5, 2, 23, 1, '2', '1', '38', '', '', '1183415', '1146796', '10000', 'empty_Image.jpg', '/English/Main_Application/units_Photo/empty_Image.jpg', 'empty_Image.jpg', '/English/Main_Application/units_Photo/empty_Image.jpg', 'empty_Image.jpg', '/English/Main_Application/units_Photo/empty_Image.jpg', 'empty_Image.jpg', '/English/Main_Application/units_Photo/empty_Image.jpg', 1, 'https://amlak2.wisdom.qa/English/Main_Application/units_Photo/empty_Image.jpg', 'https://amlak2.wisdom.qa/English/Main_Application/units_Photo/empty_Image.jpg', 'https://amlak2.wisdom.qa/English/Main_Application/units_Photo/empty_Image.jpg', 'https://amlak2.wisdom.qa/English/Main_Application/units_Photo/empty_Image.jpg', '0'),
(124, 1, 5, 2, 23, 1, '3', '1', '38', '', '', '1183416', '1146797', '10000', 'empty_Image.jpg', '/English/Main_Application/units_Photo/empty_Image.jpg', 'empty_Image.jpg', '/English/Main_Application/units_Photo/empty_Image.jpg', 'empty_Image.jpg', '/English/Main_Application/units_Photo/empty_Image.jpg', 'empty_Image.jpg', '/English/Main_Application/units_Photo/empty_Image.jpg', 1, 'https://amlak2.wisdom.qa/English/Main_Application/units_Photo/empty_Image.jpg', 'https://amlak2.wisdom.qa/English/Main_Application/units_Photo/empty_Image.jpg', 'https://amlak2.wisdom.qa/English/Main_Application/units_Photo/empty_Image.jpg', 'https://amlak2.wisdom.qa/English/Main_Application/units_Photo/empty_Image.jpg', '0'),
(125, 1, 6, 1, 25, 2, '1', '1', '40', '', '', '1219305', '1116069', '5000', 'empty_Image.jpg', '/English/Main_Application/units_Photo/empty_Image.jpg', 'empty_Image.jpg', '/English/Main_Application/units_Photo/empty_Image.jpg', 'empty_Image.jpg', '/English/Main_Application/units_Photo/empty_Image.jpg', 'empty_Image.jpg', '/English/Main_Application/units_Photo/empty_Image.jpg', 0, '', '', '', '', '0'),
(126, 1, 6, 1, 25, 2, '2', '1', '40', '', '', '1219306', '1116070', '5000', 'empty_Image.jpg', '/English/Main_Application/units_Photo/empty_Image.jpg', 'empty_Image.jpg', '/English/Main_Application/units_Photo/empty_Image.jpg', 'empty_Image.jpg', '/English/Main_Application/units_Photo/empty_Image.jpg', 'empty_Image.jpg', '/English/Main_Application/units_Photo/empty_Image.jpg', 0, '', '', '', '', '0'),
(127, 1, 6, 1, 25, 2, '3', '1', '40', '', '', '1219307', '1116071', '5000', 'empty_Image.jpg', '/English/Main_Application/units_Photo/empty_Image.jpg', 'empty_Image.jpg', '/English/Main_Application/units_Photo/empty_Image.jpg', 'empty_Image.jpg', '/English/Main_Application/units_Photo/empty_Image.jpg', 'empty_Image.jpg', '/English/Main_Application/units_Photo/empty_Image.jpg', 0, '', '', '', '', '0'),
(128, 1, 6, 1, 25, 2, '4', '1', '40', '', '', '1219308', '1116072', '5000', 'empty_Image.jpg', '/English/Main_Application/units_Photo/empty_Image.jpg', 'empty_Image.jpg', '/English/Main_Application/units_Photo/empty_Image.jpg', 'empty_Image.jpg', '/English/Main_Application/units_Photo/empty_Image.jpg', 'empty_Image.jpg', '/English/Main_Application/units_Photo/empty_Image.jpg', 0, '', '', '', '', '0'),
(129, 1, 6, 1, 25, 2, '5', '1', '40', '', '', '1219309', '1116073', '5000', 'empty_Image.jpg', '/English/Main_Application/units_Photo/empty_Image.jpg', 'empty_Image.jpg', '/English/Main_Application/units_Photo/empty_Image.jpg', 'empty_Image.jpg', '/English/Main_Application/units_Photo/empty_Image.jpg', 'empty_Image.jpg', '/English/Main_Application/units_Photo/empty_Image.jpg', 0, '', '', '', '', '0'),
(130, 1, 6, 1, 25, 2, '6', '1', '40', '', '', '1219310', '1116074', '5000', 'empty_Image.jpg', '/English/Main_Application/units_Photo/empty_Image.jpg', 'empty_Image.jpg', '/English/Main_Application/units_Photo/empty_Image.jpg', 'empty_Image.jpg', '/English/Main_Application/units_Photo/empty_Image.jpg', 'empty_Image.jpg', '/English/Main_Application/units_Photo/empty_Image.jpg', 0, '', '', '', '', '0'),
(131, 1, 6, 1, 25, 2, '7', '1', '40', '', '', '1219311', '1116075', '5000', 'empty_Image.jpg', '/English/Main_Application/units_Photo/empty_Image.jpg', 'empty_Image.jpg', '/English/Main_Application/units_Photo/empty_Image.jpg', 'empty_Image.jpg', '/English/Main_Application/units_Photo/empty_Image.jpg', 'empty_Image.jpg', '/English/Main_Application/units_Photo/empty_Image.jpg', 0, '', '', '', '', '0'),
(132, 1, 6, 1, 25, 2, '8', '1', '40', '', '', '1219312', '1116076', '5000', 'empty_Image.jpg', '/English/Main_Application/units_Photo/empty_Image.jpg', 'empty_Image.jpg', '/English/Main_Application/units_Photo/empty_Image.jpg', 'empty_Image.jpg', '/English/Main_Application/units_Photo/empty_Image.jpg', 'empty_Image.jpg', '/English/Main_Application/units_Photo/empty_Image.jpg', 0, '', '', '', '', '0'),
(133, 1, 6, 1, 25, 2, '9', '1', '40', '', '', '1219313', '1116077', '5000', 'empty_Image.jpg', '/English/Main_Application/units_Photo/empty_Image.jpg', 'empty_Image.jpg', '/English/Main_Application/units_Photo/empty_Image.jpg', 'empty_Image.jpg', '/English/Main_Application/units_Photo/empty_Image.jpg', 'empty_Image.jpg', '/English/Main_Application/units_Photo/empty_Image.jpg', 0, '', '', '', '', '0'),
(134, 1, 2, 1, 26, 4, '1', '1', '95', '', '', '1160690', '1099848', '4800', 'empty_Image.jpg', '/English/Main_Application/units_Photo/empty_Image.jpg', 'empty_Image.jpg', '/English/Main_Application/units_Photo/empty_Image.jpg', 'empty_Image.jpg', '/English/Main_Application/units_Photo/empty_Image.jpg', 'empty_Image.jpg', '/English/Main_Application/units_Photo/empty_Image.jpg', 0, '', '', '', '', '0'),
(135, 1, 2, 1, 26, 4, '2', '1', '105', '', '', '1160691', '1099849', '4800', 'empty_Image.jpg', '/English/Main_Application/units_Photo/empty_Image.jpg', 'empty_Image.jpg', '/English/Main_Application/units_Photo/empty_Image.jpg', 'empty_Image.jpg', '/English/Main_Application/units_Photo/empty_Image.jpg', 'empty_Image.jpg', '/English/Main_Application/units_Photo/empty_Image.jpg', 0, '', '', '', '', '0'),
(136, 1, 2, 1, 26, 4, '3', '2', '95', '', '', '1160692', '1099850', '4800', 'empty_Image.jpg', '/English/Main_Application/units_Photo/empty_Image.jpg', 'empty_Image.jpg', '/English/Main_Application/units_Photo/empty_Image.jpg', 'empty_Image.jpg', '/English/Main_Application/units_Photo/empty_Image.jpg', 'empty_Image.jpg', '/English/Main_Application/units_Photo/empty_Image.jpg', 0, '', '', '', '', '0'),
(137, 1, 2, 1, 26, 4, '4', '2', '105', '', '', '1160693', '1099851', '4800', 'empty_Image.jpg', '/English/Main_Application/units_Photo/empty_Image.jpg', 'empty_Image.jpg', '/English/Main_Application/units_Photo/empty_Image.jpg', 'empty_Image.jpg', '/English/Main_Application/units_Photo/empty_Image.jpg', 'empty_Image.jpg', '/English/Main_Application/units_Photo/empty_Image.jpg', 0, '', '', '', '', '0'),
(138, 1, 2, 1, 26, 4, '5', '3', '95', '', '', '1160694', '1099852', '4800', 'empty_Image.jpg', '/English/Main_Application/units_Photo/empty_Image.jpg', 'empty_Image.jpg', '/English/Main_Application/units_Photo/empty_Image.jpg', 'empty_Image.jpg', '/English/Main_Application/units_Photo/empty_Image.jpg', 'empty_Image.jpg', '/English/Main_Application/units_Photo/empty_Image.jpg', 0, '', '', '', '', '0'),
(139, 1, 2, 1, 26, 4, '6', '3', '105', '', '', '1160695', '1099853', '4800', 'empty_Image.jpg', '/English/Main_Application/units_Photo/empty_Image.jpg', 'empty_Image.jpg', '/English/Main_Application/units_Photo/empty_Image.jpg', 'empty_Image.jpg', '/English/Main_Application/units_Photo/empty_Image.jpg', 'empty_Image.jpg', '/English/Main_Application/units_Photo/empty_Image.jpg', 0, '', '', '', '', '0'),
(140, 1, 2, 1, 26, 4, '7', '4', '95', '', '', '1160696', '1099854', '4800', 'empty_Image.jpg', '/English/Main_Application/units_Photo/empty_Image.jpg', 'empty_Image.jpg', '/English/Main_Application/units_Photo/empty_Image.jpg', 'empty_Image.jpg', '/English/Main_Application/units_Photo/empty_Image.jpg', 'empty_Image.jpg', '/English/Main_Application/units_Photo/empty_Image.jpg', 0, '', '', '', '', '0'),
(141, 1, 2, 1, 26, 4, '8', '4', '105', '', '', '1160697', '1099855', '4800', 'empty_Image.jpg', '/English/Main_Application/units_Photo/empty_Image.jpg', 'empty_Image.jpg', '/English/Main_Application/units_Photo/empty_Image.jpg', 'empty_Image.jpg', '/English/Main_Application/units_Photo/empty_Image.jpg', 'empty_Image.jpg', '/English/Main_Application/units_Photo/empty_Image.jpg', 0, '', '', '', '', '0'),
(142, 1, 2, 1, 26, 4, '9', '5', '95', '', '', '1160698', '1099856', '4800', 'empty_Image.jpg', '/English/Main_Application/units_Photo/empty_Image.jpg', 'empty_Image.jpg', '/English/Main_Application/units_Photo/empty_Image.jpg', 'empty_Image.jpg', '/English/Main_Application/units_Photo/empty_Image.jpg', 'empty_Image.jpg', '/English/Main_Application/units_Photo/empty_Image.jpg', 0, '', '', '', '', '0'),
(143, 1, 2, 1, 26, 4, '10', '5', '105', '', '', '1160699', '1099857', '4800', 'empty_Image.jpg', '/English/Main_Application/units_Photo/empty_Image.jpg', 'empty_Image.jpg', '/English/Main_Application/units_Photo/empty_Image.jpg', 'empty_Image.jpg', '/English/Main_Application/units_Photo/empty_Image.jpg', 'empty_Image.jpg', '/English/Main_Application/units_Photo/empty_Image.jpg', 0, '', '', '', '', '0'),
(144, 1, 8, 1, 27, 1, '1', '1', '50', '', '', '183296', '152797', '3500', 'empty_Image.jpg', '/English/Main_Application/units_Photo/empty_Image.jpg', 'empty_Image.jpg', '/English/Main_Application/units_Photo/empty_Image.jpg', 'empty_Image.jpg', '/English/Main_Application/units_Photo/empty_Image.jpg', 'empty_Image.jpg', '/English/Main_Application/units_Photo/empty_Image.jpg', 0, '', '', '', '', '0'),
(145, 1, 8, 1, 27, 1, '2', '1', '50', '', '', '183297', '152799', '3500', 'empty_Image.jpg', '/English/Main_Application/units_Photo/empty_Image.jpg', 'empty_Image.jpg', '/English/Main_Application/units_Photo/empty_Image.jpg', 'empty_Image.jpg', '/English/Main_Application/units_Photo/empty_Image.jpg', 'empty_Image.jpg', '/English/Main_Application/units_Photo/empty_Image.jpg', 0, '', '', '', '', '0'),
(146, 1, 8, 1, 27, 1, '3', '2', '50', '', '', '183298', '152800', '3500', 'empty_Image.jpg', '/English/Main_Application/units_Photo/empty_Image.jpg', 'empty_Image.jpg', '/English/Main_Application/units_Photo/empty_Image.jpg', 'empty_Image.jpg', '/English/Main_Application/units_Photo/empty_Image.jpg', 'empty_Image.jpg', '/English/Main_Application/units_Photo/empty_Image.jpg', 0, '', '', '', '', '0'),
(147, 1, 8, 1, 27, 1, '4', '2', '50', '', '', '183299', '152801', '3500', 'empty_Image.jpg', '/English/Main_Application/units_Photo/empty_Image.jpg', 'empty_Image.jpg', '/English/Main_Application/units_Photo/empty_Image.jpg', 'empty_Image.jpg', '/English/Main_Application/units_Photo/empty_Image.jpg', 'empty_Image.jpg', '/English/Main_Application/units_Photo/empty_Image.jpg', 0, '', '', '', '', '0'),
(148, 1, 8, 1, 27, 1, '5', '3', '50', '', '', '183300', '152802', '3500', 'empty_Image.jpg', '/English/Main_Application/units_Photo/empty_Image.jpg', 'empty_Image.jpg', '/English/Main_Application/units_Photo/empty_Image.jpg', 'empty_Image.jpg', '/English/Main_Application/units_Photo/empty_Image.jpg', 'empty_Image.jpg', '/English/Main_Application/units_Photo/empty_Image.jpg', 0, '', '', '', '', '0'),
(149, 1, 8, 1, 27, 1, '6', '3', '50', '', '', '183301', '152803', '3500', 'empty_Image.jpg', '/English/Main_Application/units_Photo/empty_Image.jpg', 'empty_Image.jpg', '/English/Main_Application/units_Photo/empty_Image.jpg', 'empty_Image.jpg', '/English/Main_Application/units_Photo/empty_Image.jpg', 'empty_Image.jpg', '/English/Main_Application/units_Photo/empty_Image.jpg', 0, '', '', '', '', '0'),
(150, 1, 4, 1, 29, 4, '1', '1', '95', '', '', '1026715', '940651', '4500', 'empty_Image.jpg', '/English/Main_Application/units_Photo/empty_Image.jpg', 'empty_Image.jpg', '/English/Main_Application/units_Photo/empty_Image.jpg', 'empty_Image.jpg', '/English/Main_Application/units_Photo/empty_Image.jpg', 'empty_Image.jpg', '/English/Main_Application/units_Photo/empty_Image.jpg', 0, '', '', '', '', '0'),
(151, 1, 4, 1, 29, 2, '2', '1', '85', '', '', '1026716', '940652', '4500', 'empty_Image.jpg', '/English/Main_Application/units_Photo/empty_Image.jpg', 'empty_Image.jpg', '/English/Main_Application/units_Photo/empty_Image.jpg', 'empty_Image.jpg', '/English/Main_Application/units_Photo/empty_Image.jpg', 'empty_Image.jpg', '/English/Main_Application/units_Photo/empty_Image.jpg', 0, '', '', '', '', '0'),
(152, 1, 4, 1, 29, 4, '3', '1', '95', '', '', '1026717', '940653', '4500', 'empty_Image.jpg', '/English/Main_Application/units_Photo/empty_Image.jpg', 'empty_Image.jpg', '/English/Main_Application/units_Photo/empty_Image.jpg', 'empty_Image.jpg', '/English/Main_Application/units_Photo/empty_Image.jpg', 'empty_Image.jpg', '/English/Main_Application/units_Photo/empty_Image.jpg', 0, '', '', '', '', '0'),
(153, 1, 4, 1, 29, 4, '4', '1', '85', '', '', '1026718', '940654', '4500', 'empty_Image.jpg', '/English/Main_Application/units_Photo/empty_Image.jpg', 'empty_Image.jpg', '/English/Main_Application/units_Photo/empty_Image.jpg', 'empty_Image.jpg', '/English/Main_Application/units_Photo/empty_Image.jpg', 'empty_Image.jpg', '/English/Main_Application/units_Photo/empty_Image.jpg', 0, '', '', '', '', '0'),
(154, 1, 4, 1, 29, 4, '5', '1', '95', '', '', '1026719', '940655', '4500', 'empty_Image.jpg', '/English/Main_Application/units_Photo/empty_Image.jpg', 'empty_Image.jpg', '/English/Main_Application/units_Photo/empty_Image.jpg', 'empty_Image.jpg', '/English/Main_Application/units_Photo/empty_Image.jpg', 'empty_Image.jpg', '/English/Main_Application/units_Photo/empty_Image.jpg', 0, '', '', '', '', '0'),
(155, 1, 4, 1, 29, 4, '6', '1', '85', '', '', '1026720', '940656', '4500', 'empty_Image.jpg', '/English/Main_Application/units_Photo/empty_Image.jpg', 'empty_Image.jpg', '/English/Main_Application/units_Photo/empty_Image.jpg', 'empty_Image.jpg', '/English/Main_Application/units_Photo/empty_Image.jpg', 'empty_Image.jpg', '/English/Main_Application/units_Photo/empty_Image.jpg', 0, '', '', '', '', '0'),
(156, 1, 4, 1, 29, 4, '7', '1', '95', '', '', '1026721', '940657', '4500', 'empty_Image.jpg', '/English/Main_Application/units_Photo/empty_Image.jpg', 'empty_Image.jpg', '/English/Main_Application/units_Photo/empty_Image.jpg', 'empty_Image.jpg', '/English/Main_Application/units_Photo/empty_Image.jpg', 'empty_Image.jpg', '/English/Main_Application/units_Photo/empty_Image.jpg', 0, '', '', '', '', '0'),
(157, 1, 4, 1, 29, 4, '8', '1', '85', '', '', '1026722', '940658', '4500', 'empty_Image.jpg', '/English/Main_Application/units_Photo/empty_Image.jpg', 'empty_Image.jpg', '/English/Main_Application/units_Photo/empty_Image.jpg', 'empty_Image.jpg', '/English/Main_Application/units_Photo/empty_Image.jpg', 'empty_Image.jpg', '/English/Main_Application/units_Photo/empty_Image.jpg', 0, '', '', '', '', '0'),
(158, 1, 4, 1, 29, 4, '9', '1', '95', '', '', '1026723', '940659', '4500', 'empty_Image.jpg', '/English/Main_Application/units_Photo/empty_Image.jpg', 'empty_Image.jpg', '/English/Main_Application/units_Photo/empty_Image.jpg', 'empty_Image.jpg', '/English/Main_Application/units_Photo/empty_Image.jpg', 'empty_Image.jpg', '/English/Main_Application/units_Photo/empty_Image.jpg', 0, '', '', '', '', '0'),
(159, 1, 4, 1, 29, 4, '10', '1', '85', '', '', '1026724', '940660', '4500', 'empty_Image.jpg', '/English/Main_Application/units_Photo/empty_Image.jpg', 'empty_Image.jpg', '/English/Main_Application/units_Photo/empty_Image.jpg', 'empty_Image.jpg', '/English/Main_Application/units_Photo/empty_Image.jpg', 'empty_Image.jpg', '/English/Main_Application/units_Photo/empty_Image.jpg', 0, '', '', '', '', '0'),
(160, 1, 4, 1, 29, 4, '11', '1', '95', '', '', '1026725', '940661', '4500', 'empty_Image.jpg', '/English/Main_Application/units_Photo/empty_Image.jpg', 'empty_Image.jpg', '/English/Main_Application/units_Photo/empty_Image.jpg', 'empty_Image.jpg', '/English/Main_Application/units_Photo/empty_Image.jpg', 'empty_Image.jpg', '/English/Main_Application/units_Photo/empty_Image.jpg', 0, '', '', '', '', '0'),
(161, 1, 4, 1, 29, 4, '12', '1', '85', '', '', '1026726', '940662', '4500', 'empty_Image.jpg', '/English/Main_Application/units_Photo/empty_Image.jpg', 'empty_Image.jpg', '/English/Main_Application/units_Photo/empty_Image.jpg', 'empty_Image.jpg', '/English/Main_Application/units_Photo/empty_Image.jpg', 'empty_Image.jpg', '/English/Main_Application/units_Photo/empty_Image.jpg', 0, '', '', '', '', '0'),
(162, 1, 4, 1, 29, 4, '13', '1', '95', '', '', '1026727', '940663', '4500', 'empty_Image.jpg', '/English/Main_Application/units_Photo/empty_Image.jpg', 'empty_Image.jpg', '/English/Main_Application/units_Photo/empty_Image.jpg', 'empty_Image.jpg', '/English/Main_Application/units_Photo/empty_Image.jpg', 'empty_Image.jpg', '/English/Main_Application/units_Photo/empty_Image.jpg', 0, '', '', '', '', '0'),
(163, 1, 4, 1, 29, 4, '14', '1', '85', 'مصان ', '', '1026727', '940663', '4500', 'empty_Image.jpg', '/English/Main_Application/units_Photo/empty_Image.jpg', 'empty_Image.jpg', '/English/Main_Application/units_Photo/empty_Image.jpg', 'empty_Image.jpg', '/English/Main_Application/units_Photo/empty_Image.jpg', 'empty_Image.jpg', '/English/Main_Application/units_Photo/empty_Image.jpg', 0, '', '', '', '', '0'),
(164, 1, 3, 5, 29, 4, '15', '1', '', '', '', '', '', '1000', 'No File', 'No File', 'No File', 'No File', 'No File', 'No File', 'No File', 'No File', 0, '', '', '', '', '0'),
(165, 1, 3, 5, 29, 4, '16', '1', '', '', '', '', '', '500', 'empty_Image.jpg', '/English/Main_Application/units_Photo/empty_Image.jpg', 'empty_Image.jpg', '/English/Main_Application/units_Photo/empty_Image.jpg', 'empty_Image.jpg', '/English/Main_Application/units_Photo/empty_Image.jpg', 'empty_Image.jpg', '/English/Main_Application/units_Photo/empty_Image.jpg', 0, '', '', '', '', '0'),
(166, 1, 5, 8, 29, 0, '17', '1', '', 'السطح العلوي', '', '', '', '0', 'empty_Image.jpg', '/English/Main_Application/units_Photo/empty_Image.jpg', 'empty_Image.jpg', '/English/Main_Application/units_Photo/empty_Image.jpg', 'empty_Image.jpg', '/English/Main_Application/units_Photo/empty_Image.jpg', 'empty_Image.jpg', '/English/Main_Application/units_Photo/empty_Image.jpg', 0, '', '', '', '', '0'),
(167, 1, 12, 1, 30, 1, '1', '1', '100', '', '', '1323058', '1245258', '4500', 'empty_Image.jpg', '/English/Main_Application/units_Photo/empty_Image.jpg', 'empty_Image.jpg', '/English/Main_Application/units_Photo/empty_Image.jpg', 'empty_Image.jpg', '/English/Main_Application/units_Photo/empty_Image.jpg', 'empty_Image.jpg', '/English/Main_Application/units_Photo/empty_Image.jpg', 0, '', '', '', '', '0'),
(168, 1, 6, 1, 30, 1, '2', '1', '60', '', '', '1323059', '1245259', '3500', 'empty_Image.jpg', '/English/Main_Application/units_Photo/empty_Image.jpg', 'empty_Image.jpg', '/English/Main_Application/units_Photo/empty_Image.jpg', 'empty_Image.jpg', '/English/Main_Application/units_Photo/empty_Image.jpg', 'empty_Image.jpg', '/English/Main_Application/units_Photo/empty_Image.jpg', 0, '', '', '', '', '0'),
(169, 1, 4, 1, 30, 1, '3', '1', '100', '', '', '1323060', '1245260', '4500', 'empty_Image.jpg', '/English/Main_Application/units_Photo/empty_Image.jpg', 'empty_Image.jpg', '/English/Main_Application/units_Photo/empty_Image.jpg', 'empty_Image.jpg', '/English/Main_Application/units_Photo/empty_Image.jpg', 'empty_Image.jpg', '/English/Main_Application/units_Photo/empty_Image.jpg', 0, '', '', '', '', '0'),
(170, 1, 4, 1, 30, 1, '4', '1', '100', '', '', '1323061', '1245261', '4500', 'empty_Image.jpg', '/English/Main_Application/units_Photo/empty_Image.jpg', 'empty_Image.jpg', '/English/Main_Application/units_Photo/empty_Image.jpg', 'empty_Image.jpg', '/English/Main_Application/units_Photo/empty_Image.jpg', 'empty_Image.jpg', '/English/Main_Application/units_Photo/empty_Image.jpg', 0, '', '', '', '', '0'),
(171, 1, 6, 1, 30, 1, '5', '1', '60', '', '', '1323062', '1245262', '3500', 'empty_Image.jpg', '/English/Main_Application/units_Photo/empty_Image.jpg', 'empty_Image.jpg', '/English/Main_Application/units_Photo/empty_Image.jpg', 'empty_Image.jpg', '/English/Main_Application/units_Photo/empty_Image.jpg', 'empty_Image.jpg', '/English/Main_Application/units_Photo/empty_Image.jpg', 0, '', '', '', '', '0'),
(172, 1, 4, 1, 30, 1, '6', '1', '100', '', '', '1323063', '1245263', '4500', 'empty_Image.jpg', '/English/Main_Application/units_Photo/empty_Image.jpg', 'empty_Image.jpg', '/English/Main_Application/units_Photo/empty_Image.jpg', 'empty_Image.jpg', '/English/Main_Application/units_Photo/empty_Image.jpg', 'empty_Image.jpg', '/English/Main_Application/units_Photo/empty_Image.jpg', 0, '', '', '', '', '0'),
(173, 1, 4, 1, 30, 1, '7', '1', '100', '', '', '1323064', '1245264', '4500', 'empty_Image.jpg', '/English/Main_Application/units_Photo/empty_Image.jpg', 'empty_Image.jpg', '/English/Main_Application/units_Photo/empty_Image.jpg', 'empty_Image.jpg', '/English/Main_Application/units_Photo/empty_Image.jpg', 'empty_Image.jpg', '/English/Main_Application/units_Photo/empty_Image.jpg', 0, '', '', '', '', '0'),
(174, 1, 6, 1, 30, 1, '8', '1', '60', '', '', '1323065', '1245265', '3500', 'empty_Image.jpg', '/English/Main_Application/units_Photo/empty_Image.jpg', 'empty_Image.jpg', '/English/Main_Application/units_Photo/empty_Image.jpg', 'empty_Image.jpg', '/English/Main_Application/units_Photo/empty_Image.jpg', 'empty_Image.jpg', '/English/Main_Application/units_Photo/empty_Image.jpg', 0, '', '', '', '', '0'),
(175, 1, 4, 1, 30, 1, '9', '1', '100', '', '', '1323066', '1245266', '4500', 'empty_Image.jpg', '/English/Main_Application/units_Photo/empty_Image.jpg', 'empty_Image.jpg', '/English/Main_Application/units_Photo/empty_Image.jpg', 'empty_Image.jpg', '/English/Main_Application/units_Photo/empty_Image.jpg', 'empty_Image.jpg', '/English/Main_Application/units_Photo/empty_Image.jpg', 0, '', '', '', '', '0'),
(176, 1, 4, 1, 30, 1, '10', '1', '100', '', '', '1323067', '1245267', '4500', 'empty_Image.jpg', '/English/Main_Application/units_Photo/empty_Image.jpg', 'empty_Image.jpg', '/English/Main_Application/units_Photo/empty_Image.jpg', 'empty_Image.jpg', '/English/Main_Application/units_Photo/empty_Image.jpg', 'empty_Image.jpg', '/English/Main_Application/units_Photo/empty_Image.jpg', 0, '', '', '', '', '0'),
(177, 1, 6, 1, 30, 1, '11', '1', '60', '', '', '1323068', '1245268', '3500', 'empty_Image.jpg', '/English/Main_Application/units_Photo/empty_Image.jpg', 'empty_Image.jpg', '/English/Main_Application/units_Photo/empty_Image.jpg', 'empty_Image.jpg', '/English/Main_Application/units_Photo/empty_Image.jpg', 'empty_Image.jpg', '/English/Main_Application/units_Photo/empty_Image.jpg', 0, '', '', '', '', '0'),
(178, 1, 4, 1, 30, 1, '12', '1', '100', '', '', '1323069', '1245269', '4500', 'empty_Image.jpg', '/English/Main_Application/units_Photo/empty_Image.jpg', 'empty_Image.jpg', '/English/Main_Application/units_Photo/empty_Image.jpg', 'empty_Image.jpg', '/English/Main_Application/units_Photo/empty_Image.jpg', 'empty_Image.jpg', '/English/Main_Application/units_Photo/empty_Image.jpg', 0, '', '', '', '', '0'),
(179, 1, 4, 1, 30, 1, '13', '1', '100', '', '', '1323070', '1245270', '4500', 'empty_Image.jpg', '/English/Main_Application/units_Photo/empty_Image.jpg', 'empty_Image.jpg', '/English/Main_Application/units_Photo/empty_Image.jpg', 'empty_Image.jpg', '/English/Main_Application/units_Photo/empty_Image.jpg', 'empty_Image.jpg', '/English/Main_Application/units_Photo/empty_Image.jpg', 0, '', '', '', '', '0'),
(180, 1, 6, 1, 30, 1, '14', '1', '60', '', '', '1323071', '1245271', '3500', 'empty_Image.jpg', '/English/Main_Application/units_Photo/empty_Image.jpg', 'empty_Image.jpg', '/English/Main_Application/units_Photo/empty_Image.jpg', 'empty_Image.jpg', '/English/Main_Application/units_Photo/empty_Image.jpg', 'empty_Image.jpg', '/English/Main_Application/units_Photo/empty_Image.jpg', 0, '', '', '', '', '0'),
(181, 1, 4, 1, 30, 1, '15', '1', '100', '', '', '1323072', '1245272', '4500', 'empty_Image.jpg', '/English/Main_Application/units_Photo/empty_Image.jpg', 'empty_Image.jpg', '/English/Main_Application/units_Photo/empty_Image.jpg', 'empty_Image.jpg', '/English/Main_Application/units_Photo/empty_Image.jpg', 'empty_Image.jpg', '/English/Main_Application/units_Photo/empty_Image.jpg', 0, '', '', '', '', '0'),
(182, 1, 2, 1, 30, 1, '16', '1', '130', '', '', '1323073', '1245273', '5700', 'empty_Image.jpg', '/English/Main_Application/units_Photo/empty_Image.jpg', 'empty_Image.jpg', '/English/Main_Application/units_Photo/empty_Image.jpg', 'empty_Image.jpg', '/English/Main_Application/units_Photo/empty_Image.jpg', 'empty_Image.jpg', '/English/Main_Application/units_Photo/empty_Image.jpg', 0, '', '', '', '', '0'),
(183, 1, 2, 1, 30, 1, '17', '1', '130', '', '', '1323074', '1245274', '5700', 'empty_Image.jpg', '/English/Main_Application/units_Photo/empty_Image.jpg', 'empty_Image.jpg', '/English/Main_Application/units_Photo/empty_Image.jpg', 'empty_Image.jpg', '/English/Main_Application/units_Photo/empty_Image.jpg', 'empty_Image.jpg', '/English/Main_Application/units_Photo/empty_Image.jpg', 0, '', '', '', '', '0'),
(184, 1, 3, 8, 30, 4, '18', '1', '', 'غرفة سطح ', '', '', '', '500', 'empty_Image.jpg', '/English/Main_Application/units_Photo/empty_Image.jpg', 'empty_Image.jpg', '/English/Main_Application/units_Photo/empty_Image.jpg', 'empty_Image.jpg', '/English/Main_Application/units_Photo/empty_Image.jpg', 'empty_Image.jpg', '/English/Main_Application/units_Photo/empty_Image.jpg', 0, '', '', '', '', '0'),
(185, 1, 5, 4, 31, 4, '1', '1', '', '', '', '1218993', '1159998', '15000', 'empty_Image.jpg', '/English/Main_Application/units_Photo/empty_Image.jpg', 'empty_Image.jpg', '/English/Main_Application/units_Photo/empty_Image.jpg', 'empty_Image.jpg', '/English/Main_Application/units_Photo/empty_Image.jpg', 'empty_Image.jpg', '/English/Main_Application/units_Photo/empty_Image.jpg', 0, '', '', '', '', '0'),
(186, 1, 5, 4, 31, 4, '2', '1', '', '', '', '1218994', '1160000', '15000', 'empty_Image.jpg', '/English/Main_Application/units_Photo/empty_Image.jpg', 'empty_Image.jpg', '/English/Main_Application/units_Photo/empty_Image.jpg', 'empty_Image.jpg', '/English/Main_Application/units_Photo/empty_Image.jpg', 'empty_Image.jpg', '/English/Main_Application/units_Photo/empty_Image.jpg', 0, '', '', '', '', '0'),
(187, 1, 5, 2, 31, 1, '3', '1', '', '', '', '', '', '10000', 'empty_Image.jpg', '/English/Main_Application/units_Photo/empty_Image.jpg', 'empty_Image.jpg', '/English/Main_Application/units_Photo/empty_Image.jpg', 'empty_Image.jpg', '/English/Main_Application/units_Photo/empty_Image.jpg', 'empty_Image.jpg', '/English/Main_Application/units_Photo/empty_Image.jpg', 0, '', '', '', '', '0'),
(188, 1, 4, 4, 32, 3, '1', '1', '', '', '', '85999', '59387', '3500', 'No File', 'No File', 'No File', 'No File', 'No File', 'No File', 'No File', 'No File', 0, '', '', '', '', '0'),
(189, 1, 5, 4, 33, 4, '1', '1', '', 'فيلا يمنى', '', '164915', '125816', '13000', 'empty_Image.jpg', '/English/Main_Application/units_Photo/empty_Image.jpg', 'empty_Image.jpg', '/English/Main_Application/units_Photo/empty_Image.jpg', 'empty_Image.jpg', '/English/Main_Application/units_Photo/empty_Image.jpg', 'empty_Image.jpg', '/English/Main_Application/units_Photo/empty_Image.jpg', 0, '', '', '', '', '0'),
(190, 1, 5, 4, 33, 4, '2', '1', '', 'فيلا وسطى ', '', '164915', '125816', '13000', 'empty_Image.jpg', '/English/Main_Application/units_Photo/empty_Image.jpg', 'empty_Image.jpg', '/English/Main_Application/units_Photo/empty_Image.jpg', 'empty_Image.jpg', '/English/Main_Application/units_Photo/empty_Image.jpg', 'empty_Image.jpg', '/English/Main_Application/units_Photo/empty_Image.jpg', 0, '', '', '', '', '0'),
(191, 1, 5, 4, 34, 4, '45', '1', '', 'فيلا شرقية ', '', '1052468', '962922', '15000', 'empty_Image.jpg', '/English/Main_Application/units_Photo/empty_Image.jpg', 'empty_Image.jpg', '/English/Main_Application/units_Photo/empty_Image.jpg', 'empty_Image.jpg', '/English/Main_Application/units_Photo/empty_Image.jpg', 'empty_Image.jpg', '/English/Main_Application/units_Photo/empty_Image.jpg', 0, '', '', '', '', '0'),
(192, 1, 5, 4, 34, 4, '47', '1', '', 'فيلا غربية ', '', '1052469', '', '15000', 'empty_Image.jpg', '/English/Main_Application/units_Photo/empty_Image.jpg', 'empty_Image.jpg', '/English/Main_Application/units_Photo/empty_Image.jpg', 'empty_Image.jpg', '/English/Main_Application/units_Photo/empty_Image.jpg', 'empty_Image.jpg', '/English/Main_Application/units_Photo/empty_Image.jpg', 0, '', '', '', '', '0'),
(193, 1, 6, 1, 35, 2, '1', '2', '60', '', '', '1355145', '1286330', '4000', 'empty_Image.jpg', '/English/Main_Application/units_Photo/empty_Image.jpg', 'empty_Image.jpg', '/English/Main_Application/units_Photo/empty_Image.jpg', 'empty_Image.jpg', '/English/Main_Application/units_Photo/empty_Image.jpg', 'empty_Image.jpg', '/English/Main_Application/units_Photo/empty_Image.jpg', 0, '', '', '', '', '0'),
(194, 1, 4, 1, 35, 2, '2', '2', '84', '', '', '1355146', '1286331', '5500', 'empty_Image.jpg', '/English/Main_Application/units_Photo/empty_Image.jpg', 'empty_Image.jpg', '/English/Main_Application/units_Photo/empty_Image.jpg', 'empty_Image.jpg', '/English/Main_Application/units_Photo/empty_Image.jpg', 'empty_Image.jpg', '/English/Main_Application/units_Photo/empty_Image.jpg', 0, '', '', '', '', '0'),
(195, 1, 4, 1, 35, 2, '3', '2', '', '', '', '1355147', '1286332', '5500', 'empty_Image.jpg', '/English/Main_Application/units_Photo/empty_Image.jpg', 'empty_Image.jpg', '/English/Main_Application/units_Photo/empty_Image.jpg', 'empty_Image.jpg', '/English/Main_Application/units_Photo/empty_Image.jpg', 'empty_Image.jpg', '/English/Main_Application/units_Photo/empty_Image.jpg', 0, '', '', '', '', '0'),
(196, 1, 4, 1, 35, 2, '4', '2', '', '', '', '1355148', '1286333', '5500', 'empty_Image.jpg', '/English/Main_Application/units_Photo/empty_Image.jpg', 'empty_Image.jpg', '/English/Main_Application/units_Photo/empty_Image.jpg', 'empty_Image.jpg', '/English/Main_Application/units_Photo/empty_Image.jpg', 'empty_Image.jpg', '/English/Main_Application/units_Photo/empty_Image.jpg', 0, '', '', '', '', '0'),
(197, 1, 6, 1, 35, 2, '5', '2', '60', '', '', '1355149', '1286334', '4000', 'empty_Image.jpg', '/English/Main_Application/units_Photo/empty_Image.jpg', 'empty_Image.jpg', '/English/Main_Application/units_Photo/empty_Image.jpg', 'empty_Image.jpg', '/English/Main_Application/units_Photo/empty_Image.jpg', 'empty_Image.jpg', '/English/Main_Application/units_Photo/empty_Image.jpg', 0, '', '', '', '', '0'),
(198, 1, 4, 1, 35, 2, '6', '2', '84', '', '', '1355150', '1286335', '5500', 'empty_Image.jpg', '/English/Main_Application/units_Photo/empty_Image.jpg', 'empty_Image.jpg', '/English/Main_Application/units_Photo/empty_Image.jpg', 'empty_Image.jpg', '/English/Main_Application/units_Photo/empty_Image.jpg', 'empty_Image.jpg', '/English/Main_Application/units_Photo/empty_Image.jpg', 0, '', '', '', '', '0'),
(199, 1, 4, 1, 35, 2, '7', '2', '', '', '', '1355151', '1286336', '5500', 'empty_Image.jpg', '/English/Main_Application/units_Photo/empty_Image.jpg', 'empty_Image.jpg', '/English/Main_Application/units_Photo/empty_Image.jpg', 'empty_Image.jpg', '/English/Main_Application/units_Photo/empty_Image.jpg', 'empty_Image.jpg', '/English/Main_Application/units_Photo/empty_Image.jpg', 0, '', '', '', '', '0'),
(200, 1, 4, 1, 35, 2, '8', '2', '', '', '', '1355152', '1286337', '5500', 'empty_Image.jpg', '/English/Main_Application/units_Photo/empty_Image.jpg', 'empty_Image.jpg', '/English/Main_Application/units_Photo/empty_Image.jpg', 'empty_Image.jpg', '/English/Main_Application/units_Photo/empty_Image.jpg', 'empty_Image.jpg', '/English/Main_Application/units_Photo/empty_Image.jpg', 0, '', '', '', '', '0'),
(201, 1, 7, 2, 35, 1, '1', '1', '54', '', '', '1355139', '1286324', '12000', 'empty_Image.jpg', '/English/Main_Application/units_Photo/empty_Image.jpg', 'empty_Image.jpg', '/English/Main_Application/units_Photo/empty_Image.jpg', 'empty_Image.jpg', '/English/Main_Application/units_Photo/empty_Image.jpg', 'empty_Image.jpg', '/English/Main_Application/units_Photo/empty_Image.jpg', 0, '', '', '', '', '0'),
(202, 1, 7, 2, 35, 1, '2', '1', '48', '', '', '1355140', '1286325', '12000', 'empty_Image.jpg', '/English/Main_Application/units_Photo/empty_Image.jpg', 'empty_Image.jpg', '/English/Main_Application/units_Photo/empty_Image.jpg', 'empty_Image.jpg', '/English/Main_Application/units_Photo/empty_Image.jpg', 'empty_Image.jpg', '/English/Main_Application/units_Photo/empty_Image.jpg', 0, '', '', '', '', '0'),
(203, 1, 7, 2, 35, 1, '3', '1', '48', '', '', '1355141', '1286326', '12000', 'empty_Image.jpg', '/English/Main_Application/units_Photo/empty_Image.jpg', 'empty_Image.jpg', '/English/Main_Application/units_Photo/empty_Image.jpg', 'empty_Image.jpg', '/English/Main_Application/units_Photo/empty_Image.jpg', 'empty_Image.jpg', '/English/Main_Application/units_Photo/empty_Image.jpg', 0, '', '', '', '', '0'),
(204, 1, 7, 2, 35, 1, '4', '1', '58', '', '', '1355142', '1286327', '12000', 'empty_Image.jpg', '/English/Main_Application/units_Photo/empty_Image.jpg', 'empty_Image.jpg', '/English/Main_Application/units_Photo/empty_Image.jpg', 'empty_Image.jpg', '/English/Main_Application/units_Photo/empty_Image.jpg', 'empty_Image.jpg', '/English/Main_Application/units_Photo/empty_Image.jpg', 0, '', '', '', '', '0'),
(205, 1, 7, 2, 35, 1, '5', '1', '58', '', '', '1355143', '1286328', '12000', 'empty_Image.jpg', '/English/Main_Application/units_Photo/empty_Image.jpg', 'empty_Image.jpg', '/English/Main_Application/units_Photo/empty_Image.jpg', 'empty_Image.jpg', '/English/Main_Application/units_Photo/empty_Image.jpg', 'empty_Image.jpg', '/English/Main_Application/units_Photo/empty_Image.jpg', 0, '', '', '', '', '0'),
(206, 1, 7, 2, 35, 1, '6', '1', '58', 'مؤجر ', '', '1355144', '1286329', '12000', 'empty_Image.jpg', '/English/Main_Application/units_Photo/empty_Image.jpg', 'empty_Image.jpg', '/English/Main_Application/units_Photo/empty_Image.jpg', 'empty_Image.jpg', '/English/Main_Application/units_Photo/empty_Image.jpg', 'empty_Image.jpg', '/English/Main_Application/units_Photo/empty_Image.jpg', 0, '', '', '', '', '0'),
(207, 1, 3, 8, 35, 4, '7', '1', '', 'استخدام شركة  ', '', '', '', '500', 'empty_Image.jpg', '/English/Main_Application/units_Photo/empty_Image.jpg', 'empty_Image.jpg', '/English/Main_Application/units_Photo/empty_Image.jpg', 'empty_Image.jpg', '/English/Main_Application/units_Photo/empty_Image.jpg', 'empty_Image.jpg', '/English/Main_Application/units_Photo/empty_Image.jpg', 0, '', '', '', '', '0'),
(208, 1, 5, 6, 36, 3, '1', '1', '750', '', '', '24063', '', '13000', 'empty_Image.jpg', '/English/Main_Application/units_Photo/empty_Image.jpg', 'empty_Image.jpg', '/English/Main_Application/units_Photo/empty_Image.jpg', 'empty_Image.jpg', '/English/Main_Application/units_Photo/empty_Image.jpg', 'empty_Image.jpg', '/English/Main_Application/units_Photo/empty_Image.jpg', 0, '', '', '', '', '0'),
(209, 1, 5, 6, 37, 4, '1', '1', '', '', '', '46176', '78202', '7000', 'empty_Image.jpg', '/English/Main_Application/units_Photo/empty_Image.jpg', 'empty_Image.jpg', '/English/Main_Application/units_Photo/empty_Image.jpg', 'empty_Image.jpg', '/English/Main_Application/units_Photo/empty_Image.jpg', 'empty_Image.jpg', '/English/Main_Application/units_Photo/empty_Image.jpg', 0, '', '', '', '', '0'),
(210, 1, 5, 6, 37, 4, '2', '1', '', '', '', '', '', '7000', 'empty_Image.jpg', '/English/Main_Application/units_Photo/empty_Image.jpg', 'empty_Image.jpg', '/English/Main_Application/units_Photo/empty_Image.jpg', 'empty_Image.jpg', '/English/Main_Application/units_Photo/empty_Image.jpg', 'empty_Image.jpg', '/English/Main_Application/units_Photo/empty_Image.jpg', 0, '', '', '', '', '0'),
(211, 1, 5, 6, 37, 4, '3', '1', '', '', '', '', '', '7000', 'empty_Image.jpg', '/English/Main_Application/units_Photo/empty_Image.jpg', 'empty_Image.jpg', '/English/Main_Application/units_Photo/empty_Image.jpg', 'empty_Image.jpg', '/English/Main_Application/units_Photo/empty_Image.jpg', 'empty_Image.jpg', '/English/Main_Application/units_Photo/empty_Image.jpg', 0, '', '', '', '', '0'),
(212, 1, 5, 6, 38, 4, '3', '1', '', '', '', '55958', '33568', '15000', 'empty_Image.jpg', '/English/Main_Application/units_Photo/empty_Image.jpg', 'empty_Image.jpg', '/English/Main_Application/units_Photo/empty_Image.jpg', 'empty_Image.jpg', '/English/Main_Application/units_Photo/empty_Image.jpg', 'empty_Image.jpg', '/English/Main_Application/units_Photo/empty_Image.jpg', 0, '', '', '', '', '0'),
(215, 1, 5, 4, 40, 4, '1', '1', '', '', '', '1055459', '966396', '15000', 'empty_Image.jpg', '/English/Main_Application/units_Photo/empty_Image.jpg', 'empty_Image.jpg', '/English/Main_Application/units_Photo/empty_Image.jpg', 'empty_Image.jpg', '/English/Main_Application/units_Photo/empty_Image.jpg', 'empty_Image.jpg', '/English/Main_Application/units_Photo/empty_Image.jpg', 0, '', '', '', '', '0'),
(216, 1, 5, 4, 41, 1, '86', '1', '450', '', '', '1060966', '970330', '15000', 'empty_Image.jpg', '/English/Main_Application/units_Photo/empty_Image.jpg', 'empty_Image.jpg', '/English/Main_Application/units_Photo/empty_Image.jpg', 'empty_Image.jpg', '/English/Main_Application/units_Photo/empty_Image.jpg', 'empty_Image.jpg', '/English/Main_Application/units_Photo/empty_Image.jpg', 0, '', '', '', '', '0'),
(217, 1, 10, 4, 42, 4, '1', '1', '1060', '', '', '119612', '1073819', '25000', 'empty_Image.jpg', '/English/Main_Application/units_Photo/empty_Image.jpg', 'empty_Image.jpg', '/English/Main_Application/units_Photo/empty_Image.jpg', 'empty_Image.jpg', '/English/Main_Application/units_Photo/empty_Image.jpg', 'empty_Image.jpg', '/English/Main_Application/units_Photo/empty_Image.jpg', 0, '', '', '', '', '0'),
(219, 1, 5, 11, 44, 0, '1', '1', '', '', '', '128624', '104618', '0', 'empty_Image.jpg', '/English/Main_Application/units_Photo/empty_Image.jpg', 'empty_Image.jpg', '/English/Main_Application/units_Photo/empty_Image.jpg', 'empty_Image.jpg', '/English/Main_Application/units_Photo/empty_Image.jpg', 'empty_Image.jpg', '/English/Main_Application/units_Photo/empty_Image.jpg', 0, '', '', '', '', '0'),
(220, 1, 5, 4, 45, 4, '1', '1', '', '', '', '178907', '137757', '10000', 'empty_Image.jpg', '/English/Main_Application/units_Photo/empty_Image.jpg', 'empty_Image.jpg', '/English/Main_Application/units_Photo/empty_Image.jpg', 'empty_Image.jpg', '/English/Main_Application/units_Photo/empty_Image.jpg', 'empty_Image.jpg', '/English/Main_Application/units_Photo/empty_Image.jpg', 0, '', '', '', '', '0'),
(226, 1, 5, 4, 47, 1, '1', '1', '1200', '', '', '1044652', '959164', '10000', 'empty_Image.jpg', '/English/Main_Application/units_Photo/empty_Image.jpg', 'empty_Image.jpg', '/English/Main_Application/units_Photo/empty_Image.jpg', 'empty_Image.jpg', '/English/Main_Application/units_Photo/empty_Image.jpg', 'empty_Image.jpg', '/English/Main_Application/units_Photo/empty_Image.jpg', 0, '', '', '', '', '0'),
(227, 1, 5, 12, 48, 1, '1', '1', '', 'Vacant land ', '', '', '', '2000', 'empty_Image.jpg', '/English/Main_Application/units_Photo/empty_Image.jpg', 'empty_Image.jpg', '/English/Main_Application/units_Photo/empty_Image.jpg', 'empty_Image.jpg', '/English/Main_Application/units_Photo/empty_Image.jpg', 'empty_Image.jpg', '/English/Main_Application/units_Photo/empty_Image.jpg', 0, '', '', '', '', '0'),
(228, 1, 5, 4, 49, 4, '3', '1', '310', ' ', '', '1057333', '966698', '7000', 'empty_Image.jpg', '/English/Main_Application/units_Photo/empty_Image.jpg', 'empty_Image.jpg', '/English/Main_Application/units_Photo/empty_Image.jpg', 'empty_Image.jpg', '/English/Main_Application/units_Photo/empty_Image.jpg', 'empty_Image.jpg', '/English/Main_Application/units_Photo/empty_Image.jpg', 0, '', '', '', '', '0'),
(229, 1, 5, 4, 49, 4, '2', '1', '310', ' ', '', '1057332', '966697', '7000', 'empty_Image.jpg', '/English/Main_Application/units_Photo/empty_Image.jpg', 'empty_Image.jpg', '/English/Main_Application/units_Photo/empty_Image.jpg', 'empty_Image.jpg', '/English/Main_Application/units_Photo/empty_Image.jpg', 'empty_Image.jpg', '/English/Main_Application/units_Photo/empty_Image.jpg', 0, '', '', '', '', '0'),
(230, 1, 5, 4, 49, 4, '1', '1', '310', ' ', '', '1057331', '966696', '7000', 'empty_Image.jpg', '/English/Main_Application/units_Photo/empty_Image.jpg', 'empty_Image.jpg', '/English/Main_Application/units_Photo/empty_Image.jpg', 'empty_Image.jpg', '/English/Main_Application/units_Photo/empty_Image.jpg', 'empty_Image.jpg', '/English/Main_Application/units_Photo/empty_Image.jpg', 0, '', '', '', '', '0'),
(231, 1, 10, 4, 50, 4, '1', '1', '', '', '', '1361895', '1291269', '7000', 'empty_Image.jpg', '/English/Main_Application/units_Photo/empty_Image.jpg', 'empty_Image.jpg', '/English/Main_Application/units_Photo/empty_Image.jpg', 'empty_Image.jpg', '/English/Main_Application/units_Photo/empty_Image.jpg', 'empty_Image.jpg', '/English/Main_Application/units_Photo/empty_Image.jpg', 0, '', '', '', '', '0'),
(232, 1, 5, 3, 51, 1, '4603', '46', '15', '', '', '1056105', '9977132', '20000', 'empty_Image.jpg', '/English/Main_Application/units_Photo/empty_Image.jpg', 'empty_Image.jpg', '/English/Main_Application/units_Photo/empty_Image.jpg', 'empty_Image.jpg', '/English/Main_Application/units_Photo/empty_Image.jpg', 'empty_Image.jpg', '/English/Main_Application/units_Photo/empty_Image.jpg', 0, '', '', '', '', '0'),
(233, 1, 5, 3, 51, 1, '4604', '46', '15', '', '', '1056105', '9977132', '20000', 'empty_Image.jpg', '/English/Main_Application/units_Photo/empty_Image.jpg', 'empty_Image.jpg', '/English/Main_Application/units_Photo/empty_Image.jpg', 'empty_Image.jpg', '/English/Main_Application/units_Photo/empty_Image.jpg', 'empty_Image.jpg', '/English/Main_Application/units_Photo/empty_Image.jpg', 0, '', '', '', '', '0'),
(234, 1, 5, 3, 51, 1, '4605', '46', '15', '', '', '1056106', '997134', '20000', 'empty_Image.jpg', '/English/Main_Application/units_Photo/empty_Image.jpg', 'empty_Image.jpg', '/English/Main_Application/units_Photo/empty_Image.jpg', 'empty_Image.jpg', '/English/Main_Application/units_Photo/empty_Image.jpg', 'empty_Image.jpg', '/English/Main_Application/units_Photo/empty_Image.jpg', 0, '', '', '', '', '0'),
(235, 1, 9, 1, 52, 2, '1', '1', '150', '', '', '1361055', '1290733', '5000', 'empty_Image.jpg', '/English/Main_Application/units_Photo/empty_Image.jpg', 'empty_Image.jpg', '/English/Main_Application/units_Photo/empty_Image.jpg', 'empty_Image.jpg', '/English/Main_Application/units_Photo/empty_Image.jpg', 'empty_Image.jpg', '/English/Main_Application/units_Photo/empty_Image.jpg', 0, '', '', '', '', '0'),
(236, 1, 9, 1, 52, 2, '2', '1', '150', '', '', '1361056', '1290734', '5000', 'empty_Image.jpg', '/English/Main_Application/units_Photo/empty_Image.jpg', 'empty_Image.jpg', '/English/Main_Application/units_Photo/empty_Image.jpg', 'empty_Image.jpg', '/English/Main_Application/units_Photo/empty_Image.jpg', 'empty_Image.jpg', '/English/Main_Application/units_Photo/empty_Image.jpg', 0, '', '', '', '', '0'),
(237, 1, 9, 1, 52, 2, '3', '2', '150', '', '', '1361057', '1290735', '5000', 'empty_Image.jpg', '/English/Main_Application/units_Photo/empty_Image.jpg', 'empty_Image.jpg', '/English/Main_Application/units_Photo/empty_Image.jpg', 'empty_Image.jpg', '/English/Main_Application/units_Photo/empty_Image.jpg', 'empty_Image.jpg', '/English/Main_Application/units_Photo/empty_Image.jpg', 0, '', '', '', '', '0'),
(238, 1, 9, 1, 52, 2, '4', '2', '150', '', '', '1361058', '1290736', '5000', 'empty_Image.jpg', '/English/Main_Application/units_Photo/empty_Image.jpg', 'empty_Image.jpg', '/English/Main_Application/units_Photo/empty_Image.jpg', 'empty_Image.jpg', '/English/Main_Application/units_Photo/empty_Image.jpg', 'empty_Image.jpg', '/English/Main_Application/units_Photo/empty_Image.jpg', 0, '', '', '', '', '0'),
(239, 1, 9, 1, 52, 2, '5', '3', '150', '', '', '1361059', '1290737', '5000', 'empty_Image.jpg', '/English/Main_Application/units_Photo/empty_Image.jpg', 'empty_Image.jpg', '/English/Main_Application/units_Photo/empty_Image.jpg', 'empty_Image.jpg', '/English/Main_Application/units_Photo/empty_Image.jpg', 'empty_Image.jpg', '/English/Main_Application/units_Photo/empty_Image.jpg', 0, '', '', '', '', '0'),
(241, 1, 9, 1, 52, 2, '6', '3', '150', '', '', '1361060', '1290738', '5000', 'empty_Image.jpg', '/English/Main_Application/units_Photo/empty_Image.jpg', 'empty_Image.jpg', '/English/Main_Application/units_Photo/empty_Image.jpg', 'empty_Image.jpg', '/English/Main_Application/units_Photo/empty_Image.jpg', 'empty_Image.jpg', '/English/Main_Application/units_Photo/empty_Image.jpg', 0, '', '', '', '', '0'),
(242, 1, 9, 1, 52, 2, '7', '4', '150', '', '', '1361061', '1290739', '5000', 'empty_Image.jpg', '/English/Main_Application/units_Photo/empty_Image.jpg', 'empty_Image.jpg', '/English/Main_Application/units_Photo/empty_Image.jpg', 'empty_Image.jpg', '/English/Main_Application/units_Photo/empty_Image.jpg', 'empty_Image.jpg', '/English/Main_Application/units_Photo/empty_Image.jpg', 0, '', '', '', '', '0'),
(243, 1, 9, 1, 52, 2, '8', '4', '150', '', '', '1361062', '1290740', '5000', 'empty_Image.jpg', '/English/Main_Application/units_Photo/empty_Image.jpg', 'empty_Image.jpg', '/English/Main_Application/units_Photo/empty_Image.jpg', 'empty_Image.jpg', '/English/Main_Application/units_Photo/empty_Image.jpg', 'empty_Image.jpg', '/English/Main_Application/units_Photo/empty_Image.jpg', 0, '', '', '', '', '0'),
(244, 1, 9, 1, 52, 2, '9', '5', '150', '', '', '1361063', '1290741', '5000', 'empty_Image.jpg', '/English/Main_Application/units_Photo/empty_Image.jpg', 'empty_Image.jpg', '/English/Main_Application/units_Photo/empty_Image.jpg', 'empty_Image.jpg', '/English/Main_Application/units_Photo/empty_Image.jpg', 'empty_Image.jpg', '/English/Main_Application/units_Photo/empty_Image.jpg', 0, '', '', '', '', '0'),
(245, 1, 9, 1, 52, 2, '10', '5', '150', '', '', '1361064', '1290742', '5000', 'empty_Image.jpg', '/English/Main_Application/units_Photo/empty_Image.jpg', 'empty_Image.jpg', '/English/Main_Application/units_Photo/empty_Image.jpg', 'empty_Image.jpg', '/English/Main_Application/units_Photo/empty_Image.jpg', 'empty_Image.jpg', '/English/Main_Application/units_Photo/empty_Image.jpg', 0, '', '', '', '', '0'),
(246, 1, 9, 1, 52, 2, '11', '6', '150', '', '', '1361065', '1290743', '5000', 'empty_Image.jpg', '/English/Main_Application/units_Photo/empty_Image.jpg', 'empty_Image.jpg', '/English/Main_Application/units_Photo/empty_Image.jpg', 'empty_Image.jpg', '/English/Main_Application/units_Photo/empty_Image.jpg', 'empty_Image.jpg', '/English/Main_Application/units_Photo/empty_Image.jpg', 0, '', '', '', '', '0'),
(247, 1, 9, 1, 52, 2, '12', '6', '150', '', '', '1361066', '1290744', '5000', 'empty_Image.jpg', '/English/Main_Application/units_Photo/empty_Image.jpg', 'empty_Image.jpg', '/English/Main_Application/units_Photo/empty_Image.jpg', 'empty_Image.jpg', '/English/Main_Application/units_Photo/empty_Image.jpg', 'empty_Image.jpg', '/English/Main_Application/units_Photo/empty_Image.jpg', 0, '', '', '', '', '0'),
(248, 1, 5, 8, 39, 1, '3', '2', '50', 'السطح العلوي ', '', '', '', '20000', 'empty_Image.jpg', '/English/Main_Application/units_Photo/empty_Image.jpg', 'empty_Image.jpg', '/English/Main_Application/units_Photo/empty_Image.jpg', 'empty_Image.jpg', '/English/Main_Application/units_Photo/empty_Image.jpg', 'empty_Image.jpg', '/English/Main_Application/units_Photo/empty_Image.jpg', 0, '', '', '', '', '0'),
(252, 1, 5, 4, 54, 1, '1', '1', '', '', '', '1184490', '1151756', '15000', 'No File', 'No File', 'No File', 'No File', 'No File', 'No File', 'No File', 'No File', 0, '', '', '', '', '0'),
(257, 1, 5, 4, 39, 1, '35', '1', '377', '', '', '1007565	', '908027', '10000', 'No File', 'No File', 'No File', 'No File', 'No File', 'No File', 'No File', 'No File', 0, '', '', '', '', '0'),
(258, 1, 5, 4, 39, 1, '33', '1', '377', '', '', '1007564', '908026', '10000', 'No File', 'No File', 'No File', 'No File', 'No File', 'No File', 'No File', 'No File', 0, '', '', '', '', '0'),
(260, 1, 2, 1, 62, 4, '1', '1', '', '', '', '١٠٨٦٩٧', '١٠٠٠٣٩٩', '0', NULL, NULL, NULL, NULL, NULL, NULL, NULL, NULL, 0, NULL, NULL, NULL, NULL, '1'),
(261, 1, 8, 1, 63, 4, '1', '1', '', '', '', '125148', '91966', '0', NULL, NULL, NULL, NULL, NULL, NULL, NULL, NULL, 0, NULL, NULL, NULL, NULL, '1'),
(262, 1, 8, 1, 63, 1, '3', '1', '', '', '', '125149', '91967', '0', NULL, NULL, NULL, NULL, NULL, NULL, NULL, NULL, 0, NULL, NULL, NULL, NULL, '1'),
(263, 1, 8, 1, 63, 1, '5', '1', '', '', '', '125151', '91969', '0', NULL, NULL, NULL, NULL, NULL, NULL, NULL, NULL, 0, NULL, NULL, NULL, NULL, '1'),
(264, 1, 8, 1, 63, 1, '6', '1', '', '', '', '125152', '91970', '0', NULL, NULL, NULL, NULL, NULL, NULL, NULL, NULL, 0, NULL, NULL, NULL, NULL, '1'),
(268, 1, 2, 1, 65, 4, '10', '3', '', '', '', '1089706', '1000408', '0', NULL, NULL, NULL, NULL, NULL, NULL, NULL, NULL, 0, NULL, NULL, NULL, NULL, '1'),
(269, 1, 2, 1, 65, 4, '14', '4', '', '', '', '1089711', '1000413', '0', NULL, NULL, NULL, NULL, NULL, NULL, NULL, NULL, 0, NULL, NULL, NULL, NULL, '1'),
(270, 1, 2, 1, 65, 4, '17', '5', '', '', '', '1089714', '1000416', '0', NULL, NULL, NULL, NULL, NULL, NULL, NULL, NULL, 0, NULL, NULL, NULL, NULL, '1'),
(271, 1, 2, 1, 65, 4, '18', '1', '', '', '', '1089715', '1000417', '0', NULL, NULL, NULL, NULL, NULL, NULL, NULL, NULL, 0, NULL, NULL, NULL, NULL, '1'),
(272, 1, 2, 1, 65, 4, '19', '5', '', '', '', '1089715', '1000417', '0', NULL, NULL, NULL, NULL, NULL, NULL, NULL, NULL, 0, NULL, NULL, NULL, NULL, '1');
INSERT INTO `units` (`Unit_ID`, `unit_condition_Unit_Condition_Id`, `unit_detail_Unit_Detail_Id`, `unit_type_Unit_Type_Id`, `building_Building_Id`, `furniture_case_Furniture_case_Id`, `Unit_Number`, `Floor_Number`, `Unit_Space`, `current_situation`, `Oreedo_Number`, `Electricityt_Number`, `Water_Number`, `virtual_Value`, `Image_One`, `Image_One_Path`, `Image_Two`, `Image_Two_Path`, `Image_Three`, `Image_Three_Path`, `Image_Four`, `Image_Four_Path`, `Active`, `Image_One_Path_Website`, `Image_Two_Path_Website`, `Image_Three_Path_Website`, `Image_Four_Path_Website`, `Half`) VALUES
(273, 1, 2, 1, 65, 4, '23', '6', '', '', '', '1089720', '1000422', '0', NULL, NULL, NULL, NULL, NULL, NULL, NULL, NULL, 0, NULL, NULL, NULL, NULL, '1'),
(274, 1, 2, 1, 65, 4, '25', '7', '', '', '', '1089722', '1000424', '0', NULL, NULL, NULL, NULL, NULL, NULL, NULL, NULL, 0, NULL, NULL, NULL, NULL, '1'),
(275, 1, 2, 1, 65, 4, '28', '7', '', '', '', '1089722', 'مشمول في 26', '0', NULL, NULL, NULL, NULL, NULL, NULL, NULL, NULL, 0, NULL, NULL, NULL, NULL, '1'),
(276, 1, 5, 4, 66, 4, '1', '1', '', '', '', '1218993', '1159998', '0', NULL, NULL, NULL, NULL, NULL, NULL, NULL, NULL, 0, NULL, NULL, NULL, NULL, '1'),
(277, 1, 5, 4, 66, 4, '2', '1', '', '', '', '1218994', '1160000', '0', NULL, NULL, NULL, NULL, NULL, NULL, NULL, NULL, 0, NULL, NULL, NULL, NULL, '1'),
(278, 1, 8, 1, 67, 1, '2', '1', '', '', '', '125149', '91965', '0', NULL, NULL, NULL, NULL, NULL, NULL, NULL, NULL, 0, NULL, NULL, NULL, NULL, '1'),
(279, 1, 8, 1, 67, 1, '3', '1', '', '', '', '125149', '91967', '0', NULL, NULL, NULL, NULL, NULL, NULL, NULL, NULL, 0, NULL, NULL, NULL, NULL, '1'),
(280, 1, 8, 1, 67, 1, '5', '1', '', '', '', '125151', '91969', '0', NULL, NULL, NULL, NULL, NULL, NULL, NULL, NULL, 0, NULL, NULL, NULL, NULL, '1'),
(281, 1, 2, 1, 68, 4, '2', '1', '', '', '', '١٠٨٩٦٩٨', '١٠٠٠٤٠٠', '0', NULL, NULL, NULL, NULL, NULL, NULL, NULL, NULL, 0, NULL, NULL, NULL, NULL, '1'),
(282, 1, 2, 1, 68, 4, '26', '7', '', '', '', '1089723', '1000425', '0', NULL, NULL, NULL, NULL, NULL, NULL, NULL, NULL, 0, NULL, NULL, NULL, NULL, '1'),
(283, 1, 2, 1, 68, 4, '27', '7', '', '', '', '1089723', 'مشمول في 25', '0', NULL, NULL, NULL, NULL, NULL, NULL, NULL, NULL, 0, NULL, NULL, NULL, NULL, '1'),
(284, 1, 8, 1, 69, 3, '1', '1', '', '', '', '1183418', '1152805', '0', NULL, NULL, NULL, NULL, NULL, NULL, NULL, NULL, 0, NULL, NULL, NULL, NULL, '1'),
(285, 1, 8, 1, 69, 3, '2', '1', '', '', '', '1183418', '1152805', '0', NULL, NULL, NULL, NULL, NULL, NULL, NULL, NULL, 0, NULL, NULL, NULL, NULL, '1'),
(286, 1, 8, 1, 69, 1, '3', '1', '', '', '', '1183418', '1152805', '0', NULL, NULL, NULL, NULL, NULL, NULL, NULL, NULL, 0, NULL, NULL, NULL, NULL, '1'),
(287, 1, 8, 1, 70, 3, '1', '1', '', '', '', '1183418', '1152805', '0', NULL, NULL, NULL, NULL, NULL, NULL, NULL, NULL, 0, NULL, NULL, NULL, NULL, '1'),
(288, 1, 8, 1, 70, 3, '2', '1', '', '', '', '1183418', '1152805', '0', NULL, NULL, NULL, NULL, NULL, NULL, NULL, NULL, 0, NULL, NULL, NULL, NULL, '1'),
(289, 1, 8, 1, 70, 1, '3', '1', '', '', '', '1183418', '1152805', '0', NULL, NULL, NULL, NULL, NULL, NULL, NULL, NULL, 0, NULL, NULL, NULL, NULL, '1'),
(290, 1, 4, 1, 71, 4, '1', '1', '', '', '', '1026715', '940651', '0', NULL, NULL, NULL, NULL, NULL, NULL, NULL, NULL, 0, NULL, NULL, NULL, NULL, '1'),
(291, 1, 4, 1, 71, 2, '2', '1', '', '', '', '1026716', '940652', '0', NULL, NULL, NULL, NULL, NULL, NULL, NULL, NULL, 0, NULL, NULL, NULL, NULL, '1'),
(292, 1, 4, 1, 71, 4, '3', '1', '', '', '', '1026717', '940653', '0', NULL, NULL, NULL, NULL, NULL, NULL, NULL, NULL, 0, NULL, NULL, NULL, NULL, '1'),
(293, 1, 4, 1, 71, 4, '4', '1', '', '', '', '1026718', '940654', '0', NULL, NULL, NULL, NULL, NULL, NULL, NULL, NULL, 0, NULL, NULL, NULL, NULL, '1'),
(294, 1, 4, 1, 71, 4, '5', '1', '', '', '', '1026719', '940655', '0', NULL, NULL, NULL, NULL, NULL, NULL, NULL, NULL, 0, NULL, NULL, NULL, NULL, '1'),
(295, 1, 4, 1, 71, 4, '6', '1', '', '', '', '1026720', '940656', '0', NULL, NULL, NULL, NULL, NULL, NULL, NULL, NULL, 0, NULL, NULL, NULL, NULL, '1'),
(296, 1, 4, 1, 71, 4, '7', '1', '', '', '', '1026721', '940657', '0', NULL, NULL, NULL, NULL, NULL, NULL, NULL, NULL, 0, NULL, NULL, NULL, NULL, '1'),
(297, 1, 4, 1, 71, 4, '8', '1', '', '', '', '1026722', '940658', '0', NULL, NULL, NULL, NULL, NULL, NULL, NULL, NULL, 0, NULL, NULL, NULL, NULL, '1'),
(298, 1, 4, 1, 71, 4, '9', '1', '', '', '', '1026723', '940659', '0', NULL, NULL, NULL, NULL, NULL, NULL, NULL, NULL, 0, NULL, NULL, NULL, NULL, '1'),
(299, 1, 4, 1, 71, 4, '10', '1', '', '', '', '1026724', '940660', '0', NULL, NULL, NULL, NULL, NULL, NULL, NULL, NULL, 0, NULL, NULL, NULL, NULL, '1'),
(300, 1, 4, 1, 71, 4, '11', '1', '', '', '', '1026725', '940661', '0', NULL, NULL, NULL, NULL, NULL, NULL, NULL, NULL, 0, NULL, NULL, NULL, NULL, '1'),
(301, 1, 7, 2, 72, 1, '49', '1', '', '', '', '', '', '0', NULL, NULL, NULL, NULL, NULL, NULL, NULL, NULL, 0, NULL, NULL, NULL, NULL, '1'),
(302, 1, 7, 2, 72, 1, '50', '1', '', '', '', '', '', '0', NULL, NULL, NULL, NULL, NULL, NULL, NULL, NULL, 0, NULL, NULL, NULL, NULL, '1'),
(303, 1, 7, 2, 72, 1, '51', '1', '', '', '', '', '', '0', NULL, NULL, NULL, NULL, NULL, NULL, NULL, NULL, 0, NULL, NULL, NULL, NULL, '1'),
(304, 1, 7, 2, 72, 1, '52', '1', '', '', '', '', '', '0', NULL, NULL, NULL, NULL, NULL, NULL, NULL, NULL, 0, NULL, NULL, NULL, NULL, '1'),
(305, 1, 7, 2, 72, 1, '53', '1', '', '', '', '', '', '0', NULL, NULL, NULL, NULL, NULL, NULL, NULL, NULL, 0, NULL, NULL, NULL, NULL, '1'),
(306, 1, 7, 2, 72, 1, '54', '1', '', '', '', '', '', '0', NULL, NULL, NULL, NULL, NULL, NULL, NULL, NULL, 0, NULL, NULL, NULL, NULL, '1'),
(307, 1, 7, 2, 72, 1, '55', '1', '', '', '', '', '', '0', NULL, NULL, NULL, NULL, NULL, NULL, NULL, NULL, 0, NULL, NULL, NULL, NULL, '1'),
(308, 1, 7, 2, 72, 1, '56', '1', '', '', '', '', '', '0', NULL, NULL, NULL, NULL, NULL, NULL, NULL, NULL, 0, NULL, NULL, NULL, NULL, '1'),
(309, 1, 7, 2, 72, 1, '57', '1', '', '', '', '', '', '0', NULL, NULL, NULL, NULL, NULL, NULL, NULL, NULL, 0, NULL, NULL, NULL, NULL, '1'),
(310, 1, 7, 2, 72, 1, '58', '1', '', '', '', '', '', '0', NULL, NULL, NULL, NULL, NULL, NULL, NULL, NULL, 0, NULL, NULL, NULL, NULL, '1'),
(311, 1, 5, 5, 52, 4, '13', '0', '', '', '', '', '', '500', 'No File', 'No File', 'No File', 'No File', 'No File', 'No File', 'No File', 'No File', 0, '', '', '', '', '0'),
(312, 1, 5, 5, 19, 4, '13', '0', '', '', '', '', '', '500', 'No File', 'No File', 'No File', 'No File', 'No File', 'No File', 'No File', 'No File', 0, '', '', '', '', '0'),
(313, 1, 4, 1, 73, 4, '1', '1', '', 'رقم المبنى 80', '', '1251073', '1191369', '', NULL, NULL, NULL, NULL, NULL, NULL, NULL, NULL, 0, NULL, NULL, NULL, NULL, '1'),
(314, 1, 4, 1, 73, 4, '2', '1', '', 'رقم المبنى 80', '', '1251074', '1191370', '', NULL, NULL, NULL, NULL, NULL, NULL, NULL, NULL, 0, NULL, NULL, NULL, NULL, '1'),
(315, 1, 4, 1, 73, 1, '3', '1', '', 'رقم المبنى 80', '', '1251075', '1191371', '', NULL, NULL, NULL, NULL, NULL, NULL, NULL, NULL, 0, NULL, NULL, NULL, NULL, '1'),
(316, 1, 4, 1, 74, 4, '1', '1', '', 'رقم المبنى 80', '', '1251073', '1191369', '', NULL, NULL, NULL, NULL, NULL, NULL, NULL, NULL, 0, NULL, NULL, NULL, NULL, '1'),
(317, 1, 4, 1, 74, 4, '2', '1', '', 'رقم المبنى 80', '', '1251074', '1191370', '', NULL, NULL, NULL, NULL, NULL, NULL, NULL, NULL, 0, NULL, NULL, NULL, NULL, '1'),
(318, 1, 4, 1, 74, 1, '3', '1', '', 'رقم المبنى 80', '', '1251075', '1191371', '', NULL, NULL, NULL, NULL, NULL, NULL, NULL, NULL, 0, NULL, NULL, NULL, NULL, '1'),
(319, 1, 4, 1, 75, 4, '1', '1', '', 'رقم المبنى 80', '', '1251073', '1191369', '', NULL, NULL, NULL, NULL, NULL, NULL, NULL, NULL, 0, NULL, NULL, NULL, NULL, '1'),
(320, 1, 4, 1, 75, 4, '2', '1', '', 'رقم المبنى 80', '', '1251074', '1191370', '', NULL, NULL, NULL, NULL, NULL, NULL, NULL, NULL, 0, NULL, NULL, NULL, NULL, '1'),
(321, 1, 4, 1, 75, 1, '3', '1', '', 'رقم المبنى 80', '', '1251075', '1191371', '', NULL, NULL, NULL, NULL, NULL, NULL, NULL, NULL, 0, NULL, NULL, NULL, NULL, '1'),
(322, 1, 10, 4, 76, 4, '1', '1', '0', 'مؤجر ', '', '1145485', '1078480', '15000', 'No File', 'No File', 'No File', 'No File', 'No File', 'No File', 'No File', 'No File', 0, '', '', '', '', '0'),
(323, 1, 3, 4, 32, 4, '2', '2', '', '', '', '', '', '2000', 'No File', 'No File', 'No File', 'No File', 'No File', 'No File', 'No File', 'No File', 0, '', '', '', '', '0'),
(324, 1, 3, 4, 32, 4, '3', '2', '', '', '', '', '', '2000', 'No File', 'No File', 'No File', 'No File', 'No File', 'No File', 'No File', 'No File', 0, '', '', '', '', '0'),
(325, 1, 3, 4, 32, 4, '4', '2', '', '', '', '', '', '2000', 'No File', 'No File', 'No File', 'No File', 'No File', 'No File', 'No File', 'No File', 0, '', '', '', '', '0'),
(326, 1, 3, 4, 32, 4, '5', '2', '', '', '', '', '', '2000', 'No File', 'No File', 'No File', 'No File', 'No File', 'No File', 'No File', 'No File', 0, '', '', '', '', '0'),
(327, 1, 13, 8, 32, 4, '6', '2', '', '', '', '', '', '1500', 'No File', 'No File', 'No File', 'No File', 'No File', 'No File', 'No File', 'No File', 0, '', '', '', '', '0'),
(328, 1, 2, 1, 77, 4, '7', '5', '', '', '', '1089703', '1000405', '', NULL, NULL, NULL, NULL, NULL, NULL, NULL, NULL, 0, NULL, NULL, NULL, NULL, '1'),
(329, 1, 2, 1, 77, 4, '16', '4', '', '', '', '1089713', '1000415', '', NULL, NULL, NULL, NULL, NULL, NULL, NULL, NULL, 0, NULL, NULL, NULL, NULL, '1'),
(332, 1, 10, 4, 79, 3, '1', '1', '', 'متابعة ', '', '', '', '13000', 'No File', 'No File', 'No File', 'No File', 'No File', 'No File', 'No File', 'No File', NULL, NULL, NULL, NULL, NULL, NULL),
(333, 1, 10, 4, 80, 3, '1', '1', '', '', '', '', '', '15000', 'No File', 'No File', 'No File', 'No File', 'No File', 'No File', 'No File', 'No File', NULL, NULL, NULL, NULL, NULL, NULL),
(334, 1, 10, 4, 81, 3, '1', '1', '', '', '', '', '', '15000', 'No File', 'No File', 'No File', 'No File', 'No File', 'No File', 'No File', 'No File', NULL, NULL, NULL, NULL, NULL, NULL),
(335, 1, 5, 4, 84, 4, '35', '1', '', '', '', '1007565	', '908027', '', NULL, NULL, NULL, NULL, NULL, NULL, NULL, NULL, 0, NULL, NULL, NULL, NULL, '1'),
(336, 1, 5, 4, 84, 4, '33', '1', '', '', '', '1007564', '908026', '', NULL, NULL, NULL, NULL, NULL, NULL, NULL, NULL, 0, NULL, NULL, NULL, NULL, '1'),
(337, 1, 5, 4, 85, 4, '35', '1', '', '', '', '1007565	', '908027', '', NULL, NULL, NULL, NULL, NULL, NULL, NULL, NULL, 0, NULL, NULL, NULL, NULL, '1'),
(338, 1, 5, 4, 85, 4, '33', '1', '', '', '', '1007564', '908026', '', NULL, NULL, NULL, NULL, NULL, NULL, NULL, NULL, 0, NULL, NULL, NULL, NULL, '1'),
(339, 1, 5, 6, 86, 4, '1', '1', '', '', '', '46176', '78202', '', NULL, NULL, NULL, NULL, NULL, NULL, NULL, NULL, 0, NULL, NULL, NULL, NULL, '1'),
(340, 1, 5, 6, 86, 4, '2', '1', '', '', '', '', '', '', NULL, NULL, NULL, NULL, NULL, NULL, NULL, NULL, 0, NULL, NULL, NULL, NULL, '1'),
(341, 1, 5, 6, 86, 4, '3', '1', '', '', '', '', '', '', NULL, NULL, NULL, NULL, NULL, NULL, NULL, NULL, 0, NULL, NULL, NULL, NULL, '1'),
(342, 1, 5, 6, 87, 4, '1', '1', '', '', '', '46176', '78202', '', NULL, NULL, NULL, NULL, NULL, NULL, NULL, NULL, 0, NULL, NULL, NULL, NULL, '1'),
(343, 1, 5, 6, 87, 4, '2', '1', '', '', '', '', '', '', NULL, NULL, NULL, NULL, NULL, NULL, NULL, NULL, 0, NULL, NULL, NULL, NULL, '1'),
(344, 1, 5, 6, 87, 4, '3', '1', '', '', '', '', '', '', NULL, NULL, NULL, NULL, NULL, NULL, NULL, NULL, 0, NULL, NULL, NULL, NULL, '1'),
(345, 1, 5, 4, 88, 4, '1', '1', '', '', '', '1218993', '1159998', '', NULL, NULL, NULL, NULL, NULL, NULL, NULL, NULL, 0, NULL, NULL, NULL, NULL, '1'),
(346, 1, 5, 4, 88, 4, '2', '1', '', '', '', '1218994', '1160000', '', NULL, NULL, NULL, NULL, NULL, NULL, NULL, NULL, 0, NULL, NULL, NULL, NULL, '1'),
(347, 1, 6, 1, 89, 2, '1', '2', '', '', '', '', '', '', NULL, NULL, NULL, NULL, NULL, NULL, NULL, NULL, 0, NULL, NULL, NULL, NULL, '1'),
(348, 1, 4, 1, 89, 2, '2', '2', '', '', '', '', '', '', NULL, NULL, NULL, NULL, NULL, NULL, NULL, NULL, 0, NULL, NULL, NULL, NULL, '1'),
(349, 1, 4, 1, 89, 2, '3', '2', '', '', '', '', '', '', NULL, NULL, NULL, NULL, NULL, NULL, NULL, NULL, 0, NULL, NULL, NULL, NULL, '1'),
(350, 1, 4, 1, 89, 2, '4', '2', '', '', '', '', '', '', NULL, NULL, NULL, NULL, NULL, NULL, NULL, NULL, 0, NULL, NULL, NULL, NULL, '1'),
(351, 1, 6, 1, 89, 2, '5', '2', '', '', '', '', '', '', NULL, NULL, NULL, NULL, NULL, NULL, NULL, NULL, 0, NULL, NULL, NULL, NULL, '1'),
(352, 1, 4, 1, 89, 2, '6', '2', '', '', '', '', '', '', NULL, NULL, NULL, NULL, NULL, NULL, NULL, NULL, 0, NULL, NULL, NULL, NULL, '1'),
(353, 1, 4, 1, 89, 2, '7', '2', '', '', '', '', '', '', NULL, NULL, NULL, NULL, NULL, NULL, NULL, NULL, 0, NULL, NULL, NULL, NULL, '1'),
(354, 1, 4, 1, 89, 2, '8', '2', '', '', '', '', '', '', NULL, NULL, NULL, NULL, NULL, NULL, NULL, NULL, 0, NULL, NULL, NULL, NULL, '1'),
(363, 1, 9, 1, 91, 2, '1', '1', '150', '', '', '1361055', '1290733', '', NULL, NULL, NULL, NULL, NULL, NULL, NULL, NULL, 0, NULL, NULL, NULL, NULL, '1'),
(364, 1, 9, 1, 91, 2, '2', '1', '150', '', '', '1361056', '1290734', '', NULL, NULL, NULL, NULL, NULL, NULL, NULL, NULL, 0, NULL, NULL, NULL, NULL, '1'),
(365, 1, 9, 1, 91, 2, '3', '2', '150', '', '', '1361057', '1290735', '', NULL, NULL, NULL, NULL, NULL, NULL, NULL, NULL, 0, NULL, NULL, NULL, NULL, '1'),
(366, 1, 9, 1, 91, 2, '4', '2', '150', '', '', '1361058', '1290736', '', NULL, NULL, NULL, NULL, NULL, NULL, NULL, NULL, 0, NULL, NULL, NULL, NULL, '1'),
(367, 1, 9, 1, 91, 2, '5', '3', '150', '', '', '1361059', '1290737', '', NULL, NULL, NULL, NULL, NULL, NULL, NULL, NULL, 0, NULL, NULL, NULL, NULL, '1'),
(368, 1, 9, 1, 91, 2, '6', '3', '150', '', '', '1361060', '1290738', '', NULL, NULL, NULL, NULL, NULL, NULL, NULL, NULL, 0, NULL, NULL, NULL, NULL, '1'),
(369, 1, 9, 1, 91, 2, '7', '4', '150', '', '', '1361061', '1290739', '', NULL, NULL, NULL, NULL, NULL, NULL, NULL, NULL, 0, NULL, NULL, NULL, NULL, '1'),
(370, 1, 9, 1, 91, 2, '8', '4', '150', '', '', '1361062', '1290740', '', NULL, NULL, NULL, NULL, NULL, NULL, NULL, NULL, 0, NULL, NULL, NULL, NULL, '1'),
(371, 1, 9, 1, 91, 2, '9', '5', '150', '', '', '1361063', '1290741', '', NULL, NULL, NULL, NULL, NULL, NULL, NULL, NULL, 0, NULL, NULL, NULL, NULL, '1'),
(372, 1, 9, 1, 91, 2, '10', '5', '150', '', '', '1361064', '1290742', '', NULL, NULL, NULL, NULL, NULL, NULL, NULL, NULL, 0, NULL, NULL, NULL, NULL, '1'),
(373, 1, 9, 1, 91, 2, '11', '6', '150', '', '', '1361065', '1290743', '', NULL, NULL, NULL, NULL, NULL, NULL, NULL, NULL, 0, NULL, NULL, NULL, NULL, '1'),
(374, 1, 9, 1, 91, 2, '12', '6', '150', '', '', '1361066', '1290744', '', NULL, NULL, NULL, NULL, NULL, NULL, NULL, NULL, 0, NULL, NULL, NULL, NULL, '1'),
(375, 1, 2, 1, 92, 4, '1', '1', '', '', '', '1160690', '1099848', '', NULL, NULL, NULL, NULL, NULL, NULL, NULL, NULL, 0, NULL, NULL, NULL, NULL, '1'),
(376, 1, 2, 1, 92, 4, '2', '1', '', '', '', '1160691', '1099849', '', NULL, NULL, NULL, NULL, NULL, NULL, NULL, NULL, 0, NULL, NULL, NULL, NULL, '1'),
(377, 1, 2, 1, 92, 4, '3', '2', '', '', '', '1160692', '1099850', '', NULL, NULL, NULL, NULL, NULL, NULL, NULL, NULL, 0, NULL, NULL, NULL, NULL, '1'),
(378, 1, 2, 1, 92, 4, '4', '2', '', '', '', '1160693', '1099851', '', NULL, NULL, NULL, NULL, NULL, NULL, NULL, NULL, 0, NULL, NULL, NULL, NULL, '1'),
(379, 1, 2, 1, 92, 4, '5', '3', '', '', '', '1160694', '1099852', '', NULL, NULL, NULL, NULL, NULL, NULL, NULL, NULL, 0, NULL, NULL, NULL, NULL, '1'),
(380, 1, 2, 1, 92, 4, '6', '3', '', '', '', '1160695', '1099853', '', NULL, NULL, NULL, NULL, NULL, NULL, NULL, NULL, 0, NULL, NULL, NULL, NULL, '1'),
(381, 1, 2, 1, 92, 4, '7', '4', '', '', '', '1160696', '1099854', '', NULL, NULL, NULL, NULL, NULL, NULL, NULL, NULL, 0, NULL, NULL, NULL, NULL, '1'),
(382, 1, 2, 1, 92, 4, '8', '4', '', '', '', '1160697', '1099855', '', NULL, NULL, NULL, NULL, NULL, NULL, NULL, NULL, 0, NULL, NULL, NULL, NULL, '1'),
(383, 1, 2, 1, 92, 4, '9', '5', '', '', '', '1160698', '1099856', '', NULL, NULL, NULL, NULL, NULL, NULL, NULL, NULL, 0, NULL, NULL, NULL, NULL, '1'),
(384, 1, 2, 1, 92, 4, '10', '5', '', '', '', '1160699', '1099857', '', NULL, NULL, NULL, NULL, NULL, NULL, NULL, NULL, 0, NULL, NULL, NULL, NULL, '1'),
(385, 1, 2, 1, 93, 4, '1', '1', '', '', '', '1160690', '1099848', '', NULL, NULL, NULL, NULL, NULL, NULL, NULL, NULL, 0, NULL, NULL, NULL, NULL, '1'),
(386, 1, 2, 1, 93, 4, '2', '1', '', '', '', '1160691', '1099849', '', NULL, NULL, NULL, NULL, NULL, NULL, NULL, NULL, 0, NULL, NULL, NULL, NULL, '1'),
(387, 1, 2, 1, 93, 4, '3', '2', '', '', '', '1160692', '1099850', '', NULL, NULL, NULL, NULL, NULL, NULL, NULL, NULL, 0, NULL, NULL, NULL, NULL, '1'),
(388, 1, 2, 1, 93, 4, '4', '2', '', '', '', '1160693', '1099851', '', NULL, NULL, NULL, NULL, NULL, NULL, NULL, NULL, 0, NULL, NULL, NULL, NULL, '1'),
(389, 1, 2, 1, 93, 4, '5', '3', '', '', '', '1160694', '1099852', '', NULL, NULL, NULL, NULL, NULL, NULL, NULL, NULL, 0, NULL, NULL, NULL, NULL, '1'),
(390, 1, 2, 1, 93, 4, '6', '3', '', '', '', '1160695', '1099853', '', NULL, NULL, NULL, NULL, NULL, NULL, NULL, NULL, 0, NULL, NULL, NULL, NULL, '1'),
(391, 1, 2, 1, 93, 4, '7', '4', '', '', '', '1160696', '1099854', '', NULL, NULL, NULL, NULL, NULL, NULL, NULL, NULL, 0, NULL, NULL, NULL, NULL, '1'),
(392, 1, 2, 1, 93, 4, '8', '4', '', '', '', '1160697', '1099855', '', NULL, NULL, NULL, NULL, NULL, NULL, NULL, NULL, 0, NULL, NULL, NULL, NULL, '1'),
(393, 1, 2, 1, 93, 4, '9', '5', '', '', '', '1160698', '1099856', '', NULL, NULL, NULL, NULL, NULL, NULL, NULL, NULL, 0, NULL, NULL, NULL, NULL, '1'),
(394, 1, 2, 1, 93, 4, '10', '5', '', '', '', '1160699', '1099857', '', NULL, NULL, NULL, NULL, NULL, NULL, NULL, NULL, 0, NULL, NULL, NULL, NULL, '1'),
(395, 1, 5, 2, 94, 1, '3', '1', '', '', '', '', '', '', NULL, NULL, NULL, NULL, NULL, NULL, NULL, NULL, 0, NULL, NULL, NULL, NULL, '1'),
(444, 1, 5, 4, 54, 4, '2', '1', '', '', '', '1184492', '', '15000', 'No File', 'No File', 'No File', 'No File', 'No File', 'No File', 'No File', 'No File', 0, '', '', '', '', '0'),
(445, 1, 5, 4, 54, 4, '3', '1', '', '', '', ' 1184494', '', '15000', 'No File', 'No File', 'No File', 'No File', 'No File', 'No File', 'No File', 'No File', 0, '', '', '', '', '0'),
(446, 1, 5, 4, 54, 4, '4', '1', '', '', '', '1184496', '', '15000', 'No File', 'No File', 'No File', 'No File', 'No File', 'No File', 'No File', 'No File', 0, '', '', '', '', '0'),
(447, 1, 5, 4, 54, 4, '5', '1', '', '', '', '1184498', '', '15000', 'No File', 'No File', 'No File', 'No File', 'No File', 'No File', 'No File', 'No File', 0, '', '', '', '', '0'),
(449, 1, 5, 4, 97, 1, '1', '1', '', '', '', '1184490', '1151756', '', NULL, NULL, NULL, NULL, NULL, NULL, NULL, NULL, 0, NULL, NULL, NULL, NULL, '1'),
(450, 1, 5, 4, 97, 4, '2', '1', '', '', '', '1184492', '', '', NULL, NULL, NULL, NULL, NULL, NULL, NULL, NULL, 0, NULL, NULL, NULL, NULL, '1'),
(451, 1, 5, 4, 97, 4, '3', '1', '', '', '', ' 1184494', '', '', NULL, NULL, NULL, NULL, NULL, NULL, NULL, NULL, 0, NULL, NULL, NULL, NULL, '1'),
(452, 1, 5, 4, 97, 4, '4', '1', '', '', '', '1184496', '', '', NULL, NULL, NULL, NULL, NULL, NULL, NULL, NULL, 0, NULL, NULL, NULL, NULL, '1'),
(453, 1, 5, 4, 97, 4, '5', '1', '', '', '', '1184498', '', '', NULL, NULL, NULL, NULL, NULL, NULL, NULL, NULL, 0, NULL, NULL, NULL, NULL, '1'),
(454, 1, 5, 4, 98, 4, '1', '1', '560', '', '', '', '', '13000', 'No File', 'No File', 'No File', 'No File', 'No File', 'No File', 'No File', 'No File', 0, '', '', '', '', '0'),
(455, 1, 5, 4, 101, 4, '1', '1', '', '', '', '1309427', '1165319', '13000', 'No File', 'No File', 'No File', 'No File', 'No File', 'No File', 'No File', 'No File', 0, '', '', '', '', '0'),
(456, 1, 5, 4, 82, 4, '1', '1', '', '', '', '184479', '149024', '13000', 'No File', 'No File', 'No File', 'No File', 'No File', 'No File', 'No File', 'No File', 0, '', '', '', '', '0'),
(471, 1, 5, 4, 79, 4, '1', '1', '', '', '', '', '', ' 13000 ', 'No File', 'No File', 'No File', 'No File', 'No File', 'No File', 'No File', 'No File', 0, '', '', '', '', '0'),
(472, 1, 2, 1, 102, 1, '8', '2', '105', '', '', '1089704', '1000406', '', NULL, NULL, NULL, NULL, NULL, NULL, NULL, NULL, 0, NULL, NULL, NULL, NULL, '1'),
(473, 1, 2, 1, 102, 4, '22', '6', '100', '', '', '1089719', '1000421', '', NULL, NULL, NULL, NULL, NULL, NULL, NULL, NULL, 0, NULL, NULL, NULL, NULL, '1'),
(474, 1, 8, 1, 104, 1, '3', '2', '100', '', '', '125149', '91967', '', NULL, NULL, NULL, NULL, NULL, NULL, NULL, NULL, 0, NULL, NULL, NULL, NULL, '1'),
(475, 1, 8, 1, 104, 1, '4', '2', '100', '', '', '125150', '91968', '', NULL, NULL, NULL, NULL, NULL, NULL, NULL, NULL, 0, NULL, NULL, NULL, NULL, '1'),
(476, 1, 8, 1, 104, 1, '5', '3', '100', '', '', '125151', '91969', '', NULL, NULL, NULL, NULL, NULL, NULL, NULL, NULL, 0, NULL, NULL, NULL, NULL, '1'),
(477, 1, 8, 1, 106, 1, '2', '1', '100', '', '', '125149', '91965', '', NULL, NULL, NULL, NULL, NULL, NULL, NULL, NULL, 0, NULL, NULL, NULL, NULL, '1'),
(478, 1, 8, 1, 106, 1, '3', '2', '100', '', '', '125149', '91967', '', NULL, NULL, NULL, NULL, NULL, NULL, NULL, NULL, 0, NULL, NULL, NULL, NULL, '1'),
(479, 1, 8, 1, 106, 1, '5', '3', '100', '', '', '125151', '91969', '', NULL, NULL, NULL, NULL, NULL, NULL, NULL, NULL, 0, NULL, NULL, NULL, NULL, '1'),
(480, 1, 2, 1, 107, 4, '2', '1', '100', '', '', '١٠٨٩٦٩٨', '١٠٠٠٤٠٠', '', NULL, NULL, NULL, NULL, NULL, NULL, NULL, NULL, 0, NULL, NULL, NULL, NULL, '1'),
(481, 1, 2, 1, 107, 4, '26', '7', '100', '', '', '1089723', '1000425', '', NULL, NULL, NULL, NULL, NULL, NULL, NULL, NULL, 0, NULL, NULL, NULL, NULL, '1'),
(482, 1, 2, 1, 107, 4, '27', '7', '105', '', '', '1089723', 'مشمول في 25', '', NULL, NULL, NULL, NULL, NULL, NULL, NULL, NULL, 0, NULL, NULL, NULL, NULL, '1'),
(483, 1, 4, 1, 108, 1, '1', '1', '310', 'رقم المبنى 80', '', '1251073', '1191369', '', NULL, NULL, NULL, NULL, NULL, NULL, NULL, NULL, 0, NULL, NULL, NULL, NULL, '1'),
(484, 1, 4, 1, 108, 1, '2', '1', '160', 'رقم المبنى 80', '', '1251074', '1191370', '', NULL, NULL, NULL, NULL, NULL, NULL, NULL, NULL, 0, NULL, NULL, NULL, NULL, '1'),
(485, 1, 4, 1, 108, 1, '3', '1', '310', 'رقم المبنى 80', '', '1251075', '1191371', '', NULL, NULL, NULL, NULL, NULL, NULL, NULL, NULL, 0, NULL, NULL, NULL, NULL, '1'),
(486, 1, 5, 4, 109, 4, '1', '71', '450', '', '', '', '', '11500', 'No File', 'No File', 'No File', 'No File', 'No File', 'No File', 'No File', 'No File', NULL, NULL, NULL, NULL, NULL, '0'),
(487, 1, 5, 4, 110, 4, '1', '1', '450', '', '', '1285113', '', '13000', 'No File', 'No File', 'No File', 'No File', 'No File', 'No File', 'No File', 'No File', NULL, NULL, NULL, NULL, NULL, '0'),
(488, 1, 5, 4, 103, 4, '1', '1', '', '', '', '', '', '13000', 'No File', 'No File', 'No File', 'No File', 'No File', 'No File', 'No File', 'No File', NULL, NULL, NULL, NULL, NULL, '0'),
(489, 1, 5, 4, 105, 4, '1', '1', '', '', '', '', '', '13000', 'No File', 'No File', 'No File', 'No File', 'No File', 'No File', 'No File', 'No File', NULL, NULL, NULL, NULL, NULL, '0'),
(490, 1, 5, 4, 81, 4, '1', '1', '569', '', '', '', '', '13000', 'No File', 'No File', 'No File', 'No File', 'No File', 'No File', 'No File', 'No File', NULL, NULL, NULL, NULL, NULL, '0');

-- --------------------------------------------------------

--
-- Table structure for table `unit_condition`
--

CREATE TABLE `unit_condition` (
  `Unit_Condition_Id` int(11) NOT NULL,
  `Unit_English_Condition` varchar(200) NOT NULL,
  `Unit_Arabic_Condition` varchar(200) NOT NULL
) ENGINE=InnoDB DEFAULT CHARSET=utf8;

--
-- Dumping data for table `unit_condition`
--

INSERT INTO `unit_condition` (`Unit_Condition_Id`, `Unit_English_Condition`, `Unit_Arabic_Condition`) VALUES
(1, 'Rented', 'مؤجر'),
(2, 'Unoccupied', 'شاغر'),
(3, 'Under Construction or Maintenence ', 'تحت الانشاء أو الصيانة'),
(4, 'Rented Under Debate', 'موجر نزاع'),
(5, 'Company use', 'استخدام شركة ');

-- --------------------------------------------------------

--
-- Table structure for table `unit_detail`
--

CREATE TABLE `unit_detail` (
  `Unit_Detail_Id` int(11) NOT NULL,
  `Unit_English_Detail` varchar(200) NOT NULL,
  `Unit_Arabic_Detail` varchar(200) NOT NULL
) ENGINE=InnoDB DEFAULT CHARSET=utf8;

--
-- Dumping data for table `unit_detail`
--

INSERT INTO `unit_detail` (`Unit_Detail_Id`, `Unit_English_Detail`, `Unit_Arabic_Detail`) VALUES
(2, '3+ 1+ 3', '3 غرف + 1 صالة + 3 حمامات'),
(3, '1+0+1', '1 غرفة + 0 +  حمام 1'),
(4, '2+ 1+ 2', '2 غرفتين + 1 صالة + 2 حمامين'),
(5, 'No details', 'لا تفاصيل'),
(6, '1+ 1+ 1', '1 غرفة + 1 صالة + حمام 1'),
(7, 'Store 4x10', 'محل أربعة في عشرة'),
(8, '2+1+1', '2 غرفتين + 1 صالة + حمام 1'),
(9, '4+1+3', '4 غرف + 1 صالة + 3 حمامات'),
(10, '5+2+5', '5 غرف +  صالتين + 5 حمامات'),
(11, '3+1+1', '3غرف+1صالة +1حمام '),
(12, '3+1+2', '2غرفتين+1صالة +3 ثلاثة حمامات'),
(13, '1 Room + 1 Kitchen + 1 Bathroom', '1 غرفة + 1 مطبخ + حمام 1');

-- --------------------------------------------------------

--
-- Table structure for table `unit_type`
--

CREATE TABLE `unit_type` (
  `Unit_Type_Id` int(11) NOT NULL,
  `Unit_English_Type` varchar(200) NOT NULL,
  `Unit_Arabic_Type` varchar(200) NOT NULL
) ENGINE=InnoDB DEFAULT CHARSET=utf8;

--
-- Dumping data for table `unit_type`
--

INSERT INTO `unit_type` (`Unit_Type_Id`, `Unit_English_Type`, `Unit_Arabic_Type`) VALUES
(1, 'apartment', 'شقة'),
(2, 'store', 'محل'),
(3, 'Office', 'مكتب'),
(4, 'Villa', 'فيلا'),
(5, 'Guard room', 'غرفة حارس'),
(6, 'Public house', 'بيت شعبي'),
(8, 'Roof Room', 'غرفة سطح'),
(9, 'Depo', 'مخزن'),
(10, 'Hotel Apartments', 'شقق فندقية'),
(11, 'Garage', 'كراج'),
(12, 'Vacant land', 'أرض فضاء');

-- --------------------------------------------------------

--
-- Table structure for table `users`
--

CREATE TABLE `users` (
  `user_ID` int(11) NOT NULL,
  `Emploee_Id` varchar(45) DEFAULT NULL,
  `Users_Name` varchar(200) NOT NULL,
  `Users_Ar_First_Name` varchar(200) NOT NULL,
  `Users_Ar_Last_Name` varchar(200) NOT NULL,
  `Users_password` varchar(200) NOT NULL,
  `Photo` varchar(200) NOT NULL,
  `Photo_Path` varchar(200) NOT NULL,
  `Role` varchar(45) NOT NULL
) ENGINE=InnoDB DEFAULT CHARSET=utf8;

--
-- Dumping data for table `users`
--

INSERT INTO `users` (`user_ID`, `Emploee_Id`, `Users_Name`, `Users_Ar_First_Name`, `Users_Ar_Last_Name`, `Users_password`, `Photo`, `Photo_Path`, `Role`) VALUES
(5, '5', 'Ahmad', 'الشيخ فهد ', 'ال ثاني ', 'bfcX++36cvYV3gXb8nuJdw==', 'User.png', '/English/Main_Application/Main_Image/User.png', '4'),
(7, NULL, 'Munzer', 'منذر', 'المنارة', 'mY6ptIKTfFCuyr6U/Kj6mA==', '', '', '1'),
(8, '2', 'Saeb', 'صائب', 'مصطفى', 'ol0eHZ+9SQh2naIzhSpODQ==', 'Saeb.jpg', '/English/Master_Panal/Employee_Photo/Saeb.jpeg', '1'),
(9, '4', 'Saadettin', 'سعد الدين', 'صباح', 'N5NDzg+L8LM3mkohjUSH0w==', 'Saaed.jpg', '/English/Master_Panal/Employee_Photo/saad.jpeg', '2'),
(10, NULL, 'Yazeed', 'يزيد', 'المنارة', '3D2bXH05KEINXIi/PbkarQ==', '', '', '3');

-- --------------------------------------------------------

--
-- Table structure for table `vendor_typ`
--

CREATE TABLE `vendor_typ` (
  `Vendor_Type_Id` int(11) NOT NULL,
  `Vendor_English_Type` varchar(200) NOT NULL,
  `Vendor_Arabic_Type` varchar(200) NOT NULL
) ENGINE=InnoDB DEFAULT CHARSET=utf8;

--
-- Dumping data for table `vendor_typ`
--

INSERT INTO `vendor_typ` (`Vendor_Type_Id`, `Vendor_English_Type`, `Vendor_Arabic_Type`) VALUES
(1, 'Unknown', 'غير معروف');

-- --------------------------------------------------------

--
-- Table structure for table `vendor_type`
--

CREATE TABLE `vendor_type` (
  `Vendor_Type_Id` int(11) NOT NULL,
  `Vendor_English_Type` varchar(200) NOT NULL,
  `Vendor_Arabic_Type` varchar(200) NOT NULL
) ENGINE=InnoDB DEFAULT CHARSET=utf8;

-- --------------------------------------------------------

--
-- Table structure for table `website_servic_info`
--

CREATE TABLE `website_servic_info` (
  `Id` int(11) NOT NULL,
  `Arabic_Titel` varchar(200) NOT NULL,
  `English_Titel` varchar(200) NOT NULL,
  `Arabic_Description` longtext NOT NULL,
  `English_Description` longtext NOT NULL,
  `Servic_Image_Name` longtext NOT NULL,
  `Servic_Image_Path` longtext NOT NULL,
  `Servic_Image_Path_WebSite` longtext NOT NULL
) ENGINE=InnoDB DEFAULT CHARSET=utf8mb4;

-- --------------------------------------------------------

--
-- Table structure for table `websit_info`
--

CREATE TABLE `websit_info` (
  `WebSit_Info_Id` int(11) NOT NULL,
  `Who_Are_We_Ar` longtext,
  `Who_Are_We_En` longtext,
  `Adress_Ar` longtext,
  `Adress_En` longtext,
  `Phone` varchar(50) DEFAULT NULL,
  `Email` varchar(50) DEFAULT NULL,
  `Facebook` varchar(50) DEFAULT NULL,
  `Whatssapp` varchar(50) DEFAULT NULL,
  `Email_From` varchar(200) DEFAULT NULL,
  `Email_To` varchar(200) DEFAULT NULL,
  `Email_STMP` varchar(200) DEFAULT NULL,
  `Email_Port` varchar(200) DEFAULT NULL,
  `Email_Password` varchar(200) DEFAULT NULL
) ENGINE=InnoDB DEFAULT CHARSET=utf8mb4;

--
-- Dumping data for table `websit_info`
--

INSERT INTO `websit_info` (`WebSit_Info_Id`, `Who_Are_We_Ar`, `Who_Are_We_En`, `Adress_Ar`, `Adress_En`, `Phone`, `Email`, `Facebook`, `Whatssapp`, `Email_From`, `Email_To`, `Email_STMP`, `Email_Port`, `Email_Password`) VALUES
(1, '.', '.', '.', '.', '.', '.', '.', '.', '.', '.', '.', '.', '.');

-- --------------------------------------------------------

--
-- Table structure for table `zone`
--

CREATE TABLE `zone` (
  `zone_Id` int(11) NOT NULL,
  `zone_number` varchar(200) NOT NULL,
  `zone_English_name` varchar(200) NOT NULL,
  `zone_arabic_name` varchar(200) NOT NULL
) ENGINE=InnoDB DEFAULT CHARSET=utf8;

--
-- Dumping data for table `zone`
--

INSERT INTO `zone` (`zone_Id`, `zone_number`, `zone_English_name`, `zone_arabic_name`) VALUES
(1, '1', 'Al Jasra', 'الجسرة'),
(2, '2', 'Al Bidda', 'البدع'),
(3, '3', 'Mushaireb', 'مشيرب'),
(4, '4', 'Musheireb', 'مشيرب'),
(5, '5', 'Barahat Al Jufairi ', 'براحة الجفيري'),
(6, '5', 'AlNajada', 'النجادة'),
(7, '5', 'Fereej Al Asmakh', 'فريج الأصمخ'),
(8, '6', 'Old Al Ghanim', 'الغانم العتيق'),
(9, '7', 'Souq Waqif', 'سوق واقف'),
(10, '12', 'Al Bidda', 'البدع'),
(11, '12', 'Rumaila', 'رميلة'),
(12, '12', 'Wadi Al Sail', 'وادي السيل'),
(13, '13', 'Mushaireb', 'مشيرب'),
(14, '14', 'Fereej Abdel Aziz', 'فريج عبد العزيز'),
(15, '15', 'Doha Al Jadeeda', 'الدوحة الجديدة'),
(16, '16', 'Old Al Ghanim', 'الغانم العتيق'),
(17, '17', 'Al Ruffaa', 'الرفاع'),
(18, '17', 'Al Hitmi', 'الهتمي'),
(19, '18', 'Slata', 'اسلطة'),
(20, '18', 'Al Mirqab', 'المرقاب'),
(21, '19', 'Doha Port', 'ميناء الدوحة'),
(22, '20', 'Wadi Al Sail', 'وادي السيل'),
(23, '21', 'Al Rumaila', 'الرميلة'),
(24, '22', 'Bin Mahmoud', 'بن محمود'),
(25, '23', 'Bin Mahmoud', 'بن محمود'),
(26, '24', 'Rawdat Al Khail', 'روضة الخيل'),
(27, '24', 'Al Muntazah', 'المنتزه'),
(28, '25', 'Al Mansoura', 'المنصورة'),
(29, '25', 'Bin Dirhem', 'بن درهم'),
(30, '26', 'Najma', 'نجمة'),
(31, '27', 'Umm Ghuwailina', 'إم غويلينة'),
(32, '28', 'Al Khulaifat', 'الخليفات'),
(33, '28', 'Ras Bu Abboud', 'راس أبو عبود'),
(34, '29', 'Ras Bu Abboud', 'راس أبو عبود'),
(35, '30', 'Duhail', 'دحيل'),
(36, '31', 'Umm Lekhba', 'إم الخبا'),
(37, '32', 'Madinat Khalifa North', 'مدينة خليفة الشمالية'),
(38, '32', 'Dahl Al Hamam', 'دحل الحمام'),
(39, '33', 'Al Markhiya', 'المرخية'),
(40, '34', '  Madinat Khalifa South ', 'مدينة خليفة الجنوبية'),
(41, '35', 'Kulaib', 'كليب'),
(42, '36', 'Al Messila', 'المسيلة'),
(43, '37', 'New Al Hitmi', 'الهتمي الجديد'),
(44, '37', 'Bin Omran', 'بن عمران'),
(45, '37', 'Hamad Medical City', 'مدينة حمد الطبية'),
(46, '38', 'Al Sadd', 'السد'),
(47, '39', 'Al Nasr', 'النصر'),
(48, '39', 'Al Sadd', 'السد'),
(49, '39', 'Al Mirqab Al Jadeed', 'المرقاب الجديد'),
(50, '40', 'New Slata', 'سلاطة الجديدة'),
(51, '41', 'Nuaija', 'نويجا'),
(52, '42', 'Al Hilal', 'الهلال'),
(53, '43', 'Al Mansoura', 'المنصورة'),
(54, '43', 'Nuaija-Fereej Al Ali', 'نويجا فريج العلي'),
(55, '44', 'Al Ali', 'العلي'),
(56, '45', 'Old Airport', 'المطار القديم'),
(57, '46', 'Al Thumama', 'الثمامة'),
(58, '47', 'Al Thumama', 'الثمامة'),
(59, '48', 'Doha International Airport', 'مطار الدوحة الدولي'),
(60, '49', 'Hamad International Airport', 'مطار حمد الدولي'),
(61, '49', 'Banana Island', 'جزيرة بنانا'),
(62, '49', 'Ras Bu Fontas', 'راس بو فنطاس'),
(63, '50', 'Al Thumama', 'الثمامة'),
(64, '51', 'Al Rayyan Bani Hajer', 'الريان بني هاجر'),
(65, '51', 'Al Seej', 'السيج'),
(66, '51', 'Al Themaid', 'الثمايد'),
(67, '51', 'Gharaffat Al Rayan', 'غرافة الريان'),
(68, '79', 'Al Ruweys', 'الرويس'),
(69, '70', 'Al Kheesa', 'الخيسة'),
(70, '91', 'Al Wukair', 'الوكير'),
(71, '51', 'Izghawa', 'ازغوى'),
(72, '56', 'Ain Khaled', 'عين خالد'),
(73, '57', 'Industrial Zone', 'المنطقة الصناعية'),
(74, '60', 'Al Dafna', 'الدفنة'),
(76, '66', 'Legtaifiya', 'لقطيفية'),
(77, '51', 'Al Gharrafa', 'الغرافة '),
(78, '71', 'Um Silal', 'أم صلال');

--
-- Indexes for dumped tables
--

--
-- Indexes for table `arcive_building`
--
ALTER TABLE `arcive_building`
  ADD PRIMARY KEY (`Building_Id`),
  ADD UNIQUE KEY `Building_Id_UNIQUE` (`Building_Id`),
  ADD KEY `fk_building_building_condition1_idx` (`building_condition_Building_Condition_Id`),
  ADD KEY `fk_building_building_type1_idx` (`building_type_Building_Type_Id`),
  ADD KEY `fk_building_owner_ship1_idx` (`owner_ship_Owner_Ship_Id`);

--
-- Indexes for table `arcive_building_contract`
--
ALTER TABLE `arcive_building_contract`
  ADD PRIMARY KEY (`Contract_Id`),
  ADD UNIQUE KEY `Contract_Id_UNIQUE` (`Contract_Id`),
  ADD KEY `fk_building_contract_users1_idx` (`users_user_ID`),
  ADD KEY `fk_building_contract_tenants1_idx` (`tenants_Tenants_ID`),
  ADD KEY `fk_building_contract_contract_template1_idx` (`contract_template_Contract_template_Id`),
  ADD KEY `fk_building_contract_payment_type1_idx` (`payment_type_payment_type_Id`),
  ADD KEY `fk_building_contract_contract_type1_idx` (`contract_type_Contract_Type_Id`),
  ADD KEY `fk_building_contract_building1_idx` (`building_Building_Id`),
  ADD KEY `fk_building_contract_reason_for_rent1_idx` (`reason_for_rent_Reason_For_Rent_Id`);

--
-- Indexes for table `arcive_contract`
--
ALTER TABLE `arcive_contract`
  ADD PRIMARY KEY (`Contract_Id`),
  ADD UNIQUE KEY `Contract_Id_UNIQUE` (`Contract_Id`),
  ADD KEY `fk_contract_contract_type1_idx` (`contract_type_Contract_Type_Id`),
  ADD KEY `fk_contract_contract_template1_idx` (`contract_template_Contract_template_Id`),
  ADD KEY `fk_contract_tenants1_idx` (`tenants_Tenants_ID`),
  ADD KEY `fk_contract_payment_type1_idx` (`payment_type_payment_type_Id`),
  ADD KEY `fk_contract_users1_idx` (`users_user_ID`),
  ADD KEY `fk_contract_units1_idx` (`units_Unit_ID`),
  ADD KEY `fk_contract_reason_for_rent1_idx` (`reason_for_rent_Reason_For_Rent_Id`);

--
-- Indexes for table `arcive_ownership`
--
ALTER TABLE `arcive_ownership`
  ADD PRIMARY KEY (`Owner_Ship_Id`),
  ADD UNIQUE KEY `Owner_Ship_Id_UNIQUE` (`Owner_Ship_Id`),
  ADD KEY `fk_owner_ship_zone1_idx` (`zone_zone_Id`),
  ADD KEY `fk_owner_ship_owner1_idx` (`owner_Owner_Id`);

--
-- Indexes for table `arcive_units`
--
ALTER TABLE `arcive_units`
  ADD PRIMARY KEY (`Unit_ID`),
  ADD UNIQUE KEY `Unit_ID_UNIQUE` (`Unit_ID`),
  ADD KEY `fk_units_unit_condition1_idx` (`unit_condition_Unit_Condition_Id`),
  ADD KEY `fk_units_unit_detail1_idx` (`unit_detail_Unit_Detail_Id`),
  ADD KEY `fk_units_unit_type1_idx` (`unit_type_Unit_Type_Id`),
  ADD KEY `fk_units_building1_idx` (`building_Building_Id`),
  ADD KEY `fk_units_furniture_case1_idx` (`furniture_case_Furniture_case_Id`);

--
-- Indexes for table `aseet_warranty`
--
ALTER TABLE `aseet_warranty`
  ADD PRIMARY KEY (`Aseet_warranty_Id`),
  ADD UNIQUE KEY `Aseet_warranty_Id_UNIQUE` (`Aseet_warranty_Id`);

--
-- Indexes for table `assets`
--
ALTER TABLE `assets`
  ADD PRIMARY KEY (`Assets_Id`),
  ADD UNIQUE KEY `Assets_Id_UNIQUE` (`Assets_Id`),
  ADD KEY `fk_assets_asset_condition1_idx` (`asset_condition_Asset_Condition_Id`),
  ADD KEY `fk_assets_asset_location1_idx` (`asset_location_Asset_Location_Id`),
  ADD KEY `fk_assets_vendor_type1_idx` (`vendor_type_Vendor_Type_Id`),
  ADD KEY `fk_assets_maintenance_categoty1_idx` (`maintenance_categoty_Categoty_Id`);

--
-- Indexes for table `asset_condition`
--
ALTER TABLE `asset_condition`
  ADD PRIMARY KEY (`Asset_Condition_Id`),
  ADD UNIQUE KEY `Asset_Type_Id_UNIQUE` (`Asset_Condition_Id`);

--
-- Indexes for table `asset_location`
--
ALTER TABLE `asset_location`
  ADD PRIMARY KEY (`Asset_Location_Id`),
  ADD UNIQUE KEY `Asset_Condition_Id_UNIQUE` (`Asset_Location_Id`);

--
-- Indexes for table `asset_type`
--
ALTER TABLE `asset_type`
  ADD PRIMARY KEY (`Asset_Type_Id`),
  ADD UNIQUE KEY `Vendor_Type_Id_UNIQUE` (`Asset_Type_Id`);

--
-- Indexes for table `bank`
--
ALTER TABLE `bank`
  ADD PRIMARY KEY (`Bank_Id`),
  ADD UNIQUE KEY `Bank_Id_UNIQUE` (`Bank_Id`);

--
-- Indexes for table `building`
--
ALTER TABLE `building`
  ADD PRIMARY KEY (`Building_Id`),
  ADD UNIQUE KEY `Building_Id_UNIQUE` (`Building_Id`),
  ADD KEY `fk_building_building_condition1_idx` (`building_condition_Building_Condition_Id`),
  ADD KEY `fk_building_building_type1_idx` (`building_type_Building_Type_Id`),
  ADD KEY `fk_building_owner_ship1_idx` (`owner_ship_Owner_Ship_Id`);

--
-- Indexes for table `building_cash_amount`
--
ALTER TABLE `building_cash_amount`
  ADD PRIMARY KEY (`Cash_Amount_ID`);

--
-- Indexes for table `building_cheques`
--
ALTER TABLE `building_cheques`
  ADD PRIMARY KEY (`Cheques_Id`),
  ADD UNIQUE KEY `Cheques_Id_UNIQUE` (`Cheques_Id`),
  ADD KEY `fk_building_cheques_tenants1_idx` (`tenants_Tenants_ID`),
  ADD KEY `fk_building_cheques_cheque_type1_idx` (`cheque_type_Cheque_Type_id`),
  ADD KEY `fk_building_cheques_bank1_idx` (`bank_Bank_Id`),
  ADD KEY `fk_building_cheques_building_contract1_idx` (`building_contract_Contract_Id`);

--
-- Indexes for table `building_condition`
--
ALTER TABLE `building_condition`
  ADD PRIMARY KEY (`Building_Condition_Id`),
  ADD UNIQUE KEY `Building_Condition_Id_UNIQUE` (`Building_Condition_Id`);

--
-- Indexes for table `building_contract`
--
ALTER TABLE `building_contract`
  ADD PRIMARY KEY (`Contract_Id`),
  ADD UNIQUE KEY `Contract_Id_UNIQUE` (`Contract_Id`),
  ADD KEY `fk_building_contract_users1_idx` (`users_user_ID`),
  ADD KEY `fk_building_contract_tenants1_idx` (`tenants_Tenants_ID`),
  ADD KEY `fk_building_contract_contract_template1_idx` (`contract_template_Contract_template_Id`),
  ADD KEY `fk_building_contract_payment_type1_idx` (`payment_type_payment_type_Id`),
  ADD KEY `fk_building_contract_contract_type1_idx` (`contract_type_Contract_Type_Id`),
  ADD KEY `fk_building_contract_building1_idx` (`building_Building_Id`),
  ADD KEY `fk_building_contract_reason_for_rent1_idx` (`reason_for_rent_Reason_For_Rent_Id`);

--
-- Indexes for table `building_transformation_table`
--
ALTER TABLE `building_transformation_table`
  ADD PRIMARY KEY (`transformation_Table_ID`);

--
-- Indexes for table `building_type`
--
ALTER TABLE `building_type`
  ADD PRIMARY KEY (`Building_Type_Id`),
  ADD UNIQUE KEY `Building_Type_Id_UNIQUE` (`Building_Type_Id`);

--
-- Indexes for table `cash_amount`
--
ALTER TABLE `cash_amount`
  ADD PRIMARY KEY (`Cash_Amount_ID`);

--
-- Indexes for table `cheques`
--
ALTER TABLE `cheques`
  ADD PRIMARY KEY (`Cheques_Id`),
  ADD UNIQUE KEY `Cheques_Id_UNIQUE` (`Cheques_Id`),
  ADD KEY `fk_cheques_tenants1_idx` (`tenants_Tenants_ID`),
  ADD KEY `fk_cheques_cheque_type1_idx` (`cheque_type_Cheque_Type_id`),
  ADD KEY `fk_cheques_bank1_idx` (`bank_Bank_Id`),
  ADD KEY `fk_cheques_contract1_idx` (`contract_Contract_Id`);

--
-- Indexes for table `cheque_type`
--
ALTER TABLE `cheque_type`
  ADD PRIMARY KEY (`Cheque_Type_id`),
  ADD UNIQUE KEY `Cheque_Type_id_UNIQUE` (`Cheque_Type_id`);

--
-- Indexes for table `collection_table`
--
ALTER TABLE `collection_table`
  ADD PRIMARY KEY (`Id`),
  ADD UNIQUE KEY `Id_UNIQUE` (`Id`);

--
-- Indexes for table `company_info`
--
ALTER TABLE `company_info`
  ADD PRIMARY KEY (`Company_Id`),
  ADD UNIQUE KEY `Company_Id_UNIQUE` (`Company_Id`);

--
-- Indexes for table `company_representative`
--
ALTER TABLE `company_representative`
  ADD PRIMARY KEY (`Company_representative_Id`),
  ADD UNIQUE KEY `Company_representative_Id_UNIQUE` (`Company_representative_Id`),
  ADD KEY `fk_company_representative_nationality1_idx` (`nationality_nationality_ID`),
  ADD KEY `fk_company_representative_tenants1_idx` (`tenants_Tenants_ID`);

--
-- Indexes for table `complaint_report_request`
--
ALTER TABLE `complaint_report_request`
  ADD PRIMARY KEY (`Complaint_Report_Request_Id`),
  ADD UNIQUE KEY `Complaint_Report_Request_Id_UNIQUE` (`Complaint_Report_Request_Id`);

--
-- Indexes for table `contract`
--
ALTER TABLE `contract`
  ADD PRIMARY KEY (`Contract_Id`),
  ADD UNIQUE KEY `Contract_Id_UNIQUE` (`Contract_Id`),
  ADD KEY `fk_contract_contract_type1_idx` (`contract_type_Contract_Type_Id`),
  ADD KEY `fk_contract_contract_template1_idx` (`contract_template_Contract_template_Id`),
  ADD KEY `fk_contract_tenants1_idx` (`tenants_Tenants_ID`),
  ADD KEY `fk_contract_payment_type1_idx` (`payment_type_payment_type_Id`),
  ADD KEY `fk_contract_users1_idx` (`users_user_ID`),
  ADD KEY `fk_contract_units1_idx` (`units_Unit_ID`),
  ADD KEY `fk_contract_reason_for_rent1_idx` (`reason_for_rent_Reason_For_Rent_Id`);

--
-- Indexes for table `contractor`
--
ALTER TABLE `contractor`
  ADD PRIMARY KEY (`Contractor_ID`),
  ADD UNIQUE KEY `Contractor_ID_UNIQUE` (`Contractor_ID`);

--
-- Indexes for table `contract_template`
--
ALTER TABLE `contract_template`
  ADD PRIMARY KEY (`Contract_template_Id`),
  ADD UNIQUE KEY `Contract_template_Id_UNIQUE` (`Contract_template_Id`);

--
-- Indexes for table `contract_type`
--
ALTER TABLE `contract_type`
  ADD PRIMARY KEY (`Contract_Type_Id`),
  ADD UNIQUE KEY `Contract_Type_Id_UNIQUE` (`Contract_Type_Id`);

--
-- Indexes for table `delete_archive`
--
ALTER TABLE `delete_archive`
  ADD PRIMARY KEY (`Delete_Archive_ID`);

--
-- Indexes for table `department`
--
ALTER TABLE `department`
  ADD PRIMARY KEY (`Department_Id`),
  ADD UNIQUE KEY `Department_Id_UNIQUE` (`Department_Id`);

--
-- Indexes for table `employee`
--
ALTER TABLE `employee`
  ADD PRIMARY KEY (`Employee_Id`),
  ADD UNIQUE KEY `Employee_Id_UNIQUE` (`Employee_Id`),
  ADD KEY `fk_employee_department1_idx` (`department_Department_Id`),
  ADD KEY `fk_employee_employee_level1_idx` (`employee_level_Employee_Level_Id`);

--
-- Indexes for table `employee_level`
--
ALTER TABLE `employee_level`
  ADD PRIMARY KEY (`Employee_Level_Id`),
  ADD UNIQUE KEY `Employee_Level_Id_UNIQUE` (`Employee_Level_Id`);

--
-- Indexes for table `furniture_case`
--
ALTER TABLE `furniture_case`
  ADD PRIMARY KEY (`Furniture_case_Id`),
  ADD UNIQUE KEY `Furniture_case_Id_UNIQUE` (`Furniture_case_Id`);

--
-- Indexes for table `inventory`
--
ALTER TABLE `inventory`
  ADD PRIMARY KEY (`Inventory_Id`),
  ADD UNIQUE KEY `Inventory_Id_UNIQUE` (`Inventory_Id`),
  ADD KEY `fk_inventory_employee1_idx` (`employee_Employee_Id`);

--
-- Indexes for table `listing_type`
--
ALTER TABLE `listing_type`
  ADD PRIMARY KEY (`Listing_Type_Id`),
  ADD UNIQUE KEY `Asset_Type_Id_UNIQUE` (`Listing_Type_Id`);

--
-- Indexes for table `logs`
--
ALTER TABLE `logs`
  ADD PRIMARY KEY (`LogId`),
  ADD UNIQUE KEY `LogId_UNIQUE` (`LogId`);

--
-- Indexes for table `maintenance_categoty`
--
ALTER TABLE `maintenance_categoty`
  ADD PRIMARY KEY (`Categoty_Id`),
  ADD UNIQUE KEY `Categoty_Id_UNIQUE` (`Categoty_Id`);

--
-- Indexes for table `maintenance_request`
--
ALTER TABLE `maintenance_request`
  ADD PRIMARY KEY (`Maintenance_Request_ID`),
  ADD UNIQUE KEY `Maintenance_ID_UNIQUE` (`Maintenance_Request_ID`),
  ADD KEY `fk_maintenance_assets1_idx` (`assets_Assets_Id`),
  ADD KEY `fk_maintenance_request_complaint_report_request1_idx` (`complaint_report_request_Complaint_Report_Request_Id`),
  ADD KEY `fk_maintenance_request_maintenance_categoty1_idx` (`maintenance_categoty_Categoty_Id`);

--
-- Indexes for table `maintenance_type`
--
ALTER TABLE `maintenance_type`
  ADD PRIMARY KEY (`Maintenance_Type_Id`),
  ADD UNIQUE KEY `Maintenance_Type_Id_UNIQUE` (`Maintenance_Type_Id`);

--
-- Indexes for table `maintenece_templete`
--
ALTER TABLE `maintenece_templete`
  ADD PRIMARY KEY (`Maintenece_Templete_Id`);

--
-- Indexes for table `main_type_evaluation`
--
ALTER TABLE `main_type_evaluation`
  ADD PRIMARY KEY (`Main_Type_Evaluation_Id`);

--
-- Indexes for table `management_expensess`
--
ALTER TABLE `management_expensess`
  ADD PRIMARY KEY (`Management_Expensess_Id`);

--
-- Indexes for table `mortgaged_wonership`
--
ALTER TABLE `mortgaged_wonership`
  ADD PRIMARY KEY (`Mortgaged_Wonership_Id`);

--
-- Indexes for table `nationality`
--
ALTER TABLE `nationality`
  ADD PRIMARY KEY (`nationality_ID`),
  ADD UNIQUE KEY `nationality_ID_UNIQUE` (`nationality_ID`);

--
-- Indexes for table `notification_type`
--
ALTER TABLE `notification_type`
  ADD PRIMARY KEY (`Notification_Id`),
  ADD UNIQUE KEY `Notification_Id_UNIQUE` (`Notification_Id`);

--
-- Indexes for table `owner`
--
ALTER TABLE `owner`
  ADD PRIMARY KEY (`Owner_Id`),
  ADD UNIQUE KEY `Owner_Id_UNIQUE` (`Owner_Id`);

--
-- Indexes for table `ownership_statment`
--
ALTER TABLE `ownership_statment`
  ADD PRIMARY KEY (`Statment_Id`);

--
-- Indexes for table `ownership_status`
--
ALTER TABLE `ownership_status`
  ADD PRIMARY KEY (`ownership_status_id`),
  ADD UNIQUE KEY `ownership_status_id_UNIQUE` (`ownership_status_id`);

--
-- Indexes for table `owner_ship`
--
ALTER TABLE `owner_ship`
  ADD PRIMARY KEY (`Owner_Ship_Id`),
  ADD UNIQUE KEY `Owner_Ship_Id_UNIQUE` (`Owner_Ship_Id`),
  ADD KEY `fk_owner_ship_zone1_idx` (`zone_zone_Id`),
  ADD KEY `fk_owner_ship_owner1_idx` (`owner_Owner_Id`);

--
-- Indexes for table `payment_frequency`
--
ALTER TABLE `payment_frequency`
  ADD PRIMARY KEY (`Payment_Frequency_Id`),
  ADD UNIQUE KEY `Payment_Frequency_Id_UNIQUE` (`Payment_Frequency_Id`);

--
-- Indexes for table `payment_type`
--
ALTER TABLE `payment_type`
  ADD PRIMARY KEY (`payment_type_Id`),
  ADD UNIQUE KEY `payment_type_Id_UNIQUE` (`payment_type_Id`);

--
-- Indexes for table `periodec_maintenance_new`
--
ALTER TABLE `periodec_maintenance_new`
  ADD PRIMARY KEY (`Periodec_Maintenance_ID`);

--
-- Indexes for table `periodic_maintenence`
--
ALTER TABLE `periodic_maintenence`
  ADD PRIMARY KEY (`Periodic_Maintenence_ID`),
  ADD UNIQUE KEY `Periodic_Maintenence_ID_UNIQUE` (`Periodic_Maintenence_ID`);

--
-- Indexes for table `pickup_delivery`
--
ALTER TABLE `pickup_delivery`
  ADD PRIMARY KEY (`Pickup_Delivery_Id`);

--
-- Indexes for table `real_estate_investment`
--
ALTER TABLE `real_estate_investment`
  ADD PRIMARY KEY (`Id`);

--
-- Indexes for table `reason_for_rent`
--
ALTER TABLE `reason_for_rent`
  ADD PRIMARY KEY (`Reason_For_Rent_Id`),
  ADD UNIQUE KEY `Reason_For_Rent_Id_UNIQUE` (`Reason_For_Rent_Id`);

--
-- Indexes for table `relateddocuments`
--
ALTER TABLE `relateddocuments`
  ADD PRIMARY KEY (`DocId`),
  ADD UNIQUE KEY `DocId_UNIQUE` (`DocId`);

--
-- Indexes for table `requst_source`
--
ALTER TABLE `requst_source`
  ADD PRIMARY KEY (`Requst_Source_id`);

--
-- Indexes for table `roles`
--
ALTER TABLE `roles`
  ADD PRIMARY KEY (`Role_ID`);

--
-- Indexes for table `sub_type_evaluation`
--
ALTER TABLE `sub_type_evaluation`
  ADD PRIMARY KEY (`Sub_Type_Evaluation_Id`);

--
-- Indexes for table `task_management`
--
ALTER TABLE `task_management`
  ADD PRIMARY KEY (`Task_Management_ID`);

--
-- Indexes for table `task_part`
--
ALTER TABLE `task_part`
  ADD PRIMARY KEY (`Task_Part_Id`);

--
-- Indexes for table `task_type`
--
ALTER TABLE `task_type`
  ADD PRIMARY KEY (`Task_Type_Id`);

--
-- Indexes for table `tenants`
--
ALTER TABLE `tenants`
  ADD PRIMARY KEY (`Tenants_ID`),
  ADD UNIQUE KEY `Tenants_ID_UNIQUE` (`Tenants_ID`),
  ADD KEY `fk_tenants_tenant_type1_idx` (`tenant_type_Tenant_Type_Id`),
  ADD KEY `fk_tenants_nationality1_idx` (`nationality_nationality_ID`);

--
-- Indexes for table `tenant_accounts`
--
ALTER TABLE `tenant_accounts`
  ADD PRIMARY KEY (`Tenant_Accounts_Id`);

--
-- Indexes for table `tenant_evaluation`
--
ALTER TABLE `tenant_evaluation`
  ADD PRIMARY KEY (`Tenant_Evaluation_Id`);

--
-- Indexes for table `tenant_notification`
--
ALTER TABLE `tenant_notification`
  ADD PRIMARY KEY (`Tenant_Notification_Id`);

--
-- Indexes for table `tenant_sending`
--
ALTER TABLE `tenant_sending`
  ADD PRIMARY KEY (`Tenant_Sending_Id`);

--
-- Indexes for table `tenant_type`
--
ALTER TABLE `tenant_type`
  ADD PRIMARY KEY (`Tenant_Type_Id`),
  ADD UNIQUE KEY `Tenant_Type_Id_UNIQUE` (`Tenant_Type_Id`);

--
-- Indexes for table `transaction_type`
--
ALTER TABLE `transaction_type`
  ADD PRIMARY KEY (`Transaction_Type_Id`),
  ADD UNIQUE KEY `Transaction_Type_Id_UNIQUE` (`Transaction_Type_Id`);

--
-- Indexes for table `transformation_bank`
--
ALTER TABLE `transformation_bank`
  ADD PRIMARY KEY (`transformation_Bank_ID`);

--
-- Indexes for table `transformation_table`
--
ALTER TABLE `transformation_table`
  ADD PRIMARY KEY (`transformation_Table_ID`);

--
-- Indexes for table `under_contract`
--
ALTER TABLE `under_contract`
  ADD PRIMARY KEY (`Under_Contract_Id`),
  ADD UNIQUE KEY `Contract_Type_Id_UNIQUE` (`Under_Contract_Id`);

--
-- Indexes for table `units`
--
ALTER TABLE `units`
  ADD PRIMARY KEY (`Unit_ID`),
  ADD UNIQUE KEY `Unit_ID_UNIQUE` (`Unit_ID`),
  ADD KEY `fk_units_unit_condition1_idx` (`unit_condition_Unit_Condition_Id`),
  ADD KEY `fk_units_unit_detail1_idx` (`unit_detail_Unit_Detail_Id`),
  ADD KEY `fk_units_unit_type1_idx` (`unit_type_Unit_Type_Id`),
  ADD KEY `fk_units_building1_idx` (`building_Building_Id`),
  ADD KEY `fk_units_furniture_case1_idx` (`furniture_case_Furniture_case_Id`);

--
-- Indexes for table `unit_condition`
--
ALTER TABLE `unit_condition`
  ADD PRIMARY KEY (`Unit_Condition_Id`),
  ADD UNIQUE KEY `Unit_Condition_Id_UNIQUE` (`Unit_Condition_Id`);

--
-- Indexes for table `unit_detail`
--
ALTER TABLE `unit_detail`
  ADD PRIMARY KEY (`Unit_Detail_Id`),
  ADD UNIQUE KEY `Unit_Detail_Id_UNIQUE` (`Unit_Detail_Id`);

--
-- Indexes for table `unit_type`
--
ALTER TABLE `unit_type`
  ADD PRIMARY KEY (`Unit_Type_Id`),
  ADD UNIQUE KEY `Unit_Type_Id_UNIQUE` (`Unit_Type_Id`);

--
-- Indexes for table `users`
--
ALTER TABLE `users`
  ADD PRIMARY KEY (`user_ID`),
  ADD UNIQUE KEY `user_ID_UNIQUE` (`user_ID`);

--
-- Indexes for table `vendor_typ`
--
ALTER TABLE `vendor_typ`
  ADD PRIMARY KEY (`Vendor_Type_Id`),
  ADD UNIQUE KEY `Vendor_Type_Id_UNIQUE` (`Vendor_Type_Id`);

--
-- Indexes for table `vendor_type`
--
ALTER TABLE `vendor_type`
  ADD PRIMARY KEY (`Vendor_Type_Id`),
  ADD UNIQUE KEY `Vendor_Type_Id_UNIQUE` (`Vendor_Type_Id`);

--
-- Indexes for table `website_servic_info`
--
ALTER TABLE `website_servic_info`
  ADD PRIMARY KEY (`Id`);

--
-- Indexes for table `websit_info`
--
ALTER TABLE `websit_info`
  ADD PRIMARY KEY (`WebSit_Info_Id`);

--
-- Indexes for table `zone`
--
ALTER TABLE `zone`
  ADD PRIMARY KEY (`zone_Id`),
  ADD UNIQUE KEY `zone_Id_UNIQUE` (`zone_Id`);

--
-- AUTO_INCREMENT for dumped tables
--

--
-- AUTO_INCREMENT for table `arcive_building`
--
ALTER TABLE `arcive_building`
  MODIFY `Building_Id` int(11) NOT NULL AUTO_INCREMENT, AUTO_INCREMENT=112;

--
-- AUTO_INCREMENT for table `arcive_building_contract`
--
ALTER TABLE `arcive_building_contract`
  MODIFY `Contract_Id` int(11) NOT NULL AUTO_INCREMENT, AUTO_INCREMENT=85;

--
-- AUTO_INCREMENT for table `arcive_contract`
--
ALTER TABLE `arcive_contract`
  MODIFY `Contract_Id` int(11) NOT NULL AUTO_INCREMENT, AUTO_INCREMENT=253;

--
-- AUTO_INCREMENT for table `arcive_ownership`
--
ALTER TABLE `arcive_ownership`
  MODIFY `Owner_Ship_Id` int(11) NOT NULL AUTO_INCREMENT, AUTO_INCREMENT=65;

--
-- AUTO_INCREMENT for table `arcive_units`
--
ALTER TABLE `arcive_units`
  MODIFY `Unit_ID` int(11) NOT NULL AUTO_INCREMENT, AUTO_INCREMENT=491;

--
-- AUTO_INCREMENT for table `aseet_warranty`
--
ALTER TABLE `aseet_warranty`
  MODIFY `Aseet_warranty_Id` int(11) NOT NULL AUTO_INCREMENT, AUTO_INCREMENT=4;

--
-- AUTO_INCREMENT for table `assets`
--
ALTER TABLE `assets`
  MODIFY `Assets_Id` int(11) NOT NULL AUTO_INCREMENT, AUTO_INCREMENT=494;

--
-- AUTO_INCREMENT for table `asset_condition`
--
ALTER TABLE `asset_condition`
  MODIFY `Asset_Condition_Id` int(11) NOT NULL AUTO_INCREMENT, AUTO_INCREMENT=4;

--
-- AUTO_INCREMENT for table `asset_location`
--
ALTER TABLE `asset_location`
  MODIFY `Asset_Location_Id` int(11) NOT NULL AUTO_INCREMENT, AUTO_INCREMENT=24;

--
-- AUTO_INCREMENT for table `asset_type`
--
ALTER TABLE `asset_type`
  MODIFY `Asset_Type_Id` int(11) NOT NULL AUTO_INCREMENT, AUTO_INCREMENT=2;

--
-- AUTO_INCREMENT for table `bank`
--
ALTER TABLE `bank`
  MODIFY `Bank_Id` int(11) NOT NULL AUTO_INCREMENT, AUTO_INCREMENT=19;

--
-- AUTO_INCREMENT for table `building`
--
ALTER TABLE `building`
  MODIFY `Building_Id` int(11) NOT NULL AUTO_INCREMENT, AUTO_INCREMENT=111;

--
-- AUTO_INCREMENT for table `building_cash_amount`
--
ALTER TABLE `building_cash_amount`
  MODIFY `Cash_Amount_ID` int(11) NOT NULL AUTO_INCREMENT, AUTO_INCREMENT=22;

--
-- AUTO_INCREMENT for table `building_cheques`
--
ALTER TABLE `building_cheques`
  MODIFY `Cheques_Id` int(11) NOT NULL AUTO_INCREMENT, AUTO_INCREMENT=632;

--
-- AUTO_INCREMENT for table `building_condition`
--
ALTER TABLE `building_condition`
  MODIFY `Building_Condition_Id` int(11) NOT NULL AUTO_INCREMENT, AUTO_INCREMENT=11;

--
-- AUTO_INCREMENT for table `building_contract`
--
ALTER TABLE `building_contract`
  MODIFY `Contract_Id` int(11) NOT NULL AUTO_INCREMENT, AUTO_INCREMENT=85;

--
-- AUTO_INCREMENT for table `building_transformation_table`
--
ALTER TABLE `building_transformation_table`
  MODIFY `transformation_Table_ID` int(11) NOT NULL AUTO_INCREMENT, AUTO_INCREMENT=45;

--
-- AUTO_INCREMENT for table `building_type`
--
ALTER TABLE `building_type`
  MODIFY `Building_Type_Id` int(11) NOT NULL AUTO_INCREMENT, AUTO_INCREMENT=22;

--
-- AUTO_INCREMENT for table `cash_amount`
--
ALTER TABLE `cash_amount`
  MODIFY `Cash_Amount_ID` int(11) NOT NULL AUTO_INCREMENT, AUTO_INCREMENT=578;

--
-- AUTO_INCREMENT for table `cheques`
--
ALTER TABLE `cheques`
  MODIFY `Cheques_Id` int(11) NOT NULL AUTO_INCREMENT, AUTO_INCREMENT=1496;

--
-- AUTO_INCREMENT for table `cheque_type`
--
ALTER TABLE `cheque_type`
  MODIFY `Cheque_Type_id` int(11) NOT NULL AUTO_INCREMENT, AUTO_INCREMENT=5;

--
-- AUTO_INCREMENT for table `collection_table`
--
ALTER TABLE `collection_table`
  MODIFY `Id` int(11) NOT NULL AUTO_INCREMENT, AUTO_INCREMENT=2534;

--
-- AUTO_INCREMENT for table `company_info`
--
ALTER TABLE `company_info`
  MODIFY `Company_Id` int(11) NOT NULL AUTO_INCREMENT;

--
-- AUTO_INCREMENT for table `company_representative`
--
ALTER TABLE `company_representative`
  MODIFY `Company_representative_Id` int(11) NOT NULL AUTO_INCREMENT, AUTO_INCREMENT=54;

--
-- AUTO_INCREMENT for table `complaint_report_request`
--
ALTER TABLE `complaint_report_request`
  MODIFY `Complaint_Report_Request_Id` int(11) NOT NULL AUTO_INCREMENT, AUTO_INCREMENT=16;

--
-- AUTO_INCREMENT for table `contract`
--
ALTER TABLE `contract`
  MODIFY `Contract_Id` int(11) NOT NULL AUTO_INCREMENT, AUTO_INCREMENT=254;

--
-- AUTO_INCREMENT for table `contractor`
--
ALTER TABLE `contractor`
  MODIFY `Contractor_ID` int(11) NOT NULL AUTO_INCREMENT, AUTO_INCREMENT=2;

--
-- AUTO_INCREMENT for table `contract_template`
--
ALTER TABLE `contract_template`
  MODIFY `Contract_template_Id` int(11) NOT NULL AUTO_INCREMENT, AUTO_INCREMENT=4;

--
-- AUTO_INCREMENT for table `contract_type`
--
ALTER TABLE `contract_type`
  MODIFY `Contract_Type_Id` int(11) NOT NULL AUTO_INCREMENT, AUTO_INCREMENT=5;

--
-- AUTO_INCREMENT for table `delete_archive`
--
ALTER TABLE `delete_archive`
  MODIFY `Delete_Archive_ID` int(11) NOT NULL AUTO_INCREMENT, AUTO_INCREMENT=36;

--
-- AUTO_INCREMENT for table `department`
--
ALTER TABLE `department`
  MODIFY `Department_Id` int(11) NOT NULL AUTO_INCREMENT, AUTO_INCREMENT=6;

--
-- AUTO_INCREMENT for table `employee`
--
ALTER TABLE `employee`
  MODIFY `Employee_Id` int(11) NOT NULL AUTO_INCREMENT, AUTO_INCREMENT=5;

--
-- AUTO_INCREMENT for table `employee_level`
--
ALTER TABLE `employee_level`
  MODIFY `Employee_Level_Id` int(11) NOT NULL AUTO_INCREMENT, AUTO_INCREMENT=8;

--
-- AUTO_INCREMENT for table `furniture_case`
--
ALTER TABLE `furniture_case`
  MODIFY `Furniture_case_Id` int(11) NOT NULL AUTO_INCREMENT, AUTO_INCREMENT=5;

--
-- AUTO_INCREMENT for table `inventory`
--
ALTER TABLE `inventory`
  MODIFY `Inventory_Id` int(11) NOT NULL AUTO_INCREMENT, AUTO_INCREMENT=2;

--
-- AUTO_INCREMENT for table `listing_type`
--
ALTER TABLE `listing_type`
  MODIFY `Listing_Type_Id` int(11) NOT NULL AUTO_INCREMENT, AUTO_INCREMENT=2;

--
-- AUTO_INCREMENT for table `logs`
--
ALTER TABLE `logs`
  MODIFY `LogId` int(11) NOT NULL AUTO_INCREMENT;

--
-- AUTO_INCREMENT for table `maintenance_categoty`
--
ALTER TABLE `maintenance_categoty`
  MODIFY `Categoty_Id` int(11) NOT NULL AUTO_INCREMENT, AUTO_INCREMENT=37;

--
-- AUTO_INCREMENT for table `maintenance_request`
--
ALTER TABLE `maintenance_request`
  MODIFY `Maintenance_Request_ID` int(11) NOT NULL AUTO_INCREMENT;

--
-- AUTO_INCREMENT for table `maintenance_type`
--
ALTER TABLE `maintenance_type`
  MODIFY `Maintenance_Type_Id` int(11) NOT NULL AUTO_INCREMENT;

--
-- AUTO_INCREMENT for table `maintenece_templete`
--
ALTER TABLE `maintenece_templete`
  MODIFY `Maintenece_Templete_Id` int(11) NOT NULL AUTO_INCREMENT, AUTO_INCREMENT=14;

--
-- AUTO_INCREMENT for table `main_type_evaluation`
--
ALTER TABLE `main_type_evaluation`
  MODIFY `Main_Type_Evaluation_Id` int(11) NOT NULL AUTO_INCREMENT, AUTO_INCREMENT=3;

--
-- AUTO_INCREMENT for table `management_expensess`
--
ALTER TABLE `management_expensess`
  MODIFY `Management_Expensess_Id` int(11) NOT NULL AUTO_INCREMENT, AUTO_INCREMENT=45;

--
-- AUTO_INCREMENT for table `mortgaged_wonership`
--
ALTER TABLE `mortgaged_wonership`
  MODIFY `Mortgaged_Wonership_Id` int(11) NOT NULL AUTO_INCREMENT, AUTO_INCREMENT=16;

--
-- AUTO_INCREMENT for table `nationality`
--
ALTER TABLE `nationality`
  MODIFY `nationality_ID` int(11) NOT NULL AUTO_INCREMENT, AUTO_INCREMENT=168;

--
-- AUTO_INCREMENT for table `notification_type`
--
ALTER TABLE `notification_type`
  MODIFY `Notification_Id` int(11) NOT NULL AUTO_INCREMENT;

--
-- AUTO_INCREMENT for table `owner`
--
ALTER TABLE `owner`
  MODIFY `Owner_Id` int(11) NOT NULL AUTO_INCREMENT, AUTO_INCREMENT=13;

--
-- AUTO_INCREMENT for table `ownership_statment`
--
ALTER TABLE `ownership_statment`
  MODIFY `Statment_Id` int(11) NOT NULL AUTO_INCREMENT, AUTO_INCREMENT=3;

--
-- AUTO_INCREMENT for table `ownership_status`
--
ALTER TABLE `ownership_status`
  MODIFY `ownership_status_id` int(11) NOT NULL AUTO_INCREMENT, AUTO_INCREMENT=7;

--
-- AUTO_INCREMENT for table `owner_ship`
--
ALTER TABLE `owner_ship`
  MODIFY `Owner_Ship_Id` int(11) NOT NULL AUTO_INCREMENT, AUTO_INCREMENT=65;

--
-- AUTO_INCREMENT for table `payment_frequency`
--
ALTER TABLE `payment_frequency`
  MODIFY `Payment_Frequency_Id` int(11) NOT NULL AUTO_INCREMENT;

--
-- AUTO_INCREMENT for table `payment_type`
--
ALTER TABLE `payment_type`
  MODIFY `payment_type_Id` int(11) NOT NULL AUTO_INCREMENT, AUTO_INCREMENT=6;

--
-- AUTO_INCREMENT for table `periodec_maintenance_new`
--
ALTER TABLE `periodec_maintenance_new`
  MODIFY `Periodec_Maintenance_ID` int(11) NOT NULL AUTO_INCREMENT, AUTO_INCREMENT=5;

--
-- AUTO_INCREMENT for table `periodic_maintenence`
--
ALTER TABLE `periodic_maintenence`
  MODIFY `Periodic_Maintenence_ID` int(11) NOT NULL AUTO_INCREMENT, AUTO_INCREMENT=501;

--
-- AUTO_INCREMENT for table `pickup_delivery`
--
ALTER TABLE `pickup_delivery`
  MODIFY `Pickup_Delivery_Id` int(11) NOT NULL AUTO_INCREMENT, AUTO_INCREMENT=35;

--
-- AUTO_INCREMENT for table `real_estate_investment`
--
ALTER TABLE `real_estate_investment`
  MODIFY `Id` int(11) NOT NULL AUTO_INCREMENT, AUTO_INCREMENT=66;

--
-- AUTO_INCREMENT for table `reason_for_rent`
--
ALTER TABLE `reason_for_rent`
  MODIFY `Reason_For_Rent_Id` int(11) NOT NULL AUTO_INCREMENT, AUTO_INCREMENT=4;

--
-- AUTO_INCREMENT for table `relateddocuments`
--
ALTER TABLE `relateddocuments`
  MODIFY `DocId` int(11) NOT NULL AUTO_INCREMENT;

--
-- AUTO_INCREMENT for table `requst_source`
--
ALTER TABLE `requst_source`
  MODIFY `Requst_Source_id` int(11) NOT NULL AUTO_INCREMENT;

--
-- AUTO_INCREMENT for table `roles`
--
ALTER TABLE `roles`
  MODIFY `Role_ID` int(11) NOT NULL AUTO_INCREMENT, AUTO_INCREMENT=5;

--
-- AUTO_INCREMENT for table `sub_type_evaluation`
--
ALTER TABLE `sub_type_evaluation`
  MODIFY `Sub_Type_Evaluation_Id` int(11) NOT NULL AUTO_INCREMENT;

--
-- AUTO_INCREMENT for table `task_management`
--
ALTER TABLE `task_management`
  MODIFY `Task_Management_ID` int(11) NOT NULL AUTO_INCREMENT;

--
-- AUTO_INCREMENT for table `task_part`
--
ALTER TABLE `task_part`
  MODIFY `Task_Part_Id` int(11) NOT NULL AUTO_INCREMENT;

--
-- AUTO_INCREMENT for table `task_type`
--
ALTER TABLE `task_type`
  MODIFY `Task_Type_Id` int(11) NOT NULL AUTO_INCREMENT, AUTO_INCREMENT=3;

--
-- AUTO_INCREMENT for table `tenants`
--
ALTER TABLE `tenants`
  MODIFY `Tenants_ID` int(11) NOT NULL AUTO_INCREMENT, AUTO_INCREMENT=159;

--
-- AUTO_INCREMENT for table `tenant_accounts`
--
ALTER TABLE `tenant_accounts`
  MODIFY `Tenant_Accounts_Id` int(11) NOT NULL AUTO_INCREMENT, AUTO_INCREMENT=14;

--
-- AUTO_INCREMENT for table `tenant_evaluation`
--
ALTER TABLE `tenant_evaluation`
  MODIFY `Tenant_Evaluation_Id` int(11) NOT NULL AUTO_INCREMENT, AUTO_INCREMENT=3;

--
-- AUTO_INCREMENT for table `tenant_notification`
--
ALTER TABLE `tenant_notification`
  MODIFY `Tenant_Notification_Id` int(11) NOT NULL AUTO_INCREMENT, AUTO_INCREMENT=9;

--
-- AUTO_INCREMENT for table `tenant_sending`
--
ALTER TABLE `tenant_sending`
  MODIFY `Tenant_Sending_Id` int(11) NOT NULL AUTO_INCREMENT, AUTO_INCREMENT=8;

--
-- AUTO_INCREMENT for table `tenant_type`
--
ALTER TABLE `tenant_type`
  MODIFY `Tenant_Type_Id` int(11) NOT NULL AUTO_INCREMENT, AUTO_INCREMENT=4;

--
-- AUTO_INCREMENT for table `transaction_type`
--
ALTER TABLE `transaction_type`
  MODIFY `Transaction_Type_Id` int(11) NOT NULL AUTO_INCREMENT, AUTO_INCREMENT=2;

--
-- AUTO_INCREMENT for table `transformation_bank`
--
ALTER TABLE `transformation_bank`
  MODIFY `transformation_Bank_ID` int(11) NOT NULL AUTO_INCREMENT, AUTO_INCREMENT=15;

--
-- AUTO_INCREMENT for table `transformation_table`
--
ALTER TABLE `transformation_table`
  MODIFY `transformation_Table_ID` int(11) NOT NULL AUTO_INCREMENT, AUTO_INCREMENT=271;

--
-- AUTO_INCREMENT for table `under_contract`
--
ALTER TABLE `under_contract`
  MODIFY `Under_Contract_Id` int(11) NOT NULL AUTO_INCREMENT;

--
-- AUTO_INCREMENT for table `units`
--
ALTER TABLE `units`
  MODIFY `Unit_ID` int(11) NOT NULL AUTO_INCREMENT, AUTO_INCREMENT=491;

--
-- AUTO_INCREMENT for table `unit_condition`
--
ALTER TABLE `unit_condition`
  MODIFY `Unit_Condition_Id` int(11) NOT NULL AUTO_INCREMENT, AUTO_INCREMENT=6;

--
-- AUTO_INCREMENT for table `unit_detail`
--
ALTER TABLE `unit_detail`
  MODIFY `Unit_Detail_Id` int(11) NOT NULL AUTO_INCREMENT, AUTO_INCREMENT=14;

--
-- AUTO_INCREMENT for table `unit_type`
--
ALTER TABLE `unit_type`
  MODIFY `Unit_Type_Id` int(11) NOT NULL AUTO_INCREMENT, AUTO_INCREMENT=13;

--
-- AUTO_INCREMENT for table `users`
--
ALTER TABLE `users`
  MODIFY `user_ID` int(11) NOT NULL AUTO_INCREMENT, AUTO_INCREMENT=11;

--
-- AUTO_INCREMENT for table `vendor_typ`
--
ALTER TABLE `vendor_typ`
  MODIFY `Vendor_Type_Id` int(11) NOT NULL AUTO_INCREMENT, AUTO_INCREMENT=2;

--
-- AUTO_INCREMENT for table `vendor_type`
--
ALTER TABLE `vendor_type`
  MODIFY `Vendor_Type_Id` int(11) NOT NULL AUTO_INCREMENT;

--
-- AUTO_INCREMENT for table `website_servic_info`
--
ALTER TABLE `website_servic_info`
  MODIFY `Id` int(11) NOT NULL AUTO_INCREMENT;

--
-- AUTO_INCREMENT for table `websit_info`
--
ALTER TABLE `websit_info`
  MODIFY `WebSit_Info_Id` int(11) NOT NULL AUTO_INCREMENT, AUTO_INCREMENT=2;

--
-- AUTO_INCREMENT for table `zone`
--
ALTER TABLE `zone`
  MODIFY `zone_Id` int(11) NOT NULL AUTO_INCREMENT, AUTO_INCREMENT=79;

--
-- Constraints for dumped tables
--

--
-- Constraints for table `assets`
--
ALTER TABLE `assets`
  ADD CONSTRAINT `fk_assets_asset_condition1` FOREIGN KEY (`asset_condition_Asset_Condition_Id`) REFERENCES `asset_condition` (`Asset_Condition_Id`),
  ADD CONSTRAINT `fk_assets_asset_location1` FOREIGN KEY (`asset_location_Asset_Location_Id`) REFERENCES `asset_location` (`Asset_Location_Id`),
  ADD CONSTRAINT `fk_assets_maintenance_categoty1` FOREIGN KEY (`maintenance_categoty_Categoty_Id`) REFERENCES `maintenance_categoty` (`Categoty_Id`),
  ADD CONSTRAINT `fk_assets_vendor_type1` FOREIGN KEY (`vendor_type_Vendor_Type_Id`) REFERENCES `vendor_typ` (`Vendor_Type_Id`);

--
-- Constraints for table `building`
--
ALTER TABLE `building`
  ADD CONSTRAINT `fk_building_building_condition1` FOREIGN KEY (`building_condition_Building_Condition_Id`) REFERENCES `building_condition` (`Building_Condition_Id`),
  ADD CONSTRAINT `fk_building_building_type1` FOREIGN KEY (`building_type_Building_Type_Id`) REFERENCES `building_type` (`Building_Type_Id`),
  ADD CONSTRAINT `fk_building_owner_ship1` FOREIGN KEY (`owner_ship_Owner_Ship_Id`) REFERENCES `owner_ship` (`Owner_Ship_Id`);

--
-- Constraints for table `building_cheques`
--
ALTER TABLE `building_cheques`
  ADD CONSTRAINT `fk_building_cheques_bank1` FOREIGN KEY (`bank_Bank_Id`) REFERENCES `bank` (`Bank_Id`),
  ADD CONSTRAINT `fk_building_cheques_building_contract1` FOREIGN KEY (`building_contract_Contract_Id`) REFERENCES `building_contract` (`Contract_Id`),
  ADD CONSTRAINT `fk_building_cheques_cheque_type1` FOREIGN KEY (`cheque_type_Cheque_Type_id`) REFERENCES `cheque_type` (`Cheque_Type_id`),
  ADD CONSTRAINT `fk_building_cheques_tenants1` FOREIGN KEY (`tenants_Tenants_ID`) REFERENCES `tenants` (`Tenants_ID`);

--
-- Constraints for table `building_contract`
--
ALTER TABLE `building_contract`
  ADD CONSTRAINT `fk_building_contract_building1` FOREIGN KEY (`building_Building_Id`) REFERENCES `building` (`Building_Id`),
  ADD CONSTRAINT `fk_building_contract_contract_template1` FOREIGN KEY (`contract_template_Contract_template_Id`) REFERENCES `contract_template` (`Contract_template_Id`),
  ADD CONSTRAINT `fk_building_contract_contract_type1` FOREIGN KEY (`contract_type_Contract_Type_Id`) REFERENCES `contract_type` (`Contract_Type_Id`),
  ADD CONSTRAINT `fk_building_contract_payment_type1` FOREIGN KEY (`payment_type_payment_type_Id`) REFERENCES `payment_type` (`payment_type_Id`),
  ADD CONSTRAINT `fk_building_contract_reason_for_rent1` FOREIGN KEY (`reason_for_rent_Reason_For_Rent_Id`) REFERENCES `reason_for_rent` (`Reason_For_Rent_Id`),
  ADD CONSTRAINT `fk_building_contract_tenants1` FOREIGN KEY (`tenants_Tenants_ID`) REFERENCES `tenants` (`Tenants_ID`),
  ADD CONSTRAINT `fk_building_contract_users1` FOREIGN KEY (`users_user_ID`) REFERENCES `users` (`user_ID`);

--
-- Constraints for table `cheques`
--
ALTER TABLE `cheques`
  ADD CONSTRAINT `fk_cheques_bank1` FOREIGN KEY (`bank_Bank_Id`) REFERENCES `bank` (`Bank_Id`),
  ADD CONSTRAINT `fk_cheques_cheque_type1` FOREIGN KEY (`cheque_type_Cheque_Type_id`) REFERENCES `cheque_type` (`Cheque_Type_id`),
  ADD CONSTRAINT `fk_cheques_contract1` FOREIGN KEY (`contract_Contract_Id`) REFERENCES `contract` (`Contract_Id`),
  ADD CONSTRAINT `fk_cheques_tenants1` FOREIGN KEY (`tenants_Tenants_ID`) REFERENCES `tenants` (`Tenants_ID`);

--
-- Constraints for table `contract`
--
ALTER TABLE `contract`
  ADD CONSTRAINT `fk_contract_contract_template1` FOREIGN KEY (`contract_template_Contract_template_Id`) REFERENCES `contract_template` (`Contract_template_Id`),
  ADD CONSTRAINT `fk_contract_contract_type1` FOREIGN KEY (`contract_type_Contract_Type_Id`) REFERENCES `contract_type` (`Contract_Type_Id`),
  ADD CONSTRAINT `fk_contract_payment_type1` FOREIGN KEY (`payment_type_payment_type_Id`) REFERENCES `payment_type` (`payment_type_Id`),
  ADD CONSTRAINT `fk_contract_reason_for_rent1` FOREIGN KEY (`reason_for_rent_Reason_For_Rent_Id`) REFERENCES `reason_for_rent` (`Reason_For_Rent_Id`),
  ADD CONSTRAINT `fk_contract_tenants1` FOREIGN KEY (`tenants_Tenants_ID`) REFERENCES `tenants` (`Tenants_ID`),
  ADD CONSTRAINT `fk_contract_units1` FOREIGN KEY (`units_Unit_ID`) REFERENCES `units` (`Unit_ID`),
  ADD CONSTRAINT `fk_contract_users1` FOREIGN KEY (`users_user_ID`) REFERENCES `users` (`user_ID`);
COMMIT;

/*!40101 SET CHARACTER_SET_CLIENT=@OLD_CHARACTER_SET_CLIENT */;
/*!40101 SET CHARACTER_SET_RESULTS=@OLD_CHARACTER_SET_RESULTS */;
/*!40101 SET COLLATION_CONNECTION=@OLD_COLLATION_CONNECTION */;
